cell_id_candidate,replicate_index,status_candidate,generator_seed_candidate,selected_lv_candidate,permutations_candidate,observed_delta_candidate,p_delta_candidate,observed_angle_candidate,p_angle_candidate,observed_shape_candidate,p_shape_candidate,cell_id_reference,status_reference,generator_seed_reference,selected_lv_reference,permutations_reference,observed_delta_reference,p_delta_reference,observed_angle_reference,p_angle_reference,observed_shape_reference,p_shape_reference,seed_match,lv_match,abs_diff_delta,delta_match,p_delta_match,abs_diff_angle,angle_match,p_angle_match,abs_diff_shape,shape_match,p_shape_match,p_values_comparable,all_match
power_primary-b68bc66d33f4,0,completed,442490140,3,999,0.22559098803667155,0.202,0.9970784153187676,0.865,0.0037832354409698225,0.75,power_primary-d74045b65506,completed,442490140,3,999,0.22559098803668576,0.202,0.9970784153187676,0.865,0.0037832354409697232,0.75,True,True,1.4210854715202004e-14,True,True,0.0,True,True,9.93129189996722e-17,True,True,True,True
power_primary-b68bc66d33f4,1,completed,1988319376,3,999,0.36847445338617746,0.056,1.674352044872161,0.216,0.00966296293346101,0.025,power_primary-d74045b65506,completed,1988319376,3,999,0.36847445338617035,0.056,1.674352044872161,0.216,0.009662962933461697,0.025,True,True,7.105427357601002e-15,True,True,0.0,True,True,6.869504964868156e-16,True,True,True,True
power_primary-b68bc66d33f4,2,completed,4392779,3,999,0.4157887051539859,0.053,2.895347674403503,0.625,0.007532109267389945,0.637,power_primary-d74045b65506,completed,4392779,3,999,0.4157887051539859,0.053,2.895347674403503,0.625,0.007532109267389945,0.637,True,True,0.0,True,True,0.0,True,True,0.0,True,True,True,True
power_primary-b68bc66d33f4,3,completed,902412935,2,999,0.40168605455795614,0.064,3.2683205355808957,0.813,0.0031433997913166934,0.87,power_primary-d74045b65506,completed,902412935,2,999,0.40168605455795614,0.064,3.2683205355808957,0.813,0.0031433997913166934,0.87,True,True,0.0,True,True,0.0,True,True,0.0,True,True,True,True
power_primary-b68bc66d33f4,4,completed,1799499025,3,999,0.19970946481404894,0.248,1.983207754851433,0.466,0.004280680630669123,0.572,power_primary-d74045b65506,completed,1799499025,3,999,0.19970946481402052,0.248,1.9832077548530873,0.466,0.004280680630669474,0.572,True,True,2.842170943040401e-14,True,True,1.6542323066914832e-12,True,True,3.5128150388530344e-16,True,True,True,True
power_primary-b68bc66d33f4,5,completed,1467496873,3,999,0.4525976571425332,0.115,4.78472380540774,0.371,0.006210919439878266,0.745,power_primary-d74045b65506,completed,1467496873,3,999,0.4525976571425332,0.115,4.78472380540774,0.371,0.006210919439878266,0.745,True,True,0.0,True,True,0.0,True,True,0.0,True,True,True,True
power_primary-b68bc66d33f4,6,completed,2045152989,3,999,0.11832572401208097,0.71,0.8816923279387261,0.879,0.006104233872752094,0.568,power_primary-d74045b65506,completed,2045152989,3,999,0.11832572401200991,0.71,0.8816923279395528,0.879,0.006104233872752734,0.568,True,True,7.105427357601002e-14,True,True,8.266720641358916e-13,True,True,6.401129626354418e-16,True,True,True,True
power_primary-b68bc66d33f4,7,completed,711045316,3,999,0.26046652881002785,0.155,2.8832119563267558,0.218,0.004664275474917344,0.462,power_primary-d74045b65506,completed,711045316,3,999,0.2604665288100563,0.155,2.8832119563263756,0.218,0.004664275474916984,0.462,True,True,2.842170943040401e-14,True,True,3.801403636316536e-13,True,True,3.5995512126518747e-16,True,True,True,True
power_primary-b68bc66d33f4,8,completed,1004172804,3,999,0.03650929697445804,0.832,1.1309129798294453,0.46,0.0070283723278076575,0.057,power_primary-d74045b65506,completed,1004172804,3,999,0.03650929697451488,0.832,1.1309129798281563,0.46,0.007028372327807764,0.057,True,True,5.684341886080802e-14,True,True,1.2889689315898067e-12,True,True,1.0668549377257364e-16,True,True,True,True
power_primary-b68bc66d33f4,9,completed,86825819,3,999,0.050836644331269554,0.826,2.8603465071269834,0.285,0.0050001454180835115,0.678,power_primary-d74045b65506,completed,86825819,3,999,0.0508366443311985,0.826,2.860346507127493,0.285,0.005000145418083925,0.678,True,True,7.105427357601002e-14,True,True,5.098144129078719e-13,True,True,4.137315490204685e-16,True,True,True,True
power_primary-b68bc66d33f4,10,completed,2107978490,2,999,0.024013093578744815,0.892,178.19854828036384,0.17,0.007945736352449972,0.168,power_primary-d74045b65506,completed,2107978490,2,999,0.024013093578808764,0.892,178.1985482803634,0.17,0.007945736352449804,0.168,True,True,6.394884621840902e-14,True,True,4.263256414560601e-13,True,True,1.682681771697503e-16,True,True,True,True
power_primary-b68bc66d33f4,11,completed,1645316529,3,999,0.27168177622955625,0.149,1.1283343102410195,0.845,0.005990928457183006,0.649,power_primary-d74045b65506,completed,1645316529,3,999,0.27168177622955625,0.149,1.1283343102410195,0.845,0.005990928457183006,0.649,True,True,0.0,True,True,0.0,True,True,0.0,True,True,True,True
power_primary-b68bc66d33f4,12,completed,1215724335,3,999,0.24197589412759157,0.295,3.433823174940097,0.297,0.011965152388560104,0.003,power_primary-d74045b65506,completed,1215724335,3,999,0.24197589412759157,0.295,3.433823174940097,0.297,0.011965152388560104,0.003,True,True,0.0,True,True,0.0,True,True,0.0,True,True,True,True
power_primary-b68bc66d33f4,13,completed,453877169,3,999,0.18179456745132683,0.434,0.7440725846141041,0.728,0.0032840826073152,0.94,power_primary-d74045b65506,completed,453877169,3,999,0.1817945674512913,0.434,0.7440725846145939,0.728,0.0032840826073148623,0.94,True,True,3.552713678800501e-14,True,True,4.898303984646191e-13,True,True,3.378373969464832e-16,True,True,True,True
power_primary-b68bc66d33f4,14,completed,638675281,3,999,0.007684920351778146,0.973,3.3574857788656987,0.094,0.008301150341090306,0.026,power_primary-d74045b65506,completed,638675281,3,999,0.007684920351792357,0.973,3.3574857788656987,0.094,0.008301150341091358,0.026,True,True,1.4210854715202004e-14,True,True,0.0,True,True,1.052977149917922e-15,True,True,True,True
power_primary-b68bc66d33f4,15,completed,820769777,2,999,0.24399637083922698,0.313,1.0489510052504414,0.625,0.007462145555957728,0.406,power_primary-d74045b65506,completed,820769777,2,999,0.2439963708392341,0.313,1.0489510052507889,0.625,0.007462145555957985,0.406,True,True,7.105427357601002e-15,True,True,3.47499806707674e-13,True,True,2.5760643618255585e-16,True,True,True,True
power_primary-b68bc66d33f4,16,completed,1568281451,3,999,0.22347132305181105,0.232,1.6464993808100405,0.481,0.007725053673795579,0.427,power_primary-d74045b65506,completed,1568281451,3,999,0.22347132305179684,0.232,1.6464993808104833,0.481,0.007725053673795283,0.427,True,True,1.4210854715202004e-14,True,True,4.4275694222051243e-13,True,True,2.957703526540456e-16,True,True,True,True
power_primary-b68bc66d33f4,17,completed,1834225001,3,999,0.06953730780013245,0.706,2.2928273327558264,0.861,0.0055311166188794555,0.563,power_primary-d74045b65506,completed,1834225001,3,999,0.06953730780013245,0.706,2.2928273327558264,0.861,0.0055311166188794555,0.563,True,True,0.0,True,True,0.0,True,True,0.0,True,True,True,True
power_primary-b68bc66d33f4,18,completed,1032965644,3,999,0.10917958768513358,0.663,10.703732750503686,0.149,0.006627178309489188,0.49,power_primary-d74045b65506,completed,1032965644,3,999,0.10917958768513358,0.663,10.703732750503686,0.149,0.006627178309489188,0.49,True,True,0.0,True,True,0.0,True,True,0.0,True,True,True,True
power_primary-b68bc66d33f4,19,completed,940287870,3,999,0.2287953292267133,0.301,8.946736315893103,0.514,0.0038971089038046126,0.926,power_primary-d74045b65506,completed,940287870,3,999,0.22879532922677015,0.301,8.946736315893798,0.514,0.0038971089038045336,0.926,True,True,5.684341886080802e-14,True,True,6.945555242054979e-13,True,True,7.892991815694472e-17,True,True,True,True
power_primary-b68bc66d33f4,20,completed,836574472,3,999,0.3384129488485428,0.156,1.2978412946414515,0.885,0.004629570307283451,0.813,power_primary-d74045b65506,completed,836574472,3,999,0.33841294884848594,0.156,1.2978412946408897,0.885,0.004629570307283357,0.813,True,True,5.684341886080802e-14,True,True,5.617728504603292e-13,True,True,9.367506770274758e-17,True,True,True,True
power_primary-b68bc66d33f4,21,completed,540947595,3,999,0.104244564560517,0.54,0.18734977074754433,0.977,0.007164658806086089,0.374,power_primary-d74045b65506,completed,540947595,3,999,0.10424456456048858,0.54,0.18734977074170817,0.977,0.007164658806086101,0.374,True,True,2.842170943040401e-14,True,True,5.836164884698292e-12,True,True,1.1275702593849246e-17,True,True,True,True
power_primary-b68bc66d33f4,22,completed,96891855,3,999,0.5902280276251872,0.27,1.3574671722087523,0.579,0.006901446774464165,0.8,power_primary-d74045b65506,completed,96891855,3,999,0.5902280276251872,0.27,1.3574671722087523,0.579,0.006901446774464165,0.8,True,True,0.0,True,True,0.0,True,True,0.0,True,True,True,True
power_primary-b68bc66d33f4,23,completed,371609101,3,999,0.15559652650836142,0.62,1.780879940808368,0.586,0.008833113928395635,0.58,power_primary-d74045b65506,completed,371609101,3,999,0.155596526508333,0.62,1.7808799408081633,0.586,0.008833113928394956,0.58,True,True,2.842170943040401e-14,True,True,2.0472512574087887e-13,True,True,6.782768791069316e-16,True,True,True,True
power_primary-b68bc66d33f4,24,completed,1874432187,3,999,0.07587582568190498,0.716,13.755802707317638,0.422,0.004047577423630281,0.629,power_primary-d74045b65506,completed,1874432187,3,999,0.0758758256819334,0.716,13.755802707316995,0.422,0.004047577423630427,0.629,True,True,2.842170943040401e-14,True,True,6.430411758628907e-13,True,True,1.457167719820518e-16,True,True,True,True
power_primary-b68bc66d33f4,25,completed,1151207504,3,999,0.1227961300296414,0.534,1.329522112709655,0.929,0.0013925062280634752,1.0,power_primary-d74045b65506,completed,1151207504,3,999,0.12279613002965561,0.534,1.329522112709655,0.929,0.001392506228063397,1.0,True,True,1.4210854715202004e-14,True,True,0.0,True,True,7.827939685345342e-17,True,True,True,True
power_primary-b68bc66d33f4,26,completed,1014524817,3,999,0.44263301116384923,0.073,9.730962343279867,0.019,0.010119810714065269,0.125,power_primary-d74045b65506,completed,1014524817,3,999,0.4426330111637782,0.073,9.730962343280204,0.019,0.010119810714065727,0.125,True,True,7.105427357601002e-14,True,True,3.375077994860476e-13,True,True,4.579669976578771e-16,True,True,True,True
power_primary-b68bc66d33f4,27,completed,2049316386,2,999,0.15107587526986777,0.461,1.3068033212802355,0.598,0.003684454778594479,0.702,power_primary-d74045b65506,completed,2049316386,2,999,0.15107587526981803,0.461,1.3068033212802355,0.598,0.0036844547785948494,0.702,True,True,4.973799150320701e-14,True,True,0.0,True,True,3.703634621210483e-16,True,True,True,True
power_primary-b68bc66d33f4,28,completed,1309319486,3,999,0.09845325638200109,0.559,1.70904029833759,0.546,0.004989595294875137,0.445,power_primary-d74045b65506,completed,1309319486,3,999,0.09845325638195845,0.559,1.70904029833759,0.546,0.004989595294876167,0.445,True,True,4.263256414560601e-14,True,True,0.0,True,True,1.0304257447302234e-15,True,True,True,True
power_primary-b68bc66d33f4,29,completed,86337554,3,999,0.1810085917265951,0.367,1.200497557836045,0.8,0.005421283839310108,0.784,power_primary-d74045b65506,completed,86337554,3,999,0.1810085917265809,0.367,1.2004975578363486,0.8,0.0054212838393096685,0.784,True,True,1.4210854715202004e-14,True,True,3.035349749325178e-13,True,True,4.397524011601206e-16,True,True,True,True
power_primary-b68bc66d33f4,30,completed,47138681,3,999,0.0809503913758931,0.705,3.5463326072014056,0.215,0.010718245996420465,0.085,power_primary-d74045b65506,completed,47138681,3,999,0.08095039137590732,0.705,3.546332607201303,0.215,0.010718245996420286,0.085,True,True,1.4210854715202004e-14,True,True,1.0258460747536446e-13,True,True,1.7867651802561113e-16,True,True,True,True
power_primary-b68bc66d33f4,31,completed,536172943,3,999,0.38550220978714833,0.156,0.06805848072731206,0.999,0.00843214208083056,0.487,power_primary-d74045b65506,completed,536172943,3,999,0.38550220978719096,0.156,0.06805848073266724,0.999,0.008432142080829957,0.487,True,True,4.263256414560601e-14,True,True,5.35517463706725e-12,True,True,6.019490461639521e-16,True,True,True,True
power_primary-b68bc66d33f4,32,completed,1190180054,3,999,0.15535486195696535,0.328,0.3664481324587915,0.963,0.001808646652157661,0.991,power_primary-d74045b65506,completed,1190180054,3,999,0.15535486195693693,0.328,0.36644813245978597,0.963,0.0018086466521583082,0.991,True,True,2.842170943040401e-14,True,True,9.94482274307984e-13,True,True,6.472686969738461e-16,True,True,True,True
power_primary-b68bc66d33f4,33,completed,47996297,3,999,0.044441362512614546,0.85,0.2658729791768844,0.997,0.00224736568069754,0.99,power_primary-d74045b65506,completed,47996297,3,999,0.044441362512614546,0.85,0.2658729791768844,0.997,0.00224736568069754,0.99,True,True,0.0,True,True,0.0,True,True,0.0,True,True,True,True
power_primary-b68bc66d33f4,34,completed,774610631,3,999,0.11251991251934612,0.631,1.4693994216767934,0.79,0.0054979322297926585,0.456,power_primary-d74045b65506,completed,774610631,3,999,0.11251991251934612,0.631,1.4693994216767934,0.79,0.0054979322297926585,0.456,True,True,0.0,True,True,0.0,True,True,0.0,True,True,True,True
power_primary-b68bc66d33f4,35,completed,704843400,3,999,0.2066259282593279,0.271,2.507272469024015,0.493,0.004534920367843663,0.768,power_primary-d74045b65506,completed,704843400,3,999,0.20662592825928527,0.271,2.5072724690237242,0.493,0.004534920367843129,0.768,True,True,4.263256414560601e-14,True,True,2.90878432451791e-13,True,True,5.342948306008566e-16,True,True,True,True
power_primary-b68bc66d33f4,36,completed,1401108533,3,999,0.04257595099861078,0.854,1.072119393668791,0.814,0.0022918053003762977,0.983,power_primary-d74045b65506,completed,1401108533,3,999,0.04257595099859657,0.854,1.072119393668451,0.814,0.00229180530037549,0.983,True,True,1.4210854715202004e-14,True,True,3.3995029014022293e-13,True,True,8.075137780672037e-16,True,True,True,True
power_primary-b68bc66d33f4,37,completed,829300768,3,999,0.0452571911263675,0.793,1.0538289768111184,0.709,0.0025388282553018,0.919,power_primary-d74045b65506,completed,829300768,3,999,0.0452571911263675,0.793,1.0538289768111184,0.709,0.0025388282553018,0.919,True,True,0.0,True,True,0.0,True,True,0.0,True,True,True,True
power_primary-b68bc66d33f4,38,completed,961762449,3,999,0.03028263360783967,0.88,0.11318461674776858,1.0,0.001878309724398132,0.994,power_primary-d74045b65506,completed,961762449,3,999,0.03028263360782546,0.88,0.11318461674776858,1.0,0.0018783097243978892,0.994,True,True,1.4210854715202004e-14,True,True,0.0,True,True,2.42861286636753e-16,True,True,True,True
power_primary-b68bc66d33f4,39,completed,559619529,3,999,0.2972858234485045,0.202,1.9613264692725347,0.807,0.0033954509889431413,0.907,power_primary-d74045b65506,completed,559619529,3,999,0.29728582344853294,0.202,1.9613264692712336,0.807,0.0033954509889429292,0.907,True,True,2.842170943040401e-14,True,True,1.3011813848606835e-12,True,True,2.1206994493816467e-16,True,True,True,True
power_primary-b68bc66d33f4,40,completed,1220783823,3,999,0.31685498807786416,0.14,1.3194417057327419,0.825,0.0027635459470237633,0.967,power_primary-d74045b65506,completed,1220783823,3,999,0.31685498807786416,0.14,1.3194417057321894,0.825,0.0027635459470239008,0.967,True,True,0.0,True,True,5.524469770534779e-13,True,True,1.3747683547116196e-16,True,True,True,True
power_primary-b68bc66d33f4,41,completed,1589204077,3,999,0.1577727409962506,0.549,0.3077665820113694,0.968,0.004575258657890957,0.836,power_primary-d74045b65506,completed,1589204077,3,999,0.1577727409962506,0.549,0.3077665820113694,0.968,0.004575258657890957,0.836,True,True,0.0,True,True,0.0,True,True,0.0,True,True,True,True
power_primary-b68bc66d33f4,42,completed,1875627231,3,999,0.09066402237797888,0.618,0.15953391609028733,0.995,0.0036766231853460106,0.842,power_primary-d74045b65506,completed,1875627231,3,999,0.09066402237793625,0.618,0.15953391609485645,0.995,0.0036766231853449776,0.842,True,True,4.263256414560601e-14,True,True,4.569122857844832e-12,True,True,1.0330278299441886e-15,True,True,True,True
power_primary-b68bc66d33f4,43,completed,814582487,3,999,0.3287908832390798,0.104,10.753709655061016,0.242,0.0058383460181834785,0.31,power_primary-d74045b65506,completed,814582487,3,999,0.3287908832390798,0.104,10.753709655061016,0.242,0.0058383460181834785,0.31,True,True,0.0,True,True,0.0,True,True,0.0,True,True,True,True
power_primary-b68bc66d33f4,44,completed,1219209398,3,999,0.19565118396049286,0.245,2.351406066090393,0.369,0.005203590272050965,0.325,power_primary-d74045b65506,completed,1219209398,3,999,0.19565118396049286,0.245,2.3514060660905476,0.369,0.0052035902720511795,0.325,True,True,0.0,True,True,1.545430450278218e-13,True,True,2.1423834928313568e-16,True,True,True,True
power_primary-b68bc66d33f4,45,completed,844780378,3,999,0.10087574777573138,0.619,2.1278348141013854,0.234,0.00830050449413734,0.073,power_primary-d74045b65506,completed,844780378,3,999,0.1008757477757598,0.619,2.1278348141010426,0.234,0.008300504494136399,0.073,True,True,2.842170943040401e-14,True,True,3.4283687000424834e-13,True,True,9.419548474554063e-16,True,True,True,True
power_primary-b68bc66d33f4,46,completed,1047326254,3,999,0.534891401317509,0.02,1.2809678722178277,0.876,0.006839888340416355,0.175,power_primary-d74045b65506,completed,1047326254,3,999,0.534891401317509,0.02,1.2809678722178277,0.876,0.006839888340416355,0.175,True,True,0.0,True,True,0.0,True,True,0.0,True,True,True,True
power_primary-b68bc66d33f4,47,completed,492351740,3,999,0.35042557261499496,0.074,5.306601688453329,0.085,0.00945383024362814,0.036,power_primary-d74045b65506,completed,492351740,3,999,0.35042557261499496,0.074,5.306601688453329,0.085,0.00945383024362814,0.036,True,True,0.0,True,True,0.0,True,True,0.0,True,True,True,True
power_primary-b68bc66d33f4,48,completed,1260128548,3,999,0.12597070782935305,0.696,2.2292876157186847,0.828,0.004975949580795374,0.733,power_primary-d74045b65506,completed,1260128548,3,999,0.12597070782935305,0.696,2.2292876157186847,0.828,0.004975949580795374,0.733,True,True,0.0,True,True,0.0,True,True,0.0,True,True,True,True
power_primary-b68bc66d33f4,49,completed,794634253,3,999,0.018312565448994178,0.931,4.72266355581239,0.105,0.005950987831185609,0.273,power_primary-d74045b65506,completed,794634253,3,999,0.018312565449065232,0.931,4.722663555813007,0.105,0.005950987831185616,0.273,True,True,7.105427357601002e-14,True,True,6.17284001691587e-13,True,True,6.938893903907228e-18,True,True,True,True
power_primary-b68bc66d33f4,50,completed,77392504,3,999,0.07717688099990028,0.776,1.524613290601852,0.482,0.005514888031569383,0.716,power_primary-d74045b65506,completed,77392504,3,999,0.0771768809998008,0.776,1.5246132906025691,0.482,0.005514888031569681,0.716,True,True,9.947598300641403e-14,True,True,7.172040739078511e-13,True,True,2.975050761300224e-16,True,True,True,True
power_primary-b68bc66d33f4,51,completed,1494896499,3,999,0.09747767276779484,0.535,3.2985133803235374,0.221,0.006665648768699254,0.071,power_primary-d74045b65506,completed,1494896499,3,999,0.09747767276780905,0.535,3.2985133803243114,0.221,0.006665648768699447,0.071,True,True,1.4210854715202004e-14,True,True,7.740474927686591e-13,True,True,1.9255430583342559e-16,True,True,True,True
power_primary-b68bc66d33f4,52,completed,1325190698,3,999,0.03555908186952195,0.852,0.4530680230753653,0.957,0.004104442158180901,0.752,power_primary-d74045b65506,completed,1325190698,3,999,0.03555908186952195,0.852,0.4530680230753653,0.957,0.004104442158180901,0.752,True,True,0.0,True,True,0.0,True,True,0.0,True,True,True,True
power_primary-b68bc66d33f4,53,completed,1168420320,3,999,0.09652784061094621,0.636,1.5372870765156632,0.692,0.00447658746793345,0.683,power_primary-d74045b65506,completed,1168420320,3,999,0.09652784061100306,0.636,1.5372870765137663,0.692,0.004476587467933021,0.683,True,True,5.684341886080802e-14,True,True,1.8969270598745425e-12,True,True,4.2934406030425976e-16,True,True,True,True
power_primary-b68bc66d33f4,54,completed,1151455292,2,999,5.1401705221110205e-05,0.999,0.4054095650461976,0.941,0.004507374797193464,0.801,power_primary-d74045b65506,completed,1151455292,2,999,5.140170523532106e-05,0.999,0.40540956504529857,0.941,0.004507374797194172,0.801,True,True,1.4210854715202004e-14,True,True,8.990030941902205e-13,True,True,7.086345399365257e-16,True,True,True,True
power_primary-b68bc66d33f4,55,completed,1535945066,3,999,0.009118369718862596,0.965,2.6371280721055603,0.178,0.010551857149799835,0.007,power_primary-d74045b65506,completed,1535945066,3,999,0.009118369718876806,0.965,2.637128072105975,0.178,0.01055185714980052,0.007,True,True,1.4210854715202004e-14,True,True,4.147793219999585e-13,True,True,6.852157730108388e-16,True,True,True,True
power_primary-b68bc66d33f4,56,completed,805915046,2,999,0.11927459941373542,0.622,2.9204206452479093,0.316,0.009602018476412632,0.43,power_primary-d74045b65506,completed,805915046,2,999,0.11927459941373542,0.622,2.9204206452479093,0.316,0.009602018476412632,0.43,True,True,0.0,True,True,0.0,True,True,0.0,True,True,True,True
power_primary-b68bc66d33f4,57,completed,1304542160,3,999,0.317297871737793,0.171,2.047428252455292,0.285,0.004427640254287143,0.644,power_primary-d74045b65506,completed,1304542160,3,999,0.31729787173773616,0.171,2.047428252455292,0.285,0.004427640254287675,0.644,True,True,5.684341886080802e-14,True,True,0.0,True,True,5.325601071248798e-16,True,True,True,True
power_primary-b68bc66d33f4,58,completed,1967810819,3,999,0.039674810889380296,0.869,1.3301587379107327,0.707,0.008939678155652126,0.124,power_primary-d74045b65506,completed,1967810819,3,999,0.039674810889380296,0.869,1.3301587379107327,0.707,0.008939678155652126,0.124,True,True,0.0,True,True,0.0,True,True,0.0,True,True,True,True
power_primary-b68bc66d33f4,59,completed,1968686727,3,999,0.09306123358584273,0.598,1.0589046240191367,0.46,0.003079771053132882,0.917,power_primary-d74045b65506,completed,1968686727,3,999,0.09306123358582852,0.598,1.0589046240191367,0.46,0.0030797710531336973,0.917,True,True,1.4210854715202004e-14,True,True,0.0,True,True,8.153200337090993e-16,True,True,True,True
power_primary-b68bc66d33f4,60,completed,2103864666,3,999,0.2009812097554402,0.197,2.7661774979538243,0.248,0.005440268246054949,0.22,power_primary-d74045b65506,completed,2103864666,3,999,0.20098120975545442,0.197,2.7661774979529015,0.248,0.0054402682460548074,0.22,True,True,1.4210854715202004e-14,True,True,9.228173780684301e-13,True,True,1.4137996329210978e-16,True,True,True,True
power_primary-b68bc66d33f4,61,completed,1818928989,3,999,0.5832466239284599,0.088,4.426733476905094,0.02,0.010741425384469148,0.112,power_primary-d74045b65506,completed,1818928989,3,999,0.5832466239284599,0.088,4.426733476905094,0.02,0.010741425384469148,0.112,True,True,0.0,True,True,0.0,True,True,0.0,True,True,True,True
power_primary-b68bc66d33f4,62,completed,1461128897,3,999,0.3689418058750107,0.04,3.1543873295669265,0.36,0.005872493249469603,0.412,power_primary-d74045b65506,completed,1461128897,3,999,0.3689418058749965,0.04,3.154387329567042,0.36,0.00587249324946982,0.412,True,True,1.4210854715202004e-14,True,True,1.1546319456101628e-13,True,True,2.1684043449710089e-16,True,True,True,True
power_primary-b68bc66d33f4,63,completed,476649235,3,999,0.027854367297663885,0.911,7.205104156581777,0.067,0.007563278326413327,0.092,power_primary-d74045b65506,completed,476649235,3,999,0.027854367297692306,0.911,7.20510415658203,0.067,0.007563278326412791,0.092,True,True,2.842170943040401e-14,True,True,2.531308496145357e-13,True,True,5.35162192338845e-16,True,True,True,True
power_primary-b68bc66d33f4,64,completed,938546297,3,999,0.015515063575563204,0.936,2.123358684627539,0.106,0.005535886829055771,0.402,power_primary-d74045b65506,completed,938546297,3,999,0.015515063575534782,0.936,2.123358684627539,0.106,0.005535886829056462,0.402,True,True,2.842170943040401e-14,True,True,0.0,True,True,6.904199434387692e-16,True,True,True,True
power_primary-b68bc66d33f4,65,completed,968582484,3,999,0.08297188578690395,0.67,1.1428016303340083,0.862,0.004074902791564146,0.728,power_primary-d74045b65506,completed,968582484,3,999,0.08297188578687553,0.67,1.1428016303336892,0.862,0.004074902791564409,0.728,True,True,2.842170943040401e-14,True,True,3.1907809727727e-13,True,True,2.6281060661048627e-16,True,True,True,True
power_primary-b68bc66d33f4,66,completed,927436670,3,999,0.18768371041618082,0.256,0.7460133562087278,0.923,0.0025184585313420133,0.962,power_primary-d74045b65506,completed,927436670,3,999,0.18768371041619503,0.256,0.7460133562097048,0.923,0.0025184585313419807,0.962,True,True,1.4210854715202004e-14,True,True,9.769962616701378e-13,True,True,3.252606517456513e-17,True,True,True,True
power_primary-b68bc66d33f4,67,completed,492271182,3,999,0.3145308720552862,0.046,2.088048571571366,0.622,0.006615915718245185,0.062,power_primary-d74045b65506,completed,492271182,3,999,0.3145308720552862,0.046,2.088048571571366,0.622,0.006615915718245185,0.062,True,True,0.0,True,True,0.0,True,True,0.0,True,True,True,True
power_primary-b68bc66d33f4,68,completed,970877919,3,999,0.14752861191401223,0.375,0.9000420249483247,0.793,0.005242497398471614,0.604,power_primary-d74045b65506,completed,970877919,3,999,0.14752861191401223,0.375,0.9000420249483247,0.793,0.005242497398471018,0.604,True,True,0.0,True,True,0.0,True,True,5.958775139980332e-16,True,True,True,True
power_primary-b68bc66d33f4,69,completed,1355548163,3,999,0.3253906769152195,0.102,2.576627855141876,0.364,0.004435931007994068,0.906,power_primary-d74045b65506,completed,1355548163,3,999,0.32539067691517687,0.102,2.576627855142159,0.364,0.0044359310079946385,0.906,True,True,4.263256414560601e-14,True,True,2.828848266744899e-13,True,True,5.707240235963695e-16,True,True,True,True
power_primary-b68bc66d33f4,70,completed,1154320700,3,999,0.22014519158706491,0.271,0.503129940247925,0.985,0.0015262577035879085,0.996,power_primary-d74045b65506,completed,1154320700,3,999,0.2201451915870507,0.271,0.5031299402493739,0.985,0.0015262577035887986,0.996,True,True,1.4210854715202004e-14,True,True,1.4488410471358293e-12,True,True,8.901299836105991e-16,True,True,True,True
power_primary-b68bc66d33f4,71,completed,870571124,3,999,0.0966684733142813,0.791,1.6054088965984001,0.825,0.0050255669624305116,0.787,power_primary-d74045b65506,completed,870571124,3,999,0.09666847331430972,0.791,1.605408896598627,0.825,0.005025566962429964,0.787,True,True,2.842170943040401e-14,True,True,2.26929586233382e-13,True,True,5.473052566706826e-16,True,True,True,True
power_primary-b68bc66d33f4,72,completed,792410766,3,999,0.16825451546678494,0.654,1.7055664744433714,0.543,0.008682824720849448,0.286,power_primary-d74045b65506,completed,792410766,3,999,0.16825451546678494,0.654,1.7055664744433714,0.543,0.008682824720849448,0.286,True,True,0.0,True,True,0.0,True,True,0.0,True,True,True,True
power_primary-b68bc66d33f4,73,completed,1136428562,3,999,0.04622537021742801,0.805,0.7714518294389432,0.603,0.002664872680491253,0.912,power_primary-d74045b65506,completed,1136428562,3,999,0.04622537021742801,0.805,0.7714518294375259,0.603,0.002664872680491637,0.912,True,True,0.0,True,True,1.4173107132364748e-12,True,True,3.8380756905986857e-16,True,True,True,True
power_primary-b68bc66d33f4,74,completed,1775351918,3,999,0.22079240915340392,0.338,2.366222948454749,0.469,0.008986305102230505,0.154,power_primary-d74045b65506,completed,1775351918,3,999,0.22079240915340392,0.338,2.366222948454749,0.469,0.008986305102230505,0.154,True,True,0.0,True,True,0.0,True,True,0.0,True,True,True,True
power_primary-b68bc66d33f4,75,completed,1066160372,3,999,0.1953666634323099,0.474,1.9395262380896479,0.468,0.005504019906906033,0.643,power_primary-d74045b65506,completed,1066160372,3,999,0.1953666634323099,0.474,1.9395262380896479,0.468,0.005504019906906033,0.643,True,True,0.0,True,True,0.0,True,True,0.0,True,True,True,True
power_primary-b68bc66d33f4,76,completed,103502832,3,999,0.07500573207791206,0.688,1.8310423601370083,0.315,0.004049524961337593,0.766,power_primary-d74045b65506,completed,103502832,3,999,0.07500573207792627,0.688,1.83104236013661,0.315,0.004049524961337603,0.766,True,True,1.4210854715202004e-14,True,True,3.9834802123550617e-13,True,True,9.540979117872439e-18,True,True,True,True
power_primary-b68bc66d33f4,77,completed,275010704,3,999,0.16519840445067757,0.531,13.628001314475252,0.023,0.009986599760651384,0.04,power_primary-d74045b65506,completed,275010704,3,999,0.16519840445064915,0.531,13.628001314475629,0.023,0.00998659976065224,0.04,True,True,2.842170943040401e-14,True,True,3.765876499528531e-13,True,True,8.552186736565659e-16,True,True,True,True
power_primary-b68bc66d33f4,78,completed,712418846,3,999,0.3005703521816656,0.125,1.9993795950970266,0.656,0.0053178252670536405,0.463,power_primary-d74045b65506,completed,712418846,3,999,0.3005703521816656,0.125,1.9993795950970266,0.656,0.0053178252670536405,0.463,True,True,0.0,True,True,0.0,True,True,0.0,True,True,True,True
power_primary-b68bc66d33f4,79,completed,1341122418,3,999,0.2758683305656007,0.447,4.4906092983859045,0.016,0.010432669176283632,0.105,power_primary-d74045b65506,completed,1341122418,3,999,0.2758683305656575,0.447,4.49060929838631,0.016,0.010432669176284057,0.105,True,True,5.684341886080802e-14,True,True,4.0589753780295723e-13,True,True,4.2500725161431774e-16,True,True,True,True
power_primary-b68bc66d33f4,80,completed,564626314,3,999,0.09353601028516323,0.68,1.347987685972616,0.642,0.0034596389996799865,0.9,power_primary-d74045b65506,completed,564626314,3,999,0.09353601028519165,0.68,1.3479876859728863,0.642,0.003459638999680241,0.9,True,True,2.842170943040401e-14,True,True,2.702282841937631e-13,True,True,2.5457067009959644e-16,True,True,True,True
power_primary-b68bc66d33f4,81,completed,451100254,3,999,0.3283102457700835,0.174,3.4585446840838747,0.124,0.006705490824401294,0.324,power_primary-d74045b65506,completed,451100254,3,999,0.3283102457700835,0.174,3.4585446840838747,0.124,0.006705490824401294,0.324,True,True,0.0,True,True,0.0,True,True,0.0,True,True,True,True
power_primary-b68bc66d33f4,82,completed,1777857157,2,999,0.33956637797955835,0.076,0.9733070073536488,0.355,0.007139468814841802,0.091,power_primary-d74045b65506,completed,1777857157,2,999,0.33956637797956546,0.076,0.9733070073540231,0.355,0.007139468814840928,0.091,True,True,7.105427357601002e-15,True,True,3.7425618160114027e-13,True,True,8.743006318923108e-16,True,True,True,True
power_primary-b68bc66d33f4,83,completed,985362253,3,999,0.031164859607400786,0.864,1.0196266092537782,0.792,0.0034153349061834793,0.726,power_primary-d74045b65506,completed,985362253,3,999,0.031164859607429207,0.864,1.0196266092537782,0.792,0.003415334906183876,0.726,True,True,2.842170943040401e-14,True,True,0.0,True,True,3.968179951296946e-16,True,True,True,True
power_primary-b68bc66d33f4,84,completed,1218402310,2,999,0.02243574155652084,0.896,0.5317362129311249,0.921,0.0062961830635976665,0.342,power_primary-d74045b65506,completed,1218402310,2,999,0.022435741556584787,0.896,0.531736212929754,0.921,0.006296183063597983,0.342,True,True,6.394884621840902e-14,True,True,1.3709033908071433e-12,True,True,3.165870343657673e-16,True,True,True,True
power_primary-b68bc66d33f4,85,completed,707053255,3,999,0.13826402531317683,0.493,1.148804119643402,0.354,0.004421374520123517,0.556,power_primary-d74045b65506,completed,707053255,3,999,0.1382640253130205,0.493,1.1488041196430847,0.354,0.004421374520123436,0.556,True,True,1.5631940186722204e-13,True,True,3.1730174043786974e-13,True,True,8.066464163292153e-17,True,True,True,True
power_primary-b68bc66d33f4,86,completed,912771797,3,999,0.042246579756778146,0.879,1.8986538152500039,0.825,0.0035441875854750073,0.945,power_primary-d74045b65506,completed,912771797,3,999,0.042246579756735514,0.879,1.898653815250388,0.825,0.0035441875854752276,0.945,True,True,4.263256414560601e-14,True,True,3.8413716652030416e-13,True,True,2.203098814490545e-16,True,True,True,True
power_primary-b68bc66d33f4,87,completed,441075214,3,999,0.12074119646796078,0.621,0.10626043373521474,0.995,0.0015916536262163914,0.996,power_primary-d74045b65506,completed,441075214,3,999,0.12074119646796078,0.621,0.10626043373864467,0.995,0.0015916536262176554,0.996,True,True,0.0,True,True,3.4299368900647664e-12,True,True,1.263962892683601e-15,True,True,True,True
power_primary-b68bc66d33f4,88,completed,380843299,3,999,0.21459397153020632,0.173,0.3748006698632106,0.934,0.0030682958657790404,0.856,power_primary-d74045b65506,completed,380843299,3,999,0.2145939715301779,0.173,0.3748006698632106,0.934,0.0030682958657792993,0.856,True,True,2.842170943040401e-14,True,True,0.0,True,True,2.5890747878953846e-16,True,True,True,True
power_primary-b68bc66d33f4,89,completed,183480816,3,999,0.21111367567405637,0.383,1.5002366184240317,0.386,0.004685574708952366,0.64,power_primary-d74045b65506,completed,183480816,3,999,0.21111367567405637,0.383,1.5002366184237887,0.386,0.0046855747089521215,0.64,True,True,0.0,True,True,2.4291679778798425e-13,True,True,2.445960101127298e-16,True,True,True,True
power_primary-b68bc66d33f4,90,completed,1818281577,3,999,0.23208934316382113,0.165,3.5182867398971043,0.024,0.006727238809244444,0.093,power_primary-d74045b65506,completed,1818281577,3,999,0.23208934316387797,0.165,3.5182867398966895,0.024,0.006727238809243464,0.093,True,True,5.684341886080802e-14,True,True,4.147793219999585e-13,True,True,9.80118763926896e-16,True,True,True,True
power_primary-b68bc66d33f4,91,completed,1394936492,3,999,0.19243070909085702,0.441,1.5378436242256823,0.475,0.005481983703318822,0.491,power_primary-d74045b65506,completed,1394936492,3,999,0.19243070909085702,0.441,1.5378436242256823,0.475,0.005481983703318822,0.491,True,True,0.0,True,True,0.0,True,True,0.0,True,True,True,True
power_primary-b68bc66d33f4,92,completed,2111579903,3,999,0.32926722941688524,0.296,0.5759394721140394,0.963,0.004735530293760268,0.841,power_primary-d74045b65506,completed,2111579903,3,999,0.3292672294168426,0.296,0.5759394721140394,0.963,0.0047355302937595115,0.841,True,True,4.263256414560601e-14,True,True,0.0,True,True,7.563394355258879e-16,True,True,True,True
power_primary-b68bc66d33f4,93,completed,1675471034,3,999,0.16481592721602567,0.363,1.040504035043205,0.564,0.0024048609463305187,0.985,power_primary-d74045b65506,completed,1675471034,3,999,0.16481592721602567,0.363,1.040504035043205,0.564,0.0024048609463305187,0.985,True,True,0.0,True,True,0.0,True,True,0.0,True,True,True,True
power_primary-b68bc66d33f4,94,completed,1333125135,3,999,0.18131146641350426,0.415,1.2544217764323997,0.821,0.005720814416564469,0.48,power_primary-d74045b65506,completed,1333125135,3,999,0.18131146641350426,0.415,1.2544217764318184,0.821,0.005720814416563766,0.48,True,True,0.0,True,True,5.81312775693732e-13,True,True,7.025630077706069e-16,True,True,True,True
power_primary-b68bc66d33f4,95,completed,1710200665,3,999,0.02923472855189857,0.854,1.2610194680262714,0.329,0.004802758632438434,0.391,power_primary-d74045b65506,completed,1710200665,3,999,0.029234728551855937,0.854,1.2610194680262714,0.329,0.004802758632438203,0.391,True,True,4.263256414560601e-14,True,True,0.0,True,True,2.3071822230491534e-16,True,True,True,True
power_primary-b68bc66d33f4,96,completed,1648253926,3,999,0.37278131370131007,0.021,5.181024842373294,0.005,0.007079314915030362,0.02,power_primary-d74045b65506,completed,1648253926,3,999,0.37278131370129586,0.021,5.1810248423732235,0.005,0.0070793149150307965,0.02,True,True,1.4210854715202004e-14,True,True,7.016609515630989e-14,True,True,4.345482307321902e-16,True,True,True,True
power_primary-b68bc66d33f4,97,completed,259802055,3,999,0.29996249427031785,0.236,1.1284559963410559,0.75,0.011225718341032523,0.059,power_primary-d74045b65506,completed,259802055,3,999,0.29996249427030364,0.236,1.1284559963404097,0.75,0.01122571834103204,0.059,True,True,1.4210854715202004e-14,True,True,6.461498003318411e-13,True,True,4.822531263215524e-16,True,True,True,True
power_primary-b68bc66d33f4,98,completed,1319208378,3,999,0.02294984422482571,0.869,8.508509550892109,0.037,0.00531725629836319,0.259,power_primary-d74045b65506,completed,1319208378,3,999,0.022949844224868343,0.869,8.50850955089198,0.037,0.005317256298363055,0.259,True,True,4.263256414560601e-14,True,True,1.2967404927621828e-13,True,True,1.3530843112619095e-16,True,True,True,True
power_primary-b68bc66d33f4,99,completed,837235821,3,999,0.057267130596770244,0.748,2.7515613196623594,0.545,0.004095883046889245,0.733,power_primary-d74045b65506,completed,837235821,3,999,0.057267130596770244,0.748,2.7515613196623594,0.545,0.004095883046889245,0.733,True,True,0.0,True,True,0.0,True,True,0.0,True,True,True,True
power_primary-b68bc66d33f4,100,completed,1048913890,3,999,0.23405925146322204,0.283,1.5211335227604248,0.537,0.004193716274422872,0.931,power_primary-d74045b65506,completed,1048913890,3,999,0.23405925146322204,0.283,1.5211335227604248,0.537,0.004193716274422872,0.931,True,True,0.0,True,True,0.0,True,True,0.0,True,True,True,True
power_primary-b68bc66d33f4,101,completed,1633235196,3,999,0.025632893186539718,0.917,0.5626581193574636,0.975,0.006058916211274031,0.561,power_primary-d74045b65506,completed,1633235196,3,999,0.025632893186539718,0.917,0.5626581193574636,0.975,0.006058916211274031,0.561,True,True,0.0,True,True,0.0,True,True,0.0,True,True,True,True
power_primary-b68bc66d33f4,102,completed,1530946396,3,999,0.07751729101680382,0.648,1.507548954100658,0.445,0.006090193465749517,0.251,power_primary-d74045b65506,completed,1530946396,3,999,0.07751729101673277,0.648,1.507548954100658,0.445,0.006090193465749472,0.251,True,True,7.105427357601002e-14,True,True,0.0,True,True,4.5102810375396984e-17,True,True,True,True
power_primary-b68bc66d33f4,103,completed,954231566,3,999,0.11348682544475253,0.688,1.7833667314039474,0.669,0.009754554810390594,0.057,power_primary-d74045b65506,completed,954231566,3,999,0.11348682544475253,0.688,1.7833667314039474,0.669,0.009754554810390594,0.057,True,True,0.0,True,True,0.0,True,True,0.0,True,True,True,True
power_primary-b68bc66d33f4,104,completed,1147945834,3,999,0.11417741946631565,0.56,174.88876956434652,0.038,0.003280765834806883,0.946,power_primary-d74045b65506,completed,1147945834,3,999,0.11417741946632987,0.56,174.88876956434956,0.038,0.0032807658348074135,0.946,True,True,1.4210854715202004e-14,True,True,3.0411229090532288e-12,True,True,5.303917027799088e-16,True,True,True,True
power_primary-b68bc66d33f4,105,completed,1646966430,3,999,0.012028420585778576,0.951,1.657639000816129,0.173,0.006835086714019631,0.345,power_primary-d74045b65506,completed,1646966430,3,999,0.012028420585778576,0.951,1.657639000816129,0.173,0.006835086714019631,0.345,True,True,0.0,True,True,0.0,True,True,0.0,True,True,True,True
power_primary-b68bc66d33f4,106,completed,1156225942,3,999,0.210756442553361,0.253,3.711856607541909,0.414,0.0037096052441857,0.898,power_primary-d74045b65506,completed,1156225942,3,999,0.2107564425533326,0.253,3.7118566075411223,0.414,0.003709605244185672,0.898,True,True,2.842170943040401e-14,True,True,7.864819906444609e-13,True,True,2.7755575615628914e-17,True,True,True,True
power_primary-b68bc66d33f4,107,completed,1340862447,3,999,0.10533741460342583,0.5,6.762693537859937,0.094,0.00739557422260288,0.057,power_primary-d74045b65506,completed,1340862447,3,999,0.10533741460342583,0.5,6.762693537859937,0.094,0.00739557422260288,0.057,True,True,0.0,True,True,0.0,True,True,0.0,True,True,True,True
power_primary-b68bc66d33f4,108,completed,1053675484,3,999,0.0583434861244001,0.735,1.4831961064583494,0.49,0.004076009074881866,0.655,power_primary-d74045b65506,completed,1053675484,3,999,0.058343486124442734,0.735,1.483196106458841,0.49,0.004076009074882187,0.655,True,True,4.263256414560601e-14,True,True,4.916067553040193e-13,True,True,3.209238430557093e-16,True,True,True,True
power_primary-b68bc66d33f4,109,completed,465376198,3,999,0.04452722446029611,0.831,0.8803026294152021,0.711,0.0036026150767810086,0.828,power_primary-d74045b65506,completed,465376198,3,999,0.04452722446029611,0.831,0.8803026294156161,0.711,0.003602615076781663,0.828,True,True,0.0,True,True,4.1400216588272087e-13,True,True,6.544244313122505e-16,True,True,True,True
power_primary-b68bc66d33f4,110,completed,1987822794,3,999,0.17030237613820987,0.455,1.002840403979883,0.848,0.002660272432143958,0.955,power_primary-d74045b65506,completed,1987822794,3,999,0.17030237613809618,0.455,1.00284040398061,0.848,0.00266027243214401,0.955,True,True,1.1368683772161603e-13,True,True,7.269740365245525e-13,True,True,5.160802341031001e-17,True,True,True,True
power_primary-b68bc66d33f4,111,completed,690836838,3,999,0.18432246446312206,0.322,1.4598911242338357,0.482,0.0025910985896265,0.94,power_primary-d74045b65506,completed,690836838,3,999,0.18432246446312206,0.322,1.4598911242338357,0.482,0.0025910985896265,0.94,True,True,0.0,True,True,0.0,True,True,0.0,True,True,True,True
power_primary-b68bc66d33f4,112,completed,1982545989,3,999,0.15108889297253825,0.573,0.5647576761767361,0.945,0.004390721742439413,0.813,power_primary-d74045b65506,completed,1982545989,3,999,0.15108889297250983,0.573,0.5647576761760907,0.945,0.004390721742438571,0.813,True,True,2.842170943040401e-14,True,True,6.453726442146035e-13,True,True,8.422082475867398e-16,True,True,True,True
power_primary-b68bc66d33f4,113,completed,2082063441,3,999,0.6117446991281241,0.054,5.14369684694714,0.072,0.013329890256727159,0.047,power_primary-d74045b65506,completed,2082063441,3,999,0.6117446991281668,0.054,5.143696846946998,0.072,0.013329890256727277,0.047,True,True,4.263256414560601e-14,True,True,1.4210854715202004e-13,True,True,1.1796119636642288e-16,True,True,True,True
power_primary-b68bc66d33f4,114,completed,577431432,3,999,0.013740838465864158,0.947,2.099570767493417,0.905,0.0027803741094818207,0.882,power_primary-d74045b65506,completed,577431432,3,999,0.013740838465849947,0.947,2.099570767497063,0.905,0.0027803741094806827,0.882,True,True,1.4210854715202004e-14,True,True,3.645972412869014e-12,True,True,1.1379786002407855e-15,True,True,True,True
power_primary-b68bc66d33f4,115,completed,961578577,3,999,0.2641089183715053,0.365,0.6927681304333038,0.909,0.008932080200181245,0.128,power_primary-d74045b65506,completed,961578577,3,999,0.2641089183715053,0.365,0.6927681304333038,0.909,0.008932080200181245,0.128,True,True,0.0,True,True,0.0,True,True,0.0,True,True,True,True
power_primary-b68bc66d33f4,116,completed,123825508,3,999,0.0780425806976126,0.66,3.614728823242871,0.097,0.005161561830605535,0.314,power_primary-d74045b65506,completed,123825508,3,999,0.0780425806976126,0.66,3.614728823242468,0.097,0.005161561830605071,0.314,True,True,0.0,True,True,4.0323300254385686e-13,True,True,4.640385298237959e-16,True,True,True,True
power_primary-b68bc66d33f4,117,completed,618231631,3,999,0.01779709913843419,0.918,3.197009565433296,0.096,0.009754161047006271,0.248,power_primary-d74045b65506,completed,618231631,3,999,0.017797099138505246,0.918,3.1970095654334103,0.096,0.009754161047006441,0.248,True,True,7.105427357601002e-14,True,True,1.141309269314661e-13,True,True,1.700029006457271e-16,True,True,True,True
power_primary-b68bc66d33f4,118,completed,1564781354,3,999,0.01484266017106961,0.953,1.411338841274467,0.738,0.002938570228821515,0.942,power_primary-d74045b65506,completed,1564781354,3,999,0.014842660171012767,0.953,1.4113388412749834,0.738,0.0029385702288225687,0.942,True,True,5.684341886080802e-14,True,True,5.164757510556228e-13,True,True,1.0538445116559103e-15,True,True,True,True
power_primary-b68bc66d33f4,119,completed,997784409,3,999,0.229178455361577,0.404,3.419331670727885,0.281,0.005272952930773965,0.649,power_primary-d74045b65506,completed,997784409,3,999,0.22917845536150594,0.404,3.419331670728312,0.281,0.0052729529307740915,0.649,True,True,7.105427357601002e-14,True,True,4.2721381987576024e-13,True,True,1.2663481374630692e-16,True,True,True,True
power_primary-b68bc66d33f4,120,completed,957129233,3,999,0.4361408365920312,0.094,3.101935956374956,0.276,0.010954973196777799,0.046,power_primary-d74045b65506,completed,957129233,3,999,0.4361408365920312,0.094,3.101935956374956,0.276,0.010954973196777799,0.046,True,True,0.0,True,True,0.0,True,True,0.0,True,True,True,True
power_primary-b68bc66d33f4,121,completed,974124025,3,999,0.38500934787454355,0.064,2.9903174354270123,0.885,0.006712468702541544,0.583,power_primary-d74045b65506,completed,974124025,3,999,0.38500934787454355,0.064,2.9903174354264026,0.885,0.006712468702541507,0.583,True,True,0.0,True,True,6.09734485124136e-13,True,True,3.729655473350135e-17,True,True,True,True
power_primary-b68bc66d33f4,122,completed,716091118,2,999,0.17894074084124867,0.257,0.9759913976440213,0.363,0.0073626910819015925,0.098,power_primary-d74045b65506,completed,716091118,2,999,0.1789407408412842,0.257,0.9759913976440213,0.363,0.007362691081901,0.098,True,True,3.552713678800501e-14,True,True,0.0,True,True,5.924080670460796e-16,True,True,True,True
power_primary-b68bc66d33f4,123,completed,394851969,3,999,0.06594219087450881,0.696,2.6285789544154663,0.442,0.004243287551667072,0.714,power_primary-d74045b65506,completed,394851969,3,999,0.06594219087450881,0.696,2.6285789544154663,0.442,0.004243287551667072,0.714,True,True,0.0,True,True,0.0,True,True,0.0,True,True,True,True
power_primary-b68bc66d33f4,124,completed,259594673,3,999,0.21621088624839047,0.352,2.0677930453998865,0.294,0.008188994085524285,0.386,power_primary-d74045b65506,completed,259594673,3,999,0.21621088624839047,0.352,2.0677930453998865,0.294,0.008188994085524285,0.386,True,True,0.0,True,True,0.0,True,True,0.0,True,True,True,True
power_primary-b68bc66d33f4,125,completed,906749458,3,999,0.13992329624871047,0.41,3.431997031635153,0.233,0.007669250650144992,0.158,power_primary-d74045b65506,completed,906749458,3,999,0.13992329624872468,0.41,3.4319970316350465,0.233,0.007669250650144119,0.158,True,True,1.4210854715202004e-14,True,True,1.0658141036401503e-13,True,True,8.734332701543224e-16,True,True,True,True
power_primary-b68bc66d33f4,126,completed,767681277,3,999,0.1677179556440933,0.427,3.5168344946361714,0.366,0.004900746006270664,0.573,power_primary-d74045b65506,completed,767681277,3,999,0.1677179556440933,0.427,3.5168344946361714,0.366,0.004900746006270664,0.573,True,True,0.0,True,True,0.0,True,True,0.0,True,True,True,True
power_primary-b68bc66d33f4,127,completed,2003894396,3,999,0.22761822681592037,0.179,1.2170963951966876,0.636,0.0056296740616798855,0.276,power_primary-d74045b65506,completed,2003894396,3,999,0.22761822681593458,0.179,1.2170963951966876,0.636,0.00562967406167944,0.276,True,True,1.4210854715202004e-14,True,True,0.0,True,True,4.458239333260394e-16,True,True,True,True
power_primary-b68bc66d33f4,128,completed,1560764062,3,999,0.09230417966796267,0.62,12.908404429536917,0.074,0.008087333396158585,0.111,power_primary-d74045b65506,completed,1560764062,3,999,0.09230417966793425,0.62,12.908404429534498,0.074,0.008087333396157956,0.111,True,True,2.842170943040401e-14,True,True,2.419398015263141e-12,True,True,6.29704621779581e-16,True,True,True,True
power_primary-b68bc66d33f4,129,completed,1734862938,2,999,0.034431794663937865,0.84,4.254746405402608,0.049,0.006709961940730709,0.232,power_primary-d74045b65506,completed,1734862938,2,999,0.03443179466393076,0.84,4.2547464054022655,0.049,0.006709961940730512,0.232,True,True,7.105427357601002e-15,True,True,3.4283687000424834e-13,True,True,1.968911145233676e-16,True,True,True,True
power_primary-b68bc66d33f4,130,completed,1136559824,3,999,0.21268230719938686,0.289,0.659414910069798,0.858,0.005624760971444604,0.333,power_primary-d74045b65506,completed,1136559824,3,999,0.21268230719937264,0.289,0.659414910069798,0.858,0.0056247609714445,0.333,True,True,1.4210854715202004e-14,True,True,0.0,True,True,1.0408340855860843e-16,True,True,True,True
power_primary-b68bc66d33f4,131,completed,1543889937,3,999,0.21202608418614943,0.363,4.013060409003311,0.088,0.014393110697450202,0.082,power_primary-d74045b65506,completed,1543889937,3,999,0.21202608418616364,0.363,4.013060409003311,0.088,0.014393110697450227,0.082,True,True,1.4210854715202004e-14,True,True,0.0,True,True,2.42861286636753e-17,True,True,True,True
power_primary-b68bc66d33f4,132,completed,165096298,3,999,0.11822338399360888,0.634,2.4718519124694205,0.141,0.007490574356957149,0.429,power_primary-d74045b65506,completed,165096298,3,999,0.11822338399360888,0.634,2.47185191247001,0.141,0.007490574356958135,0.429,True,True,0.0,True,True,5.893063814710331e-13,True,True,9.861902960928148e-16,True,True,True,True
power_primary-b68bc66d33f4,133,completed,615365907,3,999,0.1574869538826391,0.381,1.3493339227916898,0.601,0.005331698242552204,0.506,power_primary-d74045b65506,completed,615365907,3,999,0.157486953882632,0.381,1.3493339227916898,0.601,0.005331698242552534,0.506,True,True,7.105427357601002e-15,True,True,0.0,True,True,3.2959746043559335e-16,True,True,True,True
power_primary-b68bc66d33f4,134,completed,1216586334,3,999,0.4043127926890122,0.052,2.189166173433863,0.349,0.007995094887553157,0.31,power_primary-d74045b65506,completed,1216586334,3,999,0.40431279268906906,0.052,2.189166173433863,0.349,0.00799509488755283,0.31,True,True,5.684341886080802e-14,True,True,0.0,True,True,3.2786273695961654e-16,True,True,True,True
power_primary-b68bc66d33f4,135,completed,1724559758,3,999,0.014549201298237335,0.925,2.3175871946646938,0.331,0.0053926249490577225,0.286,power_primary-d74045b65506,completed,1724559758,3,999,0.014549201298237335,0.925,2.3175871946646938,0.331,0.0053926249490577225,0.286,True,True,0.0,True,True,0.0,True,True,0.0,True,True,True,True
power_primary-b68bc66d33f4,136,completed,1156846237,3,999,0.12403565701555408,0.73,0.5150281836317131,0.946,0.007030068868873846,0.489,power_primary-d74045b65506,completed,1156846237,3,999,0.12403565701555408,0.73,0.5150281836317131,0.946,0.007030068868873846,0.489,True,True,0.0,True,True,0.0,True,True,0.0,True,True,True,True
power_primary-b68bc66d33f4,137,completed,1109302324,3,999,0.01325678676739983,0.96,1.7387233174434724,0.746,0.008756994632356237,0.251,power_primary-d74045b65506,completed,1109302324,3,999,0.01325678676739983,0.96,1.7387233174434724,0.746,0.008756994632356237,0.251,True,True,0.0,True,True,0.0,True,True,0.0,True,True,True,True
power_primary-b68bc66d33f4,138,completed,1349805260,3,999,0.1065840973872696,0.481,2.5830968573751583,0.259,0.005385354371230409,0.45,power_primary-d74045b65506,completed,1349805260,3,999,0.10658409738721275,0.481,2.5830968573754407,0.259,0.005385354371230642,0.45,True,True,5.684341886080802e-14,True,True,2.824407374646398e-13,True,True,2.3332030751888055e-16,True,True,True,True
power_primary-b68bc66d33f4,139,completed,1583278553,2,999,0.30702821845484607,0.182,0.1304242356916059,0.975,0.003556320251011885,0.85,power_primary-d74045b65506,completed,1583278553,2,999,0.3070282184548745,0.182,0.13042423569719483,0.975,0.003556320251011933,0.85,True,True,2.842170943040401e-14,True,True,5.588918217114269e-12,True,True,4.8138576458356397e-17,True,True,True,True
power_primary-b68bc66d33f4,140,completed,846156933,3,999,0.03798434682407503,0.906,3.5895421544450787,0.287,0.007842465873472745,0.427,power_primary-d74045b65506,completed,846156933,3,999,0.03798434682408924,0.906,3.589542154445586,0.287,0.007842465873472084,0.427,True,True,1.4210854715202004e-14,True,True,5.071498776487715e-13,True,True,6.609296443471635e-16,True,True,True,True
power_primary-b68bc66d33f4,141,completed,529169701,2,999,0.029386253982082167,0.866,0.08986977447862107,0.915,0.003009430269568105,0.818,power_primary-d74045b65506,completed,529169701,2,999,0.029386253982053745,0.866,0.08986977447862107,0.915,0.003009430269569226,0.818,True,True,2.842170943040401e-14,True,True,0.0,True,True,1.1210650463500116e-15,True,True,True,True
power_primary-b68bc66d33f4,142,completed,1251004021,2,999,0.456666137817308,0.07,7.226730521189682,0.279,0.016453725355486244,0.001,power_primary-d74045b65506,completed,1251004021,2,999,0.456666137817308,0.07,7.226730521189682,0.279,0.016453725355486244,0.001,True,True,0.0,True,True,0.0,True,True,0.0,True,True,True,True
power_primary-b68bc66d33f4,143,completed,237805977,3,999,0.4317354232812818,0.099,2.5302805022281594,0.547,0.009845007231979857,0.208,power_primary-d74045b65506,completed,237805977,3,999,0.4317354232812818,0.099,2.530280502228015,0.547,0.009845007231979694,0.208,True,True,0.0,True,True,1.4432899320127035e-13,True,True,1.6306400674181987e-16,True,True,True,True
power_primary-b68bc66d33f4,144,completed,823638521,3,999,0.42703848701179936,0.239,3.1087248785809076,0.855,0.005420688526682711,0.794,power_primary-d74045b65506,completed,823638521,3,999,0.42703848701179936,0.239,3.1087248785809076,0.855,0.005420688526682711,0.794,True,True,0.0,True,True,0.0,True,True,0.0,True,True,True,True
power_primary-b68bc66d33f4,145,completed,1907952681,3,999,0.04385459701819627,0.843,0.995665485047339,0.587,0.004881396866076097,0.59,power_primary-d74045b65506,completed,1907952681,3,999,0.04385459701819627,0.843,0.995665485047339,0.587,0.004881396866076097,0.59,True,True,0.0,True,True,0.0,True,True,0.0,True,True,True,True
power_primary-b68bc66d33f4,146,completed,610684773,3,999,0.3628319175173971,0.137,15.877153773423304,0.147,0.015009038395614988,0.013,power_primary-d74045b65506,completed,610684773,3,999,0.3628319175173971,0.137,15.877153773423304,0.147,0.015009038395614988,0.013,True,True,0.0,True,True,0.0,True,True,0.0,True,True,True,True
power_primary-b68bc66d33f4,147,completed,34714420,3,999,0.06826791462736992,0.77,2.1150130445972675,0.268,0.007314957112347208,0.123,power_primary-d74045b65506,completed,34714420,3,999,0.06826791462735571,0.77,2.115013044597785,0.268,0.0073149571123474946,0.123,True,True,1.4210854715202004e-14,True,True,5.173639294753229e-13,True,True,2.8622937353617317e-16,True,True,True,True
power_primary-b68bc66d33f4,148,completed,1501430960,3,999,0.33412481979090103,0.049,1.8411711543277591,0.098,0.006150960160160478,0.22,power_primary-d74045b65506,completed,1501430960,3,999,0.33412481979091524,0.049,1.841171154327957,0.098,0.006150960160160963,0.22,True,True,1.4210854715202004e-14,True,True,1.978417429882029e-13,True,True,4.848552115355176e-16,True,True,True,True
power_primary-b68bc66d33f4,149,completed,1010854083,3,999,0.39646061409254685,0.181,1.44680488597173,0.524,0.006341842404170983,0.573,power_primary-d74045b65506,completed,1010854083,3,999,0.39646061409254685,0.181,1.44680488597173,0.524,0.006341842404170983,0.573,True,True,0.0,True,True,0.0,True,True,0.0,True,True,True,True
power_primary-b68bc66d33f4,150,completed,648323781,3,999,0.049410377885777734,0.849,6.672734677200636,0.387,0.005021629594965088,0.796,power_primary-d74045b65506,completed,648323781,3,999,0.049410377885777734,0.849,6.672734677200636,0.387,0.005021629594965088,0.796,True,True,0.0,True,True,0.0,True,True,0.0,True,True,True,True
power_primary-b68bc66d33f4,151,completed,1667407064,3,999,0.20327790309941918,0.346,3.2593924006691117,0.261,0.005488813195345536,0.364,power_primary-d74045b65506,completed,1667407064,3,999,0.20327790309939076,0.346,3.2593924006688875,0.261,0.005488813195345819,0.364,True,True,2.842170943040401e-14,True,True,2.2426505097428162e-13,True,True,2.8275992658421956e-16,True,True,True,True
power_primary-b68bc66d33f4,152,completed,2142117506,3,999,0.19331316463755854,0.33,2.202907552719868,0.268,0.005563098262258439,0.515,power_primary-d74045b65506,completed,2142117506,3,999,0.19331316463755854,0.33,2.202907552719868,0.268,0.005563098262258439,0.515,True,True,0.0,True,True,0.0,True,True,0.0,True,True,True,True
power_primary-b68bc66d33f4,153,completed,332304181,3,999,0.16860795322374145,0.541,0.7239307541552603,0.856,0.002628434382947645,0.985,power_primary-d74045b65506,completed,332304181,3,999,0.16860795322374145,0.541,0.7239307541552603,0.856,0.002628434382947645,0.985,True,True,0.0,True,True,0.0,True,True,0.0,True,True,True,True
power_primary-b68bc66d33f4,154,completed,874780587,3,999,0.12126239737698086,0.644,2.305723154072257,0.427,0.008776122062909494,0.091,power_primary-d74045b65506,completed,874780587,3,999,0.12126239737698086,0.644,2.305723154072257,0.427,0.008776122062909494,0.091,True,True,0.0,True,True,0.0,True,True,0.0,True,True,True,True
power_primary-b68bc66d33f4,155,completed,538423819,3,999,0.092259953132384,0.67,2.2743151610147754,0.433,0.0057232879531901515,0.66,power_primary-d74045b65506,completed,538423819,3,999,0.09225995313244084,0.67,2.274315161013974,0.433,0.005723287953188466,0.66,True,True,5.684341886080802e-14,True,True,8.01581023779363e-13,True,True,1.685283856911468e-15,True,True,True,True
power_primary-b68bc66d33f4,156,completed,164478719,3,999,0.4208783064485999,0.126,6.970698957625807,0.04,0.008102182943128524,0.213,power_primary-d74045b65506,completed,164478719,3,999,0.4208783064485999,0.126,6.970698957625807,0.04,0.008102182943128524,0.213,True,True,0.0,True,True,0.0,True,True,0.0,True,True,True,True
power_primary-b68bc66d33f4,157,completed,1031070360,3,999,0.14898930026232904,0.598,1.645841897920686,0.549,0.005737316895292705,0.62,power_primary-d74045b65506,completed,1031070360,3,999,0.14898930026232904,0.598,1.6458418979209073,0.549,0.00573731689529283,0.62,True,True,0.0,True,True,2.2137847111025621e-13,True,True,1.249000902703301e-16,True,True,True,True
power_primary-b68bc66d33f4,158,completed,2121996330,3,999,0.2750172472309771,0.345,2.7799369789215467,0.293,0.006684323770007866,0.413,power_primary-d74045b65506,completed,2121996330,3,999,0.2750172472309771,0.345,2.7799369789215467,0.293,0.006684323770007866,0.413,True,True,0.0,True,True,0.0,True,True,0.0,True,True,True,True
power_primary-b68bc66d33f4,159,completed,883661116,3,999,0.01709981159491747,0.919,2.1372446093092115,0.332,0.003845230793434394,0.71,power_primary-d74045b65506,completed,883661116,3,999,0.01709981159491747,0.919,2.1372446093092115,0.332,0.003845230793434394,0.71,True,True,0.0,True,True,0.0,True,True,0.0,True,True,True,True
power_primary-b68bc66d33f4,160,completed,2121399673,3,999,0.0220186075829929,0.95,2.41719119398873,0.748,0.002564925848744941,0.982,power_primary-d74045b65506,completed,2121399673,3,999,0.022018607582964478,0.95,2.4171911939884283,0.748,0.0025649258487449563,0.982,True,True,2.842170943040401e-14,True,True,3.015365734881925e-13,True,True,1.5178830414797062e-17,True,True,True,True
power_primary-b68bc66d33f4,161,completed,506802627,3,999,0.1252769592176577,0.43,5.200547936516071,0.255,0.0061313822412816564,0.368,power_primary-d74045b65506,completed,506802627,3,999,0.12527695921770032,0.43,5.2005479365153695,0.255,0.006131382241281657,0.368,True,True,4.263256414560601e-14,True,True,7.016609515630989e-13,True,True,8.673617379884035e-19,True,True,True,True
power_primary-b68bc66d33f4,162,completed,1819187020,3,999,0.18134951896064422,0.399,5.496069433307645,0.289,0.004330638494854163,0.711,power_primary-d74045b65506,completed,1819187020,3,999,0.18134951896058737,0.399,5.496069433306317,0.289,0.004330638494853993,0.711,True,True,5.684341886080802e-14,True,True,1.3278267374516872e-12,True,True,1.700029006457271e-16,True,True,True,True
power_primary-b68bc66d33f4,163,completed,523543874,2,999,0.05890337703416293,0.668,1.917308057046386,0.42,0.0023627758735599155,0.953,power_primary-d74045b65506,completed,523543874,2,999,0.05890337703416293,0.668,1.917308057046386,0.42,0.0023627758735599155,0.953,True,True,0.0,True,True,0.0,True,True,0.0,True,True,True,True
power_primary-b68bc66d33f4,164,completed,92618158,3,999,0.03221706246252154,0.829,2.1943746894253393,0.364,0.004531209422671326,0.714,power_primary-d74045b65506,completed,92618158,3,999,0.03221706246252154,0.829,2.1943746894253393,0.364,0.004531209422671326,0.714,True,True,0.0,True,True,0.0,True,True,0.0,True,True,True,True
power_primary-b68bc66d33f4,165,completed,749365386,3,999,0.17188614621568377,0.515,5.562409804830219,0.167,0.009182426625108098,0.25,power_primary-d74045b65506,completed,749365386,3,999,0.17188614621566956,0.515,5.56240980482989,0.167,0.009182426625108497,0.25,True,True,1.4210854715202004e-14,True,True,3.2951419370874646e-13,True,True,3.9898639947466563e-16,True,True,True,True
power_primary-b68bc66d33f4,166,completed,1866118259,3,999,0.11427286378244617,0.584,2.976759899862765,0.302,0.006679181433785785,0.301,power_primary-d74045b65506,completed,1866118259,3,999,0.11427286378247459,0.584,2.976759899862765,0.302,0.006679181433785566,0.301,True,True,2.842170943040401e-14,True,True,0.0,True,True,2.194425197110661e-16,True,True,True,True
power_primary-b68bc66d33f4,167,completed,1742618982,3,999,0.315524929425159,0.192,3.99858659100362,0.254,0.0072126224488425665,0.464,power_primary-d74045b65506,completed,1742618982,3,999,0.3155249294251803,0.192,3.9985865910036194,0.254,0.007212622448842689,0.464,True,True,2.1316282072803006e-14,True,True,4.440892098500626e-16,True,True,1.222980050563649e-16,True,True,True,True
power_primary-b68bc66d33f4,168,completed,881297287,3,999,0.10778956591757094,0.503,1.7676535485193885,0.399,0.005037790015891533,0.534,power_primary-d74045b65506,completed,881297287,3,999,0.10778956591757094,0.503,1.7676535485193885,0.399,0.005037790015891533,0.534,True,True,0.0,True,True,0.0,True,True,0.0,True,True,True,True
power_primary-b68bc66d33f4,169,completed,630206516,3,999,0.11198118438544213,0.808,1.4018356102929612,0.821,0.006687691620385702,0.698,power_primary-d74045b65506,completed,630206516,3,999,0.11198118438542792,0.808,1.401835610293481,0.821,0.0066876916203858555,0.698,True,True,1.4210854715202004e-14,True,True,5.198064201294983e-13,True,True,1.5352302762394743e-16,True,True,True,True
power_primary-b68bc66d33f4,170,completed,768273386,3,999,0.20041091032540237,0.382,8.157369752516933,0.029,0.007729246569614139,0.1,power_primary-d74045b65506,completed,768273386,3,999,0.20041091032535974,0.382,8.157369752516797,0.029,0.007729246569613708,0.1,True,True,4.263256414560601e-14,True,True,1.3677947663381929e-13,True,True,4.3107878378023656e-16,True,True,True,True
power_primary-b68bc66d33f4,171,completed,37554032,3,999,0.05674629839410272,0.816,7.497306539460168,0.283,0.0041656723399523,0.847,power_primary-d74045b65506,completed,37554032,3,999,0.05674629839401746,0.816,7.497306539461728,0.283,0.004165672339953227,0.847,True,True,8.526512829121202e-14,True,True,1.55964130499342e-12,True,True,9.26342336171615e-16,True,True,True,True
power_primary-b68bc66d33f4,172,completed,172172439,3,999,0.057457589671813025,0.776,0.33692590330142924,0.895,0.004021540556421654,0.815,power_primary-d74045b65506,completed,172172439,3,999,0.057457589671813025,0.776,0.336925903302511,0.895,0.00402154055642207,0.815,True,True,0.0,True,True,1.0817458040435213e-12,True,True,4.163336342344337e-16,True,True,True,True
power_primary-b68bc66d33f4,173,completed,1485049450,3,999,0.1446015660082054,0.52,0.661582388791345,0.807,0.002258989450985363,0.99,power_primary-d74045b65506,completed,1485049450,3,999,0.1446015660082054,0.52,0.661582388791345,0.807,0.002258989450985363,0.99,True,True,0.0,True,True,0.0,True,True,0.0,True,True,True,True
power_primary-b68bc66d33f4,174,completed,165689563,2,999,0.34359744881158605,0.089,1.63923755784708,0.483,0.006826319995759563,0.418,power_primary-d74045b65506,completed,165689563,2,999,0.3435974488116216,0.089,1.63923755784708,0.483,0.006826319995760186,0.418,True,True,3.552713678800501e-14,True,True,0.0,True,True,6.227657278756737e-16,True,True,True,True
power_primary-b68bc66d33f4,175,completed,1490986673,3,999,0.018194069793864287,0.95,2.5127580585817295,0.377,0.007213805009693349,0.191,power_primary-d74045b65506,completed,1490986673,3,999,0.018194069793878498,0.95,2.5127580585817295,0.377,0.007213805009693378,0.191,True,True,1.4210854715202004e-14,True,True,0.0,True,True,2.949029909160572e-17,True,True,True,True
power_primary-b68bc66d33f4,176,completed,1923613270,3,999,0.034440244187862845,0.895,3.0754397270045426,0.669,0.005480000040961814,0.503,power_primary-d74045b65506,completed,1923613270,3,999,0.034440244187862845,0.895,3.0754397270039497,0.669,0.005480000040961736,0.503,True,True,0.0,True,True,5.928590951498336e-13,True,True,7.806255641895632e-17,True,True,True,True
power_primary-b68bc66d33f4,177,completed,577534325,3,999,0.017056089777469197,0.921,4.916223179560829,0.051,0.006653396623592677,0.157,power_primary-d74045b65506,completed,577534325,3,999,0.017056089777454986,0.921,4.916223179560903,0.051,0.006653396623592557,0.157,True,True,1.4210854715202004e-14,True,True,7.37188088351104e-14,True,True,1.205632815803881e-16,True,True,True,True
power_primary-b68bc66d33f4,178,completed,1174882198,3,999,0.31939743098379836,0.257,0.9417022853437396,0.636,0.009581058807284777,0.05,power_primary-d74045b65506,completed,1174882198,3,999,0.31939743098379836,0.257,0.9417022853437396,0.636,0.009581058807284777,0.05,True,True,0.0,True,True,0.0,True,True,0.0,True,True,True,True
power_primary-b68bc66d33f4,179,completed,1898454290,3,999,0.27578261001318083,0.107,1.4305462227119956,0.799,0.003288049479845522,0.794,power_primary-d74045b65506,completed,1898454290,3,999,0.27578261001318083,0.107,1.4305462227119956,0.799,0.003288049479845522,0.794,True,True,0.0,True,True,0.0,True,True,0.0,True,True,True,True
power_primary-b68bc66d33f4,180,completed,1937188006,3,999,0.32166024389679393,0.183,18.94118317074331,0.005,0.012260672464245089,0.046,power_primary-d74045b65506,completed,1937188006,3,999,0.32166024389679393,0.183,18.94118317074331,0.005,0.012260672464245089,0.046,True,True,0.0,True,True,0.0,True,True,0.0,True,True,True,True
power_primary-b68bc66d33f4,181,completed,2072525683,3,999,0.08373434020674608,0.643,141.45287947077537,0.219,0.0066327653738061845,0.228,power_primary-d74045b65506,completed,2072525683,3,999,0.0837343402067603,0.643,141.45287947076986,0.219,0.0066327653738068445,0.228,True,True,1.4210854715202004e-14,True,True,5.5138116294983774e-12,True,True,6.600622826091751e-16,True,True,True,True
power_primary-b68bc66d33f4,182,completed,530225440,3,999,0.1594410099899335,0.584,2.327909644325462,0.576,0.00832929190948444,0.531,power_primary-d74045b65506,completed,530225440,3,999,0.15944100998990507,0.584,2.327909644324835,0.576,0.008329291909484676,0.531,True,True,2.842170943040401e-14,True,True,6.270539643082884e-13,True,True,2.3592239273284576e-16,True,True,True,True
power_primary-b68bc66d33f4,183,completed,1245147103,3,999,0.014770939969466212,0.958,1.4090917290386566,0.391,0.00630764454725634,0.278,power_primary-d74045b65506,completed,1245147103,3,999,0.014770939969494634,0.958,1.4090917290391738,0.391,0.006307644547256836,0.278,True,True,2.842170943040401e-14,True,True,5.171418848703979e-13,True,True,4.952635523913784e-16,True,True,True,True
power_primary-b68bc66d33f4,184,completed,544193567,3,999,0.034575795860348535,0.887,5.250263774005264,0.179,0.007398343981841188,0.271,power_primary-d74045b65506,completed,544193567,3,999,0.03457579586040538,0.887,5.250263774005264,0.179,0.007398343981840991,0.271,True,True,5.684341886080802e-14,True,True,0.0,True,True,1.968911145233676e-16,True,True,True,True
power_primary-b68bc66d33f4,185,completed,22122494,3,999,0.020468935187082593,0.913,176.3754335853035,0.085,0.003944947518689233,0.699,power_primary-d74045b65506,completed,22122494,3,999,0.020468935187068382,0.913,176.3754335853031,0.085,0.00394494751868961,0.699,True,True,1.4210854715202004e-14,True,True,3.979039320256561e-13,True,True,3.7730235602495554e-16,True,True,True,True
power_primary-b68bc66d33f4,186,completed,2146579988,3,999,0.16958865495804787,0.365,0.5663749952645379,0.929,0.004693322132138838,0.691,power_primary-d74045b65506,completed,2146579988,3,999,0.16958865495806208,0.365,0.5663749952651814,0.929,0.004693322132138971,0.691,True,True,1.4210854715202004e-14,True,True,6.434852650727407e-13,True,True,1.3357370765021415e-16,True,True,True,True
power_primary-b68bc66d33f4,187,completed,1255344214,3,999,0.1444710424459288,0.631,2.279003618121554,0.419,0.008532866194615081,0.452,power_primary-d74045b65506,completed,1255344214,3,999,0.14447104244590037,0.631,2.279003618121554,0.419,0.00853286619461539,0.452,True,True,2.842170943040401e-14,True,True,0.0,True,True,3.0878077872387166e-16,True,True,True,True
power_primary-b68bc66d33f4,188,completed,1991887631,3,999,0.04456378764940894,0.793,6.865684963693091,0.299,0.00644203576342618,0.086,power_primary-d74045b65506,completed,1991887631,3,999,0.04456378764943736,0.793,6.865684963690909,0.299,0.006442035763426309,0.086,True,True,2.842170943040401e-14,True,True,2.1813661987835076e-12,True,True,1.2836953722228372e-16,True,True,True,True
power_primary-b68bc66d33f4,189,completed,1088260189,3,999,0.09389864690800209,0.687,3.453223916538858,0.38,0.00872474770031274,0.052,power_primary-d74045b65506,completed,1088260189,3,999,0.09389864690797367,0.687,3.453223916539069,0.38,0.008724747700312587,0.052,True,True,2.842170943040401e-14,True,True,2.1094237467877974e-13,True,True,1.5265566588595902e-16,True,True,True,True
power_primary-b68bc66d33f4,190,completed,165441462,2,999,0.22059030642822108,0.163,4.8098415985493554,0.381,0.0047856596195625925,0.442,power_primary-d74045b65506,completed,165441462,2,999,0.2205903064282424,0.163,4.809841598548445,0.381,0.004785659619562713,0.442,True,True,2.1316282072803006e-14,True,True,9.103828801926284e-13,True,True,1.205632815803881e-16,True,True,True,True
power_primary-b68bc66d33f4,191,completed,2057622377,3,999,0.20457094560912026,0.259,2.1174488312805875,0.122,0.005035209466942501,0.466,power_primary-d74045b65506,completed,2057622377,3,999,0.2045709456091629,0.259,2.1174488312809316,0.122,0.005035209466941799,0.466,True,True,4.263256414560601e-14,True,True,3.4416913763379853e-13,True,True,7.016956460326185e-16,True,True,True,True
power_primary-b68bc66d33f4,192,completed,1752615127,3,999,0.021803058555434518,0.916,3.3950092017623144,0.824,0.00797715019310907,0.351,power_primary-d74045b65506,completed,1752615127,3,999,0.021803058555434518,0.916,3.3950092017623144,0.824,0.00797715019310907,0.351,True,True,0.0,True,True,0.0,True,True,0.0,True,True,True,True
power_primary-b68bc66d33f4,193,completed,1400807632,3,999,0.055822638223958165,0.882,6.463635143394058,0.034,0.009074205823755338,0.262,power_primary-d74045b65506,completed,1400807632,3,999,0.055822638223958165,0.882,6.463635143394058,0.034,0.009074205823755338,0.262,True,True,0.0,True,True,0.0,True,True,0.0,True,True,True,True
power_primary-b68bc66d33f4,194,completed,1994478786,2,999,0.12028549467625282,0.503,1.3445541237658631,0.243,0.0076571683740975505,0.102,power_primary-d74045b65506,completed,1994478786,2,999,0.12028549467625282,0.503,1.3445541237661343,0.243,0.0076571683740972825,0.102,True,True,0.0,True,True,2.7111646261346323e-13,True,True,2.680147770384167e-16,True,True,True,True
power_primary-b68bc66d33f4,195,completed,430965893,3,999,0.07747089886041181,0.608,5.430081233274682,0.241,0.007775088031031666,0.027,power_primary-d74045b65506,completed,430965893,3,999,0.07747089886041181,0.608,5.430081233274682,0.241,0.007775088031031666,0.027,True,True,0.0,True,True,0.0,True,True,0.0,True,True,True,True
power_primary-b68bc66d33f4,196,completed,1124008382,3,999,0.030148902527855626,0.876,0.6104713081214828,0.932,0.013837500872106702,0.002,power_primary-d74045b65506,completed,1124008382,3,999,0.030148902527855626,0.876,0.6104713081226768,0.932,0.013837500872105809,0.002,True,True,0.0,True,True,1.1940448629843559e-12,True,True,8.933825901280557e-16,True,True,True,True
power_primary-b68bc66d33f4,197,completed,1790087318,3,999,0.08292050068365597,0.655,1.2918052437012317,0.757,0.007645494227507319,0.145,power_primary-d74045b65506,completed,1790087318,3,999,0.08292050068361334,0.655,1.2918052437009495,0.757,0.00764549422750713,0.145,True,True,4.263256414560601e-14,True,True,2.822186928597148e-13,True,True,1.8821749714348357e-16,True,True,True,True
power_primary-b68bc66d33f4,198,completed,708286878,3,999,0.08810010317404249,0.696,1.0251018744409282,0.903,0.010078149598175391,0.122,power_primary-d74045b65506,completed,708286878,3,999,0.0881001031740567,0.696,1.0251018744409282,0.903,0.010078149598175885,0.122,True,True,1.4210854715202004e-14,True,True,0.0,True,True,4.9439619065339e-16,True,True,True,True
power_primary-b68bc66d33f4,199,completed,1291258525,2,999,0.03455872633270474,0.815,0.8498022575848103,0.832,0.0019774302529457386,0.937,power_primary-d74045b65506,completed,1291258525,2,999,0.03455872633270474,0.815,0.8498022575848103,0.832,0.0019774302529457386,0.937,True,True,0.0,True,True,0.0,True,True,0.0,True,True,True,True
power_primary-b68bc66d33f4,200,completed,2075874902,3,999,0.21626225936437038,0.416,2.4547394914577105,0.237,0.00871874315571764,0.141,power_primary-d74045b65506,completed,2075874902,3,999,0.21626225936432775,0.416,2.454739491458007,0.237,0.008718743155718117,0.141,True,True,4.263256414560601e-14,True,True,2.9665159217984183e-13,True,True,4.77048955893622e-16,True,True,True,True
power_primary-b68bc66d33f4,201,completed,2014764666,3,999,0.12228136873990536,0.627,1.2248902785528697,0.59,0.0025291929539379867,0.98,power_primary-d74045b65506,completed,2014764666,3,999,0.12228136873999063,0.627,1.224890278553465,0.59,0.0025291929539380618,0.98,True,True,8.526512829121202e-14,True,True,5.953015858040089e-13,True,True,7.502679033599691e-17,True,True,True,True
power_primary-b68bc66d33f4,202,completed,1911690184,3,999,0.07693706055546556,0.808,2.28680577902364,0.645,0.008105589095670846,0.211,power_primary-d74045b65506,completed,1911690184,3,999,0.07693706055547977,0.808,2.2868057790230023,0.645,0.008105589095670655,0.211,True,True,1.4210854715202004e-14,True,True,6.377121053446899e-13,True,True,1.9081958235744878e-16,True,True,True,True
power_primary-b68bc66d33f4,203,completed,69385510,3,999,0.14259846410112686,0.409,5.401775811270811,0.094,0.007530005571892344,0.056,power_primary-d74045b65506,completed,69385510,3,999,0.14259846410112686,0.409,5.401775811270811,0.094,0.007530005571892344,0.056,True,True,0.0,True,True,0.0,True,True,0.0,True,True,True,True
power_primary-b68bc66d33f4,204,completed,1259520463,3,999,0.12438823420265521,0.456,2.3814032596681365,0.257,0.003598732248885327,0.72,power_primary-d74045b65506,completed,1259520463,3,999,0.12438823420265521,0.456,2.3814032596681365,0.257,0.003598732248885327,0.72,True,True,0.0,True,True,0.0,True,True,0.0,True,True,True,True
power_primary-b68bc66d33f4,205,completed,928326313,3,999,0.05962957186093831,0.825,1.4732366036403743,0.492,0.00778616452366567,0.194,power_primary-d74045b65506,completed,928326313,3,999,0.05962957186093831,0.825,1.4732366036403743,0.492,0.00778616452366567,0.194,True,True,0.0,True,True,0.0,True,True,0.0,True,True,True,True
power_primary-b68bc66d33f4,206,completed,701477751,3,999,0.002706374293126146,0.991,4.205773799812248,0.48,0.0053007656076982474,0.601,power_primary-d74045b65506,completed,701477751,3,999,0.002706374293126146,0.991,4.205773799813115,0.48,0.005300765607698196,0.601,True,True,0.0,True,True,8.668621376273222e-13,True,True,5.117434254131581e-17,True,True,True,True
power_primary-b68bc66d33f4,207,completed,1117447819,3,999,0.0330320474616741,0.841,3.4871331826306786,0.579,0.006741335606864047,0.303,power_primary-d74045b65506,completed,1117447819,3,999,0.0330320474616741,0.841,3.4871331826306786,0.579,0.006741335606864047,0.303,True,True,0.0,True,True,0.0,True,True,0.0,True,True,True,True
power_primary-b68bc66d33f4,208,completed,985639049,3,999,0.3542068193163317,0.225,2.5662925557105836,0.121,0.005981828816843431,0.64,power_primary-d74045b65506,completed,985639049,3,999,0.3542068193163317,0.225,2.5662925557105836,0.121,0.005981828816843431,0.64,True,True,0.0,True,True,0.0,True,True,0.0,True,True,True,True
power_primary-b68bc66d33f4,209,completed,904707148,3,999,0.33908712615682646,0.138,1.945803928431535,0.884,0.00997835776503614,0.109,power_primary-d74045b65506,completed,904707148,3,999,0.33908712615684067,0.138,1.9458039284324717,0.884,0.009978357765036533,0.109,True,True,1.4210854715202004e-14,True,True,9.36806188178707e-13,True,True,3.920475055707584e-16,True,True,True,True
power_primary-b68bc66d33f4,210,completed,1370175930,3,999,0.09815437150083994,0.642,3.2314821120269346,0.496,0.008468066888651737,0.252,power_primary-d74045b65506,completed,1370175930,3,999,0.09815437150086836,0.642,3.2314821120268213,0.496,0.008468066888651411,0.252,True,True,2.842170943040401e-14,True,True,1.1324274851176597e-13,True,True,3.2612801348363973e-16,True,True,True,True
power_primary-b68bc66d33f4,211,completed,1172638556,3,999,0.1403110599682833,0.659,3.6562170879510414,0.452,0.004313492580193075,0.88,power_primary-d74045b65506,completed,1172638556,3,999,0.14031105996831172,0.659,3.656217087951141,0.452,0.0043134925801932116,0.88,True,True,2.842170943040401e-14,True,True,9.947598300641403e-14,True,True,1.3617579286417936e-16,True,True,True,True
power_primary-b68bc66d33f4,212,completed,837120567,3,999,0.05768795675483318,0.749,4.476746535723789,0.007,0.011158124208562405,0.027,power_primary-d74045b65506,completed,837120567,3,999,0.05768795675487581,0.749,4.476746535724278,0.007,0.011158124208562816,0.027,True,True,4.263256414560601e-14,True,True,4.884981308350689e-13,True,True,4.111294638065033e-16,True,True,True,True
power_primary-b68bc66d33f4,213,completed,758367091,3,999,0.28389318461701407,0.169,0.20940422247282753,0.988,0.003393703448150861,0.871,power_primary-d74045b65506,completed,758367091,3,999,0.28389318461701407,0.169,0.20940422247282753,0.988,0.003393703448150861,0.871,True,True,0.0,True,True,0.0,True,True,0.0,True,True,True,True
power_primary-b68bc66d33f4,214,completed,348617916,3,999,0.6488772583585529,0.048,6.960661529888992,0.214,0.009505362465310604,0.196,power_primary-d74045b65506,completed,348617916,3,999,0.6488772583585529,0.048,6.960661529888992,0.214,0.009505362465310604,0.196,True,True,0.0,True,True,0.0,True,True,0.0,True,True,True,True
power_primary-b68bc66d33f4,215,completed,656956195,3,999,0.07353806920879435,0.669,1.5285560216426992,0.58,0.006976875414769229,0.112,power_primary-d74045b65506,completed,656956195,3,999,0.07353806920879435,0.669,1.5285560216426992,0.58,0.006976875414769229,0.112,True,True,0.0,True,True,0.0,True,True,0.0,True,True,True,True
power_primary-b68bc66d33f4,216,completed,1118348143,3,999,0.039949114691651744,0.833,0.7399099196750002,0.624,0.0027945579884417955,0.924,power_primary-d74045b65506,completed,1118348143,3,999,0.03994911469162332,0.833,0.7399099196754928,0.624,0.0027945579884420344,0.924,True,True,2.842170943040401e-14,True,True,4.92605956026182e-13,True,True,2.389581588158052e-16,True,True,True,True
power_primary-b68bc66d33f4,217,completed,1949297485,3,999,0.13028299211859462,0.741,3.705831645045075,0.2,0.005942481361877934,0.634,power_primary-d74045b65506,completed,1949297485,3,999,0.13028299211853778,0.741,3.705831645044189,0.2,0.0059424813618771995,0.634,True,True,5.684341886080802e-14,True,True,8.859579736508749e-13,True,True,7.346553920761778e-16,True,True,True,True
power_primary-b68bc66d33f4,218,completed,378495121,3,999,0.0867819107645289,0.615,1.099279522721212,0.754,0.005881166796162393,0.343,power_primary-d74045b65506,completed,378495121,3,999,0.08678191076450048,0.615,1.0992795227215435,0.754,0.00588116679616317,0.343,True,True,2.842170943040401e-14,True,True,3.3151259515307174e-13,True,True,7.771561172376096e-16,True,True,True,True
power_primary-b68bc66d33f4,219,completed,1000827191,3,999,0.22480888714002845,0.395,1.3847783490395982,0.475,0.00464717143704168,0.829,power_primary-d74045b65506,completed,1000827191,3,999,0.22480888714002845,0.395,1.3847783490395982,0.475,0.00464717143704168,0.829,True,True,0.0,True,True,0.0,True,True,0.0,True,True,True,True
power_primary-b68bc66d33f4,220,completed,975632459,3,999,0.07407940956504433,0.713,3.4012247726102265,0.211,0.00915972601191973,0.08,power_primary-d74045b65506,completed,975632459,3,999,0.07407940956504433,0.713,3.4012247726102265,0.211,0.00915972601191973,0.08,True,True,0.0,True,True,0.0,True,True,0.0,True,True,True,True
power_primary-b68bc66d33f4,221,completed,1367430069,3,999,0.3136601151525866,0.219,1.2166081980214167,0.78,0.006562695321661253,0.424,power_primary-d74045b65506,completed,1367430069,3,999,0.3136601151525866,0.219,1.2166081980214167,0.78,0.006562695321661253,0.424,True,True,0.0,True,True,0.0,True,True,0.0,True,True,True,True
power_primary-b68bc66d33f4,222,completed,476939539,3,999,0.380190441083343,0.105,4.034758912428116,0.138,0.0108460090077132,0.039,power_primary-d74045b65506,completed,476939539,3,999,0.3801904410833288,0.105,4.034758912428567,0.138,0.010846009007713249,0.039,True,True,1.4210854715202004e-14,True,True,4.511946372076636e-13,True,True,4.85722573273506e-17,True,True,True,True
power_primary-b68bc66d33f4,223,completed,2060343225,3,999,0.058894030694659705,0.757,1.3443017409496545,0.822,0.004493407500598629,0.744,power_primary-d74045b65506,completed,2060343225,3,999,0.058894030694659705,0.757,1.3443017409496545,0.822,0.004493407500598629,0.744,True,True,0.0,True,True,0.0,True,True,0.0,True,True,True,True
power_primary-b68bc66d33f4,224,completed,1721655874,3,999,0.09585573003421644,0.753,11.615975484533507,0.139,0.011821551633077965,0.104,power_primary-d74045b65506,completed,1721655874,3,999,0.09585573003420222,0.753,11.615975484534804,0.139,0.011821551633077736,0.104,True,True,1.4210854715202004e-14,True,True,1.2967404927621828e-12,True,True,2.2898349882893854e-16,True,True,True,True
power_primary-b68bc66d33f4,225,completed,485404641,3,999,0.05364978334409187,0.843,2.868416930762096,0.141,0.008597576457825024,0.383,power_primary-d74045b65506,completed,485404641,3,999,0.05364978334409187,0.843,2.868416930762096,0.141,0.008597576457825024,0.383,True,True,0.0,True,True,0.0,True,True,0.0,True,True,True,True
power_primary-b68bc66d33f4,226,completed,1130063516,3,999,0.16494319960462178,0.429,1.592940386690321,0.743,0.005509495407266294,0.47,power_primary-d74045b65506,completed,1130063516,3,999,0.16494319960462178,0.429,1.592940386690321,0.743,0.005509495407266294,0.47,True,True,0.0,True,True,0.0,True,True,0.0,True,True,True,True
power_primary-b68bc66d33f4,227,completed,643689366,3,999,0.16080649306809391,0.559,1.1184188366480337,0.906,0.007118819215898028,0.549,power_primary-d74045b65506,completed,643689366,3,999,0.16080649306809391,0.559,1.1184188366480337,0.906,0.007118819215898028,0.549,True,True,0.0,True,True,0.0,True,True,0.0,True,True,True,True
power_primary-b68bc66d33f4,228,completed,720488976,3,999,0.2752416426764057,0.122,0.6840537453534855,0.681,0.003932883062629895,0.621,power_primary-d74045b65506,completed,720488976,3,999,0.2752416426764057,0.122,0.6840537453534855,0.681,0.003932883062629895,0.621,True,True,0.0,True,True,0.0,True,True,0.0,True,True,True,True
power_primary-b68bc66d33f4,229,completed,398394954,3,999,0.01847845847984786,0.927,10.85801524868958,0.393,0.0035048536953477065,0.907,power_primary-d74045b65506,completed,398394954,3,999,0.01847845847984786,0.927,10.85801524868958,0.393,0.0035048536953477065,0.907,True,True,0.0,True,True,0.0,True,True,0.0,True,True,True,True
power_primary-b68bc66d33f4,230,completed,79279250,3,999,0.3626042663990603,0.163,8.109085914278115,0.096,0.009039971214403641,0.097,power_primary-d74045b65506,completed,79279250,3,999,0.3626042663990887,0.163,8.109085914276266,0.096,0.009039971214403197,0.097,True,True,2.842170943040401e-14,True,True,1.8491874698156607e-12,True,True,4.440892098500626e-16,True,True,True,True
power_primary-b68bc66d33f4,231,completed,289413887,3,999,0.05436439328885001,0.815,0.5460584061729475,0.895,0.0064842405547975894,0.721,power_primary-d74045b65506,completed,289413887,3,999,0.05436439328885001,0.815,0.5460584061729475,0.895,0.0064842405547975894,0.721,True,True,0.0,True,True,0.0,True,True,0.0,True,True,True,True
power_primary-b68bc66d33f4,232,completed,1735079094,3,999,0.1767769118562228,0.284,6.504921281243492,0.031,0.0113335825518128,0.107,power_primary-d74045b65506,completed,1735079094,3,999,0.17677691185616595,0.284,6.5049212812431545,0.031,0.011333582551812622,0.107,True,True,5.684341886080802e-14,True,True,3.375077994860476e-13,True,True,1.7867651802561113e-16,True,True,True,True
power_primary-b68bc66d33f4,233,completed,491346872,3,999,0.3991962367562252,0.073,3.6103690746456074,0.484,0.0052625363982574435,0.677,power_primary-d74045b65506,completed,491346872,3,999,0.3991962367562252,0.073,3.6103690746456074,0.484,0.0052625363982574435,0.677,True,True,0.0,True,True,0.0,True,True,0.0,True,True,True,True
power_primary-b68bc66d33f4,234,completed,1540984361,3,999,0.29436248726989334,0.388,4.087022433830052,0.645,0.006165645848957393,0.655,power_primary-d74045b65506,completed,1540984361,3,999,0.2943624872698649,0.388,4.087022433829248,0.645,0.0061656458489581034,0.655,True,True,2.842170943040401e-14,True,True,8.038014698286133e-13,True,True,7.103692634125025e-16,True,True,True,True
power_primary-b68bc66d33f4,235,completed,1125896379,3,999,0.5078607086165619,0.089,1.6413841790993136,0.691,0.005494806959984564,0.682,power_primary-d74045b65506,completed,1125896379,3,999,0.5078607086166329,0.089,1.6413841790986474,0.691,0.005494806959984804,0.682,True,True,7.105427357601002e-14,True,True,6.661338147750939e-13,True,True,2.402592014227878e-16,True,True,True,True
power_primary-b68bc66d33f4,236,completed,1228453084,3,999,0.22853096869266665,0.379,7.21003771211819,0.1,0.01079958380731055,0.171,power_primary-d74045b65506,completed,1228453084,3,999,0.2285309686927377,0.379,7.21003771211662,0.1,0.010799583807309311,0.171,True,True,7.105427357601002e-14,True,True,1.5702994460298214e-12,True,True,1.2385925618474403e-15,True,True,True,True
power_primary-b68bc66d33f4,237,completed,2097268628,3,999,0.342520201634386,0.036,0.3630782272359689,0.991,0.0019431810054232825,0.957,power_primary-d74045b65506,completed,2097268628,3,999,0.342520201634386,0.036,0.3630782272359689,0.991,0.0019431810054232825,0.957,True,True,0.0,True,True,0.0,True,True,0.0,True,True,True,True
power_primary-b68bc66d33f4,238,completed,2030156138,3,999,0.11712368505649806,0.578,1.2456835260168768,0.838,0.0042732506631514905,0.869,power_primary-d74045b65506,completed,2030156138,3,999,0.1171236850565549,0.578,1.2456835260165844,0.838,0.004273250663151581,0.869,True,True,5.684341886080802e-14,True,True,2.9243274468626623e-13,True,True,9.020562075079397e-17,True,True,True,True
power_primary-b68bc66d33f4,239,completed,1244506217,3,999,0.4366674473281904,0.163,3.444925419087247,0.122,0.009198942184774999,0.107,power_primary-d74045b65506,completed,1244506217,3,999,0.43666744732823304,0.163,3.4449254190875647,0.122,0.009198942184775245,0.107,True,True,4.263256414560601e-14,True,True,3.1752378504279477e-13,True,True,2.463307335887066e-16,True,True,True,True
power_primary-b68bc66d33f4,240,completed,68507934,3,999,0.17801021923445148,0.395,5.293488046328329,0.24,0.005863320671942327,0.46,power_primary-d74045b65506,completed,68507934,3,999,0.17801021923442306,0.395,5.2934880463274325,0.24,0.005863320671942239,0.46,True,True,2.842170943040401e-14,True,True,8.961720254774264e-13,True,True,8.847089727481716e-17,True,True,True,True
power_primary-b68bc66d33f4,241,completed,1980624099,3,999,0.3043609331822097,0.091,15.23612048513403,0.687,0.004642764598709932,0.527,power_primary-d74045b65506,completed,1980624099,3,999,0.30436093318218127,0.091,15.236120485129263,0.687,0.0046427645987107595,0.527,True,True,2.842170943040401e-14,True,True,4.767741756950272e-12,True,True,8.27463098040937e-16,True,True,True,True
power_primary-b68bc66d33f4,242,completed,2092210355,3,999,0.3586807247759367,0.12,5.289828350466305,0.303,0.009000711125225606,0.13,power_primary-d74045b65506,completed,2092210355,3,999,0.3586807247759225,0.12,5.289828350466719,0.303,0.009000711125225722,0.13,True,True,1.4210854715202004e-14,True,True,4.1389114358025836e-13,True,True,1.1622647289044608e-16,True,True,True,True
power_primary-b68bc66d33f4,243,completed,2084064195,3,999,0.26536457466902164,0.231,2.003733606180484,0.551,0.0060801404348980815,0.353,power_primary-d74045b65506,completed,2084064195,3,999,0.26536457466902164,0.231,2.003733606180484,0.551,0.0060801404348980815,0.353,True,True,0.0,True,True,0.0,True,True,0.0,True,True,True,True
power_primary-b68bc66d33f4,244,completed,1817941541,3,999,0.01798782349943906,0.938,0.8520210167885893,0.839,0.003331497393142726,0.931,power_primary-d74045b65506,completed,1817941541,3,999,0.01798782349945327,0.938,0.8520210167885893,0.839,0.0033314973931427624,0.931,True,True,1.4210854715202004e-14,True,True,0.0,True,True,3.642919299551295e-17,True,True,True,True
power_primary-b68bc66d33f4,245,completed,1921541528,3,999,0.19169402407359826,0.352,1.8987272293033854,0.669,0.004473414035865136,0.803,power_primary-d74045b65506,completed,1921541528,3,999,0.19169402407361247,0.352,1.8987272293026174,0.669,0.004473414035864009,0.803,True,True,1.4210854715202004e-14,True,True,7.680522884356833e-13,True,True,1.1267028976469362e-15,True,True,True,True
power_primary-b68bc66d33f4,246,completed,1402088791,3,999,0.15074427818784386,0.586,3.613359734108301,0.129,0.009387839652139051,0.237,power_primary-d74045b65506,completed,1402088791,3,999,0.15074427818784386,0.586,3.613359734108301,0.129,0.009387839652139051,0.237,True,True,0.0,True,True,0.0,True,True,0.0,True,True,True,True
power_primary-b68bc66d33f4,247,completed,1312362038,3,999,0.1871136126684263,0.472,1.4074936943284395,0.844,0.0024818671583591474,0.984,power_primary-d74045b65506,completed,1312362038,3,999,0.18711361266845472,0.472,1.407493694328957,0.844,0.002481867158359479,0.984,True,True,2.842170943040401e-14,True,True,5.17585974080248e-13,True,True,3.3176586478056436e-16,True,True,True,True
power_primary-b68bc66d33f4,248,completed,1869996114,2,999,0.47176764352093414,0.033,3.1658895797302185,0.184,0.005716973600307749,0.484,power_primary-d74045b65506,completed,1869996114,2,999,0.47176764352093414,0.033,3.1658895797302185,0.184,0.005716973600307749,0.484,True,True,0.0,True,True,0.0,True,True,0.0,True,True,True,True
power_primary-b68bc66d33f4,249,completed,1140958420,3,999,0.025561757633340676,0.911,4.900524072589488,0.096,0.009983746176980553,0.142,power_primary-d74045b65506,completed,1140958420,3,999,0.025561757633340676,0.911,4.900524072589488,0.096,0.009983746176980553,0.142,True,True,0.0,True,True,0.0,True,True,0.0,True,True,True,True
power_primary-b68bc66d33f4,250,completed,1897123481,3,999,0.08018732358057434,0.705,1.5612970211629191,0.78,0.005214958321662232,0.528,power_primary-d74045b65506,completed,1897123481,3,999,0.08018732358057434,0.705,1.5612970211629191,0.78,0.005214958321662232,0.528,True,True,0.0,True,True,0.0,True,True,0.0,True,True,True,True
power_primary-b68bc66d33f4,251,completed,657872607,3,999,0.11273758852458116,0.533,3.686015055151506,0.285,0.0043360253024870505,0.582,power_primary-d74045b65506,completed,657872607,3,999,0.11273758852458116,0.533,3.686015055151506,0.285,0.0043360253024870505,0.582,True,True,0.0,True,True,0.0,True,True,0.0,True,True,True,True
power_primary-b68bc66d33f4,252,completed,1443059848,3,999,0.3332042924447052,0.184,175.06081680297612,0.264,0.004655655804229718,0.659,power_primary-d74045b65506,completed,1443059848,3,999,0.3332042924447052,0.184,175.0608168029762,0.264,0.004655655804229882,0.659,True,True,0.0,True,True,8.526512829121202e-14,True,True,1.6393136847980827e-16,True,True,True,True
power_primary-b68bc66d33f4,253,completed,337101785,3,999,0.11303182142675894,0.539,2.9103839036314594,0.138,0.006571255701248809,0.246,power_primary-d74045b65506,completed,337101785,3,999,0.11303182142675894,0.539,2.9103839036314594,0.138,0.006571255701248809,0.246,True,True,0.0,True,True,0.0,True,True,0.0,True,True,True,True
power_primary-b68bc66d33f4,254,completed,367606507,3,999,0.2964009893752575,0.119,3.474302559998434,0.544,0.011811860223289243,0.053,power_primary-d74045b65506,completed,367606507,3,999,0.2964009893752575,0.119,3.474302559998434,0.544,0.011811860223289243,0.053,True,True,0.0,True,True,0.0,True,True,0.0,True,True,True,True
power_primary-b68bc66d33f4,255,completed,1789791604,3,999,0.19792843070673882,0.357,0.9050674952998435,0.88,0.006797965345822887,0.441,power_primary-d74045b65506,completed,1789791604,3,999,0.19792843070676724,0.357,0.9050674952994409,0.88,0.006797965345822221,0.441,True,True,2.842170943040401e-14,True,True,4.026778910315443e-13,True,True,6.661338147750939e-16,True,True,True,True
power_primary-b68bc66d33f4,256,completed,1320111735,3,999,0.033983676415559216,0.869,3.5887467732600604,0.244,0.004399464675479846,0.727,power_primary-d74045b65506,completed,1320111735,3,999,0.03398367641547395,0.869,3.5887467732595524,0.244,0.004399464675479399,0.727,True,True,8.526512829121202e-14,True,True,5.080380560684716e-13,True,True,4.475586568020162e-16,True,True,True,True
power_primary-b68bc66d33f4,257,completed,224423416,2,999,0.2059094138365012,0.489,0.42028933364076354,0.861,0.0010355416953420399,0.999,power_primary-d74045b65506,completed,224423416,2,999,0.20590941383649408,0.489,0.42028933363902915,0.861,0.0010355416953416225,0.999,True,True,7.105427357601002e-15,True,True,1.7343904090694195e-12,True,True,4.174178364069192e-16,True,True,True,True
power_primary-b68bc66d33f4,258,completed,1096334169,3,999,0.05300169599847493,0.749,18.504815534236137,0.548,0.0027154263894069884,0.921,power_primary-d74045b65506,completed,1096334169,3,999,0.05300169599846072,0.749,18.504815534238304,0.548,0.0027154263894075873,0.921,True,True,1.4210854715202004e-14,True,True,2.1671553440683056e-12,True,True,5.9891328008099265e-16,True,True,True,True
power_primary-b68bc66d33f4,259,completed,1659625682,3,999,0.16682017819813666,0.389,0.5478653302510218,0.977,0.006316688933891093,0.26,power_primary-d74045b65506,completed,1659625682,3,999,0.1668201781980656,0.389,0.5478653302530174,0.977,0.006316688933891268,0.26,True,True,7.105427357601002e-14,True,True,1.995625886763719e-12,True,True,1.7520707107365752e-16,True,True,True,True
power_primary-b68bc66d33f4,260,completed,748634264,3,999,0.09539418818314971,0.594,3.0966192986528673,0.391,0.007013041437394553,0.121,power_primary-d74045b65506,completed,748634264,3,999,0.09539418818319234,0.594,3.096619298652042,0.391,0.007013041437394628,0.121,True,True,4.263256414560601e-14,True,True,8.251177519014163e-13,True,True,7.45931094670027e-17,True,True,True,True
power_primary-b68bc66d33f4,261,completed,171380958,3,999,0.19545280419943367,0.323,1.5821119029092399,0.293,0.006510511441734182,0.19,power_primary-d74045b65506,completed,171380958,3,999,0.19545280419949052,0.323,1.5821119029092399,0.293,0.00651051144173395,0.19,True,True,5.684341886080802e-14,True,True,0.0,True,True,2.3245294578089215e-16,True,True,True,True
power_primary-b68bc66d33f4,262,completed,1934078093,3,999,0.10409437115184517,0.786,0.19600962596711252,0.995,0.009625808409414672,0.275,power_primary-d74045b65506,completed,1934078093,3,999,0.10409437115190201,0.786,0.19600962597455027,0.995,0.00962580840941461,0.275,True,True,5.684341886080802e-14,True,True,7.437744864446927e-12,True,True,6.245004513516506e-17,True,True,True,True
power_primary-b68bc66d33f4,263,completed,2051667416,3,999,0.12582102440140375,0.432,1.7269676096412276,0.563,0.0029547319414632437,0.829,power_primary-d74045b65506,completed,2051667416,3,999,0.125821024401489,0.432,1.7269676096410163,0.563,0.0029547319414636457,0.829,True,True,8.526512829121202e-14,True,True,2.113864638886298e-13,True,True,4.0202216555762504e-16,True,True,True,True
power_primary-b68bc66d33f4,264,completed,1265674620,3,999,0.1542065964128767,0.506,0.7447918898325954,0.833,0.0033684248970031086,0.916,power_primary-d74045b65506,completed,1265674620,3,999,0.15420659641291934,0.506,0.7447918898325954,0.833,0.0033684248970030435,0.916,True,True,4.263256414560601e-14,True,True,0.0,True,True,6.505213034913027e-17,True,True,True,True
power_primary-b68bc66d33f4,265,completed,1754440842,3,999,0.2197617326960568,0.209,2.722088318680805,0.296,0.00512322277523347,0.625,power_primary-d74045b65506,completed,1754440842,3,999,0.2197617326960568,0.209,2.722088318680805,0.296,0.00512322277523347,0.625,True,True,0.0,True,True,0.0,True,True,0.0,True,True,True,True
power_primary-b68bc66d33f4,266,completed,1009321780,3,999,0.3122049880433053,0.121,1.099839571484762,0.386,0.005875426322770054,0.273,power_primary-d74045b65506,completed,1009321780,3,999,0.3122049880432911,0.121,1.099839571485756,0.386,0.005875426322771011,0.273,True,True,1.4210854715202004e-14,True,True,9.940936962493652e-13,True,True,9.566999970012091e-16,True,True,True,True
power_primary-b68bc66d33f4,267,completed,1647888242,3,999,0.30249603269218994,0.4,6.24252385942093,0.101,0.00463396884755366,0.866,power_primary-d74045b65506,completed,1647888242,3,999,0.30249603269218994,0.4,6.242523859418121,0.101,0.004633968847551713,0.866,True,True,0.0,True,True,2.809308341511496e-12,True,True,1.9463597400459776e-15,True,True,True,True
power_primary-b68bc66d33f4,268,completed,1002546942,3,999,0.05620097064036145,0.814,1.1953069128533858,0.553,0.00476142875197985,0.595,power_primary-d74045b65506,completed,1002546942,3,999,0.05620097064041829,0.814,1.1953069128536906,0.553,0.004761428751979681,0.595,True,True,5.684341886080802e-14,True,True,3.04867242562068e-13,True,True,1.691355389077387e-16,True,True,True,True
power_primary-b68bc66d33f4,269,completed,1671930202,3,999,0.09162245065004981,0.783,1.7452554898149888,0.459,0.007580405810401539,0.423,power_primary-d74045b65506,completed,1671930202,3,999,0.09162245065006402,0.783,1.7452554898156152,0.459,0.007580405810401425,0.423,True,True,1.4210854715202004e-14,True,True,6.263878304935133e-13,True,True,1.1449174941446927e-16,True,True,True,True
power_primary-b68bc66d33f4,270,completed,1025993534,3,999,0.031910702799223145,0.869,2.333799569592485,0.137,0.005520417494619691,0.602,power_primary-d74045b65506,completed,1025993534,3,999,0.03191070279925157,0.869,2.333799569592329,0.137,0.005520417494619662,0.602,True,True,2.842170943040401e-14,True,True,1.5631940186722204e-13,True,True,2.949029909160572e-17,True,True,True,True
power_primary-b68bc66d33f4,271,completed,33686425,3,999,0.313757860073153,0.1,1.2355939644455771,0.484,0.004723252328549841,0.549,power_primary-d74045b65506,completed,33686425,3,999,0.313757860073153,0.1,1.2355939644455771,0.484,0.004723252328549841,0.549,True,True,0.0,True,True,0.0,True,True,0.0,True,True,True,True
power_primary-b68bc66d33f4,272,completed,1756443833,3,999,0.4622993959112591,0.182,1.0509476766135468,0.812,0.010756403382592065,0.171,power_primary-d74045b65506,completed,1756443833,3,999,0.4622993959112307,0.182,1.0509476766142405,0.812,0.010756403382591906,0.171,True,True,2.842170943040401e-14,True,True,6.936673457857978e-13,True,True,1.5959455978986625e-16,True,True,True,True
power_primary-b68bc66d33f4,273,completed,552553702,3,999,0.014387758907858483,0.94,1.19452854009974,0.626,0.0038252968215904968,0.687,power_primary-d74045b65506,completed,552553702,3,999,0.014387758907858483,0.94,1.19452854009974,0.626,0.0038252968215904968,0.687,True,True,0.0,True,True,0.0,True,True,0.0,True,True,True,True
power_primary-b68bc66d33f4,274,completed,714375654,3,999,0.050243436995131674,0.825,1.4879252694372305,0.555,0.007317458691660342,0.103,power_primary-d74045b65506,completed,714375654,3,999,0.05024343699511746,0.825,1.4879252694374754,0.555,0.007317458691660324,0.103,True,True,1.4210854715202004e-14,True,True,2.4491519923230953e-13,True,True,1.734723475976807e-17,True,True,True,True
power_primary-b68bc66d33f4,275,completed,1773960388,3,999,0.16290201440116903,0.336,3.091213259953311,0.07,0.005692692576211634,0.188,power_primary-d74045b65506,completed,1773960388,3,999,0.16290201440118324,0.336,3.0912132599523674,0.07,0.0056926925762106565,0.188,True,True,1.4210854715202004e-14,True,True,9.43689570931383e-13,True,True,9.775166787129308e-16,True,True,True,True
power_primary-b68bc66d33f4,276,completed,309788272,3,999,0.09925404627514922,0.643,1.1825460059592474,0.631,0.007662229643798312,0.256,power_primary-d74045b65506,completed,309788272,3,999,0.09925404627514922,0.643,1.1825460059592474,0.631,0.007662229643798312,0.256,True,True,0.0,True,True,0.0,True,True,0.0,True,True,True,True
power_primary-b68bc66d33f4,277,completed,1053910600,3,999,0.4604027960288164,0.047,2.3899576130755746,0.381,0.006732148816080722,0.386,power_primary-d74045b65506,completed,1053910600,3,999,0.4604027960288022,0.047,2.389957613075269,0.381,0.006732148816080426,0.386,True,True,1.4210854715202004e-14,True,True,3.055333763768431e-13,True,True,2.96637714392034e-16,True,True,True,True
power_primary-b68bc66d33f4,278,completed,1315338152,3,999,0.07058637800822964,0.764,4.8410224363189736,0.212,0.01039769404522776,0.107,power_primary-d74045b65506,completed,1315338152,3,999,0.0705863780082936,0.764,4.841022436318295,0.212,0.010397694045227585,0.107,True,True,6.394884621840902e-14,True,True,6.785683126508957e-13,True,True,1.7520707107365752e-16,True,True,True,True
power_primary-b68bc66d33f4,279,completed,1496588541,2,999,0.11747517885080327,0.564,1.2133388211910032,0.704,0.003761603194785822,0.825,power_primary-d74045b65506,completed,1496588541,2,999,0.11747517885080327,0.564,1.2133388211910032,0.704,0.003761603194785822,0.825,True,True,0.0,True,True,0.0,True,True,0.0,True,True,True,True
power_primary-b68bc66d33f4,280,completed,818201338,3,999,0.017313344956320975,0.931,6.461175360031828,0.054,0.005931900724051987,0.416,power_primary-d74045b65506,completed,818201338,3,999,0.01731334495624992,0.931,6.46117536003245,0.054,0.0059319007240525535,0.416,True,True,7.105427357601002e-14,True,True,6.217248937900877e-13,True,True,5.663872149064275e-16,True,True,True,True
power_primary-b68bc66d33f4,281,completed,1801810596,3,999,0.03958920965197876,0.873,3.181656852769899,0.393,0.008937881762938785,0.105,power_primary-d74045b65506,completed,1801810596,3,999,0.03958920965197876,0.873,3.1816568527703577,0.393,0.008937881762938322,0.105,True,True,0.0,True,True,4.587441537751147e-13,True,True,4.631711680858075e-16,True,True,True,True
power_primary-b68bc66d33f4,282,completed,763911778,3,999,0.6614678545870731,0.064,8.14829837780775,0.283,0.010554633464554656,0.119,power_primary-d74045b65506,completed,763911778,3,999,0.6614678545870731,0.064,8.14829837780775,0.283,0.010554633464554656,0.119,True,True,0.0,True,True,0.0,True,True,0.0,True,True,True,True
power_primary-b68bc66d33f4,283,completed,794568146,3,999,0.24659482106476105,0.287,3.679850834257248,0.251,0.00578084628530841,0.697,power_primary-d74045b65506,completed,794568146,3,999,0.24659482106469,0.287,3.679850834256257,0.251,0.005780846285307541,0.697,True,True,7.105427357601002e-14,True,True,9.907630271754897e-13,True,True,8.690964614643804e-16,True,True,True,True
power_primary-b68bc66d33f4,284,completed,1813132843,3,999,0.3362176366720746,0.355,3.0513673685233806,0.434,0.010530119396903936,0.253,power_primary-d74045b65506,completed,1813132843,3,999,0.336217636672103,0.355,3.051367368523619,0.434,0.010530119396903964,0.253,True,True,2.842170943040401e-14,True,True,2.384759056894836e-13,True,True,2.7755575615628914e-17,True,True,True,True
power_primary-b68bc66d33f4,285,completed,658095414,3,999,0.3092564620054503,0.257,1.0606723060080083,0.658,0.006424207578609879,0.45,power_primary-d74045b65506,completed,658095414,3,999,0.3092564620054503,0.257,1.0606723060080083,0.658,0.006424207578609879,0.45,True,True,0.0,True,True,0.0,True,True,0.0,True,True,True,True
power_primary-b68bc66d33f4,286,completed,2071068092,3,999,0.045351945785895964,0.789,0.5203495558824826,0.943,0.007908080206179365,0.128,power_primary-d74045b65506,completed,2071068092,3,999,0.045351945785895964,0.789,0.5203495558824826,0.943,0.007908080206179365,0.128,True,True,0.0,True,True,0.0,True,True,0.0,True,True,True,True
power_primary-b68bc66d33f4,287,completed,1306690207,3,999,0.11384016606209002,0.511,0.6013746214010257,0.916,0.0041717347163263765,0.845,power_primary-d74045b65506,completed,1306690207,3,999,0.11384016606196212,0.511,0.6013746214028439,0.916,0.004171734716325764,0.845,True,True,1.2789769243681803e-13,True,True,1.8182122474286189e-12,True,True,6.123573870198129e-16,True,True,True,True
power_primary-b68bc66d33f4,288,completed,1942096522,3,999,0.1437880633332682,0.534,2.482146528723323,0.749,0.00597889978643289,0.429,power_primary-d74045b65506,completed,1942096522,3,999,0.14378806333327532,0.534,2.482146528724204,0.749,0.005978899786432856,0.429,True,True,7.105427357601002e-15,True,True,8.810729923425242e-13,True,True,3.469446951953614e-17,True,True,True,True
power_primary-b68bc66d33f4,289,completed,383830574,3,999,0.249926769812987,0.143,1.4809287400138582,0.576,0.004726496289461856,0.511,power_primary-d74045b65506,completed,383830574,3,999,0.24992676981294437,0.143,1.480928740014104,0.576,0.004726496289461815,0.511,True,True,4.263256414560601e-14,True,True,2.4580337765200966e-13,True,True,4.0766001685454967e-17,True,True,True,True
power_primary-b68bc66d33f4,290,completed,281448043,3,999,0.2071971594555464,0.348,2.8824688704712766,0.605,0.003295439846092261,0.88,power_primary-d74045b65506,completed,281448043,3,999,0.20719715945548955,0.348,2.8824688704702646,0.605,0.003295439846091827,0.88,True,True,5.684341886080802e-14,True,True,1.0120793092482927e-12,True,True,4.34114549863196e-16,True,True,True,True
power_primary-b68bc66d33f4,291,completed,863327962,3,999,0.04032610125126723,0.838,3.5673255140817286,0.476,0.004269650358455716,0.568,power_primary-d74045b65506,completed,863327962,3,999,0.040326101251295654,0.838,3.5673255140811153,0.476,0.00426965035845518,0.568,True,True,2.842170943040401e-14,True,True,6.132871988029365e-13,True,True,5.360295540768334e-16,True,True,True,True
power_primary-b68bc66d33f4,292,completed,1600262462,3,999,0.34903636935513305,0.055,1.9676452773517596,0.376,0.004282367724600124,0.745,power_primary-d74045b65506,completed,1600262462,3,999,0.34903636935511884,0.055,1.9676452773521296,0.376,0.004282367724601104,0.745,True,True,1.4210854715202004e-14,True,True,3.6992631180510216e-13,True,True,9.80118763926896e-16,True,True,True,True
power_primary-b68bc66d33f4,293,completed,816074692,3,999,0.02745295872180975,0.922,5.666867345927401,0.366,0.005184264776947751,0.805,power_primary-d74045b65506,completed,816074692,3,999,0.02745295872179554,0.922,5.666867345928883,0.366,0.0051842647769483625,0.805,True,True,1.4210854715202004e-14,True,True,1.4814816040598089e-12,True,True,6.114900252818245e-16,True,True,True,True
power_primary-b68bc66d33f4,294,completed,1257401343,3,999,0.5733565861636976,0.003,1.0139425935998785,0.665,0.003820018614273625,0.704,power_primary-d74045b65506,completed,1257401343,3,999,0.573356586163726,0.003,1.0139425935998785,0.665,0.003820018614273611,0.704,True,True,2.842170943040401e-14,True,True,0.0,True,True,1.431146867680866e-17,True,True,True,True
power_primary-b68bc66d33f4,295,completed,1936285196,3,999,0.031091841552850497,0.916,3.630887088485083,0.643,0.0043020600228359076,0.844,power_primary-d74045b65506,completed,1936285196,3,999,0.031091841552850497,0.916,3.630887088485083,0.643,0.0043020600228359076,0.844,True,True,0.0,True,True,0.0,True,True,0.0,True,True,True,True
power_primary-b68bc66d33f4,296,completed,1305987373,3,999,0.011787081862223658,0.951,2.975538830082091,0.641,0.005699402369395525,0.449,power_primary-d74045b65506,completed,1305987373,3,999,0.01178708186225208,0.951,2.975538830081723,0.641,0.005699402369395371,0.449,True,True,2.842170943040401e-14,True,True,3.6770586575585185e-13,True,True,1.5352302762394743e-16,True,True,True,True
power_primary-b68bc66d33f4,297,completed,952691757,3,999,0.06878745684505816,0.728,3.330334447300424,0.215,0.004968728141524439,0.669,power_primary-d74045b65506,completed,952691757,3,999,0.06878745684505816,0.728,3.330334447300424,0.215,0.004968728141524439,0.669,True,True,0.0,True,True,0.0,True,True,0.0,True,True,True,True
power_primary-b68bc66d33f4,298,completed,860919824,3,999,0.1531737222518359,0.426,2.055630814195524,0.434,0.007976080061670195,0.084,power_primary-d74045b65506,completed,860919824,3,999,0.15317372225187853,0.426,2.055630814196411,0.434,0.007976080061670334,0.084,True,True,4.263256414560601e-14,True,True,8.86846152070575e-13,True,True,1.3877787807814457e-16,True,True,True,True
power_primary-b68bc66d33f4,299,completed,1033002200,3,999,0.1133209208721837,0.565,175.50875837215645,0.187,0.0051265312321016,0.61,power_primary-d74045b65506,completed,1033002200,3,999,0.1133209208721695,0.565,175.50875837215594,0.187,0.0051265312321019255,0.61,True,True,1.4210854715202004e-14,True,True,5.115907697472721e-13,True,True,3.2526065174565133e-16,True,True,True,True
power_primary-b68bc66d33f4,300,completed,1675633165,3,999,0.11712401479175583,0.54,1.0688507630598416,0.706,0.0060992233135983365,0.443,power_primary-d74045b65506,completed,1675633165,3,999,0.11712401479178425,0.54,1.0688507630598416,0.706,0.006099223313598377,0.443,True,True,2.842170943040401e-14,True,True,0.0,True,True,4.0766001685454967e-17,True,True,True,True
power_primary-b68bc66d33f4,301,completed,941958081,2,999,0.2639445764322801,0.133,1.6493202640350781,0.555,0.006737439653398917,0.228,power_primary-d74045b65506,completed,941958081,2,999,0.2639445764322943,0.133,1.6493202640357414,0.555,0.006737439653398806,0.228,True,True,1.4210854715202004e-14,True,True,6.632472349110685e-13,True,True,1.1102230246251565e-16,True,True,True,True
power_primary-b68bc66d33f4,302,completed,174768388,2,999,0.06017004830870576,0.727,8.550777818233492,0.054,0.008165252692283713,0.078,power_primary-d74045b65506,completed,174768388,2,999,0.0601700483087626,0.727,8.550777818232806,0.054,0.008165252692283645,0.078,True,True,5.684341886080802e-14,True,True,6.856737400084967e-13,True,True,6.765421556309548e-17,True,True,True,True
power_primary-b68bc66d33f4,303,completed,963098655,2,999,0.08411015082710804,0.833,1.193509847145361,0.77,0.0031805167312882084,0.976,power_primary-d74045b65506,completed,963098655,2,999,0.0841101508270583,0.833,1.1935098471450554,0.77,0.0031805167312885306,0.976,True,True,4.973799150320701e-14,True,True,3.055333763768431e-13,True,True,3.222248856626919e-16,True,True,True,True
power_primary-b68bc66d33f4,304,completed,1761217228,3,999,0.0077104106630940805,0.967,1.4013517347860958,0.656,0.008499267271537657,0.392,power_primary-d74045b65506,completed,1761217228,3,999,0.007710410663037237,0.967,1.4013517347858355,0.656,0.008499267271537502,0.392,True,True,5.684341886080802e-14,True,True,2.602362769721367e-13,True,True,1.5439038936193583e-16,True,True,True,True
power_primary-b68bc66d33f4,305,completed,367632402,3,999,0.1758696557804882,0.377,2.0613457382178093,0.753,0.010374452112882649,0.052,power_primary-d74045b65506,completed,367632402,3,999,0.1758696557804882,0.377,2.0613457382171014,0.753,0.010374452112881861,0.052,True,True,0.0,True,True,7.078782005009998e-13,True,True,7.875644580934704e-16,True,True,True,True
power_primary-b68bc66d33f4,306,completed,1298259273,3,999,0.015766348615869674,0.967,8.6424290984054,0.064,0.007907819281363011,0.377,power_primary-d74045b65506,completed,1298259273,3,999,0.015766348615841252,0.967,8.642429098405358,0.064,0.007907819281362765,0.377,True,True,2.842170943040401e-14,True,True,4.085620730620576e-14,True,True,2.463307335887066e-16,True,True,True,True
power_primary-b68bc66d33f4,307,completed,1238333187,3,999,0.10580656303783087,0.542,1.7382164611398518,0.633,0.004858638076924118,0.418,power_primary-d74045b65506,completed,1238333187,3,999,0.10580656303784508,0.542,1.738216461139642,0.633,0.004858638076924484,0.418,True,True,1.4210854715202004e-14,True,True,2.0983215165415459e-13,True,True,3.660266534311063e-16,True,True,True,True
power_primary-b68bc66d33f4,308,completed,204010584,2,999,0.18461092492454867,0.241,4.259997268346193,0.399,0.005013133271092148,0.615,power_primary-d74045b65506,completed,204010584,2,999,0.1846109249245771,0.241,4.259997268346279,0.399,0.005013133271092922,0.615,True,True,2.842170943040401e-14,True,True,8.615330671091215e-14,True,True,7.73686670285656e-16,True,True,True,True
power_primary-b68bc66d33f4,309,completed,739621545,3,999,0.06749418619691028,0.733,3.0140244400356724,0.367,0.006349946878049895,0.292,power_primary-d74045b65506,completed,739621545,3,999,0.0674941861969387,0.733,3.014024440035793,0.367,0.006349946878049642,0.292,True,True,2.842170943040401e-14,True,True,1.2079226507921703e-13,True,True,2.5326962749261384e-16,True,True,True,True
power_primary-b68bc66d33f4,310,completed,526664514,3,999,0.16717926785439374,0.407,1.415619618781472,0.163,0.006713200554898722,0.36,power_primary-d74045b65506,completed,526664514,3,999,0.16717926785439374,0.407,1.415619618781472,0.163,0.006713200554898722,0.36,True,True,0.0,True,True,0.0,True,True,0.0,True,True,True,True
power_primary-b68bc66d33f4,311,completed,505462105,3,999,0.10941802041836723,0.576,4.1671362390931455,0.487,0.00722458749750538,0.202,power_primary-d74045b65506,completed,505462105,3,999,0.10941802041829618,0.576,4.167136239092445,0.487,0.0072245874975048205,0.202,True,True,7.105427357601002e-14,True,True,7.007727731433988e-13,True,True,5.594483210025203e-16,True,True,True,True
power_primary-b68bc66d33f4,312,completed,1708910767,3,999,0.2673173501353716,0.22,4.246510847884458,0.209,0.0057565982019457075,0.502,power_primary-d74045b65506,completed,1708910767,3,999,0.2673173501353716,0.22,4.246510847884458,0.209,0.0057565982019457075,0.502,True,True,0.0,True,True,0.0,True,True,0.0,True,True,True,True
power_primary-b68bc66d33f4,313,completed,897627697,3,999,0.9202538825056195,0.009,5.98263479085108,0.508,0.00990840806903981,0.084,power_primary-d74045b65506,completed,897627697,3,999,0.9202538825057474,0.009,5.982634790851018,0.508,0.009908408069040585,0.084,True,True,1.2789769243681803e-13,True,True,6.217248937900877e-14,True,True,7.73686670285656e-16,True,True,True,True
power_primary-b68bc66d33f4,314,completed,1206661291,3,999,0.2131858055216327,0.482,2.532889602172068,0.358,0.0064548947002191995,0.422,power_primary-d74045b65506,completed,1206661291,3,999,0.2131858055216327,0.482,2.532889602172068,0.358,0.0064548947002191995,0.422,True,True,0.0,True,True,0.0,True,True,0.0,True,True,True,True
power_primary-b68bc66d33f4,315,completed,1376328919,3,999,0.0888700014877486,0.556,0.7681153844293527,0.903,0.004621432643808512,0.391,power_primary-d74045b65506,completed,1376328919,3,999,0.08887000148779123,0.556,0.7681153844303016,0.903,0.004621432643808581,0.391,True,True,4.263256414560601e-14,True,True,9.489076191471213e-13,True,True,6.938893903907228e-17,True,True,True,True
power_primary-b68bc66d33f4,316,completed,185494732,3,999,0.18185943548196803,0.286,0.7796334442133344,0.855,0.002543952961381218,0.948,power_primary-d74045b65506,completed,185494732,3,999,0.18185943548196803,0.286,0.7796334442133344,0.855,0.002543952961381218,0.948,True,True,0.0,True,True,0.0,True,True,0.0,True,True,True,True
power_primary-b68bc66d33f4,317,completed,2143679765,3,999,0.17989073735838446,0.437,0.7586685292297531,0.669,0.004676266502517214,0.924,power_primary-d74045b65506,completed,2143679765,3,999,0.17989073735833472,0.437,0.7586685292287924,0.669,0.004676266502516674,0.924,True,True,4.973799150320701e-14,True,True,9.607870055106105e-13,True,True,5.39499001028787e-16,True,True,True,True
power_primary-b68bc66d33f4,318,completed,787104834,3,999,0.011349742242728666,0.971,0.2317600766656726,0.989,0.003100702646791914,0.968,power_primary-d74045b65506,completed,787104834,3,999,0.011349742242714456,0.971,0.23176007666410003,0.989,0.003100702646791344,0.968,True,True,1.4210854715202004e-14,True,True,1.572575403230303e-12,True,True,5.702903427273753e-16,True,True,True,True
power_primary-b68bc66d33f4,319,completed,1089755832,3,999,0.08498584722387648,0.676,3.2886446609419004,0.088,0.005673096050229763,0.519,power_primary-d74045b65506,completed,1089755832,3,999,0.0849858472239049,0.676,3.2886446609415674,0.088,0.005673096050229609,0.519,True,True,2.842170943040401e-14,True,True,3.3306690738754696e-13,True,True,1.5352302762394743e-16,True,True,True,True
power_primary-b68bc66d33f4,320,completed,201686856,3,999,0.21400706846179673,0.309,2.2514729489021224,0.172,0.005914654496386768,0.218,power_primary-d74045b65506,completed,201686856,3,999,0.21400706846179673,0.309,2.2514729489021224,0.172,0.005914654496386768,0.218,True,True,0.0,True,True,0.0,True,True,0.0,True,True,True,True
power_primary-b68bc66d33f4,321,completed,916535046,3,999,0.159240640765006,0.504,3.276714084747957,0.609,0.0035603685477285318,0.824,power_primary-d74045b65506,completed,916535046,3,999,0.15924064076499178,0.504,3.2767140847474003,0.609,0.003560368547727767,0.824,True,True,1.4210854715202004e-14,True,True,5.564437799421285e-13,True,True,7.645793720367777e-16,True,True,True,True
power_primary-b68bc66d33f4,322,completed,1807477598,3,999,0.17085834940382938,0.456,0.7478498764699142,0.977,0.005026611607200058,0.77,power_primary-d74045b65506,completed,1807477598,3,999,0.17085834940382938,0.456,0.7478498764699142,0.977,0.005026611607200058,0.77,True,True,0.0,True,True,0.0,True,True,0.0,True,True,True,True
power_primary-b68bc66d33f4,323,completed,468657891,3,999,0.09568016150237213,0.684,1.131257779835411,0.854,0.005645564130515988,0.727,power_primary-d74045b65506,completed,468657891,3,999,0.09568016150235792,0.684,1.1312577798360557,0.854,0.005645564130516275,0.727,True,True,1.4210854715202004e-14,True,True,6.445954880973659e-13,True,True,2.8709673527416157e-16,True,True,True,True
power_primary-b68bc66d33f4,324,completed,324813923,3,999,0.3819030052932533,0.098,4.103506079066148,0.108,0.00716621177037604,0.359,power_primary-d74045b65506,completed,324813923,3,999,0.3819030052932533,0.098,4.103506079066148,0.108,0.00716621177037604,0.359,True,True,0.0,True,True,0.0,True,True,0.0,True,True,True,True
power_primary-b68bc66d33f4,325,completed,234180482,3,999,0.32139613256154576,0.349,2.792488994896638,0.853,0.0076233333066988524,0.521,power_primary-d74045b65506,completed,234180482,3,999,0.32139613256154576,0.349,2.792488994896638,0.853,0.0076233333066988524,0.521,True,True,0.0,True,True,0.0,True,True,0.0,True,True,True,True
power_primary-b68bc66d33f4,326,completed,1708732085,2,999,0.023370065209270763,0.888,1.801197436631939,0.465,0.004140194110797231,0.591,power_primary-d74045b65506,completed,1708732085,2,999,0.023370065209270763,0.888,1.801197436631939,0.465,0.004140194110797231,0.591,True,True,0.0,True,True,0.0,True,True,0.0,True,True,True,True
power_primary-b68bc66d33f4,327,completed,1513907829,3,999,0.022360594117230903,0.888,2.329287305596867,0.05,0.007702240481664671,0.117,power_primary-d74045b65506,completed,1513907829,3,999,0.022360594117230903,0.888,2.329287305596867,0.05,0.007702240481664671,0.117,True,True,0.0,True,True,0.0,True,True,0.0,True,True,True,True
power_primary-b68bc66d33f4,328,completed,1246022063,3,999,0.07871305487400093,0.719,0.655838507585447,0.846,0.002681239049601319,0.97,power_primary-d74045b65506,completed,1246022063,3,999,0.07871305487400093,0.719,0.655838507585447,0.846,0.002681239049601319,0.97,True,True,0.0,True,True,0.0,True,True,0.0,True,True,True,True
power_primary-b68bc66d33f4,329,completed,1747881483,2,999,0.02176442087750985,0.909,1.2714018164482475,0.355,0.006649503711140331,0.475,power_primary-d74045b65506,completed,1747881483,2,999,0.02176442087750985,0.909,1.2714018164482475,0.355,0.006649503711140331,0.475,True,True,0.0,True,True,0.0,True,True,0.0,True,True,True,True
power_primary-b68bc66d33f4,330,completed,1214424725,3,999,0.0014546943539528456,0.994,1.456653996879053,0.544,0.0033685885568590793,0.782,power_primary-d74045b65506,completed,1214424725,3,999,0.001454694354009689,0.994,1.456653996879053,0.544,0.0033685885568587814,0.782,True,True,5.684341886080802e-14,True,True,0.0,True,True,2.979387569990166e-16,True,True,True,True
power_primary-b68bc66d33f4,331,completed,70112420,3,999,0.3614058503421589,0.274,2.7553312688094778,0.077,0.012217628791103661,0.17,power_primary-d74045b65506,completed,70112420,3,999,0.3614058503421589,0.274,2.7553312688094778,0.077,0.012217628791103661,0.17,True,True,0.0,True,True,0.0,True,True,0.0,True,True,True,True
power_primary-b68bc66d33f4,332,completed,1862134975,3,999,0.014445517560204735,0.941,0.25368462779825185,0.99,0.0029422070136789556,0.941,power_primary-d74045b65506,completed,1862134975,3,999,0.014445517560162102,0.941,0.25368462779825185,0.99,0.0029422070136779347,0.941,True,True,4.263256414560601e-14,True,True,0.0,True,True,1.020884765612351e-15,True,True,True,True
power_primary-b68bc66d33f4,333,completed,289663661,2,999,0.054743442892132066,0.77,1.2893624468780271,0.566,0.008359099608062096,0.087,power_primary-d74045b65506,completed,289663661,2,999,0.054743442892132066,0.77,1.2893624468780271,0.566,0.008359099608062096,0.087,True,True,0.0,True,True,0.0,True,True,0.0,True,True,True,True
power_primary-b68bc66d33f4,334,completed,357536608,3,999,0.12483990838525472,0.506,3.732777397939514,0.009,0.008210930393730812,0.026,power_primary-d74045b65506,completed,357536608,3,999,0.12483990838525472,0.506,3.732777397939514,0.009,0.008210930393730812,0.026,True,True,0.0,True,True,0.0,True,True,0.0,True,True,True,True
power_primary-b68bc66d33f4,335,completed,1288654821,3,999,0.1497180188857925,0.51,2.0112490785906494,0.084,0.006515598355631087,0.263,power_primary-d74045b65506,completed,1288654821,3,999,0.14971801888576408,0.51,2.0112490785904678,0.084,0.0065155983556307515,0.263,True,True,2.842170943040401e-14,True,True,1.816324868286756e-13,True,True,3.3566899260151217e-16,True,True,True,True
power_primary-b68bc66d33f4,336,completed,363592117,3,999,0.22508424237122426,0.223,10.734875778487144,0.209,0.004972612903638977,0.705,power_primary-d74045b65506,completed,363592117,3,999,0.22508424237122426,0.223,10.73487577849008,0.209,0.004972612903639983,0.705,True,True,0.0,True,True,2.936317855528614e-12,True,True,1.0052722543285597e-15,True,True,True,True
power_primary-b68bc66d33f4,337,completed,883547723,3,999,0.4525795011737017,0.285,2.3242012303684985,0.202,0.008575349467238237,0.569,power_primary-d74045b65506,completed,883547723,3,999,0.4525795011737017,0.285,2.3242012303684985,0.202,0.008575349467238237,0.569,True,True,0.0,True,True,0.0,True,True,0.0,True,True,True,True
power_primary-b68bc66d33f4,338,completed,1282079917,3,999,0.021223508857232787,0.931,3.0171548032486006,0.56,0.0037110596621830424,0.927,power_primary-d74045b65506,completed,1282079917,3,999,0.021223508857246998,0.931,3.0171548032482383,0.56,0.003711059662182237,0.927,True,True,1.4210854715202004e-14,True,True,3.623767952376511e-13,True,True,8.053453737222327e-16,True,True,True,True
power_primary-b68bc66d33f4,339,completed,1640933292,3,999,0.17116603155879773,0.334,0.9811102333245979,0.776,0.003594677037799183,0.861,power_primary-d74045b65506,completed,1640933292,3,999,0.17116603155878352,0.334,0.9811102333249694,0.776,0.003594677037798698,0.861,True,True,1.4210854715202004e-14,True,True,3.714806240395774e-13,True,True,4.852888924045118e-16,True,True,True,True
power_primary-b68bc66d33f4,340,completed,2043799540,3,999,0.17553531796122002,0.491,1.3872615013941412,0.628,0.007623004341836542,0.453,power_primary-d74045b65506,completed,2043799540,3,999,0.17553531796122002,0.491,1.3872615013941412,0.628,0.007623004341836542,0.453,True,True,0.0,True,True,0.0,True,True,0.0,True,True,True,True
power_primary-b68bc66d33f4,341,completed,632611810,3,999,0.08208524079759627,0.685,3.7347346383689315,0.836,0.0070209338434240815,0.77,power_primary-d74045b65506,completed,632611810,3,999,0.08208524079759627,0.685,3.7347346383689315,0.836,0.0070209338434240815,0.77,True,True,0.0,True,True,0.0,True,True,0.0,True,True,True,True
power_primary-b68bc66d33f4,342,completed,25116893,3,999,0.14179186092987095,0.35,2.0686762001251084,0.383,0.0026129123881291237,0.882,power_primary-d74045b65506,completed,25116893,3,999,0.14179186092987095,0.35,2.0686762001251084,0.383,0.0026129123881297217,0.882,True,True,0.0,True,True,0.0,True,True,5.980459183430042e-16,True,True,True,True
power_primary-b68bc66d33f4,343,completed,385407802,3,999,0.15356413537887192,0.752,1.7986680242637663,0.88,0.0035320609169633686,0.994,power_primary-d74045b65506,completed,385407802,3,999,0.15356413537887192,0.752,1.7986680242637663,0.88,0.0035320609169633686,0.994,True,True,0.0,True,True,0.0,True,True,0.0,True,True,True,True
power_primary-b68bc66d33f4,344,completed,939739700,3,999,0.014042706546931072,0.931,2.2087876250667455,0.555,0.0037545419930380035,0.72,power_primary-d74045b65506,completed,939739700,3,999,0.014042706546945283,0.931,2.208787625065921,0.555,0.003754541993037556,0.72,True,True,1.4210854715202004e-14,True,True,8.246736626915663e-13,True,True,4.475586568020162e-16,True,True,True,True
power_primary-b68bc66d33f4,345,completed,1729746482,3,999,0.17564940817241848,0.281,0.6807349416349006,0.771,0.00241305542942944,0.946,power_primary-d74045b65506,completed,1729746482,3,999,0.17564940817239005,0.281,0.680734941635436,0.771,0.002413055429429841,0.946,True,True,2.842170943040401e-14,True,True,5.35460564776713e-13,True,True,4.0115480381963664e-16,True,True,True,True
power_primary-b68bc66d33f4,346,completed,153177397,3,999,0.012906846902723146,0.965,1.5327998322501541,0.806,0.0038756183697714218,0.879,power_primary-d74045b65506,completed,153177397,3,999,0.012906846902694724,0.965,1.5327998322501541,0.806,0.003875618369771022,0.879,True,True,2.842170943040401e-14,True,True,0.0,True,True,3.9985376121265404e-16,True,True,True,True
power_primary-b68bc66d33f4,347,completed,1622778686,3,999,0.3718627667265366,0.036,3.335881757978745,0.472,0.00518158104562687,0.277,power_primary-d74045b65506,completed,1622778686,3,999,0.37186276672655083,0.036,3.3358817579785267,0.472,0.005181581045626716,0.277,True,True,1.4210854715202004e-14,True,True,2.184918912462308e-13,True,True,1.5352302762394743e-16,True,True,True,True
power_primary-b68bc66d33f4,348,completed,574109772,3,999,0.05889539349944073,0.819,7.965243557233341,0.371,0.0032563729738823125,0.951,power_primary-d74045b65506,completed,574109772,3,999,0.05889539349944073,0.819,7.965243557233341,0.371,0.0032563729738823125,0.951,True,True,0.0,True,True,0.0,True,True,0.0,True,True,True,True
power_primary-b68bc66d33f4,349,completed,967645062,3,999,0.18030965096116347,0.398,2.3237781856506055,0.763,0.005756548810244014,0.624,power_primary-d74045b65506,completed,967645062,3,999,0.1803096509612203,0.398,2.3237781856507627,0.763,0.0057565488102441125,0.624,True,True,5.684341886080802e-14,True,True,1.5720758028692217e-13,True,True,9.8879238130678e-17,True,True,True,True
power_primary-b68bc66d33f4,350,completed,576264895,3,999,0.12032167278657369,0.555,1.1485973668276692,0.861,0.0032799179135643815,0.898,power_primary-d74045b65506,completed,576264895,3,999,0.1203216727865879,0.555,1.148597366827352,0.861,0.003279917913564713,0.898,True,True,1.4210854715202004e-14,True,True,3.1730174043786974e-13,True,True,3.3133218391157016e-16,True,True,True,True
power_primary-b68bc66d33f4,351,completed,1588805295,3,999,0.1860319155033352,0.544,3.7902009560984835,0.216,0.00613696964338687,0.643,power_primary-d74045b65506,completed,1588805295,3,999,0.1860319155033494,0.544,3.7902009560984835,0.216,0.006136969643386875,0.643,True,True,1.4210854715202004e-14,True,True,0.0,True,True,5.204170427930421e-18,True,True,True,True
power_primary-b68bc66d33f4,352,completed,668918677,3,999,0.4249330869941019,0.013,1.5128164696778417,0.222,0.00669432425322404,0.171,power_primary-d74045b65506,completed,668918677,3,999,0.4249330869941019,0.013,1.5128164696778417,0.222,0.00669432425322404,0.171,True,True,0.0,True,True,0.0,True,True,0.0,True,True,True,True
power_primary-b68bc66d33f4,353,completed,721523127,3,999,0.015575109374054819,0.928,2.872622008056646,0.325,0.004734131414223806,0.539,power_primary-d74045b65506,completed,721523127,3,999,0.015575109374097451,0.928,2.8726220080567724,0.325,0.004734131414223555,0.539,True,True,4.263256414560601e-14,True,True,1.2656542480726785e-13,True,True,2.5153490401663703e-16,True,True,True,True
power_primary-b68bc66d33f4,354,completed,860601501,3,999,0.03875569742724849,0.846,1.8023473308529554,0.803,0.006115793895253199,0.145,power_primary-d74045b65506,completed,860601501,3,999,0.03875569742723428,0.846,1.8023473308533597,0.803,0.00611579389525311,0.145,True,True,1.4210854715202004e-14,True,True,4.04343225568482e-13,True,True,8.933825901280557e-17,True,True,True,True
power_primary-b68bc66d33f4,355,completed,1737807802,3,999,0.42375491633845286,0.108,7.048272690625635,0.043,0.00691684203327823,0.254,power_primary-d74045b65506,completed,1737807802,3,999,0.42375491633842444,0.108,7.048272690626205,0.043,0.006916842033278209,0.254,True,True,2.842170943040401e-14,True,True,5.702105454474804e-13,True,True,2.168404344971009e-17,True,True,True,True
power_primary-b68bc66d33f4,356,completed,384987667,3,999,0.24732454011126492,0.228,5.6379337606359075,0.318,0.007376808987973106,0.181,power_primary-d74045b65506,completed,384987667,3,999,0.24732454011126492,0.228,5.637933760635388,0.318,0.007376808987973677,0.181,True,True,0.0,True,True,5.195843755245733e-13,True,True,5.707240235963695e-16,True,True,True,True
power_primary-b68bc66d33f4,357,completed,942560465,3,999,0.06918131456929899,0.682,0.36886898261436935,0.978,0.005695709403171996,0.268,power_primary-d74045b65506,completed,942560465,3,999,0.06918131456919241,0.682,0.3688689826163455,0.978,0.005695709403171195,0.268,True,True,1.0658141036401503e-13,True,True,1.9761414726815474e-12,True,True,8.005748841632965e-16,True,True,True,True
power_primary-b68bc66d33f4,358,completed,1748803475,3,999,0.08023981557498416,0.607,1.085276571096052,0.488,0.005465323933578124,0.262,power_primary-d74045b65506,completed,1748803475,3,999,0.08023981557498416,0.607,1.085276571096052,0.488,0.005465323933578124,0.262,True,True,0.0,True,True,0.0,True,True,0.0,True,True,True,True
power_primary-b68bc66d33f4,359,completed,2040754061,3,999,0.40934861565131087,0.043,2.403668094525747,0.134,0.005981665274537951,0.196,power_primary-d74045b65506,completed,2040754061,3,999,0.40934861565128244,0.043,2.40366809452696,0.134,0.005981665274538709,0.196,True,True,2.842170943040401e-14,True,True,1.213251721310371e-12,True,True,7.580741590018647e-16,True,True,True,True
power_primary-b68bc66d33f4,360,completed,1153731771,3,999,0.2985957743595833,0.1,3.9837832959339337,0.259,0.0045696723265001345,0.596,power_primary-d74045b65506,completed,1153731771,3,999,0.2985957743595833,0.1,3.9837832959339337,0.259,0.0045696723265001345,0.596,True,True,0.0,True,True,0.0,True,True,0.0,True,True,True,True
power_primary-b68bc66d33f4,361,completed,45956768,3,999,0.2891538538645477,0.129,2.4261769877727466,0.19,0.007330897776916601,0.18,power_primary-d74045b65506,completed,45956768,3,999,0.28915385386459747,0.129,2.4261769877725965,0.19,0.0073308977769173025,0.18,True,True,4.973799150320701e-14,True,True,1.5010215292932116e-13,True,True,7.016956460326185e-16,True,True,True,True
power_primary-b68bc66d33f4,362,completed,1909785235,3,999,0.21902726122824845,0.274,2.2980204026645477,0.278,0.00532252100429385,0.427,power_primary-d74045b65506,completed,1909785235,3,999,0.21902726122824845,0.274,2.2980204026645477,0.278,0.00532252100429385,0.427,True,True,0.0,True,True,0.0,True,True,0.0,True,True,True,True
power_primary-b68bc66d33f4,363,completed,1140153673,3,999,0.1076733575872737,0.625,3.770329793128055,0.162,0.006981989633417134,0.293,power_primary-d74045b65506,completed,1140153673,3,999,0.10767335758729502,0.625,3.7703297931286355,0.162,0.006981989633417144,0.293,True,True,2.1316282072803006e-14,True,True,5.804245972740318e-13,True,True,1.0408340855860843e-17,True,True,True,True
power_primary-b68bc66d33f4,364,completed,637208004,3,999,0.2703836268995303,0.312,1.265164627832003,0.864,0.01114424879356657,0.07,power_primary-d74045b65506,completed,637208004,3,999,0.2703836268994877,0.312,1.2651646278311386,0.864,0.011144248793567301,0.07,True,True,4.263256414560601e-14,True,True,8.644196469731469e-13,True,True,7.303185833862358e-16,True,True,True,True
power_primary-b68bc66d33f4,365,completed,876181170,3,999,0.07479611941990072,0.761,0.44537392233835693,0.976,0.0029420262742246585,0.957,power_primary-d74045b65506,completed,876181170,3,999,0.07479611941991493,0.761,0.44537392233508355,0.976,0.0029420262742251577,0.957,True,True,1.4210854715202004e-14,True,True,3.2733815658048115e-12,True,True,4.991666802123262e-16,True,True,True,True
power_primary-b68bc66d33f4,366,completed,433717932,3,999,0.23946307920724053,0.209,2.973570493220495,0.629,0.004729059823765217,0.572,power_primary-d74045b65506,completed,433717932,3,999,0.23946307920724053,0.209,2.973570493220495,0.629,0.004729059823765217,0.572,True,True,0.0,True,True,0.0,True,True,0.0,True,True,True,True
power_primary-b68bc66d33f4,367,completed,1376316847,3,999,0.1707367683397223,0.478,2.953755623444411,0.655,0.006212435255312267,0.475,power_primary-d74045b65506,completed,1376316847,3,999,0.1707367683397223,0.478,2.953755623444411,0.655,0.006212435255312267,0.475,True,True,0.0,True,True,0.0,True,True,0.0,True,True,True,True
power_primary-b68bc66d33f4,368,completed,171452671,3,999,0.03067826875968649,0.869,0.3001513574232266,0.991,0.005508138960126015,0.615,power_primary-d74045b65506,completed,171452671,3,999,0.03067826875968649,0.869,0.3001513574256551,0.991,0.005508138960124994,0.615,True,True,0.0,True,True,2.4285018440650674e-12,True,True,1.020884765612351e-15,True,True,True,True
power_primary-b68bc66d33f4,369,completed,969263186,3,999,0.040152411290463874,0.8,1.5199504896746654,0.72,0.004403026593532807,0.606,power_primary-d74045b65506,completed,969263186,3,999,0.040152411290463874,0.8,1.5199504896746654,0.72,0.004403026593532807,0.606,True,True,0.0,True,True,0.0,True,True,0.0,True,True,True,True
power_primary-b68bc66d33f4,370,completed,1529511245,3,999,0.13674891870310546,0.488,1.7516109288637205,0.464,0.003742660700527856,0.693,power_primary-d74045b65506,completed,1529511245,3,999,0.13674891870310546,0.488,1.7516109288637205,0.464,0.003742660700527856,0.693,True,True,0.0,True,True,0.0,True,True,0.0,True,True,True,True
power_primary-b68bc66d33f4,371,completed,525855189,3,999,0.026761845354101865,0.879,15.33661760553818,0.254,0.0038318554570850485,0.673,power_primary-d74045b65506,completed,525855189,3,999,0.026761845354101865,0.879,15.336617605536208,0.254,0.0038318554570854865,0.673,True,True,0.0,True,True,1.971756091734278e-12,True,True,4.380176776841438e-16,True,True,True,True
power_primary-b68bc66d33f4,372,completed,1989718481,3,999,0.37510206975802873,0.131,4.443415510823998,0.19,0.008441903984760973,0.257,power_primary-d74045b65506,completed,1989718481,3,999,0.3751020697580998,0.131,4.443415510824408,0.19,0.008441903984761032,0.257,True,True,7.105427357601002e-14,True,True,4.1033842990145786e-13,True,True,5.898059818321144e-17,True,True,True,True
power_primary-b68bc66d33f4,373,completed,1622880056,3,999,0.12913238423821838,0.45,1.6091167387897312,0.539,0.00538574826961228,0.403,power_primary-d74045b65506,completed,1622880056,3,999,0.12913238423816153,0.45,1.6091167387897312,0.539,0.005385748269612241,0.403,True,True,5.684341886080802e-14,True,True,0.0,True,True,3.903127820947816e-17,True,True,True,True
power_primary-b68bc66d33f4,374,completed,184909457,3,999,0.014134430833365741,0.943,10.251027975519722,0.105,0.009528540722107657,0.472,power_primary-d74045b65506,completed,184909457,3,999,0.014134430833408373,0.943,10.251027975519545,0.105,0.009528540722107315,0.472,True,True,4.263256414560601e-14,True,True,1.7763568394002505e-13,True,True,3.41740524767431e-16,True,True,True,True
power_primary-b68bc66d33f4,375,completed,288595445,3,999,0.21679880070757918,0.3,1.4013742010707162,0.739,0.005335111637593173,0.808,power_primary-d74045b65506,completed,288595445,3,999,0.21679880070765023,0.3,1.401374201070456,0.739,0.005335111637593179,0.808,True,True,7.105427357601002e-14,True,True,2.602362769721367e-13,True,True,6.071532165918825e-18,True,True,True,True
power_primary-b68bc66d33f4,376,completed,192820111,2,999,0.47874209238577237,0.019,2.571957699694217,0.561,0.007320498625808668,0.392,power_primary-d74045b65506,completed,192820111,2,999,0.47874209238577237,0.019,2.571957699694217,0.561,0.007320498625808668,0.392,True,True,0.0,True,True,0.0,True,True,0.0,True,True,True,True
power_primary-b68bc66d33f4,377,completed,634667637,3,999,0.03355249371011837,0.864,0.32156513139487486,0.941,0.004959213175813961,0.406,power_primary-d74045b65506,completed,634667637,3,999,0.033552493710061526,0.864,0.32156513139487486,0.941,0.00495921317581402,0.406,True,True,5.684341886080802e-14,True,True,0.0,True,True,5.898059818321144e-17,True,True,True,True
power_primary-b68bc66d33f4,378,completed,1972620497,3,999,0.09424378050586313,0.629,3.685906425371605,0.055,0.008020957719267112,0.096,power_primary-d74045b65506,completed,1972620497,3,999,0.09424378050579207,0.629,3.6859064253719023,0.055,0.008020957719267386,0.096,True,True,7.105427357601002e-14,True,True,2.970956813896919e-13,True,True,2.740863092043355e-16,True,True,True,True
power_primary-b68bc66d33f4,379,completed,1219791027,3,999,0.1173800541569534,0.602,3.5077657215206917,0.343,0.004231736153513197,0.754,power_primary-d74045b65506,completed,1219791027,3,999,0.1173800541569534,0.602,3.507765721520899,0.343,0.004231736153513299,0.754,True,True,0.0,True,True,2.0738966099997924e-13,True,True,1.0234868508263162e-16,True,True,True,True
power_primary-b68bc66d33f4,380,completed,1720335937,3,999,0.0034868265517928876,0.994,170.23643202658735,0.068,0.0082772404405884,0.045,power_primary-d74045b65506,completed,1720335937,3,999,0.0034868265517786767,0.994,170.23643202658766,0.068,0.008277240440588265,0.045,True,True,1.4210854715202004e-14,True,True,3.126388037344441e-13,True,True,1.3530843112619095e-16,True,True,True,True
power_primary-b68bc66d33f4,381,completed,1016438666,3,999,0.5276649519713317,0.2,5.619509143684724,0.472,0.010488922880999675,0.233,power_primary-d74045b65506,completed,1016438666,3,999,0.5276649519713317,0.2,5.619509143685828,0.472,0.010488922881000081,0.233,True,True,0.0,True,True,1.1040057756872557e-12,True,True,4.0592529337857286e-16,True,True,True,True
power_primary-b68bc66d33f4,382,completed,1147957016,3,999,0.0030179403563721507,0.987,0.5725821464034098,0.969,0.004027530720369896,0.832,power_primary-d74045b65506,completed,1147957016,3,999,0.003017940356428994,0.987,0.5725821464034098,0.969,0.004027530720369716,0.832,True,True,5.684341886080802e-14,True,True,0.0,True,True,1.8041124150158794e-16,True,True,True,True
power_primary-b68bc66d33f4,383,completed,1472051164,3,999,0.31897052557289385,0.114,6.747932425114733,0.191,0.007582173213912441,0.495,power_primary-d74045b65506,completed,1472051164,3,999,0.31897052557289385,0.114,6.747932425114733,0.191,0.007582173213912441,0.495,True,True,0.0,True,True,0.0,True,True,0.0,True,True,True,True
power_primary-b68bc66d33f4,384,completed,549764646,3,999,0.24857501215625177,0.129,1.845078324648478,0.162,0.0046130935066042685,0.429,power_primary-d74045b65506,completed,549764646,3,999,0.24857501215625177,0.129,1.8450783246482805,0.162,0.004613093506603845,0.429,True,True,0.0,True,True,1.9761969838327786e-13,True,True,4.2327252813834093e-16,True,True,True,True
power_primary-b68bc66d33f4,385,completed,1992907358,3,999,0.2763056101115069,0.2,20.440454895034964,0.035,0.006625195735225441,0.302,power_primary-d74045b65506,completed,1992907358,3,999,0.2763056101115495,0.2,20.440454895034037,0.035,0.006625195735225113,0.302,True,True,4.263256414560601e-14,True,True,9.272582701669307e-13,True,True,3.2786273695961654e-16,True,True,True,True
power_primary-b68bc66d33f4,386,completed,238124259,3,999,0.04275534202604092,0.805,0.7206847522388776,0.806,0.003762523146544414,0.769,power_primary-d74045b65506,completed,238124259,3,999,0.042755342026083554,0.805,0.7206847522398891,0.806,0.0037625231465443047,0.769,True,True,4.263256414560601e-14,True,True,1.0115241977359801e-12,True,True,1.0928757898653885e-16,True,True,True,True
power_primary-b68bc66d33f4,387,completed,1158021523,3,999,0.12977676752748835,0.629,3.0491332907289794,0.252,0.0045996906198560936,0.873,power_primary-d74045b65506,completed,1158021523,3,999,0.12977676752748835,0.629,3.0491332907289794,0.252,0.0045996906198560936,0.873,True,True,0.0,True,True,0.0,True,True,0.0,True,True,True,True
power_primary-b68bc66d33f4,388,completed,1532005714,3,999,0.04963442814312202,0.758,2.9047296226179804,0.217,0.0064087509218355996,0.133,power_primary-d74045b65506,completed,1532005714,3,999,0.04963442814310781,0.758,2.904729622618608,0.217,0.006408750921836143,0.133,True,True,1.4210854715202004e-14,True,True,6.274980535181385e-13,True,True,5.43835809718729e-16,True,True,True,True
power_primary-b68bc66d33f4,389,completed,897428531,3,999,0.31755468562245426,0.128,1.8056442781076936,0.444,0.00884608519746831,0.119,power_primary-d74045b65506,completed,897428531,3,999,0.31755468562245426,0.128,1.8056442781076936,0.444,0.00884608519746831,0.119,True,True,0.0,True,True,0.0,True,True,0.0,True,True,True,True
power_primary-b68bc66d33f4,390,completed,1644646211,3,999,0.09095609712792907,0.595,5.060621649391758,0.061,0.0046317082730121,0.473,power_primary-d74045b65506,completed,1644646211,3,999,0.09095609712792907,0.595,5.06062164939248,0.061,0.004631708273012555,0.473,True,True,0.0,True,True,7.212008767965017e-13,True,True,4.553649124439119e-16,True,True,True,True
power_primary-b68bc66d33f4,391,completed,1647649382,2,999,0.07994613666943451,0.655,1.202359236705985,0.634,0.0029935494567186367,0.837,power_primary-d74045b65506,completed,1647649382,2,999,0.07994613666943451,0.655,1.202359236705985,0.634,0.0029935494567186367,0.837,True,True,0.0,True,True,0.0,True,True,0.0,True,True,True,True
power_primary-b68bc66d33f4,392,completed,7849924,3,999,0.3536946226607256,0.175,1.5936962813530418,0.417,0.007686278774622703,0.344,power_primary-d74045b65506,completed,7849924,3,999,0.353694622660754,0.175,1.5936962813534992,0.417,0.007686278774622818,0.344,True,True,2.842170943040401e-14,True,True,4.574118861455645e-13,True,True,1.1449174941446927e-16,True,True,True,True
power_primary-b68bc66d33f4,393,completed,493044835,3,999,0.09085612942854482,0.555,1.1979392027607394,0.499,0.005986213738128676,0.333,power_primary-d74045b65506,completed,493044835,3,999,0.09085612942854482,0.555,1.1979392027607394,0.499,0.005986213738128676,0.333,True,True,0.0,True,True,0.0,True,True,0.0,True,True,True,True
power_primary-b68bc66d33f4,394,completed,1791329454,3,999,0.14290084814608406,0.498,9.901852069379933,0.228,0.008224010806352497,0.506,power_primary-d74045b65506,completed,1791329454,3,999,0.14290084814605564,0.498,9.90185206937882,0.228,0.008224010806352053,0.506,True,True,2.842170943040401e-14,True,True,1.1119993814645568e-12,True,True,4.440892098500626e-16,True,True,True,True
power_primary-b68bc66d33f4,395,completed,2137761325,3,999,0.12234752367793078,0.595,2.7234339226531845,0.483,0.0046843045389621685,0.814,power_primary-d74045b65506,completed,2137761325,3,999,0.12234752367797341,0.595,2.723433922652783,0.483,0.0046843045389616325,0.814,True,True,4.263256414560601e-14,True,True,4.014566457044566e-13,True,True,5.360295540768334e-16,True,True,True,True
power_primary-b68bc66d33f4,396,completed,1661153511,3,999,0.18238305791601306,0.317,3.0631869757699017,0.383,0.00692097408264051,0.083,power_primary-d74045b65506,completed,1661153511,3,999,0.18238305791601306,0.317,3.0631869757699017,0.383,0.00692097408264051,0.083,True,True,0.0,True,True,0.0,True,True,0.0,True,True,True,True
power_primary-b68bc66d33f4,397,completed,990655835,3,999,0.1584366653894591,0.471,1.947501581137755,0.638,0.0036676584821493433,0.84,power_primary-d74045b65506,completed,990655835,3,999,0.15843666538955858,0.471,1.9475015811386907,0.638,0.0036676584821497883,0.84,True,True,9.947598300641403e-14,True,True,9.35695965154082e-13,True,True,4.44956571588051e-16,True,True,True,True
power_primary-b68bc66d33f4,398,completed,1590852402,3,999,0.23531409253031654,0.36,2.206095650739313,0.313,0.003944455797688347,0.903,power_primary-d74045b65506,completed,1590852402,3,999,0.23531409253028812,0.36,2.2060956507384866,0.313,0.0039444557976877044,0.903,True,True,2.842170943040401e-14,True,True,8.264500195309665e-13,True,True,6.42715047849407e-16,True,True,True,True
power_primary-b68bc66d33f4,399,completed,2066021638,3,999,0.1931086449703372,0.329,7.570161332253692,0.15,0.004508827721867795,0.626,power_primary-d74045b65506,completed,2066021638,3,999,0.19310864497030877,0.329,7.570161332252485,0.15,0.004508827721866835,0.626,True,True,2.842170943040401e-14,True,True,1.2070344723724702e-12,True,True,9.593020822151743e-16,True,True,True,True
power_primary-b68bc66d33f4,400,completed,1225710652,3,999,0.00961944315545793,0.947,0.7500861807529858,0.876,0.0029865019224332846,0.872,power_primary-d74045b65506,completed,1225710652,3,999,0.00961944315545793,0.947,0.7500861807529858,0.876,0.0029865019224347184,0.872,True,True,0.0,True,True,0.0,True,True,1.433748952894831e-15,True,True,True,True
power_primary-b68bc66d33f4,401,completed,1607696393,2,999,0.11525984228813257,0.524,0.41470901968039336,0.865,0.006413098932292203,0.326,power_primary-d74045b65506,completed,1607696393,2,999,0.11525984228809705,0.524,0.41470901968039336,0.865,0.006413098932291158,0.326,True,True,3.552713678800501e-14,True,True,0.0,True,True,1.0451708942760263e-15,True,True,True,True
power_primary-b68bc66d33f4,402,completed,1944844726,3,999,0.2242670129911346,0.26,4.636335861139057,0.389,0.004300675613690378,0.837,power_primary-d74045b65506,completed,1944844726,3,999,0.22426701299104934,0.26,4.636335861138426,0.389,0.004300675613690846,0.837,True,True,8.526512829121202e-14,True,True,6.306066779870889e-13,True,True,4.675079767757495e-16,True,True,True,True
power_primary-b68bc66d33f4,403,completed,82975566,3,999,0.2558716716907412,0.375,1.8988165669898895,0.633,0.008076192186399479,0.271,power_primary-d74045b65506,completed,82975566,3,999,0.2558716716907554,0.375,1.8988165669896977,0.633,0.008076192186400391,0.271,True,True,1.4210854715202004e-14,True,True,1.9184653865522705e-13,True,True,9.124645483638005e-16,True,True,True,True
power_primary-b68bc66d33f4,404,completed,795065179,3,999,0.15995588843281894,0.441,4.557295487499806,0.346,0.010298579668229637,0.168,power_primary-d74045b65506,completed,795065179,3,999,0.15995588843281894,0.441,4.557295487499806,0.346,0.010298579668229637,0.168,True,True,0.0,True,True,0.0,True,True,0.0,True,True,True,True
power_primary-b68bc66d33f4,405,completed,1497481820,3,999,0.18251725940950791,0.39,1.4235308257239843,0.733,0.005704574355925268,0.502,power_primary-d74045b65506,completed,1497481820,3,999,0.18251725940952213,0.39,1.4235308257242405,0.733,0.005704574355926261,0.502,True,True,1.4210854715202004e-14,True,True,2.5623947408348613e-13,True,True,9.93129189996722e-16,True,True,True,True
power_primary-b68bc66d33f4,406,completed,2008637951,3,999,0.19227990679094376,0.298,4.754487521972915,0.115,0.011363661241668505,0.068,power_primary-d74045b65506,completed,2008637951,3,999,0.19227990679097218,0.298,4.754487521973145,0.115,0.01136366124166982,0.068,True,True,2.842170943040401e-14,True,True,2.3003821070233244e-13,True,True,1.3149203947904198e-15,True,True,True,True
power_primary-b68bc66d33f4,407,completed,606850899,3,999,0.3776516350847601,0.09,3.176107356379498,0.367,0.005278409235299507,0.731,power_primary-d74045b65506,completed,606850899,3,999,0.37765163508470323,0.09,3.1761073563797275,0.367,0.0052784092352996265,0.731,True,True,5.684341886080802e-14,True,True,2.2959412149248237e-13,True,True,1.196959198423997e-16,True,True,True,True
power_primary-b68bc66d33f4,408,completed,709438134,3,999,0.013939384202146243,0.955,2.9078702246714916,0.669,0.00875344381616059,0.673,power_primary-d74045b65506,completed,709438134,3,999,0.013939384202146243,0.955,2.9078702246714916,0.669,0.00875344381616059,0.673,True,True,0.0,True,True,0.0,True,True,0.0,True,True,True,True
power_primary-b68bc66d33f4,409,completed,746669840,3,999,0.29001869404117997,0.207,5.294790244213683,0.494,0.006772385817734363,0.244,power_primary-d74045b65506,completed,746669840,3,999,0.29001869404117997,0.207,5.294790244213683,0.494,0.006772385817734363,0.244,True,True,0.0,True,True,0.0,True,True,0.0,True,True,True,True
power_primary-b68bc66d33f4,410,completed,1659387375,3,999,0.25748791102135726,0.304,1.055984365020923,0.492,0.00725830751574953,0.244,power_primary-d74045b65506,completed,1659387375,3,999,0.2574879110214141,0.304,1.055984365020923,0.492,0.007258307515748831,0.244,True,True,5.684341886080802e-14,True,True,0.0,True,True,6.990935608186533e-16,True,True,True,True
power_primary-b68bc66d33f4,411,completed,1378161265,3,999,0.03606335946618344,0.883,0.9350883919444463,0.788,0.006189313276474738,0.599,power_primary-d74045b65506,completed,1378161265,3,999,0.03606335946616923,0.883,0.9350883919436669,0.788,0.00618931327647506,0.599,True,True,1.4210854715202004e-14,True,True,7.793765632868599e-13,True,True,3.217912047936977e-16,True,True,True,True
power_primary-b68bc66d33f4,412,completed,400165559,3,999,0.0834638663458378,0.764,2.959988944870438,0.448,0.006690598868300863,0.522,power_primary-d74045b65506,completed,400165559,3,999,0.08346386634580938,0.764,2.959988944870438,0.448,0.006690598868301124,0.522,True,True,2.842170943040401e-14,True,True,0.0,True,True,2.6020852139652106e-16,True,True,True,True
power_primary-b68bc66d33f4,413,completed,645624731,3,999,0.7650899616885738,0.066,3.7480533295531395,0.301,0.009423102437931923,0.302,power_primary-d74045b65506,completed,645624731,3,999,0.7650899616885738,0.066,3.7480533295532372,0.301,0.009423102437932446,0.302,True,True,0.0,True,True,9.769962616701378e-14,True,True,5.238864897449957e-16,True,True,True,True
power_primary-b68bc66d33f4,414,completed,2069332737,3,999,0.02656471638358937,0.928,1.3852104910926808,0.804,0.003911657434874099,0.887,power_primary-d74045b65506,completed,2069332737,3,999,0.02656471638356095,0.928,1.3852104910921548,0.804,0.003911657434874248,0.887,True,True,2.842170943040401e-14,True,True,5.260236690673992e-13,True,True,1.491862189340054e-16,True,True,True,True
power_primary-b68bc66d33f4,415,completed,1227251887,2,999,0.14322974485740048,0.367,1.7885560636312985,0.231,0.0032357157028647513,0.758,power_primary-d74045b65506,completed,1227251887,2,999,0.1432297448574289,0.367,1.7885560636312985,0.231,0.0032357157028645137,0.758,True,True,2.842170943040401e-14,True,True,0.0,True,True,2.3765711620882257e-16,True,True,True,True
power_primary-b68bc66d33f4,416,completed,1470201208,3,999,0.13445094208702812,0.436,4.666364945119086,0.526,0.006180876250805912,0.338,power_primary-d74045b65506,completed,1470201208,3,999,0.13445094208695707,0.436,4.66636494511807,0.526,0.006180876250805772,0.338,True,True,7.105427357601002e-14,True,True,1.0160761121369433e-12,True,True,1.3964523981613297e-16,True,True,True,True
power_primary-b68bc66d33f4,417,completed,583668386,3,999,0.15880124843289423,0.5,0.9336664591436514,0.713,0.009154274863002656,0.123,power_primary-d74045b65506,completed,583668386,3,999,0.15880124843289423,0.5,0.9336664591440419,0.713,0.00915427486300321,0.123,True,True,0.0,True,True,3.9046543776066756e-13,True,True,5.533767888366015e-16,True,True,True,True
power_primary-b68bc66d33f4,418,completed,824782301,3,999,0.36150068780276,0.203,0.9228187966401066,0.885,0.008157810446948988,0.309,power_primary-d74045b65506,completed,824782301,3,999,0.36150068780270317,0.203,0.9228187966405015,0.885,0.008157810446948239,0.309,True,True,5.684341886080802e-14,True,True,3.949063298591682e-13,True,True,7.494005416219807e-16,True,True,True,True
power_primary-b68bc66d33f4,419,completed,2068896097,3,999,0.2809583874040982,0.215,10.742789237590864,0.042,0.00999462489658883,0.093,power_primary-d74045b65506,completed,2068896097,3,999,0.2809583874040982,0.215,10.742789237590864,0.042,0.00999462489658883,0.093,True,True,0.0,True,True,0.0,True,True,0.0,True,True,True,True
power_primary-b68bc66d33f4,420,completed,1545375048,3,999,0.1080199502982282,0.486,2.6136277345256897,0.647,0.005770433701906312,0.108,power_primary-d74045b65506,completed,1545375048,3,999,0.1080199502982282,0.486,2.6136277345256897,0.647,0.005770433701906312,0.108,True,True,0.0,True,True,0.0,True,True,0.0,True,True,True,True
power_primary-b68bc66d33f4,421,completed,1723240377,3,999,0.020558517821910982,0.921,0.5971423702699363,0.864,0.0022838230995258953,0.977,power_primary-d74045b65506,completed,1723240377,3,999,0.02055851782188256,0.921,0.5971423702705467,0.864,0.002283823099525702,0.977,True,True,2.842170943040401e-14,True,True,6.104006189389111e-13,True,True,1.93421667571414e-16,True,True,True,True
power_primary-b68bc66d33f4,422,completed,1676297037,3,999,0.411651342514304,0.098,2.6777012212226543,0.388,0.007284327603805867,0.234,power_primary-d74045b65506,completed,1676297037,3,999,0.4116513425142898,0.098,2.677701221221838,0.388,0.0072843276038055075,0.234,True,True,1.4210854715202004e-14,True,True,8.162359677044151e-13,True,True,3.5908775952719907e-16,True,True,True,True
power_primary-b68bc66d33f4,423,completed,14625745,3,999,0.08790452606700683,0.767,1.590810087986968,0.404,0.005486894378523256,0.676,power_primary-d74045b65506,completed,14625745,3,999,0.08790452606700683,0.767,1.590810087986968,0.404,0.005486894378523256,0.676,True,True,0.0,True,True,0.0,True,True,0.0,True,True,True,True
power_primary-b68bc66d33f4,424,completed,1093711329,3,999,0.18247545432451773,0.42,2.016536250687994,0.848,0.002485912929203371,0.96,power_primary-d74045b65506,completed,1093711329,3,999,0.18247545432454615,0.42,2.0165362506899824,0.848,0.0024859129292042876,0.96,True,True,2.842170943040401e-14,True,True,1.9886314817085804e-12,True,True,9.163676761847483e-16,True,True,True,True
power_primary-b68bc66d33f4,425,completed,1758966559,3,999,0.056418697016908936,0.7,4.844260824955236,0.755,0.001764314591327471,0.988,power_primary-d74045b65506,completed,1758966559,3,999,0.056418697016908936,0.7,4.844260824955236,0.755,0.001764314591327471,0.988,True,True,0.0,True,True,0.0,True,True,0.0,True,True,True,True
power_primary-b68bc66d33f4,426,completed,1041307921,3,999,0.2425014268365544,0.43,5.1931478219473215,0.134,0.010533274592849627,0.159,power_primary-d74045b65506,completed,1041307921,3,999,0.2425014268365544,0.43,5.1931478219473215,0.134,0.010533274592849627,0.159,True,True,0.0,True,True,0.0,True,True,0.0,True,True,True,True
power_primary-b68bc66d33f4,427,completed,640981727,2,999,0.2469748733148336,0.072,0.3596783395831298,0.788,0.0048787182084337,0.443,power_primary-d74045b65506,completed,640981727,2,999,0.24697487331480517,0.072,0.3596783395831298,0.788,0.004878718208433094,0.443,True,True,2.842170943040401e-14,True,True,0.0,True,True,6.054184931159057e-16,True,True,True,True
power_primary-b68bc66d33f4,428,completed,1938347211,3,999,0.20512682236062574,0.215,10.243534754331028,0.165,0.007035361518963309,0.41,power_primary-d74045b65506,completed,1938347211,3,999,0.2051268223605831,0.215,10.243534754331172,0.165,0.007035361518963737,0.41,True,True,4.263256414560601e-14,True,True,1.438849039914203e-13,True,True,4.2760933682828295e-16,True,True,True,True
power_primary-b68bc66d33f4,429,completed,1351063941,2,999,0.1194936994691318,0.429,10.503492061378239,0.365,0.0034419059805559094,0.808,power_primary-d74045b65506,completed,1351063941,2,999,0.11949369946914601,0.429,10.50349206137911,0.365,0.0034419059805557307,0.808,True,True,1.4210854715202004e-14,True,True,8.704148513061227e-13,True,True,1.7867651802561113e-16,True,True,True,True
power_primary-b68bc66d33f4,430,completed,1279021676,3,999,0.2337117501657957,0.307,4.266993093847298,0.135,0.007821889796105546,0.162,power_primary-d74045b65506,completed,1279021676,3,999,0.23371175016582413,0.307,4.2669930938467004,0.135,0.007821889796104969,0.162,True,True,2.842170943040401e-14,True,True,5.977440764581843e-13,True,True,5.776629175002768e-16,True,True,True,True
power_primary-b68bc66d33f4,431,completed,816068084,3,999,0.007765674619363949,0.961,1.8429368855820503,0.177,0.004201212363262372,0.575,power_primary-d74045b65506,completed,816068084,3,999,0.0077656746193355275,0.961,1.8429368855816546,0.177,0.004201212363262429,0.575,True,True,2.842170943040401e-14,True,True,3.956834859764058e-13,True,True,5.724587470723463e-17,True,True,True,True
power_primary-b68bc66d33f4,432,completed,664754462,2,999,0.24502572715820037,0.189,3.05835072119811,0.244,0.013338546347243992,0.003,power_primary-d74045b65506,completed,664754462,2,999,0.24502572715817195,0.189,3.0583507211976326,0.244,0.013338546347243662,0.003,True,True,2.842170943040401e-14,True,True,4.773959005888173e-13,True,True,3.2959746043559335e-16,True,True,True,True
power_primary-b68bc66d33f4,433,completed,1650944376,3,999,0.01977312468888215,0.911,4.8395262356471695,0.087,0.0068382962548715846,0.236,power_primary-d74045b65506,completed,1650944376,3,999,0.01977312468892478,0.911,4.839526235646943,0.087,0.006838296254871532,0.236,True,True,4.263256414560601e-14,True,True,2.2648549702353193e-13,True,True,5.2909066017292616e-17,True,True,True,True
power_primary-b68bc66d33f4,434,completed,1259477177,2,999,0.11362307488650458,0.515,1.1317893850945235,0.339,0.003052938023236852,0.822,power_primary-d74045b65506,completed,1259477177,2,999,0.11362307488650458,0.515,1.1317893850948455,0.339,0.003052938023237326,0.822,True,True,0.0,True,True,3.219646771412954e-13,True,True,4.740131898106625e-16,True,True,True,True
power_primary-b68bc66d33f4,435,completed,217210592,3,999,0.1198628658450076,0.632,2.509480196652089,0.864,0.008468891194502167,0.076,power_primary-d74045b65506,completed,217210592,3,999,0.1198628658450076,0.632,2.509480196652089,0.864,0.008468891194502167,0.076,True,True,0.0,True,True,0.0,True,True,0.0,True,True,True,True
power_primary-b68bc66d33f4,436,completed,439753725,3,999,0.034472255324359935,0.868,1.284595397676518,0.549,0.0043695271029165345,0.699,power_primary-d74045b65506,completed,439753725,3,999,0.034472255324345724,0.868,1.2845953976759505,0.549,0.004369527102915723,0.699,True,True,1.4210854715202004e-14,True,True,5.6754601018838e-13,True,True,8.118505867571457e-16,True,True,True,True
power_primary-b68bc66d33f4,437,completed,829861802,3,999,0.07305795531853221,0.659,5.024188869151614,0.056,0.006462618741018284,0.093,power_primary-d74045b65506,completed,829861802,3,999,0.07305795531853221,0.659,5.024188869152195,0.056,0.006462618741018936,0.093,True,True,0.0,True,True,5.808686864838819e-13,True,True,6.522560269672795e-16,True,True,True,True
power_primary-b68bc66d33f4,438,completed,994784248,3,999,0.28712012110929663,0.157,1.9768664954154571,0.497,0.006816692496679612,0.308,power_primary-d74045b65506,completed,994784248,3,999,0.28712012110921137,0.157,1.9768664954149036,0.497,0.006816692496678547,0.308,True,True,8.526512829121202e-14,True,True,5.535572000781031e-13,True,True,1.0651202142497596e-15,True,True,True,True
power_primary-b68bc66d33f4,439,completed,2143311081,3,999,0.07470665871092308,0.7,177.4913571977586,0.061,0.0031776152595413627,0.96,power_primary-d74045b65506,completed,2143311081,3,999,0.07470665871092308,0.7,177.4913571977586,0.061,0.0031776152595413627,0.96,True,True,0.0,True,True,0.0,True,True,0.0,True,True,True,True
power_primary-b68bc66d33f4,440,completed,971465241,3,999,0.018978751031511365,0.954,1.0416114405378551,0.959,0.0020126163818914885,0.993,power_primary-d74045b65506,completed,971465241,3,999,0.018978751031511365,0.954,1.0416114405378551,0.959,0.0020126163818914885,0.993,True,True,0.0,True,True,0.0,True,True,0.0,True,True,True,True
power_primary-b68bc66d33f4,441,completed,1453688402,3,999,0.0069868979929452735,0.97,3.1870865054300195,0.189,0.006986254093836483,0.208,power_primary-d74045b65506,completed,1453688402,3,999,0.006986897993002117,0.97,3.1870865054301327,0.189,0.006986254093835937,0.208,True,True,5.684341886080802e-14,True,True,1.1324274851176597e-13,True,True,5.455705331947058e-16,True,True,True,True
power_primary-b68bc66d33f4,442,completed,1278018112,3,999,0.2734760725518015,0.111,0.9060406719758217,0.565,0.004481247237443128,0.548,power_primary-d74045b65506,completed,1278018112,3,999,0.2734760725518015,0.111,0.9060406719758217,0.565,0.004481247237443128,0.548,True,True,0.0,True,True,0.0,True,True,0.0,True,True,True,True
power_primary-b68bc66d33f4,443,completed,1538451968,3,999,0.25626319323724545,0.384,8.912043235093591,0.468,0.011086669157654402,0.387,power_primary-d74045b65506,completed,1538451968,3,999,0.25626319323723123,0.384,8.912043235092689,0.468,0.011086669157653292,0.387,True,True,1.4210854715202004e-14,True,True,9.023892744153272e-13,True,True,1.1102230246251565e-15,True,True,True,True
power_primary-b68bc66d33f4,444,completed,1407700397,3,999,0.05033822863715898,0.786,4.45301310764753,0.337,0.004476675130631924,0.569,power_primary-d74045b65506,completed,1407700397,3,999,0.050338228637144766,0.786,4.453013107647694,0.337,0.0044766751306331174,0.569,True,True,1.4210854715202004e-14,True,True,1.6342482922482304e-13,True,True,1.1934897514720433e-15,True,True,True,True
power_primary-b68bc66d33f4,445,completed,604200131,3,999,0.23165932604001682,0.268,1.7039846535912107,0.839,0.0028026774622727612,0.928,power_primary-d74045b65506,completed,604200131,3,999,0.2316593260399742,0.268,1.7039846535907825,0.839,0.0028026774622728788,0.928,True,True,4.263256414560601e-14,True,True,4.2810199829546036e-13,True,True,1.1752751549742868e-16,True,True,True,True
power_primary-b68bc66d33f4,446,completed,426346366,2,999,0.30726341618510133,0.18,2.4660650870687344,0.163,0.007262028665067406,0.324,power_primary-d74045b65506,completed,426346366,2,999,0.3072634161851511,0.18,2.466065087069474,0.163,0.007262028665067917,0.324,True,True,4.973799150320701e-14,True,True,7.394085344003543e-13,True,True,5.108760636751697e-16,True,True,True,True
power_primary-b68bc66d33f4,447,completed,100970251,2,999,0.2418485252892495,0.418,1.2175207552504166,0.448,0.005150878069268815,0.741,power_primary-d74045b65506,completed,100970251,2,999,0.2418485252892495,0.418,1.2175207552504166,0.448,0.005150878069268815,0.741,True,True,0.0,True,True,0.0,True,True,0.0,True,True,True,True
power_primary-b68bc66d33f4,448,completed,955430255,3,999,0.05528636531502684,0.815,2.337378165444709,0.732,0.004831085292581199,0.762,power_primary-d74045b65506,completed,955430255,3,999,0.055286365315097896,0.815,2.337378165443617,0.732,0.004831085292581368,0.762,True,True,7.105427357601002e-14,True,True,1.092015367021304e-12,True,True,1.691355389077387e-16,True,True,True,True
power_primary-b68bc66d33f4,449,completed,1360243397,3,999,0.12819634648521117,0.552,10.487323556562066,0.076,0.010541027601762683,0.123,power_primary-d74045b65506,completed,1360243397,3,999,0.12819634648522538,0.552,10.487323556562625,0.076,0.010541027601762756,0.123,True,True,1.4210854715202004e-14,True,True,5.595524044110789e-13,True,True,7.28583859910259e-17,True,True,True,True
power_primary-b68bc66d33f4,450,completed,832903850,3,999,0.0871447888220871,0.758,7.52848035678159,0.089,0.007435783593156413,0.263,power_primary-d74045b65506,completed,832903850,3,999,0.0871447888220871,0.758,7.52848035678159,0.089,0.007435783593156413,0.263,True,True,0.0,True,True,0.0,True,True,0.0,True,True,True,True
power_primary-b68bc66d33f4,451,completed,634693107,3,999,0.06831602792932756,0.731,2.1036761544336122,0.399,0.006329430901123721,0.505,power_primary-d74045b65506,completed,634693107,3,999,0.06831602792932756,0.731,2.1036761544336122,0.399,0.006329430901123721,0.505,True,True,0.0,True,True,0.0,True,True,0.0,True,True,True,True
power_primary-b68bc66d33f4,452,completed,60091095,3,999,0.17708674880482533,0.443,15.528186898558642,0.029,0.007353725296238967,0.277,power_primary-d74045b65506,completed,60091095,3,999,0.1770867488049106,0.443,15.528186898558333,0.029,0.007353725296238984,0.277,True,True,8.526512829121202e-14,True,True,3.090860900556436e-13,True,True,1.734723475976807e-17,True,True,True,True
power_primary-b68bc66d33f4,453,completed,1358201822,3,999,0.03039137302431527,0.879,0.3859381970207628,0.969,0.005125724028685258,0.441,power_primary-d74045b65506,completed,1358201822,3,999,0.03039137302431527,0.879,0.3859381970207628,0.969,0.005125724028685258,0.441,True,True,0.0,True,True,0.0,True,True,0.0,True,True,True,True
power_primary-b68bc66d33f4,454,completed,10954789,3,999,0.2114519109039179,0.394,2.8484161151495377,0.21,0.005502401383333165,0.564,power_primary-d74045b65506,completed,10954789,3,999,0.21145191090394633,0.394,2.848416115149666,0.21,0.005502401383333129,0.564,True,True,2.842170943040401e-14,True,True,1.283417816466681e-13,True,True,3.642919299551295e-17,True,True,True,True
power_primary-b68bc66d33f4,455,completed,2061305058,3,999,0.1522351681450118,0.67,4.12142871057835,0.166,0.0102278966421175,0.326,power_primary-d74045b65506,completed,2061305058,3,999,0.1522351681450118,0.67,4.12142871057835,0.166,0.0102278966421175,0.326,True,True,0.0,True,True,0.0,True,True,0.0,True,True,True,True
power_primary-b68bc66d33f4,456,completed,453664551,3,999,0.04022210255081404,0.861,1.6882852668638815,0.46,0.006510920093458407,0.225,power_primary-d74045b65506,completed,453664551,3,999,0.040222102550842465,0.861,1.6882852668636654,0.46,0.006510920093458415,0.225,True,True,2.842170943040401e-14,True,True,2.1604940059205546e-13,True,True,8.673617379884035e-18,True,True,True,True
power_primary-b68bc66d33f4,457,completed,2048920714,3,999,0.2009616903170155,0.445,2.390589113647842,0.62,0.005181357579315406,0.868,power_primary-d74045b65506,completed,2048920714,3,999,0.2009616903170155,0.445,2.390589113647842,0.62,0.005181357579315406,0.868,True,True,0.0,True,True,0.0,True,True,0.0,True,True,True,True
power_primary-b68bc66d33f4,458,completed,2071354804,3,999,0.0083080523045993,0.969,5.105992064570103,0.64,0.006634442047651198,0.521,power_primary-d74045b65506,completed,2071354804,3,999,0.008308052304627722,0.969,5.105992064569816,0.64,0.006634442047650541,0.521,True,True,2.842170943040401e-14,True,True,2.8688162956314045e-13,True,True,6.574601973952099e-16,True,True,True,True
power_primary-b68bc66d33f4,459,completed,1394068,3,999,0.09713826378757062,0.699,4.261705432720764,0.014,0.011054519067449224,0.073,power_primary-d74045b65506,completed,1394068,3,999,0.0971382637875422,0.699,4.2617054327209365,0.014,0.011054519067449108,0.073,True,True,2.842170943040401e-14,True,True,1.723066134218243e-13,True,True,1.1622647289044608e-16,True,True,True,True
power_primary-b68bc66d33f4,460,completed,1315898598,3,999,0.0758947685536242,0.691,4.2089099692424154,0.17,0.005294749055550639,0.505,power_primary-d74045b65506,completed,1315898598,3,999,0.07589476855359578,0.691,4.208909969242589,0.17,0.005294749055550736,0.505,True,True,2.842170943040401e-14,True,True,1.7319479184152442e-13,True,True,9.71445146547012e-17,True,True,True,True
power_primary-b68bc66d33f4,461,completed,820070248,3,999,0.20163546568663548,0.235,1.179625117078875,0.848,0.006929717666208758,0.121,power_primary-d74045b65506,completed,820070248,3,999,0.2016354656866497,0.235,1.179625117078875,0.848,0.006929717666208196,0.121,True,True,1.4210854715202004e-14,True,True,0.0,True,True,5.611830444784971e-16,True,True,True,True
power_primary-b68bc66d33f4,462,completed,1346212333,3,999,0.28053030154116243,0.217,1.1541655690620334,0.642,0.0051466331929209234,0.495,power_primary-d74045b65506,completed,1346212333,3,999,0.2805303015411482,0.217,1.1541655690623491,0.642,0.00514663319292184,0.495,True,True,1.4210854715202004e-14,True,True,3.157474282033945e-13,True,True,9.168013570537425e-16,True,True,True,True
power_primary-b68bc66d33f4,463,completed,922124269,2,999,0.06374613424033271,0.76,166.5157875837034,0.295,0.005085971651678506,0.779,power_primary-d74045b65506,completed,922124269,2,999,0.06374613424036113,0.76,166.5157875837021,0.295,0.00508597165167913,0.779,True,True,2.842170943040401e-14,True,True,1.3073986337985843e-12,True,True,6.2363308961366215e-16,True,True,True,True
power_primary-b68bc66d33f4,464,completed,771655228,3,999,0.22899224413509955,0.172,0.7259879212054821,0.788,0.004993976484097558,0.381,power_primary-d74045b65506,completed,771655228,3,999,0.22899224413505692,0.172,0.7259879212044781,0.788,0.004993976484097284,0.381,True,True,4.263256414560601e-14,True,True,1.003974681168529e-12,True,True,2.740863092043355e-16,True,True,True,True
power_primary-b68bc66d33f4,465,completed,1298211836,3,999,0.1464607600116068,0.433,2.131015279242725,0.901,0.007910022703313487,0.61,power_primary-d74045b65506,completed,1298211836,3,999,0.1464607600116068,0.433,2.131015279242725,0.901,0.007910022703313487,0.61,True,True,0.0,True,True,0.0,True,True,0.0,True,True,True,True
power_primary-b68bc66d33f4,466,completed,389319695,3,999,0.003353410330092288,0.984,0.6919626724265503,0.857,0.0021156924508515824,0.944,power_primary-d74045b65506,completed,389319695,3,999,0.0033534103301349205,0.984,0.6919626724260235,0.857,0.0021156924508518925,0.944,True,True,4.263256414560601e-14,True,True,5.268008251846368e-13,True,True,3.1008182133085427e-16,True,True,True,True
power_primary-b68bc66d33f4,467,completed,763386823,3,999,0.12708736097111029,0.75,2.7915555965770005,0.552,0.007238216984517627,0.808,power_primary-d74045b65506,completed,763386823,3,999,0.12708736097111029,0.75,2.79155559657687,0.552,0.007238216984517718,0.808,True,True,0.0,True,True,1.305622276959184e-13,True,True,9.107298248878237e-17,True,True,True,True
power_primary-b68bc66d33f4,468,completed,2017552694,3,999,0.4494416549003404,0.155,1.9388397883689064,0.722,0.008632257071989566,0.437,power_primary-d74045b65506,completed,2017552694,3,999,0.4494416549003404,0.155,1.9388397883689064,0.722,0.008632257071989566,0.437,True,True,0.0,True,True,0.0,True,True,0.0,True,True,True,True
power_primary-b68bc66d33f4,469,completed,1435994499,3,999,0.3304068853328346,0.19,2.962923185845363,0.705,0.00614101600555618,0.518,power_primary-d74045b65506,completed,1435994499,3,999,0.3304068853328346,0.19,2.962923185845363,0.705,0.00614101600555618,0.518,True,True,0.0,True,True,0.0,True,True,0.0,True,True,True,True
power_primary-b68bc66d33f4,470,completed,1674333554,3,999,0.16074352238548784,0.488,170.82056311754235,0.373,0.010199425486377482,0.044,power_primary-d74045b65506,completed,1674333554,3,999,0.16074352238550205,0.488,170.82056311754184,0.373,0.010199425486378404,0.044,True,True,1.4210854715202004e-14,True,True,5.115907697472721e-13,True,True,9.228728892196614e-16,True,True,True,True
power_primary-b68bc66d33f4,471,completed,1608629866,3,999,0.09093069066649662,0.593,0.5160835733784109,0.966,0.005916902335221787,0.506,power_primary-d74045b65506,completed,1608629866,3,999,0.0909306906664682,0.593,0.5160835733798234,0.966,0.005916902335221737,0.506,True,True,2.842170943040401e-14,True,True,1.4124257319281242e-12,True,True,5.0306980803327406e-17,True,True,True,True
power_primary-b68bc66d33f4,472,completed,342568612,3,999,0.05813102134177939,0.775,3.7877929787302023,0.072,0.0043429034299475805,0.567,power_primary-d74045b65506,completed,342568612,3,999,0.05813102134177939,0.775,3.7877929787302023,0.072,0.0043429034299475805,0.567,True,True,0.0,True,True,0.0,True,True,0.0,True,True,True,True
power_primary-b68bc66d33f4,473,completed,1828562861,3,999,0.06629951183455773,0.796,3.176187139569798,0.468,0.008595900830912422,0.229,power_primary-d74045b65506,completed,1828562861,3,999,0.06629951183458616,0.796,3.1761871395699126,0.468,0.008595900830912396,0.229,True,True,2.842170943040401e-14,True,True,1.1457501614131615e-13,True,True,2.6020852139652106e-17,True,True,True,True
power_primary-b68bc66d33f4,474,completed,1288922802,3,999,0.18344382481100752,0.364,3.2535376830614666,0.183,0.004524140387143603,0.567,power_primary-d74045b65506,completed,1288922802,3,999,0.18344382481096488,0.364,3.2535376830615785,0.183,0.004524140387143725,0.567,True,True,4.263256414560601e-14,True,True,1.1191048088221578e-13,True,True,1.222980050563649e-16,True,True,True,True
power_primary-b68bc66d33f4,475,completed,1059530713,3,999,0.10983080410137802,0.47,1.552871181875825,0.134,0.007909609507594152,0.009,power_primary-d74045b65506,completed,1059530713,3,999,0.10983080410133539,0.47,1.5528711818760594,0.134,0.007909609507594489,0.009,True,True,4.263256414560601e-14,True,True,2.3447910280083306e-13,True,True,3.365363543395006e-16,True,True,True,True
power_primary-b68bc66d33f4,476,completed,1491094263,3,999,0.10783631249516645,0.595,4.263251893976523,0.41,0.006093157414263317,0.537,power_primary-d74045b65506,completed,1491094263,3,999,0.10783631249510961,0.595,4.263251893977294,0.41,0.006093157414264355,0.537,True,True,5.684341886080802e-14,True,True,7.709388682997087e-13,True,True,1.0373646386341306e-15,True,True,True,True
power_primary-b68bc66d33f4,477,completed,48802102,3,999,0.09243530615390227,0.675,0.4318632940873375,0.948,0.011134894522202747,0.033,power_primary-d74045b65506,completed,48802102,3,999,0.09243530615391649,0.675,0.4318632940856496,0.948,0.011134894522203457,0.033,True,True,1.4210854715202004e-14,True,True,1.6878720643376255e-12,True,True,7.095019016745141e-16,True,True,True,True
power_primary-b68bc66d33f4,478,completed,2105559418,2,999,0.3604979525700429,0.199,2.0101972697229233,0.803,0.016926351853223196,0.005,power_primary-d74045b65506,completed,2105559418,2,999,0.36049795256995765,0.199,2.010197269722561,0.803,0.016926351853224456,0.005,True,True,8.526512829121202e-14,True,True,3.623767952376511e-13,True,True,1.259409243559162e-15,True,True,True,True
power_primary-b68bc66d33f4,479,completed,1754276140,3,999,0.34164532544954795,0.049,176.79611163761683,0.251,0.0055341743585425865,0.35,power_primary-d74045b65506,completed,1754276140,3,999,0.34164532544956216,0.049,176.79611163761672,0.251,0.005534174358542223,0.35,True,True,1.4210854715202004e-14,True,True,1.1368683772161603e-13,True,True,3.634245682171411e-16,True,True,True,True
power_primary-b68bc66d33f4,480,completed,2111954280,3,999,0.04916387316603732,0.828,0.35269063457369787,0.901,0.002247975328663074,0.978,power_primary-d74045b65506,completed,2111954280,3,999,0.04916387316599469,0.828,0.35269063457369787,0.901,0.0022479753286627313,0.978,True,True,4.263256414560601e-14,True,True,0.0,True,True,3.426078865054194e-16,True,True,True,True
power_primary-b68bc66d33f4,481,completed,861839813,3,999,0.26636584352839066,0.367,1.6552206893714652,0.792,0.005536280058019303,0.652,power_primary-d74045b65506,completed,861839813,3,999,0.26636584352839066,0.367,1.6552206893714652,0.792,0.005536280058019303,0.652,True,True,0.0,True,True,0.0,True,True,0.0,True,True,True,True
power_primary-b68bc66d33f4,482,completed,1651467939,3,999,0.07021028020351139,0.738,1.9471975168415745,0.664,0.004857206273203828,0.663,power_primary-d74045b65506,completed,1651467939,3,999,0.07021028020351139,0.738,1.9471975168415745,0.664,0.004857206273203828,0.663,True,True,0.0,True,True,0.0,True,True,0.0,True,True,True,True
power_primary-b68bc66d33f4,483,completed,1927504767,3,999,0.34299226081951417,0.092,7.11218505128708,0.029,0.008669365969494323,0.051,power_primary-d74045b65506,completed,1927504767,3,999,0.34299226081947154,0.092,7.112185051287851,0.029,0.008669365969494365,0.051,True,True,4.263256414560601e-14,True,True,7.709388682997087e-13,True,True,4.163336342344337e-17,True,True,True,True
power_primary-b68bc66d33f4,484,completed,1739084432,3,999,0.048503193370152076,0.791,0.40136986870692504,0.922,0.002733983165756195,0.936,power_primary-d74045b65506,completed,1739084432,3,999,0.048503193370123654,0.791,0.40136986870692504,0.922,0.00273398316575592,0.936,True,True,2.842170943040401e-14,True,True,0.0,True,True,2.749536709423239e-16,True,True,True,True
power_primary-b68bc66d33f4,485,completed,1526580107,3,999,0.1438978898123935,0.511,5.1844495862678475,0.214,0.00834587778133661,0.102,power_primary-d74045b65506,completed,1526580107,3,999,0.1438978898123935,0.511,5.1844495862678475,0.214,0.00834587778133661,0.102,True,True,0.0,True,True,0.0,True,True,0.0,True,True,True,True
power_primary-b68bc66d33f4,486,completed,682866602,3,999,0.014313303899115226,0.941,2.000224609874981,0.688,0.004782890543966733,0.666,power_primary-d74045b65506,completed,682866602,3,999,0.01431330389917207,0.941,2.000224609874617,0.688,0.004782890543965916,0.666,True,True,5.684341886080802e-14,True,True,3.6415315207705135e-13,True,True,8.170547571850761e-16,True,True,True,True
power_primary-b68bc66d33f4,487,completed,1754054015,3,999,0.06471214252709956,0.681,2.8196132876681492,0.171,0.004520734939767932,0.443,power_primary-d74045b65506,completed,1754054015,3,999,0.06471214252709956,0.681,2.8196132876681492,0.171,0.004520734939767932,0.443,True,True,0.0,True,True,0.0,True,True,0.0,True,True,True,True
power_primary-b68bc66d33f4,488,completed,2038358364,3,999,0.005672068710268263,0.982,2.6437549456629177,0.611,0.004308777476338378,0.698,power_primary-d74045b65506,completed,2038358364,3,999,0.005672068710310896,0.982,2.6437549456641585,0.611,0.00430877747633818,0.698,True,True,4.263256414560601e-14,True,True,1.240785252321075e-12,True,True,1.986258379993444e-16,True,True,True,True
power_primary-b68bc66d33f4,489,completed,1659166059,3,999,0.015193742955645462,0.946,1.6273261555280336,0.556,0.005835074943519035,0.363,power_primary-d74045b65506,completed,1659166059,3,999,0.015193742955645462,0.946,1.6273261555280336,0.556,0.005835074943519035,0.363,True,True,0.0,True,True,0.0,True,True,0.0,True,True,True,True
power_primary-b68bc66d33f4,490,completed,1641398342,3,999,0.3074519899299304,0.164,1.1726057208226275,0.773,0.00859338013783586,0.051,power_primary-d74045b65506,completed,1641398342,3,999,0.3074519899299304,0.164,1.1726057208226275,0.773,0.00859338013783586,0.051,True,True,0.0,True,True,0.0,True,True,0.0,True,True,True,True
power_primary-b68bc66d33f4,491,completed,84035724,3,999,0.13625733900754256,0.538,1.6995414302934524,0.378,0.007988461517349225,0.23,power_primary-d74045b65506,completed,84035724,3,999,0.13625733900749282,0.538,1.6995414302925946,0.378,0.007988461517348994,0.23,True,True,4.973799150320701e-14,True,True,8.577583088253959e-13,True,True,2.3071822230491534e-16,True,True,True,True
power_primary-b68bc66d33f4,492,completed,429780230,2,999,0.34081114536111556,0.189,3.254336038881591,0.792,0.005688064229083998,0.809,power_primary-d74045b65506,completed,429780230,2,999,0.34081114536111556,0.189,3.254336038881591,0.792,0.005688064229083998,0.809,True,True,0.0,True,True,0.0,True,True,0.0,True,True,True,True
power_primary-b68bc66d33f4,493,completed,1261485334,3,999,0.05884774589654285,0.734,6.683614395812251,0.017,0.00665202056933513,0.101,power_primary-d74045b65506,completed,1261485334,3,999,0.05884774589654285,0.734,6.683614395812634,0.017,0.006652020569335264,0.101,True,True,0.0,True,True,3.82804898890754e-13,True,True,1.3357370765021415e-16,True,True,True,True
power_primary-b68bc66d33f4,494,completed,982770071,3,999,0.18706061950686603,0.353,1.0194027524062412,0.387,0.003905829218600873,0.852,power_primary-d74045b65506,completed,982770071,3,999,0.18706061950685182,0.353,1.0194027524058837,0.387,0.003905829218601046,0.852,True,True,1.4210854715202004e-14,True,True,3.574918139293004e-13,True,True,1.730386667286865e-16,True,True,True,True
power_primary-b68bc66d33f4,495,completed,529040172,3,999,0.30687804490345627,0.258,2.2081554824547682,0.404,0.005176977809132227,0.748,power_primary-d74045b65506,completed,529040172,3,999,0.3068780449034989,0.258,2.2081554824547682,0.404,0.005176977809132436,0.748,True,True,4.263256414560601e-14,True,True,0.0,True,True,2.0903417885520525e-16,True,True,True,True
power_primary-b68bc66d33f4,496,completed,654693690,3,999,0.8561439146118062,0.008,3.012802375584263,0.12,0.013759409645514862,0.018,power_primary-d74045b65506,completed,654693690,3,999,0.8561439146117777,0.008,3.0128023755840205,0.12,0.013759409645514732,0.018,True,True,2.842170943040401e-14,True,True,2.424727085781342e-13,True,True,1.3010426069826053e-16,True,True,True,True
power_primary-b68bc66d33f4,497,completed,546931035,3,999,0.06241063914991685,0.761,3.852880172015919,0.354,0.004802482958173304,0.637,power_primary-d74045b65506,completed,546931035,3,999,0.06241063914991685,0.761,3.852880172015919,0.354,0.004802482958173304,0.637,True,True,0.0,True,True,0.0,True,True,0.0,True,True,True,True
power_primary-b68bc66d33f4,498,completed,1902393206,2,999,0.41450849921349686,0.022,8.005908768816465,0.108,0.007121697475891722,0.139,power_primary-d74045b65506,completed,1902393206,2,999,0.41450849921349686,0.022,8.005908768816465,0.108,0.007121697475891722,0.139,True,True,0.0,True,True,0.0,True,True,0.0,True,True,True,True
power_primary-b68bc66d33f4,499,completed,513225862,3,999,0.13526318436986173,0.462,1.141173591773973,0.532,0.004382867554459085,0.784,power_primary-d74045b65506,completed,513225862,3,999,0.13526318436986173,0.462,1.141173591773973,0.532,0.004382867554459314,0.784,True,True,0.0,True,True,0.0,True,True,2.2898349882893854e-16,True,True,True,True
