trajectory_mode,effect_size,cell_id,phase,checkpoint,scope,measurement_space,statistic,n_replicates,n_available,n_unavailable,mean,sd,median
magnitude,0.02,power_design-1481945bfb11,power_design,population_native,expression,native_omic_units,angle,500,500,0,4.320000464684356,27.576412199231843,0.0
magnitude,0.02,power_design-5db8587d5aad,power_design,population_native,expression,native_omic_units,angle,500,500,0,4.3200004397975835,27.576412209753812,0.0
magnitude,0.02,power_design-f10f69270e6f,power_design,population_native,expression,native_omic_units,angle,500,500,0,4.320000455793418,27.576412221047686,0.0
magnitude,0.02,power_primary-c44ce1f3a791,power_primary,population_native,expression,native_omic_units,angle,500,500,0,3.600000448674805,25.225237752208624,0.0
magnitude,0.02,power_design-1481945bfb11,power_design,population_native,expression,native_omic_units,delta,500,500,0,0.5096156977340227,0.02547403259980035,0.5116386585119059
magnitude,0.02,power_design-5db8587d5aad,power_design,population_native,expression,native_omic_units,delta,500,500,0,0.5096156977340227,0.02547403259980035,0.5116386585119059
magnitude,0.02,power_design-f10f69270e6f,power_design,population_native,expression,native_omic_units,delta,500,500,0,0.5096156977340227,0.02547403259980035,0.5116386585119059
magnitude,0.02,power_primary-c44ce1f3a791,power_primary,population_native,expression,native_omic_units,delta,500,500,0,0.5096156977340227,0.02547403259980035,0.5116386585119059
magnitude,0.02,power_design-1481945bfb11,power_design,population_native,expression,native_omic_units,path_length[A],500,500,0,25.480784886701134,1.2737016299900132,25.581932925595176
magnitude,0.02,power_design-5db8587d5aad,power_design,population_native,expression,native_omic_units,path_length[A],500,500,0,25.480784886701134,1.2737016299900132,25.581932925595176
magnitude,0.02,power_design-f10f69270e6f,power_design,population_native,expression,native_omic_units,path_length[A],500,500,0,25.480784886701134,1.2737016299900132,25.581932925595176
magnitude,0.02,power_primary-c44ce1f3a791,power_primary,population_native,expression,native_omic_units,path_length[A],500,500,0,25.480784886701134,1.2737016299900132,25.581932925595176
magnitude,0.02,power_design-1481945bfb11,power_design,population_native,expression,native_omic_units,path_length[B],500,500,0,25.990400584435147,1.2991756625898119,26.09357158410708
magnitude,0.02,power_design-5db8587d5aad,power_design,population_native,expression,native_omic_units,path_length[B],500,500,0,25.990400584435147,1.2991756625898119,26.09357158410708
magnitude,0.02,power_design-f10f69270e6f,power_design,population_native,expression,native_omic_units,path_length[B],500,500,0,25.990400584435147,1.2991756625898119,26.09357158410708
magnitude,0.02,power_primary-c44ce1f3a791,power_primary,population_native,expression,native_omic_units,path_length[B],500,500,0,25.990400584435147,1.2991756625898119,26.09357158410708
magnitude,0.02,power_design-1481945bfb11,power_design,population_native,expression,native_omic_units,shape,500,500,0,1.1855821080279965e-15,4.4006202129156555e-16,1.1189712542195948e-15
magnitude,0.02,power_design-5db8587d5aad,power_design,population_native,expression,native_omic_units,shape,500,500,0,1.1728788291321558e-15,4.1145351950512395e-16,1.1075100352976673e-15
magnitude,0.02,power_design-f10f69270e6f,power_design,population_native,expression,native_omic_units,shape,500,500,0,1.1986409697036444e-15,5.017792157707094e-16,1.0965320304334184e-15
magnitude,0.02,power_primary-c44ce1f3a791,power_primary,population_native,expression,native_omic_units,shape,500,500,0,1.2189836380350578e-15,4.866060367917527e-16,1.1337761489923284e-15
magnitude,0.02,power_design-1481945bfb11,power_design,population_native,methylation,native_omic_units,angle,500,500,0,1.44000044604673,16.0512205791194,0.0
magnitude,0.02,power_design-5db8587d5aad,power_design,population_native,methylation,native_omic_units,angle,500,500,0,1.800000438538744,17.927710490003218,0.0
magnitude,0.02,power_design-f10f69270e6f,power_design,population_native,methylation,native_omic_units,angle,500,500,0,1.4400004273505205,16.05122056161304,0.0
magnitude,0.02,power_primary-c44ce1f3a791,power_primary,population_native,methylation,native_omic_units,angle,500,500,0,1.440000416498607,16.05122058177555,0.0
magnitude,0.02,power_design-1481945bfb11,power_design,population_native,methylation,native_omic_units,delta,500,500,0,0.6515624730930822,0.030822923618334056,0.6521541679413829
magnitude,0.02,power_design-5db8587d5aad,power_design,population_native,methylation,native_omic_units,delta,500,500,0,0.6515624730930822,0.030822923618334056,0.6521541679413829
magnitude,0.02,power_design-f10f69270e6f,power_design,population_native,methylation,native_omic_units,delta,500,500,0,0.6515624730930822,0.030822923618334056,0.6521541679413829
magnitude,0.02,power_primary-c44ce1f3a791,power_primary,population_native,methylation,native_omic_units,delta,500,500,0,0.6515624730930822,0.030822923618334056,0.6521541679413829
magnitude,0.02,power_design-1481945bfb11,power_design,population_native,methylation,native_omic_units,path_length[A],500,500,0,32.57812365465419,1.541146180916717,32.607708397069054
magnitude,0.02,power_design-5db8587d5aad,power_design,population_native,methylation,native_omic_units,path_length[A],500,500,0,32.57812365465419,1.541146180916717,32.607708397069054
magnitude,0.02,power_design-f10f69270e6f,power_design,population_native,methylation,native_omic_units,path_length[A],500,500,0,32.57812365465419,1.541146180916717,32.607708397069054
magnitude,0.02,power_primary-c44ce1f3a791,power_primary,population_native,methylation,native_omic_units,path_length[A],500,500,0,32.57812365465419,1.541146180916717,32.607708397069054
magnitude,0.02,power_design-1481945bfb11,power_design,population_native,methylation,native_omic_units,path_length[B],500,500,0,33.22968612774723,1.571969104535052,33.25986256501044
magnitude,0.02,power_design-5db8587d5aad,power_design,population_native,methylation,native_omic_units,path_length[B],500,500,0,33.22968612774723,1.571969104535052,33.25986256501044
magnitude,0.02,power_design-f10f69270e6f,power_design,population_native,methylation,native_omic_units,path_length[B],500,500,0,33.22968612774723,1.571969104535052,33.25986256501044
magnitude,0.02,power_primary-c44ce1f3a791,power_primary,population_native,methylation,native_omic_units,path_length[B],500,500,0,33.22968612774723,1.571969104535052,33.25986256501044
magnitude,0.02,power_design-1481945bfb11,power_design,population_native,methylation,native_omic_units,shape,500,500,0,2.063918390916134e-15,1.2862632965645125e-15,1.6243751775823664e-15
magnitude,0.02,power_design-5db8587d5aad,power_design,population_native,methylation,native_omic_units,shape,500,500,0,2.0627295357174903e-15,1.2860405423637972e-15,1.6106728645116607e-15
magnitude,0.02,power_design-f10f69270e6f,power_design,population_native,methylation,native_omic_units,shape,500,500,0,2.0576287609674587e-15,1.2653654143596514e-15,1.6200005337723676e-15
magnitude,0.02,power_primary-c44ce1f3a791,power_primary,population_native,methylation,native_omic_units,shape,500,500,0,2.0938203317385486e-15,1.2868264346882825e-15,1.6413409888276622e-15
magnitude,0.02,power_design-5db8587d5aad,power_design,population_native,proteomics,native_omic_units,angle,500,500,0,3.2400003652696814,23.955168396751294,0.0
magnitude,0.02,power_design-f10f69270e6f,power_design,population_native,proteomics,native_omic_units,angle,500,500,0,3.0600003670803075,22.940988917983542,0.0
magnitude,0.02,power_design-5db8587d5aad,power_design,population_native,proteomics,native_omic_units,delta,500,500,0,0.5649499929400315,0.029905744192076027,0.5646625741703488
magnitude,0.02,power_design-f10f69270e6f,power_design,population_native,proteomics,native_omic_units,delta,500,500,0,0.5649499929400315,0.029905744192076027,0.5646625741703488
magnitude,0.02,power_design-5db8587d5aad,power_design,population_native,proteomics,native_omic_units,path_length[A],500,500,0,28.24749964700159,1.4952872096038166,28.233128708517363
magnitude,0.02,power_design-f10f69270e6f,power_design,population_native,proteomics,native_omic_units,path_length[A],500,500,0,28.24749964700159,1.4952872096038166,28.233128708517363
magnitude,0.02,power_design-5db8587d5aad,power_design,population_native,proteomics,native_omic_units,path_length[B],500,500,0,28.81244963994157,1.5251929537958928,28.79779128268771
magnitude,0.02,power_design-f10f69270e6f,power_design,population_native,proteomics,native_omic_units,path_length[B],500,500,0,28.81244963994157,1.5251929537958928,28.79779128268771
magnitude,0.02,power_design-5db8587d5aad,power_design,population_native,proteomics,native_omic_units,shape,500,500,0,1.4170015100529281e-15,8.219072612456783e-16,1.1854758506605318e-15
magnitude,0.02,power_design-f10f69270e6f,power_design,population_native,proteomics,native_omic_units,shape,500,500,0,1.4372246431326038e-15,8.379446983298441e-16,1.2207671028491828e-15
magnitude,0.02,power_design-1481945bfb11,power_design,population_standardized,expression,standardized_feature,angle,500,500,0,3.952575388201108e-07,5.549653812447118e-07,0.0
magnitude,0.02,power_design-5db8587d5aad,power_design,population_standardized,expression,standardized_feature,angle,500,500,0,3.892435226042476e-07,5.446516745319859e-07,0.0
magnitude,0.02,power_design-f10f69270e6f,power_design,population_standardized,expression,standardized_feature,angle,500,500,0,3.979233879964748e-07,5.673944139764097e-07,0.0
magnitude,0.02,power_primary-c44ce1f3a791,power_primary,population_standardized,expression,standardized_feature,angle,500,500,0,3.7018162541164977e-07,5.458969837849542e-07,0.0
magnitude,0.02,power_design-1481945bfb11,power_design,population_standardized,expression,standardized_feature,delta,500,500,0,0.44699681084263754,0.024308634001121474,0.4472930692507209
magnitude,0.02,power_design-5db8587d5aad,power_design,population_standardized,expression,standardized_feature,delta,500,500,0,0.4459838574911415,0.024106841956550013,0.44549649968786653
magnitude,0.02,power_design-f10f69270e6f,power_design,population_standardized,expression,standardized_feature,delta,500,500,0,0.44699681084263754,0.02430863400112142,0.4472930692507209
magnitude,0.02,power_primary-c44ce1f3a791,power_primary,population_standardized,expression,standardized_feature,delta,500,500,0,0.4459838574911419,0.02410684195654996,0.44549649968786653
magnitude,0.02,power_design-1481945bfb11,power_design,population_standardized,expression,standardized_feature,path_length[A],500,500,0,22.34984054213185,1.215431700056071,22.364653462535998
magnitude,0.02,power_design-5db8587d5aad,power_design,population_standardized,expression,standardized_feature,path_length[A],500,500,0,22.29919287455706,1.2053420978275042,22.27482498439324
magnitude,0.02,power_design-f10f69270e6f,power_design,population_standardized,expression,standardized_feature,path_length[A],500,500,0,22.349840542131847,1.2154317000560713,22.364653462535998
magnitude,0.02,power_primary-c44ce1f3a791,power_primary,population_standardized,expression,standardized_feature,path_length[A],500,500,0,22.29919287455706,1.2053420978275042,22.27482498439324
magnitude,0.02,power_design-1481945bfb11,power_design,population_standardized,expression,standardized_feature,path_length[B],500,500,0,22.796837352974475,1.2397403340571929,22.81194653178672
magnitude,0.02,power_design-5db8587d5aad,power_design,population_standardized,expression,standardized_feature,path_length[B],500,500,0,22.745176732048233,1.2294489397840538,22.720321484081104
magnitude,0.02,power_design-f10f69270e6f,power_design,population_standardized,expression,standardized_feature,path_length[B],500,500,0,22.796837352974464,1.2397403340571915,22.811946531786717
magnitude,0.02,power_primary-c44ce1f3a791,power_primary,population_standardized,expression,standardized_feature,path_length[B],500,500,0,22.74517673204823,1.2294489397840536,22.72032148408111
magnitude,0.02,power_design-1481945bfb11,power_design,population_standardized,expression,standardized_feature,shape,500,500,0,9.903818386332038e-16,6.055076636298015e-16,8.641745587810249e-16
magnitude,0.02,power_design-5db8587d5aad,power_design,population_standardized,expression,standardized_feature,shape,500,500,0,9.959018640331217e-16,5.917451803913033e-16,8.544805268937649e-16
magnitude,0.02,power_design-f10f69270e6f,power_design,population_standardized,expression,standardized_feature,shape,500,500,0,9.990573494014707e-16,6.777154828979744e-16,8.682247111463845e-16
magnitude,0.02,power_primary-c44ce1f3a791,power_primary,population_standardized,expression,standardized_feature,shape,500,500,0,9.86913691598273e-16,5.746231795398426e-16,8.630952987003079e-16
magnitude,0.02,power_design-1481945bfb11,power_design,population_standardized,joint,standardized_feature,angle,500,500,0,4.336090110248678e-07,5.871893209604291e-07,0.0
magnitude,0.02,power_design-5db8587d5aad,power_design,population_standardized,joint,standardized_feature,angle,500,500,0,4.30344385393049e-07,5.655639724964811e-07,0.0
magnitude,0.02,power_design-f10f69270e6f,power_design,population_standardized,joint,standardized_feature,angle,500,500,0,4.057692233723747e-07,5.604974255945414e-07,0.0
magnitude,0.02,power_primary-c44ce1f3a791,power_primary,population_standardized,joint,standardized_feature,angle,500,500,0,3.8949576350061063e-07,5.693886645937118e-07,0.0
magnitude,0.02,power_design-1481945bfb11,power_design,population_standardized,joint,standardized_feature,delta,500,500,0,0.7318483437786003,0.03354190654099797,0.7313744500314456
magnitude,0.02,power_design-5db8587d5aad,power_design,population_standardized,joint,standardized_feature,delta,500,500,0,0.9179685709510814,0.04298462826744922,0.9189389089925406
magnitude,0.02,power_design-f10f69270e6f,power_design,population_standardized,joint,standardized_feature,delta,500,500,0,0.9204400181416891,0.0430441311348978,0.9207913413666802
magnitude,0.02,power_primary-c44ce1f3a791,power_primary,population_standardized,joint,standardized_feature,delta,500,500,0,0.729716080169211,0.03371178795910504,0.7285881124844842
magnitude,0.02,power_design-1481945bfb11,power_design,population_standardized,joint,standardized_feature,path_length[A],500,500,0,36.59241718893004,1.677095327049901,36.56872250157207
magnitude,0.02,power_design-5db8587d5aad,power_design,population_standardized,joint,standardized_feature,path_length[A],500,500,0,45.898428547553955,2.1492314133724717,45.946945449626966
magnitude,0.02,power_design-f10f69270e6f,power_design,population_standardized,joint,standardized_feature,path_length[A],500,500,0,46.02200090708441,2.152206556744888,46.0395670683341
magnitude,0.02,power_primary-c44ce1f3a791,power_primary,population_standardized,joint,standardized_feature,path_length[A],500,500,0,36.48580400846053,1.6855893979552388,36.429405624224074
magnitude,0.02,power_design-1481945bfb11,power_design,population_standardized,joint,standardized_feature,path_length[B],500,500,0,37.32426553270861,1.710637233590899,37.300096951603514
magnitude,0.02,power_design-5db8587d5aad,power_design,population_standardized,joint,standardized_feature,path_length[B],500,500,0,46.8163971185051,2.19221604163992,46.86588435861951
magnitude,0.02,power_design-f10f69270e6f,power_design,population_standardized,joint,standardized_feature,path_length[B],500,500,0,46.942440925226066,2.1952506878797866,46.96035840970078
magnitude,0.02,power_primary-c44ce1f3a791,power_primary,population_standardized,joint,standardized_feature,path_length[B],500,500,0,37.21552008862969,1.7193011859143443,37.15799373670856
magnitude,0.02,power_design-1481945bfb11,power_design,population_standardized,joint,standardized_feature,shape,500,500,0,1.3554316060305412e-15,1.107918804088093e-15,1.0057998736090827e-15
magnitude,0.02,power_design-5db8587d5aad,power_design,population_standardized,joint,standardized_feature,shape,500,500,0,1.2562058204064002e-15,8.75159947570589e-16,1.0415809419880365e-15
magnitude,0.02,power_design-f10f69270e6f,power_design,population_standardized,joint,standardized_feature,shape,500,500,0,1.278635994281303e-15,8.642912969823028e-16,1.0554491067119197e-15
magnitude,0.02,power_primary-c44ce1f3a791,power_primary,population_standardized,joint,standardized_feature,shape,500,500,0,1.1709071725459869e-15,7.701014662070244e-16,9.957002893549969e-16
magnitude,0.02,power_design-1481945bfb11,power_design,population_standardized,methylation,standardized_feature,angle,500,500,0,4.4081280286882085e-07,5.639402417110014e-07,0.0
magnitude,0.02,power_design-5db8587d5aad,power_design,population_standardized,methylation,standardized_feature,angle,500,500,0,4.0389293577731303e-07,5.670297076223096e-07,0.0
magnitude,0.02,power_design-f10f69270e6f,power_design,population_standardized,methylation,standardized_feature,angle,500,500,0,4.5451989065387396e-07,5.825199983641907e-07,0.0
magnitude,0.02,power_primary-c44ce1f3a791,power_primary,population_standardized,methylation,standardized_feature,angle,500,500,0,4.274569956909089e-07,5.817327240489866e-07,0.0
magnitude,0.02,power_design-1481945bfb11,power_design,population_standardized,methylation,standardized_feature,delta,500,500,0,0.5790803374715637,0.029066152400682135,0.5787029995859214
magnitude,0.02,power_design-5db8587d5aad,power_design,population_standardized,methylation,standardized_feature,delta,500,500,0,0.5771841497449859,0.029066373453006732,0.577305197633379
magnitude,0.02,power_design-f10f69270e6f,power_design,population_standardized,methylation,standardized_feature,delta,500,500,0,0.5790803374715635,0.029066152400681992,0.5787029995859214
magnitude,0.02,power_primary-c44ce1f3a791,power_primary,population_standardized,methylation,standardized_feature,delta,500,500,0,0.5771841497449859,0.02906637345300647,0.5773051976333754
magnitude,0.02,power_design-1481945bfb11,power_design,population_standardized,methylation,standardized_feature,path_length[A],500,500,0,28.954016873578162,1.4533076200340955,28.935149979296252
magnitude,0.02,power_design-5db8587d5aad,power_design,population_standardized,methylation,standardized_feature,path_length[A],500,500,0,28.859207487249293,1.453318672650329,28.865259881668884
magnitude,0.02,power_design-f10f69270e6f,power_design,population_standardized,methylation,standardized_feature,path_length[A],500,500,0,28.95401687357818,1.4533076200340922,28.935149979296256
magnitude,0.02,power_primary-c44ce1f3a791,power_primary,population_standardized,methylation,standardized_feature,path_length[A],500,500,0,28.859207487249286,1.4533186726503267,28.865259881668884
magnitude,0.02,power_design-1481945bfb11,power_design,population_standardized,methylation,standardized_feature,path_length[B],500,500,0,29.533097211049732,1.4823737724347776,29.513852978882174
magnitude,0.02,power_design-5db8587d5aad,power_design,population_standardized,methylation,standardized_feature,path_length[B],500,500,0,29.436391636994237,1.482385046103335,29.442565079302263
magnitude,0.02,power_design-f10f69270e6f,power_design,population_standardized,methylation,standardized_feature,path_length[B],500,500,0,29.533097211049714,1.482373772434775,29.513852978882177
magnitude,0.02,power_primary-c44ce1f3a791,power_primary,population_standardized,methylation,standardized_feature,path_length[B],500,500,0,29.436391636994244,1.4823850461033328,29.44256507930226
magnitude,0.02,power_design-1481945bfb11,power_design,population_standardized,methylation,standardized_feature,shape,500,500,0,1.2393410224368487e-15,1.057755494133575e-15,9.242494101203227e-16
magnitude,0.02,power_design-5db8587d5aad,power_design,population_standardized,methylation,standardized_feature,shape,500,500,0,1.154275152126231e-15,9.190378327627357e-16,9.083198473579796e-16
magnitude,0.02,power_design-f10f69270e6f,power_design,population_standardized,methylation,standardized_feature,shape,500,500,0,1.2649130855187525e-15,1.106908433825132e-15,9.252184616108926e-16
magnitude,0.02,power_primary-c44ce1f3a791,power_primary,population_standardized,methylation,standardized_feature,shape,500,500,0,1.194331629514852e-15,9.864960993913211e-16,9.078635973418624e-16
magnitude,0.02,power_design-5db8587d5aad,power_design,population_standardized,proteomics,standardized_feature,angle,500,500,0,3.9965841858357817e-07,5.852021236817353e-07,0.0
magnitude,0.02,power_design-f10f69270e6f,power_design,population_standardized,proteomics,standardized_feature,angle,500,500,0,4.061972463654264e-07,5.844347317244713e-07,0.0
magnitude,0.02,power_design-5db8587d5aad,power_design,population_standardized,proteomics,standardized_feature,delta,500,500,0,0.556545160886322,0.03169378954514861,0.555216312294311
magnitude,0.02,power_design-f10f69270e6f,power_design,population_standardized,proteomics,standardized_feature,delta,500,500,0,0.5578107149055427,0.03231872841209579,0.556659116660791
magnitude,0.02,power_design-5db8587d5aad,power_design,population_standardized,proteomics,standardized_feature,path_length[A],500,500,0,27.827258044316054,1.5846894772574263,27.760815614715554
magnitude,0.02,power_design-f10f69270e6f,power_design,population_standardized,proteomics,standardized_feature,path_length[A],500,500,0,27.890535745277127,1.61593642060479,27.832955833039534
magnitude,0.02,power_design-5db8587d5aad,power_design,population_standardized,proteomics,standardized_feature,path_length[B],500,500,0,28.38380320520236,1.6163832668025748,28.316031927009867
magnitude,0.02,power_design-f10f69270e6f,power_design,population_standardized,proteomics,standardized_feature,path_length[B],500,500,0,28.448346460182652,1.6482551490168862,28.389614949700324
magnitude,0.02,power_design-5db8587d5aad,power_design,population_standardized,proteomics,standardized_feature,shape,500,500,0,1.1129454578900088e-15,7.645026971003515e-16,9.196818880037193e-16
magnitude,0.02,power_design-f10f69270e6f,power_design,population_standardized,proteomics,standardized_feature,shape,500,500,0,1.1196153341229441e-15,7.879712776829191e-16,9.184665895960905e-16
magnitude,0.02,power_design-1481945bfb11,power_design,observed_standardized,expression,standardized_feature,angle,500,500,0,43.25814781139315,34.475850241252736,31.333240627006617
magnitude,0.02,power_design-5db8587d5aad,power_design,observed_standardized,expression,standardized_feature,angle,500,500,0,40.398982149726,32.16644123407467,29.76793177711216
magnitude,0.02,power_design-f10f69270e6f,power_design,observed_standardized,expression,standardized_feature,angle,500,500,0,43.258147811393165,34.47585024125274,31.3332406270066
magnitude,0.02,power_primary-c44ce1f3a791,power_primary,observed_standardized,expression,standardized_feature,angle,500,500,0,40.39898214972602,32.166441234074654,29.767931777111965
magnitude,0.02,power_design-1481945bfb11,power_design,observed_standardized,expression,standardized_feature,delta,500,500,0,0.7782218630791441,0.5540885856246281,0.687608636767095
magnitude,0.02,power_design-5db8587d5aad,power_design,observed_standardized,expression,standardized_feature,delta,500,500,0,0.7769932498156159,0.5290367616559841,0.6825282582839627
magnitude,0.02,power_design-f10f69270e6f,power_design,observed_standardized,expression,standardized_feature,delta,500,500,0,0.7782218630791436,0.554088585624628,0.687608636767095
magnitude,0.02,power_primary-c44ce1f3a791,power_primary,observed_standardized,expression,standardized_feature,delta,500,500,0,0.7769932498156159,0.529036761655984,0.6825282582839556
magnitude,0.02,power_design-1481945bfb11,power_design,observed_standardized,expression,standardized_feature,path_length[A],500,500,0,23.59624639489365,1.1303267005470838,23.582856119987866
magnitude,0.02,power_design-5db8587d5aad,power_design,observed_standardized,expression,standardized_feature,path_length[A],500,500,0,23.468759777187763,1.1435316992019553,23.509457598904774
magnitude,0.02,power_design-f10f69270e6f,power_design,observed_standardized,expression,standardized_feature,path_length[A],500,500,0,23.59624639489365,1.1303267005470834,23.582856119987877
magnitude,0.02,power_primary-c44ce1f3a791,power_primary,observed_standardized,expression,standardized_feature,path_length[A],500,500,0,23.468759777187763,1.1435316992019544,23.509457598904774
magnitude,0.02,power_design-1481945bfb11,power_design,observed_standardized,expression,standardized_feature,path_length[B],500,500,0,24.283892148336044,1.1824200514643686,24.307594485314564
magnitude,0.02,power_design-5db8587d5aad,power_design,observed_standardized,expression,standardized_feature,path_length[B],500,500,0,24.152391682741428,1.1706611521472627,24.138008225039584
magnitude,0.02,power_design-f10f69270e6f,power_design,observed_standardized,expression,standardized_feature,path_length[B],500,500,0,24.283892148336037,1.1824200514643677,24.307594485314564
magnitude,0.02,power_primary-c44ce1f3a791,power_primary,observed_standardized,expression,standardized_feature,path_length[B],500,500,0,24.152391682741428,1.1706611521472625,24.138008225039584
magnitude,0.02,power_design-1481945bfb11,power_design,observed_standardized,expression,standardized_feature,shape,500,500,0,0.030734552871606664,0.015416098643179213,0.02836577746729499
magnitude,0.02,power_design-5db8587d5aad,power_design,observed_standardized,expression,standardized_feature,shape,500,500,0,0.029236894214422195,0.015026610930316783,0.027252485151696988
magnitude,0.02,power_design-f10f69270e6f,power_design,observed_standardized,expression,standardized_feature,shape,500,500,0,0.03073455287160664,0.015416098643179232,0.028365777467295072
magnitude,0.02,power_primary-c44ce1f3a791,power_primary,observed_standardized,expression,standardized_feature,shape,500,500,0,0.029236894214422174,0.015026610930316767,0.02725248515169728
magnitude,0.02,power_design-1481945bfb11,power_design,observed_standardized,joint,standardized_feature,angle,500,500,0,56.06176315714036,34.692175250942924,41.43121287508442
magnitude,0.02,power_design-5db8587d5aad,power_design,observed_standardized,joint,standardized_feature,angle,500,500,0,44.75789892690862,32.167107354859404,32.420936056341326
magnitude,0.02,power_design-f10f69270e6f,power_design,observed_standardized,joint,standardized_feature,angle,500,500,0,47.582105355508475,32.950311830759276,34.296836884715134
magnitude,0.02,power_primary-c44ce1f3a791,power_primary,observed_standardized,joint,standardized_feature,angle,500,500,0,51.89679845676515,32.719673385466116,38.302130025051596
magnitude,0.02,power_design-1481945bfb11,power_design,observed_standardized,joint,standardized_feature,delta,500,500,0,1.8908572867280236,1.4826106000165966,1.5220296889927951
magnitude,0.02,power_design-5db8587d5aad,power_design,observed_standardized,joint,standardized_feature,delta,500,500,0,1.7615375021372524,1.3296918142943266,1.5314133352905834
magnitude,0.02,power_design-f10f69270e6f,power_design,observed_standardized,joint,standardized_feature,delta,500,500,0,1.8496112925776824,1.3033988036739588,1.5981692277979391
magnitude,0.02,power_primary-c44ce1f3a791,power_primary,observed_standardized,joint,standardized_feature,delta,500,500,0,1.7604963553192092,1.494941687493586,1.4058291450004425
magnitude,0.02,power_design-1481945bfb11,power_design,observed_standardized,joint,standardized_feature,path_length[A],500,500,0,39.98942766599414,2.0827229020405853,39.81792756173695
magnitude,0.02,power_design-5db8587d5aad,power_design,observed_standardized,joint,standardized_feature,path_length[A],500,500,0,49.0420054065945,2.156198493477611,48.989205541554895
magnitude,0.02,power_design-f10f69270e6f,power_design,observed_standardized,joint,standardized_feature,path_length[A],500,500,0,49.442432671223145,2.281019946111389,49.378311462584826
magnitude,0.02,power_primary-c44ce1f3a791,power_primary,observed_standardized,joint,standardized_feature,path_length[A],500,500,0,39.613479004167125,1.8931403751165081,39.445534044890515
magnitude,0.02,power_design-1481945bfb11,power_design,observed_standardized,joint,standardized_feature,path_length[B],500,500,0,41.29101882315919,2.0567267025728,41.24021801522413
magnitude,0.02,power_design-5db8587d5aad,power_design,observed_standardized,joint,standardized_feature,path_length[B],500,500,0,50.53956220696146,2.2587822293202025,50.41065087199867
magnitude,0.02,power_design-f10f69270e6f,power_design,observed_standardized,joint,standardized_feature,path_length[B],500,500,0,50.93981951446196,2.276434516700018,50.98062380345303
magnitude,0.02,power_primary-c44ce1f3a791,power_primary,observed_standardized,joint,standardized_feature,path_length[B],500,500,0,40.90589399852361,2.047803050839524,40.7946020794993
magnitude,0.02,power_design-1481945bfb11,power_design,observed_standardized,joint,standardized_feature,shape,500,500,0,0.04909216120887338,0.03289716929527707,0.04132368181311543
magnitude,0.02,power_design-5db8587d5aad,power_design,observed_standardized,joint,standardized_feature,shape,500,500,0,0.03317007615066294,0.020323033946297378,0.028896853692341316
magnitude,0.02,power_design-f10f69270e6f,power_design,observed_standardized,joint,standardized_feature,shape,500,500,0,0.03423745448557537,0.022822908097103294,0.02897942887842764
magnitude,0.02,power_primary-c44ce1f3a791,power_primary,observed_standardized,joint,standardized_feature,shape,500,500,0,0.04708805249824359,0.029573020940386684,0.041138436686256795
magnitude,0.02,power_design-1481945bfb11,power_design,observed_standardized,methylation,standardized_feature,angle,500,500,0,61.584810696572475,34.34499263459011,48.091838947870414
magnitude,0.02,power_design-5db8587d5aad,power_design,observed_standardized,methylation,standardized_feature,angle,500,500,0,58.92500468595956,33.78340086266609,45.29149834983234
magnitude,0.02,power_design-f10f69270e6f,power_design,observed_standardized,methylation,standardized_feature,angle,500,500,0,61.58481069657232,34.34499263459001,48.09183894787043
magnitude,0.02,power_primary-c44ce1f3a791,power_primary,observed_standardized,methylation,standardized_feature,angle,500,500,0,58.92500468595956,33.78340086266597,45.29149834983234
magnitude,0.02,power_design-1481945bfb11,power_design,observed_standardized,methylation,standardized_feature,delta,500,500,0,1.994761213510984,1.721424607737684,1.545673371910647
magnitude,0.02,power_design-5db8587d5aad,power_design,observed_standardized,methylation,standardized_feature,delta,500,500,0,1.856290726972215,1.6791990205583875,1.3810835036302436
magnitude,0.02,power_design-f10f69270e6f,power_design,observed_standardized,methylation,standardized_feature,delta,500,500,0,1.9947612135109762,1.72142460773769,1.5456733719106133
magnitude,0.02,power_primary-c44ce1f3a791,power_primary,observed_standardized,methylation,standardized_feature,delta,500,500,0,1.8562907269722135,1.6791990205583902,1.3810835036302436
magnitude,0.02,power_design-1481945bfb11,power_design,observed_standardized,methylation,standardized_feature,path_length[A],500,500,0,32.249762472245656,2.145788653682197,31.956361337002747
magnitude,0.02,power_design-5db8587d5aad,power_design,observed_standardized,methylation,standardized_feature,path_length[A],500,500,0,31.880468153178235,1.9090450829037378,31.660420968229616
magnitude,0.02,power_design-f10f69270e6f,power_design,observed_standardized,methylation,standardized_feature,path_length[A],500,500,0,32.24976247224567,2.145788653682198,31.956361337002818
magnitude,0.02,power_primary-c44ce1f3a791,power_primary,observed_standardized,methylation,standardized_feature,path_length[A],500,500,0,31.88046815317822,1.9090450829037384,31.660420968229616
magnitude,0.02,power_design-1481945bfb11,power_design,observed_standardized,methylation,standardized_feature,path_length[B],500,500,0,33.355767145380156,2.118110085474295,33.22085776677385
magnitude,0.02,power_design-5db8587d5aad,power_design,observed_standardized,methylation,standardized_feature,path_length[B],500,500,0,32.9766894676911,2.0865923165869815,32.76555950546724
magnitude,0.02,power_design-f10f69270e6f,power_design,observed_standardized,methylation,standardized_feature,path_length[B],500,500,0,33.35576714538015,2.1181100854742962,33.22085776677373
magnitude,0.02,power_primary-c44ce1f3a791,power_primary,observed_standardized,methylation,standardized_feature,path_length[B],500,500,0,32.97668946769111,2.0865923165869793,32.76555950546724
magnitude,0.02,power_design-1481945bfb11,power_design,observed_standardized,methylation,standardized_feature,shape,500,500,0,0.0710452482481383,0.04578372666470746,0.061501594975920296
magnitude,0.02,power_design-5db8587d5aad,power_design,observed_standardized,methylation,standardized_feature,shape,500,500,0,0.06779309030809297,0.04140425048123263,0.06019984333207099
magnitude,0.02,power_design-f10f69270e6f,power_design,observed_standardized,methylation,standardized_feature,shape,500,500,0,0.07104524824813845,0.04578372666470762,0.06150159497591896
magnitude,0.02,power_primary-c44ce1f3a791,power_primary,observed_standardized,methylation,standardized_feature,shape,500,500,0,0.06779309030809297,0.0414042504812326,0.060199843332069035
magnitude,0.02,power_design-5db8587d5aad,power_design,observed_standardized,proteomics,standardized_feature,angle,500,500,0,31.518119996227107,27.77351457379378,24.16596104382715
magnitude,0.02,power_design-f10f69270e6f,power_design,observed_standardized,proteomics,standardized_feature,angle,500,500,0,33.459703001329345,30.017140467423154,25.15328479391259
magnitude,0.02,power_design-5db8587d5aad,power_design,observed_standardized,proteomics,standardized_feature,delta,500,500,0,0.8122917726697535,0.47233368712441676,0.7866599069975084
magnitude,0.02,power_design-f10f69270e6f,power_design,observed_standardized,proteomics,standardized_feature,delta,500,500,0,0.8108821416339631,0.5120453919966701,0.7752595820175596
magnitude,0.02,power_design-5db8587d5aad,power_design,observed_standardized,proteomics,standardized_feature,path_length[A],500,500,0,28.880773635577896,1.4931627206738387,28.879037847477875
magnitude,0.02,power_design-f10f69270e6f,power_design,observed_standardized,proteomics,standardized_feature,path_length[A],500,500,0,29.040749555546647,1.5093030876121334,29.04246986308087
magnitude,0.02,power_design-5db8587d5aad,power_design,observed_standardized,proteomics,standardized_feature,path_length[B],500,500,0,29.646544850266366,1.4844164954147203,29.576519660466936
magnitude,0.02,power_design-f10f69270e6f,power_design,observed_standardized,proteomics,standardized_feature,path_length[B],500,500,0,29.793847086296612,1.5407741711329859,29.74062880913005
magnitude,0.02,power_design-5db8587d5aad,power_design,observed_standardized,proteomics,standardized_feature,shape,500,500,0,0.02151746076242207,0.011870261555349768,0.019220964684298847
magnitude,0.02,power_design-f10f69270e6f,power_design,observed_standardized,proteomics,standardized_feature,shape,500,500,0,0.020942520940804774,0.011044646105169767,0.019533647000798016
magnitude,0.02,power_design-1481945bfb11,power_design,pls_latent,joint,pls_latent,angle,500,500,0,34.481760966162255,41.180807818891445,19.280154272776038
magnitude,0.02,power_design-5db8587d5aad,power_design,pls_latent,joint,pls_latent,angle,500,500,0,29.11434968512339,42.73259601521988,12.047929294032237
magnitude,0.02,power_design-f10f69270e6f,power_design,pls_latent,joint,pls_latent,angle,500,500,0,31.75893310859871,44.84969436342893,13.111057693336296
magnitude,0.02,power_primary-c44ce1f3a791,power_primary,pls_latent,joint,pls_latent,angle,500,500,0,32.85785129433964,40.398038562601236,17.864930302390995
magnitude,0.02,power_design-1481945bfb11,power_design,pls_latent,joint,pls_latent,delta,500,500,0,1.433319447365232,1.2026890229505953,1.223094830546298
magnitude,0.02,power_design-5db8587d5aad,power_design,pls_latent,joint,pls_latent,delta,500,500,0,1.3837223033760593,1.175208975594399,1.1408907222903153
magnitude,0.02,power_design-f10f69270e6f,power_design,pls_latent,joint,pls_latent,delta,500,500,0,1.5249185679936346,1.24247199358623,1.254838264832756
magnitude,0.02,power_primary-c44ce1f3a791,power_primary,pls_latent,joint,pls_latent,delta,500,500,0,1.41881863388016,1.250477160297014,1.1182320853655128
magnitude,0.02,power_design-1481945bfb11,power_design,pls_latent,joint,pls_latent,path_length[A],500,500,0,39.81067221514047,2.7232333534997553,39.2320491167117
magnitude,0.02,power_design-5db8587d5aad,power_design,pls_latent,joint,pls_latent,path_length[A],500,500,0,47.20092087299733,2.1284761171003503,47.11629850649524
magnitude,0.02,power_design-f10f69270e6f,power_design,pls_latent,joint,pls_latent,path_length[A],500,500,0,47.31959051275312,2.1889942119777377,47.292445554982336
magnitude,0.02,power_primary-c44ce1f3a791,power_primary,pls_latent,joint,pls_latent,path_length[A],500,500,0,39.67615630230954,2.6877331949731094,39.26173357705653
magnitude,0.02,power_design-1481945bfb11,power_design,pls_latent,joint,pls_latent,path_length[B],500,500,0,40.64070187465616,2.816610268715321,40.16699680343169
magnitude,0.02,power_design-5db8587d5aad,power_design,pls_latent,joint,pls_latent,path_length[B],500,500,0,48.02744729309633,2.233287171022895,48.074218637322076
magnitude,0.02,power_design-f10f69270e6f,power_design,pls_latent,joint,pls_latent,path_length[B],500,500,0,48.28632463923387,2.268815356114276,48.29429666246043
magnitude,0.02,power_primary-c44ce1f3a791,power_primary,pls_latent,joint,pls_latent,path_length[B],500,500,0,40.42327383585425,2.775728851142072,39.96325313163919
magnitude,0.02,power_design-1481945bfb11,power_design,pls_latent,joint,pls_latent,shape,500,500,0,0.04122301810071546,0.02443421142441785,0.0374255044930382
magnitude,0.02,power_design-5db8587d5aad,power_design,pls_latent,joint,pls_latent,shape,500,500,0,0.03270702250495349,0.020916142149738925,0.029196214001659164
magnitude,0.02,power_design-f10f69270e6f,power_design,pls_latent,joint,pls_latent,shape,500,500,0,0.03490050365591137,0.022975585845271644,0.030157457868611494
magnitude,0.02,power_primary-c44ce1f3a791,power_primary,pls_latent,joint,pls_latent,shape,500,500,0,0.040081991735188234,0.025364377627560532,0.036368992940241526
magnitude,0.05,power_design-130a5852f12e,power_design,population_native,expression,native_omic_units,angle,500,500,0,4.500000371888484,27.840621294666438,0.0
magnitude,0.05,power_design-3a4fe723dcf4,power_design,population_native,expression,native_omic_units,angle,500,500,0,4.320000395237009,27.576412206583438,0.0
magnitude,0.05,power_design-cf76e6b96be2,power_design,population_native,expression,native_omic_units,angle,500,500,0,4.50000041515355,27.840621314365496,0.0
magnitude,0.05,power_primary-c73f071130c2,power_primary,population_native,expression,native_omic_units,angle,500,500,0,4.140000402377874,26.707432860415114,0.0
magnitude,0.05,power_design-130a5852f12e,power_design,population_native,expression,native_omic_units,delta,500,500,0,1.2740392443350572,0.06368508149950071,1.2790966462797613
magnitude,0.05,power_design-3a4fe723dcf4,power_design,population_native,expression,native_omic_units,delta,500,500,0,1.2740392443350572,0.06368508149950071,1.2790966462797613
magnitude,0.05,power_design-cf76e6b96be2,power_design,population_native,expression,native_omic_units,delta,500,500,0,1.2740392443350572,0.06368508149950071,1.2790966462797613
magnitude,0.05,power_primary-c73f071130c2,power_primary,population_native,expression,native_omic_units,delta,500,500,0,1.2740392443350572,0.06368508149950071,1.2790966462797613
magnitude,0.05,power_design-130a5852f12e,power_design,population_native,expression,native_omic_units,path_length[A],500,500,0,25.480784886701134,1.2737016299900132,25.581932925595176
magnitude,0.05,power_design-3a4fe723dcf4,power_design,population_native,expression,native_omic_units,path_length[A],500,500,0,25.480784886701134,1.2737016299900132,25.581932925595176
magnitude,0.05,power_design-cf76e6b96be2,power_design,population_native,expression,native_omic_units,path_length[A],500,500,0,25.480784886701134,1.2737016299900132,25.581932925595176
magnitude,0.05,power_primary-c73f071130c2,power_primary,population_native,expression,native_omic_units,path_length[A],500,500,0,25.480784886701134,1.2737016299900132,25.581932925595176
magnitude,0.05,power_design-130a5852f12e,power_design,population_native,expression,native_omic_units,path_length[B],500,500,0,26.754824131036166,1.3373867114895128,26.861029571874937
magnitude,0.05,power_design-3a4fe723dcf4,power_design,population_native,expression,native_omic_units,path_length[B],500,500,0,26.754824131036166,1.3373867114895128,26.861029571874937
magnitude,0.05,power_design-cf76e6b96be2,power_design,population_native,expression,native_omic_units,path_length[B],500,500,0,26.754824131036166,1.3373867114895128,26.861029571874937
magnitude,0.05,power_primary-c73f071130c2,power_primary,population_native,expression,native_omic_units,path_length[B],500,500,0,26.754824131036166,1.3373867114895128,26.861029571874937
magnitude,0.05,power_design-130a5852f12e,power_design,population_native,expression,native_omic_units,shape,500,500,0,1.1623348797116232e-15,4.124350732931517e-16,1.0924103528983139e-15
magnitude,0.05,power_design-3a4fe723dcf4,power_design,population_native,expression,native_omic_units,shape,500,500,0,1.1802674123748857e-15,5.353948487744431e-16,1.0867363820855544e-15
magnitude,0.05,power_design-cf76e6b96be2,power_design,population_native,expression,native_omic_units,shape,500,500,0,1.2019238751755603e-15,4.981419441129375e-16,1.1109376663613817e-15
magnitude,0.05,power_primary-c73f071130c2,power_primary,population_native,expression,native_omic_units,shape,500,500,0,1.2046607550437277e-15,5.369352806320544e-16,1.1155627739614345e-15
magnitude,0.05,power_design-130a5852f12e,power_design,population_native,methylation,native_omic_units,angle,500,500,0,1.0800004535583592,13.914770525013337,0.0
magnitude,0.05,power_design-3a4fe723dcf4,power_design,population_native,methylation,native_omic_units,angle,500,500,0,1.0800004426474443,13.914770557162539,0.0
magnitude,0.05,power_design-cf76e6b96be2,power_design,population_native,methylation,native_omic_units,angle,500,500,0,0.7200004471626944,11.372786813965973,0.0
magnitude,0.05,power_primary-c73f071130c2,power_primary,population_native,methylation,native_omic_units,angle,500,500,0,1.0800004580176048,13.91477052466651,0.0
magnitude,0.05,power_design-130a5852f12e,power_design,population_native,methylation,native_omic_units,delta,500,500,0,1.628906182732709,0.07705730904583578,1.6303854198534538
magnitude,0.05,power_design-3a4fe723dcf4,power_design,population_native,methylation,native_omic_units,delta,500,500,0,1.628906182732709,0.07705730904583578,1.6303854198534538
magnitude,0.05,power_design-cf76e6b96be2,power_design,population_native,methylation,native_omic_units,delta,500,500,0,1.628906182732709,0.07705730904583578,1.6303854198534538
magnitude,0.05,power_primary-c73f071130c2,power_primary,population_native,methylation,native_omic_units,delta,500,500,0,1.628906182732709,0.07705730904583578,1.6303854198534538
magnitude,0.05,power_design-130a5852f12e,power_design,population_native,methylation,native_omic_units,path_length[A],500,500,0,32.57812365465419,1.541146180916717,32.607708397069054
magnitude,0.05,power_design-3a4fe723dcf4,power_design,population_native,methylation,native_omic_units,path_length[A],500,500,0,32.57812365465419,1.541146180916717,32.607708397069054
magnitude,0.05,power_design-cf76e6b96be2,power_design,population_native,methylation,native_omic_units,path_length[A],500,500,0,32.57812365465419,1.541146180916717,32.607708397069054
magnitude,0.05,power_primary-c73f071130c2,power_primary,population_native,methylation,native_omic_units,path_length[A],500,500,0,32.57812365465419,1.541146180916717,32.607708397069054
magnitude,0.05,power_design-130a5852f12e,power_design,population_native,methylation,native_omic_units,path_length[B],500,500,0,34.207029837386905,1.6182034899625524,34.23809381692251
magnitude,0.05,power_design-3a4fe723dcf4,power_design,population_native,methylation,native_omic_units,path_length[B],500,500,0,34.207029837386905,1.6182034899625524,34.23809381692251
magnitude,0.05,power_design-cf76e6b96be2,power_design,population_native,methylation,native_omic_units,path_length[B],500,500,0,34.207029837386905,1.6182034899625524,34.23809381692251
magnitude,0.05,power_primary-c73f071130c2,power_primary,population_native,methylation,native_omic_units,path_length[B],500,500,0,34.207029837386905,1.6182034899625524,34.23809381692251
magnitude,0.05,power_design-130a5852f12e,power_design,population_native,methylation,native_omic_units,shape,500,500,0,2.0478095845585954e-15,1.2068319962462963e-15,1.5944984561513587e-15
magnitude,0.05,power_design-3a4fe723dcf4,power_design,population_native,methylation,native_omic_units,shape,500,500,0,2.048628745233269e-15,1.2375542152276463e-15,1.5851569542091607e-15
magnitude,0.05,power_design-cf76e6b96be2,power_design,population_native,methylation,native_omic_units,shape,500,500,0,2.0618258589504898e-15,1.2296792024313086e-15,1.6009850560489055e-15
magnitude,0.05,power_primary-c73f071130c2,power_primary,population_native,methylation,native_omic_units,shape,500,500,0,2.1173935263940237e-15,1.3036632191004516e-15,1.5990793657018595e-15
magnitude,0.05,power_design-3a4fe723dcf4,power_design,population_native,proteomics,native_omic_units,angle,500,500,0,3.600000369826783,25.225237721799903,0.0
magnitude,0.05,power_design-cf76e6b96be2,power_design,population_native,proteomics,native_omic_units,angle,500,500,0,4.140000379776595,26.70743277563126,0.0
magnitude,0.05,power_design-3a4fe723dcf4,power_design,population_native,proteomics,native_omic_units,delta,500,500,0,1.4123749823500775,0.0747643604801908,1.4116564354258703
magnitude,0.05,power_design-cf76e6b96be2,power_design,population_native,proteomics,native_omic_units,delta,500,500,0,1.4123749823500775,0.0747643604801908,1.4116564354258703
magnitude,0.05,power_design-3a4fe723dcf4,power_design,population_native,proteomics,native_omic_units,path_length[A],500,500,0,28.24749964700159,1.4952872096038166,28.233128708517363
magnitude,0.05,power_design-cf76e6b96be2,power_design,population_native,proteomics,native_omic_units,path_length[A],500,500,0,28.24749964700159,1.4952872096038166,28.233128708517363
magnitude,0.05,power_design-3a4fe723dcf4,power_design,population_native,proteomics,native_omic_units,path_length[B],500,500,0,29.659874629351645,1.5700515700840068,29.64478514394323
magnitude,0.05,power_design-cf76e6b96be2,power_design,population_native,proteomics,native_omic_units,path_length[B],500,500,0,29.659874629351645,1.5700515700840068,29.64478514394323
magnitude,0.05,power_design-3a4fe723dcf4,power_design,population_native,proteomics,native_omic_units,shape,500,500,0,1.4548196625157789e-15,9.44516911508029e-16,1.2166337033316617e-15
magnitude,0.05,power_design-cf76e6b96be2,power_design,population_native,proteomics,native_omic_units,shape,500,500,0,1.4345778509603314e-15,8.073475476163373e-16,1.2348363828194398e-15
magnitude,0.05,power_design-130a5852f12e,power_design,population_standardized,expression,standardized_feature,angle,500,500,0,4.0644951386019994e-07,5.521222957638061e-07,0.0
magnitude,0.05,power_design-3a4fe723dcf4,power_design,population_standardized,expression,standardized_feature,angle,500,500,0,4.1838688009057613e-07,5.757537964492677e-07,0.0
magnitude,0.05,power_design-cf76e6b96be2,power_design,population_standardized,expression,standardized_feature,angle,500,500,0,4.142188534076657e-07,5.476412886731189e-07,0.0
magnitude,0.05,power_primary-c73f071130c2,power_primary,population_standardized,expression,standardized_feature,angle,500,500,0,4.4875348830182954e-07,5.9562915262398e-07,0.0
magnitude,0.05,power_design-130a5852f12e,power_design,population_standardized,expression,standardized_feature,delta,500,500,0,1.1075622300064891,0.060121889754822674,1.1082463616049107
magnitude,0.05,power_design-3a4fe723dcf4,power_design,population_standardized,expression,standardized_feature,delta,500,500,0,1.1053487071721828,0.05962738425738979,1.1041892041214467
magnitude,0.05,power_design-cf76e6b96be2,power_design,population_standardized,expression,standardized_feature,delta,500,500,0,1.1075622300064885,0.06012188975482262,1.108246361604909
magnitude,0.05,power_primary-c73f071130c2,power_primary,population_standardized,expression,standardized_feature,delta,500,500,0,1.1053487071721824,0.05962738425738985,1.1041892041214467
magnitude,0.05,power_design-130a5852f12e,power_design,population_standardized,expression,standardized_feature,path_length[A],500,500,0,22.151244600129747,1.2024377950964518,22.164927232098186
magnitude,0.05,power_design-3a4fe723dcf4,power_design,population_standardized,expression,standardized_feature,path_length[A],500,500,0,22.106974143443622,1.1925476851478016,22.08378408242889
magnitude,0.05,power_design-cf76e6b96be2,power_design,population_standardized,expression,standardized_feature,path_length[A],500,500,0,22.15124460012975,1.2024377950964513,22.16492723209819
magnitude,0.05,power_primary-c73f071130c2,power_primary,population_standardized,expression,standardized_feature,path_length[A],500,500,0,22.106974143443622,1.192547685147801,22.08378408242889
magnitude,0.05,power_design-130a5852f12e,power_design,population_standardized,expression,standardized_feature,path_length[B],500,500,0,23.258806830136233,1.2625596848512743,23.273173593703095
magnitude,0.05,power_design-3a4fe723dcf4,power_design,population_standardized,expression,standardized_feature,path_length[B],500,500,0,23.212322850615802,1.252175069405191,23.187973286550335
magnitude,0.05,power_design-cf76e6b96be2,power_design,population_standardized,expression,standardized_feature,path_length[B],500,500,0,23.258806830136233,1.2625596848512741,23.2731735937031
magnitude,0.05,power_primary-c73f071130c2,power_primary,population_standardized,expression,standardized_feature,path_length[B],500,500,0,23.212322850615802,1.252175069405191,23.187973286550335
magnitude,0.05,power_design-130a5852f12e,power_design,population_standardized,expression,standardized_feature,shape,500,500,0,1.0064969519251056e-15,6.716624516400824e-16,8.643547894289296e-16
magnitude,0.05,power_design-3a4fe723dcf4,power_design,population_standardized,expression,standardized_feature,shape,500,500,0,9.951071882735748e-16,6.16078396824534e-16,8.555577004314443e-16
magnitude,0.05,power_design-cf76e6b96be2,power_design,population_standardized,expression,standardized_feature,shape,500,500,0,1.0088705532136778e-15,7.248050306258442e-16,8.49475216417889e-16
magnitude,0.05,power_primary-c73f071130c2,power_primary,population_standardized,expression,standardized_feature,shape,500,500,0,1.0453832732454004e-15,7.469261603140094e-16,8.76279753008569e-16
magnitude,0.05,power_design-130a5852f12e,power_design,population_standardized,joint,standardized_feature,angle,500,500,0,3.860042101159297e-07,5.469568071037861e-07,0.0
magnitude,0.05,power_design-3a4fe723dcf4,power_design,population_standardized,joint,standardized_feature,angle,500,500,0,3.67886516640923e-07,5.40737418771533e-07,0.0
magnitude,0.05,power_design-cf76e6b96be2,power_design,population_standardized,joint,standardized_feature,angle,500,500,0,3.6734978618405855e-07,5.437958546029929e-07,0.0
magnitude,0.05,power_primary-c73f071130c2,power_primary,population_standardized,joint,standardized_feature,angle,500,500,0,3.884722406076004e-07,5.558171734745413e-07,0.0
magnitude,0.05,power_design-130a5852f12e,power_design,population_standardized,joint,standardized_feature,delta,500,500,0,1.8131299238294556,0.08295765560743613,1.8123971239814765
magnitude,0.05,power_design-3a4fe723dcf4,power_design,population_standardized,joint,standardized_feature,delta,500,500,0,2.2730920519274,0.10625466251482156,2.274983656598714
magnitude,0.05,power_design-cf76e6b96be2,power_design,population_standardized,joint,standardized_feature,delta,500,500,0,2.2785496853719573,0.10638353742362387,2.2795005168580644
magnitude,0.05,power_primary-c73f071130c2,power_primary,population_standardized,joint,standardized_feature,delta,500,500,0,1.8083196031608604,0.08339703204816007,1.805536068869312
magnitude,0.05,power_design-130a5852f12e,power_design,population_standardized,joint,standardized_feature,path_length[A],500,500,0,36.26259847658911,1.6591531121487093,36.24794247962945
magnitude,0.05,power_design-3a4fe723dcf4,power_design,population_standardized,joint,standardized_feature,path_length[A],500,500,0,45.461841038547995,2.125093250296428,45.499673131974276
magnitude,0.05,power_design-cf76e6b96be2,power_design,population_standardized,joint,standardized_feature,path_length[A],500,500,0,45.570993707439115,2.1276707484724766,45.590010337161225
magnitude,0.05,power_primary-c73f071130c2,power_primary,population_standardized,joint,standardized_feature,path_length[A],500,500,0,36.16639206321719,1.6679406409631994,36.11072137738616
magnitude,0.05,power_design-130a5852f12e,power_design,population_standardized,joint,standardized_feature,path_length[B],500,500,0,38.07572840041857,1.7421107677561454,38.06033960361093
magnitude,0.05,power_design-3a4fe723dcf4,power_design,population_standardized,joint,standardized_feature,path_length[B],500,500,0,47.73493309047539,2.2313479128112492,47.774656788573
magnitude,0.05,power_design-cf76e6b96be2,power_design,population_standardized,joint,standardized_feature,path_length[B],500,500,0,47.849543392811086,2.2340542858961006,47.86951085401929
magnitude,0.05,power_primary-c73f071130c2,power_primary,population_standardized,joint,standardized_feature,path_length[B],500,500,0,37.97471166637798,1.7513376730113592,37.91625744625547
magnitude,0.05,power_design-130a5852f12e,power_design,population_standardized,joint,standardized_feature,shape,500,500,0,1.244504213355287e-15,9.001818272711757e-16,1.0013295450612964e-15
magnitude,0.05,power_design-3a4fe723dcf4,power_design,population_standardized,joint,standardized_feature,shape,500,500,0,1.2537440258816187e-15,8.27707634278764e-16,1.0399140716620033e-15
magnitude,0.05,power_design-cf76e6b96be2,power_design,population_standardized,joint,standardized_feature,shape,500,500,0,1.2776389619392209e-15,8.931873912492168e-16,1.0547709995483809e-15
magnitude,0.05,power_primary-c73f071130c2,power_primary,population_standardized,joint,standardized_feature,shape,500,500,0,1.2274558507867333e-15,8.503997617378723e-16,1.004747422602709e-15
magnitude,0.05,power_design-130a5852f12e,power_design,population_standardized,methylation,standardized_feature,angle,500,500,0,4.220103681168331e-07,5.781732300716843e-07,0.0
magnitude,0.05,power_design-3a4fe723dcf4,power_design,population_standardized,methylation,standardized_feature,angle,500,500,0,4.255562567462562e-07,5.768307071865835e-07,0.0
magnitude,0.05,power_design-cf76e6b96be2,power_design,population_standardized,methylation,standardized_feature,angle,500,500,0,4.364578040001138e-07,5.850706719742842e-07,0.0
magnitude,0.05,power_primary-c73f071130c2,power_primary,population_standardized,methylation,standardized_feature,angle,500,500,0,4.1296216926224605e-07,5.758723458639928e-07,0.0
magnitude,0.05,power_design-130a5852f12e,power_design,population_standardized,methylation,standardized_feature,delta,500,500,0,1.4345475272313128,0.07183544849094195,1.4339009210658382
magnitude,0.05,power_design-3a4fe723dcf4,power_design,population_standardized,methylation,standardized_feature,delta,500,500,0,1.4302170140131953,0.0718636002828068,1.4295552350719483
magnitude,0.05,power_design-cf76e6b96be2,power_design,population_standardized,methylation,standardized_feature,delta,500,500,0,1.4345475272313124,0.07183544849094205,1.4339009210658364
magnitude,0.05,power_primary-c73f071130c2,power_primary,population_standardized,methylation,standardized_feature,delta,500,500,0,1.4302170140131962,0.07186360028280683,1.4295552350719483
magnitude,0.05,power_design-130a5852f12e,power_design,population_standardized,methylation,standardized_feature,path_length[A],500,500,0,28.69095054462621,1.4367089698188371,28.678018421316718
magnitude,0.05,power_design-3a4fe723dcf4,power_design,population_standardized,methylation,standardized_feature,path_length[A],500,500,0,28.604340280263898,1.4372720056561343,28.59110470143891
magnitude,0.05,power_design-cf76e6b96be2,power_design,population_standardized,methylation,standardized_feature,path_length[A],500,500,0,28.690950544626215,1.4367089698188362,28.678018421316676
magnitude,0.05,power_primary-c73f071130c2,power_primary,population_standardized,methylation,standardized_feature,path_length[A],500,500,0,28.604340280263905,1.437272005656134,28.59110470143891
magnitude,0.05,power_design-130a5852f12e,power_design,population_standardized,methylation,standardized_feature,path_length[B],500,500,0,30.125498071857542,1.508544418309779,30.111919342382556
magnitude,0.05,power_design-3a4fe723dcf4,power_design,population_standardized,methylation,standardized_feature,path_length[B],500,500,0,30.034557294277082,1.509135605938941,30.020659936510857
magnitude,0.05,power_design-cf76e6b96be2,power_design,population_standardized,methylation,standardized_feature,path_length[B],500,500,0,30.125498071857532,1.5085444183097783,30.111919342382514
magnitude,0.05,power_primary-c73f071130c2,power_primary,population_standardized,methylation,standardized_feature,path_length[B],500,500,0,30.034557294277082,1.5091356059389411,30.020659936510853
magnitude,0.05,power_design-130a5852f12e,power_design,population_standardized,methylation,standardized_feature,shape,500,500,0,1.2316637784153568e-15,9.930810629230217e-16,9.196029807288269e-16
magnitude,0.05,power_design-3a4fe723dcf4,power_design,population_standardized,methylation,standardized_feature,shape,500,500,0,1.2248564779574514e-15,1.077007402537012e-15,9.016602114334428e-16
magnitude,0.05,power_design-cf76e6b96be2,power_design,population_standardized,methylation,standardized_feature,shape,500,500,0,1.1800957760041517e-15,9.247701664505324e-16,9.16893076372861e-16
magnitude,0.05,power_primary-c73f071130c2,power_primary,population_standardized,methylation,standardized_feature,shape,500,500,0,1.1531286692541619e-15,9.58783555170274e-16,9.035190439505968e-16
magnitude,0.05,power_design-3a4fe723dcf4,power_design,population_standardized,proteomics,standardized_feature,angle,500,500,0,3.930542852446749e-07,5.61756199470746e-07,0.0
magnitude,0.05,power_design-cf76e6b96be2,power_design,population_standardized,proteomics,standardized_feature,angle,500,500,0,3.8358357651236684e-07,5.733961985232761e-07,0.0
magnitude,0.05,power_design-3a4fe723dcf4,power_design,population_standardized,proteomics,standardized_feature,delta,500,500,0,1.3763201433284367,0.07821791202287708,1.3728876457370003
magnitude,0.05,power_design-cf76e6b96be2,power_design,population_standardized,proteomics,standardized_feature,delta,500,500,0,1.378977644851163,0.07974623565045942,1.3762357459486072
magnitude,0.05,power_design-3a4fe723dcf4,power_design,population_standardized,proteomics,standardized_feature,path_length[A],500,500,0,27.526402866568663,1.5643582404575422,27.457752914740006
magnitude,0.05,power_design-cf76e6b96be2,power_design,population_standardized,proteomics,standardized_feature,path_length[A],500,500,0,27.57955289702324,1.594924713009188,27.524714918972123
magnitude,0.05,power_design-3a4fe723dcf4,power_design,population_standardized,proteomics,standardized_feature,path_length[B],500,500,0,28.902723009897116,1.6425761524804183,28.830640560477004
magnitude,0.05,power_design-cf76e6b96be2,power_design,population_standardized,proteomics,standardized_feature,path_length[B],500,500,0,28.958530541874406,1.6746709486596478,28.900950664920728
magnitude,0.05,power_design-3a4fe723dcf4,power_design,population_standardized,proteomics,standardized_feature,shape,500,500,0,1.0751457561117654e-15,7.211441429849323e-16,9.177469186544306e-16
magnitude,0.05,power_design-cf76e6b96be2,power_design,population_standardized,proteomics,standardized_feature,shape,500,500,0,1.1116086403081275e-15,7.525216629487881e-16,9.270381131766647e-16
magnitude,0.05,power_design-130a5852f12e,power_design,observed_standardized,expression,standardized_feature,angle,500,500,0,42.80959937401444,34.28616562350454,30.938447696222426
magnitude,0.05,power_design-3a4fe723dcf4,power_design,observed_standardized,expression,standardized_feature,angle,500,500,0,40.42966198813005,32.65875358257961,29.54797400759955
magnitude,0.05,power_design-cf76e6b96be2,power_design,observed_standardized,expression,standardized_feature,angle,500,500,0,42.80959937401445,34.286165623504516,30.938447696222426
magnitude,0.05,power_primary-c73f071130c2,power_primary,observed_standardized,expression,standardized_feature,angle,500,500,0,40.429661988130064,32.65875358257963,29.54797400759955
magnitude,0.05,power_design-130a5852f12e,power_design,observed_standardized,expression,standardized_feature,delta,500,500,0,1.3079476572010125,0.6402275337675716,1.2533350107123962
magnitude,0.05,power_design-3a4fe723dcf4,power_design,observed_standardized,expression,standardized_feature,delta,500,500,0,1.3041009267539456,0.6240545459582637,1.2705522154519127
magnitude,0.05,power_design-cf76e6b96be2,power_design,observed_standardized,expression,standardized_feature,delta,500,500,0,1.3079476572010138,0.6402275337675709,1.2533350107123855
magnitude,0.05,power_primary-c73f071130c2,power_primary,observed_standardized,expression,standardized_feature,delta,500,500,0,1.3041009267539467,0.6240545459582637,1.270552215451918
magnitude,0.05,power_design-130a5852f12e,power_design,observed_standardized,expression,standardized_feature,path_length[A],500,500,0,23.409576158672156,1.1178618054276974,23.396626054442038
magnitude,0.05,power_design-3a4fe723dcf4,power_design,observed_standardized,expression,standardized_feature,path_length[A],500,500,0,23.287031198746067,1.1308172032824033,23.327939906119553
magnitude,0.05,power_design-cf76e6b96be2,power_design,observed_standardized,expression,standardized_feature,path_length[A],500,500,0,23.409576158672156,1.1178618054276974,23.396626054442052
magnitude,0.05,power_primary-c73f071130c2,power_primary,observed_standardized,expression,standardized_feature,path_length[A],500,500,0,23.287031198746064,1.1308172032824038,23.327939906119553
magnitude,0.05,power_design-130a5852f12e,power_design,observed_standardized,expression,standardized_feature,path_length[B],500,500,0,24.70694744202349,1.202655145799695,24.745202865153882
magnitude,0.05,power_design-3a4fe723dcf4,power_design,observed_standardized,expression,standardized_feature,path_length[B],500,500,0,24.58271040389583,1.190661092727707,24.568368540426214
magnitude,0.05,power_design-cf76e6b96be2,power_design,observed_standardized,expression,standardized_feature,path_length[B],500,500,0,24.706947442023488,1.202655145799695,24.745202865153882
magnitude,0.05,power_primary-c73f071130c2,power_primary,observed_standardized,expression,standardized_feature,path_length[B],500,500,0,24.58271040389583,1.1906610927277068,24.568368540426214
magnitude,0.05,power_design-130a5852f12e,power_design,observed_standardized,expression,standardized_feature,shape,500,500,0,0.030344897397585308,0.015294319898822807,0.02767944929620262
magnitude,0.05,power_design-3a4fe723dcf4,power_design,observed_standardized,expression,standardized_feature,shape,500,500,0,0.02887089118272041,0.01485187050182849,0.026757551111197576
magnitude,0.05,power_design-cf76e6b96be2,power_design,observed_standardized,expression,standardized_feature,shape,500,500,0,0.030344897397585308,0.015294319898822786,0.027679449296203154
magnitude,0.05,power_primary-c73f071130c2,power_primary,observed_standardized,expression,standardized_feature,shape,500,500,0,0.028870891182720383,0.014851870501828483,0.026757551111197576
magnitude,0.05,power_design-130a5852f12e,power_design,observed_standardized,joint,standardized_feature,angle,500,500,0,54.93403844751939,33.90845953900286,40.97752558872125
magnitude,0.05,power_design-3a4fe723dcf4,power_design,observed_standardized,joint,standardized_feature,angle,500,500,0,44.10707299934042,31.549411303616484,32.100043093184034
magnitude,0.05,power_design-cf76e6b96be2,power_design,observed_standardized,joint,standardized_feature,angle,500,500,0,47.140438914087184,32.61982338472971,34.34179431602979
magnitude,0.05,power_primary-c73f071130c2,power_primary,observed_standardized,joint,standardized_feature,angle,500,500,0,51.49896968869664,32.56410556146957,37.916880032547944
magnitude,0.05,power_design-130a5852f12e,power_design,observed_standardized,joint,standardized_feature,delta,500,500,0,2.5854946760677593,1.5820347327784807,2.3688329584716534
magnitude,0.05,power_design-3a4fe723dcf4,power_design,observed_standardized,joint,standardized_feature,delta,500,500,0,2.8349345132037636,1.4428803876485063,2.6963570151247325
magnitude,0.05,power_design-cf76e6b96be2,power_design,observed_standardized,joint,standardized_feature,delta,500,500,0,2.8749199939906123,1.4418995902594043,2.767328688345774
magnitude,0.05,power_primary-c73f071130c2,power_primary,observed_standardized,joint,standardized_feature,delta,500,500,0,2.4787424900449695,1.6130147325527922,2.2245760419369276
magnitude,0.05,power_design-130a5852f12e,power_design,observed_standardized,joint,standardized_feature,path_length[A],500,500,0,39.68911815285191,2.0758652142983287,39.52442369496697
magnitude,0.05,power_design-3a4fe723dcf4,power_design,observed_standardized,joint,standardized_feature,path_length[A],500,500,0,48.63489923688788,2.137460349335162,48.6145417915904
magnitude,0.05,power_design-cf76e6b96be2,power_design,observed_standardized,joint,standardized_feature,path_length[A],500,500,0,49.02458838156641,2.2638359802157213,48.960631725499866
magnitude,0.05,power_primary-c73f071130c2,power_primary,observed_standardized,joint,standardized_feature,path_length[A],500,500,0,39.32036759896406,1.8844593219573644,39.159067603889255
magnitude,0.05,power_design-130a5852f12e,power_design,observed_standardized,joint,standardized_feature,path_length[B],500,500,0,41.95611699790302,2.0660068495108668,41.90526308567477
magnitude,0.05,power_design-3a4fe723dcf4,power_design,observed_standardized,joint,standardized_feature,path_length[B],500,500,0,51.37595731253625,2.2839968508872683,51.22463834533036
magnitude,0.05,power_design-cf76e6b96be2,power_design,observed_standardized,joint,standardized_feature,path_length[B],500,500,0,51.75997917370864,2.302269063751901,51.786705559448244
magnitude,0.05,power_primary-c73f071130c2,power_primary,observed_standardized,joint,standardized_feature,path_length[B],500,500,0,41.58381293640603,2.0559832977509416,41.47758652829991
magnitude,0.05,power_design-130a5852f12e,power_design,observed_standardized,joint,standardized_feature,shape,500,500,0,0.048524929973617806,0.03249427976533424,0.04028816468023557
magnitude,0.05,power_design-3a4fe723dcf4,power_design,observed_standardized,joint,standardized_feature,shape,500,500,0,0.032826961699334335,0.02008482552518631,0.028599659473748467
magnitude,0.05,power_design-cf76e6b96be2,power_design,observed_standardized,joint,standardized_feature,shape,500,500,0,0.033897695737968185,0.022551133418314415,0.028645273417143922
magnitude,0.05,power_primary-c73f071130c2,power_primary,observed_standardized,joint,standardized_feature,shape,500,500,0,0.04654023226950315,0.02922191328515999,0.04055070576479183
magnitude,0.05,power_design-130a5852f12e,power_design,observed_standardized,methylation,standardized_feature,angle,500,500,0,61.66779077363734,34.723045513633544,47.84390825059466
magnitude,0.05,power_design-3a4fe723dcf4,power_design,observed_standardized,methylation,standardized_feature,angle,500,500,0,58.72568785934156,33.86645339803104,45.098109341369806
magnitude,0.05,power_design-cf76e6b96be2,power_design,observed_standardized,methylation,standardized_feature,angle,500,500,0,61.66779077363719,34.723045513633544,47.84390825059458
magnitude,0.05,power_primary-c73f071130c2,power_primary,observed_standardized,methylation,standardized_feature,angle,500,500,0,58.72568785934168,33.86645339803104,45.09810934136959
magnitude,0.05,power_design-130a5852f12e,power_design,observed_standardized,methylation,standardized_feature,delta,500,500,0,2.4532021105018154,1.7631179592656754,2.0954095203405707
magnitude,0.05,power_design-3a4fe723dcf4,power_design,observed_standardized,methylation,standardized_feature,delta,500,500,0,2.2919160899267754,1.7850278038107141,1.920005957882461
magnitude,0.05,power_design-cf76e6b96be2,power_design,observed_standardized,methylation,standardized_feature,delta,500,500,0,2.4532021105018065,1.7631179592656718,2.0954095203405707
magnitude,0.05,power_primary-c73f071130c2,power_primary,observed_standardized,methylation,standardized_feature,delta,500,500,0,2.2919160899267736,1.7850278038107137,1.920005957882461
magnitude,0.05,power_design-130a5852f12e,power_design,observed_standardized,methylation,standardized_feature,path_length[A],500,500,0,32.01409939081447,2.1444180601335945,31.71372996982975
magnitude,0.05,power_design-3a4fe723dcf4,power_design,observed_standardized,methylation,standardized_feature,path_length[A],500,500,0,31.65021244299526,1.906068397149373,31.42307154533961
magnitude,0.05,power_design-cf76e6b96be2,power_design,observed_standardized,methylation,standardized_feature,path_length[A],500,500,0,32.01409939081447,2.1444180601335914,31.71372996982975
magnitude,0.05,power_primary-c73f071130c2,power_primary,observed_standardized,methylation,standardized_feature,path_length[A],500,500,0,31.650212442995265,1.9060683971493773,31.423071545339603
magnitude,0.05,power_design-130a5852f12e,power_design,observed_standardized,methylation,standardized_feature,path_length[B],500,500,0,33.871176467063286,2.1149235878035624,33.762457693972124
magnitude,0.05,power_design-3a4fe723dcf4,power_design,observed_standardized,methylation,standardized_feature,path_length[B],500,500,0,33.502496386119184,2.082065659974251,33.2753375187892
magnitude,0.05,power_design-cf76e6b96be2,power_design,observed_standardized,methylation,standardized_feature,path_length[B],500,500,0,33.8711764670633,2.1149235878035575,33.76245769397224
magnitude,0.05,power_primary-c73f071130c2,power_primary,observed_standardized,methylation,standardized_feature,path_length[B],500,500,0,33.5024963861192,2.082065659974247,33.2753375187892
magnitude,0.05,power_design-130a5852f12e,power_design,observed_standardized,methylation,standardized_feature,shape,500,500,0,0.07021207750458126,0.045328086041241014,0.06035902414669922
magnitude,0.05,power_design-3a4fe723dcf4,power_design,observed_standardized,methylation,standardized_feature,shape,500,500,0,0.06702234481027737,0.04092531099832958,0.060354535018180486
magnitude,0.05,power_design-cf76e6b96be2,power_design,observed_standardized,methylation,standardized_feature,shape,500,500,0,0.07021207750458112,0.045328086041240855,0.06035902414669922
magnitude,0.05,power_primary-c73f071130c2,power_primary,observed_standardized,methylation,standardized_feature,shape,500,500,0,0.06702234481027759,0.0409253109983296,0.06035453501818139
magnitude,0.05,power_design-3a4fe723dcf4,power_design,observed_standardized,proteomics,standardized_feature,angle,500,500,0,31.711646099889826,28.453098420656907,24.054970081557272
magnitude,0.05,power_design-cf76e6b96be2,power_design,observed_standardized,proteomics,standardized_feature,angle,500,500,0,33.6913082674484,30.68874147957282,25.032863635472516
magnitude,0.05,power_design-3a4fe723dcf4,power_design,observed_standardized,proteomics,standardized_feature,delta,500,500,0,1.5470702121157163,0.5364521318322569,1.5530262734041447
magnitude,0.05,power_design-cf76e6b96be2,power_design,observed_standardized,proteomics,standardized_feature,delta,500,500,0,1.5313416842260004,0.593979513306029,1.5482954043457529
magnitude,0.05,power_design-3a4fe723dcf4,power_design,observed_standardized,proteomics,standardized_feature,path_length[A],500,500,0,28.591758231546486,1.4726898358332818,28.589133618659638
magnitude,0.05,power_design-cf76e6b96be2,power_design,observed_standardized,proteomics,standardized_feature,path_length[A],500,500,0,28.743113845322515,1.4886802005136703,28.738893339861633
magnitude,0.05,power_design-3a4fe723dcf4,power_design,observed_standardized,proteomics,standardized_feature,path_length[B],500,500,0,30.13697168458563,1.5110255961547063,30.07506173992299
magnitude,0.05,power_design-cf76e6b96be2,power_design,observed_standardized,proteomics,standardized_feature,path_length[B],500,500,0,30.274399272214417,1.5668258501012773,30.227224204576792
magnitude,0.05,power_design-3a4fe723dcf4,power_design,observed_standardized,proteomics,standardized_feature,shape,500,500,0,0.02130742008031347,0.01172983869457024,0.019066001251791205
magnitude,0.05,power_design-cf76e6b96be2,power_design,observed_standardized,proteomics,standardized_feature,shape,500,500,0,0.020772329466232236,0.010963669612791134,0.019186636464854242
magnitude,0.05,power_design-130a5852f12e,power_design,pls_latent,joint,pls_latent,angle,500,500,0,34.304507104397864,40.86881100028373,19.143815819443986
magnitude,0.05,power_design-3a4fe723dcf4,power_design,pls_latent,joint,pls_latent,angle,500,500,0,29.43053105704538,43.08373370963765,12.328488044204805
magnitude,0.05,power_design-cf76e6b96be2,power_design,pls_latent,joint,pls_latent,angle,500,500,0,32.284216696008684,45.43032167794904,12.98999005359348
magnitude,0.05,power_primary-c73f071130c2,power_primary,pls_latent,joint,pls_latent,angle,500,500,0,32.3664042377564,39.48895593281345,17.674555451251848
magnitude,0.05,power_design-130a5852f12e,power_design,pls_latent,joint,pls_latent,delta,500,500,0,2.08935834905986,1.351809590524628,1.941919379665439
magnitude,0.05,power_design-3a4fe723dcf4,power_design,pls_latent,joint,pls_latent,delta,500,500,0,2.278183584567918,1.3643397584382004,2.2217904884138235
magnitude,0.05,power_design-cf76e6b96be2,power_design,pls_latent,joint,pls_latent,delta,500,500,0,2.460420787618381,1.3804844486817212,2.3513244672955516
magnitude,0.05,power_primary-c73f071130c2,power_primary,pls_latent,joint,pls_latent,delta,500,500,0,2.049271438646517,1.4199064935259678,1.8625859997990482
magnitude,0.05,power_design-130a5852f12e,power_design,pls_latent,joint,pls_latent,path_length[A],500,500,0,39.42103830237188,2.658117079197951,38.85039655462681
magnitude,0.05,power_design-3a4fe723dcf4,power_design,pls_latent,joint,pls_latent,path_length[A],500,500,0,46.79019142407016,2.113229039121411,46.69338036391002
magnitude,0.05,power_design-cf76e6b96be2,power_design,pls_latent,joint,pls_latent,path_length[A],500,500,0,46.89051042332337,2.161129689217027,46.86429899099555
magnitude,0.05,power_primary-c73f071130c2,power_primary,pls_latent,joint,pls_latent,path_length[A],500,500,0,39.28714177520237,2.6279253914792293,38.88498639150674
magnitude,0.05,power_design-130a5852f12e,power_design,pls_latent,joint,pls_latent,path_length[B],500,500,0,41.256707884360054,2.8091075605001015,40.841962999826585
magnitude,0.05,power_design-3a4fe723dcf4,power_design,pls_latent,joint,pls_latent,path_length[B],500,500,0,48.88860615407045,2.273180997605818,48.942461639986924
magnitude,0.05,power_design-cf76e6b96be2,power_design,pls_latent,joint,pls_latent,path_length[B],500,500,0,49.108783293473714,2.2901357565752374,49.12719049102018
magnitude,0.05,power_primary-c73f071130c2,power_primary,pls_latent,joint,pls_latent,path_length[B],500,500,0,41.07365879708983,2.7769117546767466,40.6010471364522
magnitude,0.05,power_design-130a5852f12e,power_design,pls_latent,joint,pls_latent,shape,500,500,0,0.040689833343763776,0.024130650158908515,0.03697815279034148
magnitude,0.05,power_design-3a4fe723dcf4,power_design,pls_latent,joint,pls_latent,shape,500,500,0,0.03242110085810244,0.020782520856802954,0.028829268248630777
magnitude,0.05,power_design-cf76e6b96be2,power_design,pls_latent,joint,pls_latent,shape,500,500,0,0.03488440634279991,0.023577856768422053,0.02966149463408986
magnitude,0.05,power_primary-c73f071130c2,power_primary,pls_latent,joint,pls_latent,shape,500,500,0,0.039861297745500464,0.02558970163693287,0.03565122090294324
magnitude,0.1,power_design-401ee320dc18,power_design,population_native,expression,native_omic_units,angle,500,500,0,1.800000440493644,17.92771045839651,0.0
magnitude,0.1,power_design-a0c24145ad8b,power_design,population_native,expression,native_omic_units,angle,500,500,0,1.8000004373474392,17.927710483007388,0.0
magnitude,0.1,power_design-e939205eb730,power_design,population_native,expression,native_omic_units,angle,500,500,0,1.8000004443675248,17.927710458006842,0.0
magnitude,0.1,power_primary-054075f42c52,power_primary,population_native,expression,native_omic_units,angle,500,500,0,2.16000044248169,19.618975594612742,0.0
magnitude,0.1,power_design-401ee320dc18,power_design,population_native,expression,native_omic_units,delta,500,500,0,2.548078488670117,0.12737016299900117,2.5581932925595225
magnitude,0.1,power_design-a0c24145ad8b,power_design,population_native,expression,native_omic_units,delta,500,500,0,2.548078488670117,0.12737016299900117,2.5581932925595225
magnitude,0.1,power_design-e939205eb730,power_design,population_native,expression,native_omic_units,delta,500,500,0,2.548078488670117,0.12737016299900117,2.5581932925595225
magnitude,0.1,power_primary-054075f42c52,power_primary,population_native,expression,native_omic_units,delta,500,500,0,2.548078488670117,0.12737016299900117,2.5581932925595225
magnitude,0.1,power_design-401ee320dc18,power_design,population_native,expression,native_omic_units,path_length[A],500,500,0,25.480784886701134,1.2737016299900132,25.581932925595176
magnitude,0.1,power_design-a0c24145ad8b,power_design,population_native,expression,native_omic_units,path_length[A],500,500,0,25.480784886701134,1.2737016299900132,25.581932925595176
magnitude,0.1,power_design-e939205eb730,power_design,population_native,expression,native_omic_units,path_length[A],500,500,0,25.480784886701134,1.2737016299900132,25.581932925595176
magnitude,0.1,power_primary-054075f42c52,power_primary,population_native,expression,native_omic_units,path_length[A],500,500,0,25.480784886701134,1.2737016299900132,25.581932925595176
magnitude,0.1,power_design-401ee320dc18,power_design,population_native,expression,native_omic_units,path_length[B],500,500,0,28.02886337537125,1.4010717929890137,28.1401262181547
magnitude,0.1,power_design-a0c24145ad8b,power_design,population_native,expression,native_omic_units,path_length[B],500,500,0,28.02886337537125,1.4010717929890137,28.1401262181547
magnitude,0.1,power_design-e939205eb730,power_design,population_native,expression,native_omic_units,path_length[B],500,500,0,28.02886337537125,1.4010717929890137,28.1401262181547
magnitude,0.1,power_primary-054075f42c52,power_primary,population_native,expression,native_omic_units,path_length[B],500,500,0,28.02886337537125,1.4010717929890137,28.1401262181547
magnitude,0.1,power_design-401ee320dc18,power_design,population_native,expression,native_omic_units,shape,500,500,0,1.2652629801780418e-15,3.793466074264905e-16,1.2007806254021345e-15
magnitude,0.1,power_design-a0c24145ad8b,power_design,population_native,expression,native_omic_units,shape,500,500,0,1.3200719469494427e-15,5.539126598333044e-16,1.227777778711385e-15
magnitude,0.1,power_design-e939205eb730,power_design,population_native,expression,native_omic_units,shape,500,500,0,1.3045535012903471e-15,5.147965129175409e-16,1.2173149177601186e-15
magnitude,0.1,power_primary-054075f42c52,power_primary,population_native,expression,native_omic_units,shape,500,500,0,1.3505342309621947e-15,5.343625847449687e-16,1.2805939394711369e-15
magnitude,0.1,power_design-401ee320dc18,power_design,population_native,methylation,native_omic_units,angle,500,500,0,1.8000004550602953,17.927710481225372,0.0
magnitude,0.1,power_design-a0c24145ad8b,power_design,population_native,methylation,native_omic_units,angle,500,500,0,1.800000449868802,17.927710488863376,0.0
magnitude,0.1,power_design-e939205eb730,power_design,population_native,methylation,native_omic_units,angle,500,500,0,1.800000450661269,17.927710471604957,0.0
magnitude,0.1,power_primary-054075f42c52,power_primary,population_native,methylation,native_omic_units,angle,500,500,0,1.8000004543168315,17.927710481300142,0.0
magnitude,0.1,power_design-401ee320dc18,power_design,population_native,methylation,native_omic_units,delta,500,500,0,3.2578123654654223,0.1541146180916715,3.2607708397069146
magnitude,0.1,power_design-a0c24145ad8b,power_design,population_native,methylation,native_omic_units,delta,500,500,0,3.2578123654654223,0.1541146180916715,3.2607708397069146
magnitude,0.1,power_design-e939205eb730,power_design,population_native,methylation,native_omic_units,delta,500,500,0,3.2578123654654223,0.1541146180916715,3.2607708397069146
magnitude,0.1,power_primary-054075f42c52,power_primary,population_native,methylation,native_omic_units,delta,500,500,0,3.2578123654654223,0.1541146180916715,3.2607708397069146
magnitude,0.1,power_design-401ee320dc18,power_design,population_native,methylation,native_omic_units,path_length[A],500,500,0,32.57812365465419,1.541146180916717,32.607708397069054
magnitude,0.1,power_design-a0c24145ad8b,power_design,population_native,methylation,native_omic_units,path_length[A],500,500,0,32.57812365465419,1.541146180916717,32.607708397069054
magnitude,0.1,power_design-e939205eb730,power_design,population_native,methylation,native_omic_units,path_length[A],500,500,0,32.57812365465419,1.541146180916717,32.607708397069054
magnitude,0.1,power_primary-054075f42c52,power_primary,population_native,methylation,native_omic_units,path_length[A],500,500,0,32.57812365465419,1.541146180916717,32.607708397069054
magnitude,0.1,power_design-401ee320dc18,power_design,population_native,methylation,native_omic_units,path_length[B],500,500,0,35.83593602011958,1.6952607990083894,35.86847923677597
magnitude,0.1,power_design-a0c24145ad8b,power_design,population_native,methylation,native_omic_units,path_length[B],500,500,0,35.83593602011958,1.6952607990083894,35.86847923677597
magnitude,0.1,power_design-e939205eb730,power_design,population_native,methylation,native_omic_units,path_length[B],500,500,0,35.83593602011958,1.6952607990083894,35.86847923677597
magnitude,0.1,power_primary-054075f42c52,power_primary,population_native,methylation,native_omic_units,path_length[B],500,500,0,35.83593602011958,1.6952607990083894,35.86847923677597
magnitude,0.1,power_design-401ee320dc18,power_design,population_native,methylation,native_omic_units,shape,500,500,0,2.133933417644391e-15,1.1527394982520077e-15,1.7540169554938642e-15
magnitude,0.1,power_design-a0c24145ad8b,power_design,population_native,methylation,native_omic_units,shape,500,500,0,2.1776484509237566e-15,1.2032573467776442e-15,1.7705932066552056e-15
magnitude,0.1,power_design-e939205eb730,power_design,population_native,methylation,native_omic_units,shape,500,500,0,2.2187738236710085e-15,1.250472449781284e-15,1.7844108580235153e-15
magnitude,0.1,power_primary-054075f42c52,power_primary,population_native,methylation,native_omic_units,shape,500,500,0,2.1935416936467303e-15,1.1738381871940595e-15,1.811972402434394e-15
magnitude,0.1,power_design-401ee320dc18,power_design,population_native,proteomics,native_omic_units,angle,500,500,0,2.7000003844932077,21.5275839042,0.0
magnitude,0.1,power_design-a0c24145ad8b,power_design,population_native,proteomics,native_omic_units,angle,500,500,0,3.060000395750855,22.94098892757631,0.0
magnitude,0.1,power_design-401ee320dc18,power_design,population_native,proteomics,native_omic_units,delta,500,500,0,2.8247499647001586,0.14952872096038186,2.823312870851744
magnitude,0.1,power_design-a0c24145ad8b,power_design,population_native,proteomics,native_omic_units,delta,500,500,0,2.8247499647001586,0.14952872096038186,2.823312870851744
magnitude,0.1,power_design-401ee320dc18,power_design,population_native,proteomics,native_omic_units,path_length[A],500,500,0,28.24749964700159,1.4952872096038166,28.233128708517363
magnitude,0.1,power_design-a0c24145ad8b,power_design,population_native,proteomics,native_omic_units,path_length[A],500,500,0,28.24749964700159,1.4952872096038166,28.233128708517363
magnitude,0.1,power_design-401ee320dc18,power_design,population_native,proteomics,native_omic_units,path_length[B],500,500,0,31.072249611701704,1.644815930564198,31.056441579369107
magnitude,0.1,power_design-a0c24145ad8b,power_design,population_native,proteomics,native_omic_units,path_length[B],500,500,0,31.072249611701704,1.644815930564198,31.056441579369107
magnitude,0.1,power_design-401ee320dc18,power_design,population_native,proteomics,native_omic_units,shape,500,500,0,1.545766297023321e-15,8.242803576842358e-16,1.3736450009486205e-15
magnitude,0.1,power_design-a0c24145ad8b,power_design,population_native,proteomics,native_omic_units,shape,500,500,0,1.56475909634507e-15,8.824301588746768e-16,1.3579865868270685e-15
magnitude,0.1,power_design-401ee320dc18,power_design,population_standardized,expression,standardized_feature,angle,500,500,0,3.9378022688454385e-07,5.664281143996314e-07,0.0
magnitude,0.1,power_design-a0c24145ad8b,power_design,population_standardized,expression,standardized_feature,angle,500,500,0,4.361531148224951e-07,5.636850465121853e-07,0.0
magnitude,0.1,power_design-e939205eb730,power_design,population_standardized,expression,standardized_feature,angle,500,500,0,4.246690429055522e-07,5.581915455374095e-07,0.0
magnitude,0.1,power_primary-054075f42c52,power_primary,population_standardized,expression,standardized_feature,angle,500,500,0,3.750836376064538e-07,5.46557625116851e-07,0.0
magnitude,0.1,power_design-401ee320dc18,power_design,population_standardized,expression,standardized_feature,delta,500,500,0,2.178064157553778,0.11710469221160143,2.176794276940859
magnitude,0.1,power_design-a0c24145ad8b,power_design,population_standardized,expression,standardized_feature,delta,500,500,0,2.1814368422672756,0.11805805369234704,2.182169839280391
magnitude,0.1,power_design-e939205eb730,power_design,population_standardized,expression,standardized_feature,delta,500,500,0,2.181436842267276,0.11805805369234709,2.1821698392803928
magnitude,0.1,power_primary-054075f42c52,power_primary,population_standardized,expression,standardized_feature,delta,500,500,0,2.1780641575537776,0.11710469221160137,2.176794276940857
magnitude,0.1,power_design-401ee320dc18,power_design,population_standardized,expression,standardized_feature,path_length[A],500,500,0,21.78064157553776,1.171046922116013,21.76794276940855
magnitude,0.1,power_design-a0c24145ad8b,power_design,population_standardized,expression,standardized_feature,path_length[A],500,500,0,21.814368422672725,1.1805805369234692,21.821698392803896
magnitude,0.1,power_design-e939205eb730,power_design,population_standardized,expression,standardized_feature,path_length[A],500,500,0,21.814368422672718,1.1805805369234692,21.821698392803896
magnitude,0.1,power_primary-054075f42c52,power_primary,population_standardized,expression,standardized_feature,path_length[A],500,500,0,21.78064157553776,1.1710469221160127,21.767942769408553
magnitude,0.1,power_design-401ee320dc18,power_design,population_standardized,expression,standardized_feature,path_length[B],500,500,0,23.958705733091534,1.2881516143276137,23.94473704634941
magnitude,0.1,power_design-a0c24145ad8b,power_design,population_standardized,expression,standardized_feature,path_length[B],500,500,0,23.99580526494001,1.298638590615816,24.003868232084287
magnitude,0.1,power_design-e939205eb730,power_design,population_standardized,expression,standardized_feature,path_length[B],500,500,0,23.99580526494001,1.2986385906158162,24.003868232084287
magnitude,0.1,power_primary-054075f42c52,power_primary,population_standardized,expression,standardized_feature,path_length[B],500,500,0,23.958705733091534,1.2881516143276137,23.94473704634941
magnitude,0.1,power_design-401ee320dc18,power_design,population_standardized,expression,standardized_feature,shape,500,500,0,9.941116716082351e-16,6.283872279118427e-16,8.661260400058648e-16
magnitude,0.1,power_design-a0c24145ad8b,power_design,population_standardized,expression,standardized_feature,shape,500,500,0,1.0388354319812492e-15,7.559850365700949e-16,8.595621779808213e-16
magnitude,0.1,power_design-e939205eb730,power_design,population_standardized,expression,standardized_feature,shape,500,500,0,1.0390627185683116e-15,7.252090546413464e-16,8.655756261654643e-16
magnitude,0.1,power_primary-054075f42c52,power_primary,population_standardized,expression,standardized_feature,shape,500,500,0,1.0494749702959705e-15,7.374924594756128e-16,8.919235314674003e-16
magnitude,0.1,power_design-401ee320dc18,power_design,population_standardized,joint,standardized_feature,angle,500,500,0,4.0998924488572143e-07,5.626287130372092e-07,0.0
magnitude,0.1,power_design-a0c24145ad8b,power_design,population_standardized,joint,standardized_feature,angle,500,500,0,4.07067868129656e-07,5.673308952457273e-07,0.0
magnitude,0.1,power_design-e939205eb730,power_design,population_standardized,joint,standardized_feature,angle,500,500,0,4.442137973949992e-07,5.612598271681181e-07,0.0
magnitude,0.1,power_primary-054075f42c52,power_primary,population_standardized,joint,standardized_feature,angle,500,500,0,4.532966770893172e-07,5.720971975471472e-07,0.0
magnitude,0.1,power_design-401ee320dc18,power_design,population_standardized,joint,standardized_feature,delta,500,500,0,4.472515943821871,0.20847702662334258,4.476487541800942
magnitude,0.1,power_design-a0c24145ad8b,power_design,population_standardized,joint,standardized_feature,delta,500,500,0,4.4810737893228545,0.20866919040121207,4.482190858150499
magnitude,0.1,power_design-e939205eb730,power_design,population_standardized,joint,standardized_feature,delta,500,500,0,3.570525234927371,0.16292221486147948,3.569581745357951
magnitude,0.1,power_primary-054075f42c52,power_primary,population_standardized,joint,standardized_feature,delta,500,500,0,3.5626182537323188,0.16384152417588937,3.557291082372842
magnitude,0.1,power_design-401ee320dc18,power_design,population_standardized,joint,standardized_feature,path_length[A],500,500,0,44.725159438218654,2.0847702662334204,44.76487541800938
magnitude,0.1,power_design-a0c24145ad8b,power_design,population_standardized,joint,standardized_feature,path_length[A],500,500,0,44.810737893228506,2.0866919040121177,44.82190858150494
magnitude,0.1,power_design-e939205eb730,power_design,population_standardized,joint,standardized_feature,path_length[A],500,500,0,35.705252349273685,1.629222148614791,35.69581745357944
magnitude,0.1,power_primary-054075f42c52,power_primary,population_standardized,joint,standardized_feature,path_length[A],500,500,0,35.626182537323174,1.6384152417588975,35.57291082372843
magnitude,0.1,power_design-401ee320dc18,power_design,population_standardized,joint,standardized_feature,path_length[B],500,500,0,49.197675382040515,2.2932472928567633,49.241362959810324
magnitude,0.1,power_design-a0c24145ad8b,power_design,population_standardized,joint,standardized_feature,path_length[B],500,500,0,49.2918116825513,2.29536109441333,49.304099439655445
magnitude,0.1,power_design-e939205eb730,power_design,population_standardized,joint,standardized_feature,path_length[B],500,500,0,39.27577758420104,1.7921443634762708,39.26539919893739
magnitude,0.1,power_primary-054075f42c52,power_primary,population_standardized,joint,standardized_feature,path_length[B],500,500,0,39.18880079105551,1.8022567659347868,39.13020190610127
magnitude,0.1,power_design-401ee320dc18,power_design,population_standardized,joint,standardized_feature,shape,500,500,0,1.2601881851209221e-15,8.781064529394419e-16,1.0340153485158693e-15
magnitude,0.1,power_design-a0c24145ad8b,power_design,population_standardized,joint,standardized_feature,shape,500,500,0,1.2934396429737282e-15,9.42269313080497e-16,1.0475617389709143e-15
magnitude,0.1,power_design-e939205eb730,power_design,population_standardized,joint,standardized_feature,shape,500,500,0,1.237652136740421e-15,8.771839558481536e-16,1.0046326010398092e-15
magnitude,0.1,power_primary-054075f42c52,power_primary,population_standardized,joint,standardized_feature,shape,500,500,0,1.2034370142332933e-15,7.461057007427112e-16,1.0107931091391605e-15
magnitude,0.1,power_design-401ee320dc18,power_design,population_standardized,methylation,standardized_feature,angle,500,500,0,4.022610206267752e-07,5.604250333186833e-07,0.0
magnitude,0.1,power_design-a0c24145ad8b,power_design,population_standardized,methylation,standardized_feature,angle,500,500,0,4.2525411492373847e-07,5.681247945990267e-07,0.0
magnitude,0.1,power_design-e939205eb730,power_design,population_standardized,methylation,standardized_feature,angle,500,500,0,4.3742720284570055e-07,5.805829045788316e-07,0.0
magnitude,0.1,power_primary-054075f42c52,power_primary,population_standardized,methylation,standardized_feature,angle,500,500,0,3.6212474321398113e-07,5.405822818022952e-07,0.0
magnitude,0.1,power_design-401ee320dc18,power_design,population_standardized,methylation,standardized_feature,delta,500,500,0,2.8174239973598176,0.14106321690979534,2.817275952143655
magnitude,0.1,power_design-a0c24145ad8b,power_design,population_standardized,methylation,standardized_feature,delta,500,500,0,2.8247380598101746,0.14092758862774335,2.8232774688562863
magnitude,0.1,power_design-e939205eb730,power_design,population_standardized,methylation,standardized_feature,delta,500,500,0,2.8247380598101755,0.1409275886277432,2.8232774688562863
magnitude,0.1,power_primary-054075f42c52,power_primary,population_standardized,methylation,standardized_feature,delta,500,500,0,2.8174239973598185,0.14106321690979512,2.817275952143657
magnitude,0.1,power_design-401ee320dc18,power_design,population_standardized,methylation,standardized_feature,path_length[A],500,500,0,28.174239973598187,1.410632169097951,28.172759521436536
magnitude,0.1,power_design-a0c24145ad8b,power_design,population_standardized,methylation,standardized_feature,path_length[A],500,500,0,28.247380598101707,1.4092758862774333,28.23277468856284
magnitude,0.1,power_design-e939205eb730,power_design,population_standardized,methylation,standardized_feature,path_length[A],500,500,0,28.247380598101724,1.4092758862774313,28.23277468856284
magnitude,0.1,power_primary-054075f42c52,power_primary,population_standardized,methylation,standardized_feature,path_length[A],500,500,0,28.174239973598183,1.41063216909795,28.17275952143656
magnitude,0.1,power_design-401ee320dc18,power_design,population_standardized,methylation,standardized_feature,path_length[B],500,500,0,30.991663970957994,1.5516953860077463,30.990035473580193
magnitude,0.1,power_design-a0c24145ad8b,power_design,population_standardized,methylation,standardized_feature,path_length[B],500,500,0,31.072118657911904,1.550203474905177,31.05605215741913
magnitude,0.1,power_design-e939205eb730,power_design,population_standardized,methylation,standardized_feature,path_length[B],500,500,0,31.07211865791192,1.550203474905175,31.05605215741913
magnitude,0.1,power_primary-054075f42c52,power_primary,population_standardized,methylation,standardized_feature,path_length[B],500,500,0,30.99166397095798,1.551695386007745,30.990035473580217
magnitude,0.1,power_design-401ee320dc18,power_design,population_standardized,methylation,standardized_feature,shape,500,500,0,1.1380980960812444e-15,8.698951228693567e-16,9.166813235907407e-16
magnitude,0.1,power_design-a0c24145ad8b,power_design,population_standardized,methylation,standardized_feature,shape,500,500,0,1.1282124699741457e-15,8.815275860350651e-16,9.09821131037619e-16
magnitude,0.1,power_design-e939205eb730,power_design,population_standardized,methylation,standardized_feature,shape,500,500,0,1.1715045912226941e-15,9.72468296604759e-16,9.055812252559741e-16
magnitude,0.1,power_primary-054075f42c52,power_primary,population_standardized,methylation,standardized_feature,shape,500,500,0,1.1445777497624743e-15,9.13675688178833e-16,9.110276783399688e-16
magnitude,0.1,power_design-401ee320dc18,power_design,population_standardized,proteomics,standardized_feature,angle,500,500,0,4.14203514961545e-07,5.86299519362017e-07,0.0
magnitude,0.1,power_design-a0c24145ad8b,power_design,population_standardized,proteomics,standardized_feature,angle,500,500,0,3.9221190886214494e-07,5.662289150928421e-07,0.0
magnitude,0.1,power_design-401ee320dc18,power_design,population_standardized,proteomics,standardized_feature,delta,500,500,0,2.702020650458723,0.1530562887312257,2.695706674107692
magnitude,0.1,power_design-a0c24145ad8b,power_design,population_standardized,proteomics,standardized_feature,delta,500,500,0,2.705694593567368,0.1559929378313934,2.7010104528296033
magnitude,0.1,power_design-401ee320dc18,power_design,population_standardized,proteomics,standardized_feature,path_length[A],500,500,0,27.020206504587172,1.5305628873122554,26.95706674107692
magnitude,0.1,power_design-a0c24145ad8b,power_design,population_standardized,proteomics,standardized_feature,path_length[A],500,500,0,27.056945935673667,1.5599293783139325,27.010104528296033
magnitude,0.1,power_design-401ee320dc18,power_design,population_standardized,proteomics,standardized_feature,path_length[B],500,500,0,29.72222715504589,1.6836191760434815,29.652773415184612
magnitude,0.1,power_design-a0c24145ad8b,power_design,population_standardized,proteomics,standardized_feature,path_length[B],500,500,0,29.762640529241033,1.7159223161453256,29.711114981125633
magnitude,0.1,power_design-401ee320dc18,power_design,population_standardized,proteomics,standardized_feature,shape,500,500,0,1.0657690719329107e-15,7.00042885973922e-16,9.168967819204233e-16
magnitude,0.1,power_design-a0c24145ad8b,power_design,population_standardized,proteomics,standardized_feature,shape,500,500,0,1.119731295905203e-15,7.383987310329441e-16,9.313566861909437e-16
magnitude,0.1,power_design-401ee320dc18,power_design,observed_standardized,expression,standardized_feature,angle,500,500,0,39.363079889878534,31.660269863702798,29.107452814678293
magnitude,0.1,power_design-a0c24145ad8b,power_design,observed_standardized,expression,standardized_feature,angle,500,500,0,42.35160112212006,34.25121918368386,30.65437569341307
magnitude,0.1,power_design-e939205eb730,power_design,observed_standardized,expression,standardized_feature,angle,500,500,0,42.351601122120066,34.25121918368386,30.65437569341305
magnitude,0.1,power_primary-054075f42c52,power_primary,observed_standardized,expression,standardized_feature,angle,500,500,0,39.36307988987852,31.66026986370279,29.107452814678282
magnitude,0.1,power_design-401ee320dc18,power_design,observed_standardized,expression,standardized_feature,delta,500,500,0,2.2942053606433377,0.6394819141134804,2.263626934530869
magnitude,0.1,power_design-a0c24145ad8b,power_design,observed_standardized,expression,standardized_feature,delta,500,500,0,2.2914512897357264,0.6627982688121944,2.2427638464520996
magnitude,0.1,power_design-e939205eb730,power_design,observed_standardized,expression,standardized_feature,delta,500,500,0,2.291451289735727,0.662798268812195,2.2427638464520996
magnitude,0.1,power_primary-054075f42c52,power_primary,observed_standardized,expression,standardized_feature,delta,500,500,0,2.294205360643337,0.6394819141134802,2.263626934530869
magnitude,0.1,power_design-401ee320dc18,power_design,observed_standardized,expression,standardized_feature,path_length[A],500,500,0,22.9781774326467,1.1094645519961406,23.024362264167603
magnitude,0.1,power_design-a0c24145ad8b,power_design,observed_standardized,expression,standardized_feature,path_length[A],500,500,0,23.092624001707648,1.0968926768749316,23.081455134395178
magnitude,0.1,power_design-e939205eb730,power_design,observed_standardized,expression,standardized_feature,path_length[A],500,500,0,23.092624001707645,1.0968926768749319,23.081455134395178
magnitude,0.1,power_primary-054075f42c52,power_primary,observed_standardized,expression,standardized_feature,path_length[A],500,500,0,22.9781774326467,1.10946455199614,23.0243622641676
magnitude,0.1,power_design-401ee320dc18,power_design,observed_standardized,expression,standardized_feature,path_length[B],500,500,0,25.272382793290106,1.222662509370846,25.253812463227696
magnitude,0.1,power_design-a0c24145ad8b,power_design,observed_standardized,expression,standardized_feature,path_length[B],500,500,0,25.384075291443388,1.235022413013773,25.433760669362954
magnitude,0.1,power_design-e939205eb730,power_design,observed_standardized,expression,standardized_feature,path_length[B],500,500,0,25.384075291443388,1.2350224130137728,25.433760669362954
magnitude,0.1,power_primary-054075f42c52,power_primary,observed_standardized,expression,standardized_feature,path_length[B],500,500,0,25.272382793290106,1.2226625093708459,25.253812463227696
magnitude,0.1,power_design-401ee320dc18,power_design,observed_standardized,expression,standardized_feature,shape,500,500,0,0.02835059309880207,0.01461587855931358,0.026252986183135527
magnitude,0.1,power_design-a0c24145ad8b,power_design,observed_standardized,expression,standardized_feature,shape,500,500,0,0.02978442083244801,0.0151404317336528,0.026942116521115174
magnitude,0.1,power_design-e939205eb730,power_design,observed_standardized,expression,standardized_feature,shape,500,500,0,0.029784420832448047,0.01514043173365282,0.026942116521115167
magnitude,0.1,power_primary-054075f42c52,power_primary,observed_standardized,expression,standardized_feature,shape,500,500,0,0.028350593098802068,0.014615878559313558,0.026252986183135325
magnitude,0.1,power_design-401ee320dc18,power_design,observed_standardized,joint,standardized_feature,angle,500,500,0,43.56803843859246,31.171393455847856,31.92123289157626
magnitude,0.1,power_design-a0c24145ad8b,power_design,observed_standardized,joint,standardized_feature,angle,500,500,0,47.29884737093053,33.18021249211554,34.19884947305978
magnitude,0.1,power_design-e939205eb730,power_design,observed_standardized,joint,standardized_feature,angle,500,500,0,54.837361817496614,34.22346977319647,40.60640659897357
magnitude,0.1,power_primary-054075f42c52,power_primary,observed_standardized,joint,standardized_feature,angle,500,500,0,51.424968211133624,32.897268921250934,37.621441966021074
magnitude,0.1,power_design-401ee320dc18,power_design,observed_standardized,joint,standardized_feature,delta,500,500,0,4.778085593679071,1.5701936961035476,4.747568104824797
magnitude,0.1,power_design-a0c24145ad8b,power_design,observed_standardized,joint,standardized_feature,delta,500,500,0,4.780252131721373,1.5999918486695133,4.84701857360594
magnitude,0.1,power_design-e939205eb730,power_design,observed_standardized,joint,standardized_feature,delta,500,500,0,3.97474760892423,1.7261290967495035,3.876081649146375
magnitude,0.1,power_primary-054075f42c52,power_primary,observed_standardized,joint,standardized_feature,delta,500,500,0,3.924862521523327,1.7267588024174902,3.774477103747863
magnitude,0.1,power_design-401ee320dc18,power_design,observed_standardized,joint,standardized_feature,path_length[A],500,500,0,47.94763698696117,2.1066778844057397,47.92056149693293
magnitude,0.1,power_design-a0c24145ad8b,power_design,observed_standardized,joint,standardized_feature,path_length[A],500,500,0,48.31989727755341,2.2357420582566183,48.244956800432035
magnitude,0.1,power_design-e939205eb730,power_design,observed_standardized,joint,standardized_feature,path_length[A],500,500,0,39.18190927289522,2.0650159456605994,39.00311366105315
magnitude,0.1,power_primary-054075f42c52,power_primary,observed_standardized,joint,standardized_feature,path_length[A],500,500,0,38.824868620403635,1.8704822843476117,38.64491960287362
magnitude,0.1,power_design-401ee320dc18,power_design,observed_standardized,joint,standardized_feature,path_length[B],500,500,0,52.71218038655884,2.3257258328726778,52.57628302493455
magnitude,0.1,power_design-a0c24145ad8b,power_design,observed_standardized,joint,standardized_feature,path_length[B],500,500,0,53.068401663931766,2.344590993673538,53.10233875742882
magnitude,0.1,power_design-e939205eb730,power_design,observed_standardized,joint,standardized_feature,path_length[B],500,500,0,43.02363217902193,2.082838459482378,42.97764611234597
magnitude,0.1,power_primary-054075f42c52,power_primary,observed_standardized,joint,standardized_feature,path_length[B],500,500,0,42.67309169070003,2.071334800991351,42.57934370030135
magnitude,0.1,power_design-401ee320dc18,power_design,observed_standardized,joint,standardized_feature,shape,500,500,0,0.03239863360270264,0.019809802477570842,0.02810716176512793
magnitude,0.1,power_design-a0c24145ad8b,power_design,observed_standardized,joint,standardized_feature,shape,500,500,0,0.03347925530176523,0.022231815333943424,0.027797909198911275
magnitude,0.1,power_design-e939205eb730,power_design,observed_standardized,joint,standardized_feature,shape,500,500,0,0.047780625680298665,0.031983372858476806,0.03924226676348484
magnitude,0.1,power_primary-054075f42c52,power_primary,observed_standardized,joint,standardized_feature,shape,500,500,0,0.04581432795878388,0.02879388670250635,0.039952741230824644
magnitude,0.1,power_design-401ee320dc18,power_design,observed_standardized,methylation,standardized_feature,angle,500,500,0,58.50730387764274,34.05287790661421,44.47580248251449
magnitude,0.1,power_design-a0c24145ad8b,power_design,observed_standardized,methylation,standardized_feature,angle,500,500,0,61.11383162024185,34.663631897486034,47.09012528068075
magnitude,0.1,power_design-e939205eb730,power_design,observed_standardized,methylation,standardized_feature,angle,500,500,0,61.113831620241676,34.663631897486006,47.09012528068017
magnitude,0.1,power_primary-054075f42c52,power_primary,observed_standardized,methylation,standardized_feature,angle,500,500,0,58.50730387764273,34.052877906614306,44.475802482513515
magnitude,0.1,power_design-401ee320dc18,power_design,observed_standardized,methylation,standardized_feature,delta,500,500,0,3.2860139147859297,1.9148761046791258,3.044021966375823
magnitude,0.1,power_design-a0c24145ad8b,power_design,observed_standardized,methylation,standardized_feature,delta,500,500,0,3.3891788444478634,1.909779745220168,3.2101091354931643
magnitude,0.1,power_design-e939205eb730,power_design,observed_standardized,methylation,standardized_feature,delta,500,500,0,3.389178844447864,1.9097797452201581,3.2101091354931643
magnitude,0.1,power_primary-054075f42c52,power_primary,observed_standardized,methylation,standardized_feature,delta,500,500,0,3.286013914785927,1.9148761046791198,3.044021966375823
magnitude,0.1,power_design-401ee320dc18,power_design,observed_standardized,methylation,standardized_feature,path_length[A],500,500,0,31.262149183904217,1.9018122958773978,31.016435522354993
magnitude,0.1,power_design-a0c24145ad8b,power_design,observed_standardized,methylation,standardized_feature,path_length[A],500,500,0,31.617264561581177,2.1428838149588216,31.30396708118332
magnitude,0.1,power_design-e939205eb730,power_design,observed_standardized,methylation,standardized_feature,path_length[A],500,500,0,31.617264561581177,2.1428838149588234,31.303967081183274
magnitude,0.1,power_primary-054075f42c52,power_primary,observed_standardized,methylation,standardized_feature,path_length[A],500,500,0,31.262149183904228,1.9018122958774002,31.016435522354993
magnitude,0.1,power_design-401ee320dc18,power_design,observed_standardized,methylation,standardized_feature,path_length[B],500,500,0,34.34848145252007,2.077230137348408,34.12903593568857
magnitude,0.1,power_design-a0c24145ad8b,power_design,observed_standardized,methylation,standardized_feature,path_length[B],500,500,0,34.69963444169373,2.1119291698211113,34.58757408447012
magnitude,0.1,power_design-e939205eb730,power_design,observed_standardized,methylation,standardized_feature,path_length[B],500,500,0,34.699634441693746,2.111929169821108,34.58757408447015
magnitude,0.1,power_primary-054075f42c52,power_primary,observed_standardized,methylation,standardized_feature,path_length[B],500,500,0,34.348481452520076,2.0772301373484052,34.129035935688634
magnitude,0.1,power_design-401ee320dc18,power_design,observed_standardized,methylation,standardized_feature,shape,500,500,0,0.06598172237558207,0.04033258967821043,0.06040662152880398
magnitude,0.1,power_design-a0c24145ad8b,power_design,observed_standardized,methylation,standardized_feature,shape,500,500,0,0.06908864716912332,0.04476690172689767,0.05897090211316433
magnitude,0.1,power_design-e939205eb730,power_design,observed_standardized,methylation,standardized_feature,shape,500,500,0,0.0690886471691233,0.044766901726897436,0.05897090211316479
magnitude,0.1,power_primary-054075f42c52,power_primary,observed_standardized,methylation,standardized_feature,shape,500,500,0,0.06598172237558199,0.040332589678210524,0.06040662152880398
magnitude,0.1,power_design-401ee320dc18,power_design,observed_standardized,proteomics,standardized_feature,angle,500,500,0,31.568410713270183,28.489631196168098,23.90551950438783
magnitude,0.1,power_design-a0c24145ad8b,power_design,observed_standardized,proteomics,standardized_feature,angle,500,500,0,33.7729012875929,31.140895673085453,24.890100024898924
magnitude,0.1,power_design-401ee320dc18,power_design,observed_standardized,proteomics,standardized_feature,delta,500,500,0,2.8073227745347467,0.5467848405711477,2.833252863982189
magnitude,0.1,power_design-a0c24145ad8b,power_design,observed_standardized,proteomics,standardized_feature,delta,500,500,0,2.7901622691005747,0.602986297198163,2.8041776180904208
magnitude,0.1,power_design-401ee320dc18,power_design,observed_standardized,proteomics,standardized_feature,path_length[A],500,500,0,28.104464770031008,1.4387465712016496,28.098597788506673
magnitude,0.1,power_design-a0c24145ad8b,power_design,observed_standardized,proteomics,standardized_feature,path_length[A],500,500,0,28.241818864952887,1.4543900564296663,28.23336359354559
magnitude,0.1,power_design-401ee320dc18,power_design,observed_standardized,proteomics,standardized_feature,path_length[B],500,500,0,30.911787544565712,1.553058477685503,30.852539167424986
magnitude,0.1,power_design-a0c24145ad8b,power_design,observed_standardized,proteomics,standardized_feature,path_length[B],500,500,0,31.031981134053478,1.6078427448394632,30.975678905864825
magnitude,0.1,power_design-401ee320dc18,power_design,observed_standardized,proteomics,standardized_feature,shape,500,500,0,0.021028523233961302,0.011540870704203648,0.019088456579840228
magnitude,0.1,power_design-a0c24145ad8b,power_design,observed_standardized,proteomics,standardized_feature,shape,500,500,0,0.020558332755147058,0.010866708446081903,0.019043736392569295
magnitude,0.1,power_design-401ee320dc18,power_design,pls_latent,joint,pls_latent,angle,500,500,0,29.85750305777004,43.4016510368758,12.30334746609429
magnitude,0.1,power_design-a0c24145ad8b,power_design,pls_latent,joint,pls_latent,angle,500,500,0,32.15872239361425,45.131716086483266,12.752995963929376
magnitude,0.1,power_design-e939205eb730,power_design,pls_latent,joint,pls_latent,angle,500,500,0,33.158914802980775,39.58756256445185,18.839786812220588
magnitude,0.1,power_primary-054075f42c52,power_primary,pls_latent,joint,pls_latent,angle,500,500,0,32.21901084137876,39.08031914867227,17.7281697784607
magnitude,0.1,power_design-401ee320dc18,power_design,pls_latent,joint,pls_latent,delta,500,500,0,4.242399790644004,1.5360938858749043,4.258426171980876
magnitude,0.1,power_design-a0c24145ad8b,power_design,pls_latent,joint,pls_latent,delta,500,500,0,4.355391608148672,1.5951831144009916,4.369162414301886
magnitude,0.1,power_design-e939205eb730,power_design,pls_latent,joint,pls_latent,delta,500,500,0,3.5391501191230876,1.5841779905517268,3.457294172388636
magnitude,0.1,power_primary-054075f42c52,power_primary,pls_latent,joint,pls_latent,delta,500,500,0,3.54734037025166,1.5661198547176707,3.4682061835590154
magnitude,0.1,power_design-401ee320dc18,power_design,pls_latent,joint,pls_latent,path_length[A],500,500,0,46.05940929388662,2.0624986443008373,45.98746748283301
magnitude,0.1,power_design-a0c24145ad8b,power_design,pls_latent,joint,pls_latent,path_length[A],500,500,0,46.16822695558866,2.1250832214379916,46.11015511854116
magnitude,0.1,power_design-e939205eb730,power_design,pls_latent,joint,pls_latent,path_length[A],500,500,0,38.7638568511188,2.600831489673806,38.25742830208084
magnitude,0.1,power_primary-054075f42c52,power_primary,pls_latent,joint,pls_latent,path_length[A],500,500,0,38.66777725466394,2.5540054211475103,38.26086934290443
magnitude,0.1,power_design-401ee320dc18,power_design,pls_latent,joint,pls_latent,path_length[B],500,500,0,50.25914226104272,2.304955042719187,50.35293753476561
magnitude,0.1,power_design-a0c24145ad8b,power_design,pls_latent,joint,pls_latent,path_length[B],500,500,0,50.465996139475564,2.336039681286511,50.472459579519295
magnitude,0.1,power_design-e939205eb730,power_design,pls_latent,joint,pls_latent,path_length[B],500,500,0,42.27060280960743,2.827255195297986,41.834628161853885
magnitude,0.1,power_primary-054075f42c52,power_primary,pls_latent,joint,pls_latent,path_length[B],500,500,0,42.14408967907295,2.7826132195779985,41.67610021636443
magnitude,0.1,power_design-401ee320dc18,power_design,pls_latent,joint,pls_latent,shape,500,500,0,0.0321454368167835,0.020920786096365756,0.028579321395477968
magnitude,0.1,power_design-a0c24145ad8b,power_design,pls_latent,joint,pls_latent,shape,500,500,0,0.034372561157760655,0.023305321690711308,0.029232324764577593
magnitude,0.1,power_design-e939205eb730,power_design,pls_latent,joint,pls_latent,shape,500,500,0,0.0400526765026169,0.023842378842014587,0.03645089521722356
magnitude,0.1,power_primary-054075f42c52,power_primary,pls_latent,joint,pls_latent,shape,500,500,0,0.03913438494501761,0.02503327077576305,0.034831254222181945
magnitude,0.25,power_design-52b86b929c60,power_design,population_native,expression,native_omic_units,angle,500,500,0,5.040000435098412,29.724830051499072,0.0
magnitude,0.25,power_design-6436f4e107b1,power_design,population_native,expression,native_omic_units,angle,500,500,0,5.760000437086646,31.711727392362377,0.0
magnitude,0.25,power_design-b5b0b6da8576,power_design,population_native,expression,native_omic_units,angle,500,500,0,5.040000461640419,29.72483008843303,0.0
magnitude,0.25,power_primary-220caa812219,power_primary,population_native,expression,native_omic_units,angle,500,500,0,5.040000428874668,29.724830092222174,0.0
magnitude,0.25,power_design-52b86b929c60,power_design,population_native,expression,native_omic_units,delta,500,500,0,6.370196221675283,0.3184254074975033,6.395483231398796
magnitude,0.25,power_design-6436f4e107b1,power_design,population_native,expression,native_omic_units,delta,500,500,0,6.370196221675283,0.3184254074975033,6.395483231398796
magnitude,0.25,power_design-b5b0b6da8576,power_design,population_native,expression,native_omic_units,delta,500,500,0,6.370196221675283,0.3184254074975033,6.395483231398796
magnitude,0.25,power_primary-220caa812219,power_primary,population_native,expression,native_omic_units,delta,500,500,0,6.370196221675283,0.3184254074975033,6.395483231398796
magnitude,0.25,power_design-52b86b929c60,power_design,population_native,expression,native_omic_units,path_length[A],500,500,0,25.480784886701134,1.2737016299900132,25.581932925595176
magnitude,0.25,power_design-6436f4e107b1,power_design,population_native,expression,native_omic_units,path_length[A],500,500,0,25.480784886701134,1.2737016299900132,25.581932925595176
magnitude,0.25,power_design-b5b0b6da8576,power_design,population_native,expression,native_omic_units,path_length[A],500,500,0,25.480784886701134,1.2737016299900132,25.581932925595176
magnitude,0.25,power_primary-220caa812219,power_primary,population_native,expression,native_omic_units,path_length[A],500,500,0,25.480784886701134,1.2737016299900132,25.581932925595176
magnitude,0.25,power_design-52b86b929c60,power_design,population_native,expression,native_omic_units,path_length[B],500,500,0,31.850981108376388,1.592127037487515,31.97741615699397
magnitude,0.25,power_design-6436f4e107b1,power_design,population_native,expression,native_omic_units,path_length[B],500,500,0,31.850981108376388,1.592127037487515,31.97741615699397
magnitude,0.25,power_design-b5b0b6da8576,power_design,population_native,expression,native_omic_units,path_length[B],500,500,0,31.850981108376388,1.592127037487515,31.97741615699397
magnitude,0.25,power_primary-220caa812219,power_primary,population_native,expression,native_omic_units,path_length[B],500,500,0,31.850981108376388,1.592127037487515,31.97741615699397
magnitude,0.25,power_design-52b86b929c60,power_design,population_native,expression,native_omic_units,shape,500,500,0,1.1700028576009495e-15,4.855152957380422e-16,1.0785714152455533e-15
magnitude,0.25,power_design-6436f4e107b1,power_design,population_native,expression,native_omic_units,shape,500,500,0,1.1824328986369941e-15,5.299722482040212e-16,1.092220994282147e-15
magnitude,0.25,power_design-b5b0b6da8576,power_design,population_native,expression,native_omic_units,shape,500,500,0,1.1732544811362396e-15,4.102850256743744e-16,1.1052441127168776e-15
magnitude,0.25,power_primary-220caa812219,power_primary,population_native,expression,native_omic_units,shape,500,500,0,1.211472904030066e-15,5.499919987346397e-16,1.1195584524039407e-15
magnitude,0.25,power_design-52b86b929c60,power_design,population_native,methylation,native_omic_units,angle,500,500,0,1.8000004181099318,17.927710509237144,0.0
magnitude,0.25,power_design-6436f4e107b1,power_design,population_native,methylation,native_omic_units,angle,500,500,0,1.800000420185487,17.927710491849563,0.0
magnitude,0.25,power_design-b5b0b6da8576,power_design,population_native,methylation,native_omic_units,angle,500,500,0,1.8000004372846483,17.927710472950693,0.0
magnitude,0.25,power_primary-220caa812219,power_primary,population_native,methylation,native_omic_units,angle,500,500,0,1.8000004214844367,17.927710508897665,0.0
magnitude,0.25,power_design-52b86b929c60,power_design,population_native,methylation,native_omic_units,delta,500,500,0,8.144530913663548,0.385286545229179,8.151927099267262
magnitude,0.25,power_design-6436f4e107b1,power_design,population_native,methylation,native_omic_units,delta,500,500,0,8.144530913663548,0.385286545229179,8.151927099267262
magnitude,0.25,power_design-b5b0b6da8576,power_design,population_native,methylation,native_omic_units,delta,500,500,0,8.144530913663548,0.385286545229179,8.151927099267262
magnitude,0.25,power_primary-220caa812219,power_primary,population_native,methylation,native_omic_units,delta,500,500,0,8.144530913663548,0.385286545229179,8.151927099267262
magnitude,0.25,power_design-52b86b929c60,power_design,population_native,methylation,native_omic_units,path_length[A],500,500,0,32.57812365465419,1.541146180916717,32.607708397069054
magnitude,0.25,power_design-6436f4e107b1,power_design,population_native,methylation,native_omic_units,path_length[A],500,500,0,32.57812365465419,1.541146180916717,32.607708397069054
magnitude,0.25,power_design-b5b0b6da8576,power_design,population_native,methylation,native_omic_units,path_length[A],500,500,0,32.57812365465419,1.541146180916717,32.607708397069054
magnitude,0.25,power_primary-220caa812219,power_primary,population_native,methylation,native_omic_units,path_length[A],500,500,0,32.57812365465419,1.541146180916717,32.607708397069054
magnitude,0.25,power_design-52b86b929c60,power_design,population_native,methylation,native_omic_units,path_length[B],500,500,0,40.72265456831772,1.926432726145896,40.759635496336315
magnitude,0.25,power_design-6436f4e107b1,power_design,population_native,methylation,native_omic_units,path_length[B],500,500,0,40.72265456831772,1.926432726145896,40.759635496336315
magnitude,0.25,power_design-b5b0b6da8576,power_design,population_native,methylation,native_omic_units,path_length[B],500,500,0,40.72265456831772,1.926432726145896,40.759635496336315
magnitude,0.25,power_primary-220caa812219,power_primary,population_native,methylation,native_omic_units,path_length[B],500,500,0,40.72265456831772,1.926432726145896,40.759635496336315
magnitude,0.25,power_design-52b86b929c60,power_design,population_native,methylation,native_omic_units,shape,500,500,0,2.092243652556664e-15,1.2410116032139313e-15,1.6128754951994512e-15
magnitude,0.25,power_design-6436f4e107b1,power_design,population_native,methylation,native_omic_units,shape,500,500,0,2.139734399019123e-15,1.3298217875667195e-15,1.6142679741969953e-15
magnitude,0.25,power_design-b5b0b6da8576,power_design,population_native,methylation,native_omic_units,shape,500,500,0,2.0770509547170888e-15,1.2642490079869961e-15,1.6056020821934381e-15
magnitude,0.25,power_primary-220caa812219,power_primary,population_native,methylation,native_omic_units,shape,500,500,0,2.0944421888056943e-15,1.2331159974919658e-15,1.6349420652473364e-15
magnitude,0.25,power_design-6436f4e107b1,power_design,population_native,proteomics,native_omic_units,angle,500,500,0,2.1600003751768524,19.618975612245766,0.0
magnitude,0.25,power_design-b5b0b6da8576,power_design,population_native,proteomics,native_omic_units,angle,500,500,0,2.3400003676061982,20.00812449762741,0.0
magnitude,0.25,power_design-6436f4e107b1,power_design,population_native,proteomics,native_omic_units,delta,500,500,0,7.061874911750397,0.37382180240095453,7.05828217712935
magnitude,0.25,power_design-b5b0b6da8576,power_design,population_native,proteomics,native_omic_units,delta,500,500,0,7.061874911750397,0.37382180240095453,7.05828217712935
magnitude,0.25,power_design-6436f4e107b1,power_design,population_native,proteomics,native_omic_units,path_length[A],500,500,0,28.24749964700159,1.4952872096038166,28.233128708517363
magnitude,0.25,power_design-b5b0b6da8576,power_design,population_native,proteomics,native_omic_units,path_length[A],500,500,0,28.24749964700159,1.4952872096038166,28.233128708517363
magnitude,0.25,power_design-6436f4e107b1,power_design,population_native,proteomics,native_omic_units,path_length[B],500,500,0,35.309374558752005,1.869109012004771,35.29141088564671
magnitude,0.25,power_design-b5b0b6da8576,power_design,population_native,proteomics,native_omic_units,path_length[B],500,500,0,35.309374558752005,1.869109012004771,35.29141088564671
magnitude,0.25,power_design-6436f4e107b1,power_design,population_native,proteomics,native_omic_units,shape,500,500,0,1.4616040809166938e-15,8.595772140397571e-16,1.2592774787583237e-15
magnitude,0.25,power_design-b5b0b6da8576,power_design,population_native,proteomics,native_omic_units,shape,500,500,0,1.4942273581297474e-15,8.531555432286852e-16,1.2772503790222177e-15
magnitude,0.25,power_design-52b86b929c60,power_design,population_standardized,expression,standardized_feature,angle,500,500,0,4.362374354528947e-07,5.764329346193435e-07,0.0
magnitude,0.25,power_design-6436f4e107b1,power_design,population_standardized,expression,standardized_feature,angle,500,500,0,4.1334992360178416e-07,5.704952136336489e-07,0.0
magnitude,0.25,power_design-b5b0b6da8576,power_design,population_standardized,expression,standardized_feature,angle,500,500,0,4.721254231573478e-07,5.934630397304754e-07,0.0
magnitude,0.25,power_primary-220caa812219,power_primary,population_standardized,expression,standardized_feature,angle,500,500,0,4.3523717740733973e-07,5.746536466618492e-07,0.0
magnitude,0.25,power_design-52b86b929c60,power_design,population_standardized,expression,standardized_feature,delta,500,500,0,5.194052553238721,0.2786245424023612,5.199604420974692
magnitude,0.25,power_design-6436f4e107b1,power_design,population_standardized,expression,standardized_feature,delta,500,500,0,5.193162184491573,0.27653256698944684,5.191583240183894
magnitude,0.25,power_design-b5b0b6da8576,power_design,population_standardized,expression,standardized_feature,delta,500,500,0,5.194052553238721,0.27862454240236123,5.1996044209746906
magnitude,0.25,power_primary-220caa812219,power_primary,population_standardized,expression,standardized_feature,delta,500,500,0,5.193162184491575,0.2765325669894467,5.191583240183894
magnitude,0.25,power_design-52b86b929c60,power_design,population_standardized,expression,standardized_feature,path_length[A],500,500,0,20.77621021295488,1.1144981696094458,20.798417683898776
magnitude,0.25,power_design-6436f4e107b1,power_design,population_standardized,expression,standardized_feature,path_length[A],500,500,0,20.772648737966296,1.106130267957787,20.766332960735568
magnitude,0.25,power_design-b5b0b6da8576,power_design,population_standardized,expression,standardized_feature,path_length[A],500,500,0,20.77621021295488,1.1144981696094463,20.798417683898773
magnitude,0.25,power_primary-220caa812219,power_primary,population_standardized,expression,standardized_feature,path_length[A],500,500,0,20.7726487379663,1.1061302679577876,20.766332960735568
magnitude,0.25,power_design-52b86b929c60,power_design,population_standardized,expression,standardized_feature,path_length[B],500,500,0,25.970262766193585,1.3931227120118075,25.998022104873467
magnitude,0.25,power_design-6436f4e107b1,power_design,population_standardized,expression,standardized_feature,path_length[B],500,500,0,25.9658109224579,1.3826628349472336,25.95791620091946
magnitude,0.25,power_design-b5b0b6da8576,power_design,population_standardized,expression,standardized_feature,path_length[B],500,500,0,25.970262766193585,1.3931227120118077,25.998022104873463
magnitude,0.25,power_primary-220caa812219,power_primary,population_standardized,expression,standardized_feature,path_length[B],500,500,0,25.9658109224579,1.3826628349472339,25.95791620091946
magnitude,0.25,power_design-52b86b929c60,power_design,population_standardized,expression,standardized_feature,shape,500,500,0,1.056857271688769e-15,7.851315523267845e-16,8.679043179120409e-16
magnitude,0.25,power_design-6436f4e107b1,power_design,population_standardized,expression,standardized_feature,shape,500,500,0,9.939336895707253e-16,6.222021433098577e-16,8.645070099618941e-16
magnitude,0.25,power_design-b5b0b6da8576,power_design,population_standardized,expression,standardized_feature,shape,500,500,0,1.0247238579692806e-15,7.255638339606673e-16,8.685595682520577e-16
magnitude,0.25,power_primary-220caa812219,power_primary,population_standardized,expression,standardized_feature,shape,500,500,0,9.942278425613144e-16,5.956663547588379e-16,8.778152167145138e-16
magnitude,0.25,power_design-52b86b929c60,power_design,population_standardized,joint,standardized_feature,angle,500,500,0,4.0762904987030644e-07,5.604483323666297e-07,0.0
magnitude,0.25,power_design-6436f4e107b1,power_design,population_standardized,joint,standardized_feature,angle,500,500,0,3.979263018715473e-07,5.490748320698337e-07,0.0
magnitude,0.25,power_design-b5b0b6da8576,power_design,population_standardized,joint,standardized_feature,angle,500,500,0,4.125641107885478e-07,5.633386375928811e-07,0.0
magnitude,0.25,power_primary-220caa812219,power_primary,population_standardized,joint,standardized_feature,angle,500,500,0,4.311447745653065e-07,5.675326065094574e-07,0.0
magnitude,0.25,power_design-52b86b929c60,power_design,population_standardized,joint,standardized_feature,delta,500,500,0,8.500131434372376,0.38503961176872437,8.50052602104546
magnitude,0.25,power_design-6436f4e107b1,power_design,population_standardized,joint,standardized_feature,delta,500,500,0,10.620275363331128,0.4911381746007413,10.630991461137299
magnitude,0.25,power_design-b5b0b6da8576,power_design,population_standardized,joint,standardized_feature,delta,500,500,0,10.625234547171132,0.4911616595913027,10.625580336338395
magnitude,0.25,power_primary-220caa812219,power_primary,population_standardized,joint,standardized_feature,delta,500,500,0,8.492547030639251,0.38751008968820533,8.480383458965676
magnitude,0.25,power_design-52b86b929c60,power_design,population_standardized,joint,standardized_feature,path_length[A],500,500,0,34.000525737489504,1.540158447074896,34.002104084181795
magnitude,0.25,power_design-6436f4e107b1,power_design,population_standardized,joint,standardized_feature,path_length[A],500,500,0,42.48110145332452,1.9645526984029658,42.52396584454916
magnitude,0.25,power_design-b5b0b6da8576,power_design,population_standardized,joint,standardized_feature,path_length[A],500,500,0,42.50093818868452,1.9646466383652115,42.50232134535358
magnitude,0.25,power_primary-220caa812219,power_primary,population_standardized,joint,standardized_feature,path_length[A],500,500,0,33.970188122557005,1.55004035875282,33.92153383586271
magnitude,0.25,power_design-52b86b929c60,power_design,population_standardized,joint,standardized_feature,path_length[B],500,500,0,42.50065717186188,1.925198058843621,42.502630105227254
magnitude,0.25,power_design-6436f4e107b1,power_design,population_standardized,joint,standardized_feature,path_length[B],500,500,0,53.10137681665561,2.455690873003706,53.15495730568646
magnitude,0.25,power_design-b5b0b6da8576,power_design,population_standardized,joint,standardized_feature,path_length[B],500,500,0,53.1261727358557,2.4558082979565135,53.12790168169197
magnitude,0.25,power_primary-220caa812219,power_primary,population_standardized,joint,standardized_feature,path_length[B],500,500,0,42.462735153196284,1.937550448441026,42.40191729482839
magnitude,0.25,power_design-52b86b929c60,power_design,population_standardized,joint,standardized_feature,shape,500,500,0,1.1807009580181263e-15,7.746523880197687e-16,1.0015098713052895e-15
magnitude,0.25,power_design-6436f4e107b1,power_design,population_standardized,joint,standardized_feature,shape,500,500,0,1.2552147003066836e-15,8.597154297296156e-16,1.043852906189706e-15
magnitude,0.25,power_design-b5b0b6da8576,power_design,population_standardized,joint,standardized_feature,shape,500,500,0,1.2562527885494814e-15,8.240881483340199e-16,1.0472619811736663e-15
magnitude,0.25,power_primary-220caa812219,power_primary,population_standardized,joint,standardized_feature,shape,500,500,0,1.3087290814589525e-15,1.058485032342361e-15,1.0133154280941766e-15
magnitude,0.25,power_design-52b86b929c60,power_design,population_standardized,methylation,standardized_feature,angle,500,500,0,4.751498966843458e-07,5.873204300723802e-07,0.0
magnitude,0.25,power_design-6436f4e107b1,power_design,population_standardized,methylation,standardized_feature,angle,500,500,0,4.3513078950290147e-07,5.721870628844509e-07,0.0
magnitude,0.25,power_design-b5b0b6da8576,power_design,population_standardized,methylation,standardized_feature,angle,500,500,0,4.6509904741893613e-07,5.940991045510656e-07,0.0
magnitude,0.25,power_primary-220caa812219,power_primary,population_standardized,methylation,standardized_feature,angle,500,500,0,4.2915874591930065e-07,5.677538995650594e-07,0.0
magnitude,0.25,power_design-52b86b929c60,power_design,population_standardized,methylation,standardized_feature,delta,500,500,0,6.724144969408864,0.33231678421817845,6.723860082103236
magnitude,0.25,power_design-6436f4e107b1,power_design,population_standardized,methylation,standardized_feature,delta,500,500,0,6.7154022782855725,0.3330548759105171,6.716735054201514
magnitude,0.25,power_design-b5b0b6da8576,power_design,population_standardized,methylation,standardized_feature,delta,500,500,0,6.724144969408862,0.3323167842181787,6.72386008210324
magnitude,0.25,power_primary-220caa812219,power_primary,population_standardized,methylation,standardized_feature,delta,500,500,0,6.715402278285571,0.33305487591051736,6.71673505420153
magnitude,0.25,power_design-52b86b929c60,power_design,population_standardized,methylation,standardized_feature,path_length[A],500,500,0,26.896579877635457,1.3292671368727125,26.895440328412956
magnitude,0.25,power_design-6436f4e107b1,power_design,population_standardized,methylation,standardized_feature,path_length[A],500,500,0,26.86160911314229,1.33221950364207,26.86694021680605
magnitude,0.25,power_design-b5b0b6da8576,power_design,population_standardized,methylation,standardized_feature,path_length[A],500,500,0,26.89657987763545,1.3292671368727138,26.89544032841297
magnitude,0.25,power_primary-220caa812219,power_primary,population_standardized,methylation,standardized_feature,path_length[A],500,500,0,26.86160911314229,1.3322195036420688,26.86694021680612
magnitude,0.25,power_design-52b86b929c60,power_design,population_standardized,methylation,standardized_feature,path_length[B],500,500,0,33.620724847044315,1.6615839210908907,33.61930041051619
magnitude,0.25,power_design-6436f4e107b1,power_design,population_standardized,methylation,standardized_feature,path_length[B],500,500,0,33.57701139142792,1.6652743795525877,33.583675271007564
magnitude,0.25,power_design-b5b0b6da8576,power_design,population_standardized,methylation,standardized_feature,path_length[B],500,500,0,33.62072484704431,1.6615839210908925,33.61930041051621
magnitude,0.25,power_primary-220caa812219,power_primary,population_standardized,methylation,standardized_feature,path_length[B],500,500,0,33.57701139142792,1.6652743795525866,33.58367527100765
magnitude,0.25,power_design-52b86b929c60,power_design,population_standardized,methylation,standardized_feature,shape,500,500,0,1.1818376681986163e-15,9.782576683280459e-16,9.094285229397994e-16
magnitude,0.25,power_design-6436f4e107b1,power_design,population_standardized,methylation,standardized_feature,shape,500,500,0,1.1609733025439747e-15,9.351536178044788e-16,9.11461616371763e-16
magnitude,0.25,power_design-b5b0b6da8576,power_design,population_standardized,methylation,standardized_feature,shape,500,500,0,1.2104666081466914e-15,1.013672120209253e-15,9.179407860145403e-16
magnitude,0.25,power_primary-220caa812219,power_primary,population_standardized,methylation,standardized_feature,shape,500,500,0,1.1918137388438433e-15,9.657747926849295e-16,9.131244980490146e-16
magnitude,0.25,power_design-6436f4e107b1,power_design,population_standardized,proteomics,standardized_feature,angle,500,500,0,4.1920896379441066e-07,5.751543100112206e-07,0.0
magnitude,0.25,power_design-b5b0b6da8576,power_design,population_standardized,proteomics,standardized_feature,angle,500,500,0,3.553751879193019e-07,5.41016979920053e-07,0.0
magnitude,0.25,power_design-6436f4e107b1,power_design,population_standardized,proteomics,standardized_feature,delta,500,500,0,6.372664466008612,0.35774908376708475,6.355231769650009
magnitude,0.25,power_design-b5b0b6da8576,power_design,population_standardized,proteomics,standardized_feature,delta,500,500,0,6.37069609021389,0.3641275402260385,6.359557573171175
magnitude,0.25,power_design-6436f4e107b1,power_design,population_standardized,proteomics,standardized_feature,path_length[A],500,500,0,25.490657864034446,1.4309963350683386,25.420927078600037
magnitude,0.25,power_design-b5b0b6da8576,power_design,population_standardized,proteomics,standardized_feature,path_length[A],500,500,0,25.48278436085556,1.4565101609041538,25.4382302926847
magnitude,0.25,power_design-6436f4e107b1,power_design,population_standardized,proteomics,standardized_feature,path_length[B],500,500,0,31.863322330043044,1.7887454188354237,31.77615884825005
magnitude,0.25,power_design-b5b0b6da8576,power_design,population_standardized,proteomics,standardized_feature,path_length[B],500,500,0,31.85348045106948,1.8206377011301922,31.797787865855874
magnitude,0.25,power_design-6436f4e107b1,power_design,population_standardized,proteomics,standardized_feature,shape,500,500,0,1.0896357876251952e-15,7.077505209860539e-16,9.309010717485362e-16
magnitude,0.25,power_design-b5b0b6da8576,power_design,population_standardized,proteomics,standardized_feature,shape,500,500,0,1.1008380513169687e-15,7.25543362675977e-16,9.327763003723364e-16
magnitude,0.25,power_design-52b86b929c60,power_design,observed_standardized,expression,standardized_feature,angle,500,500,0,41.61599921530051,34.3860855633336,29.708586014445917
magnitude,0.25,power_design-6436f4e107b1,power_design,observed_standardized,expression,standardized_feature,angle,500,500,0,37.622546365731345,30.132174533645518,28.407472442683606
magnitude,0.25,power_design-b5b0b6da8576,power_design,observed_standardized,expression,standardized_feature,angle,500,500,0,41.6159992153005,34.38608556333359,29.708586014445917
magnitude,0.25,power_primary-220caa812219,power_primary,observed_standardized,expression,standardized_feature,angle,500,500,0,37.62254636573135,30.132174533645543,28.40747244268362
magnitude,0.25,power_design-52b86b929c60,power_design,observed_standardized,expression,standardized_feature,delta,500,500,0,5.096151348623043,0.6948801944574876,5.045821033760463
magnitude,0.25,power_design-6436f4e107b1,power_design,observed_standardized,expression,standardized_feature,delta,500,500,0,5.116490998199881,0.6635369341975543,5.087148228350255
magnitude,0.25,power_design-b5b0b6da8576,power_design,observed_standardized,expression,standardized_feature,delta,500,500,0,5.0961513486230405,0.6948801944574878,5.045821033760481
magnitude,0.25,power_primary-220caa812219,power_primary,observed_standardized,expression,standardized_feature,delta,500,500,0,5.116490998199881,0.6635369341975543,5.087148228350255
magnitude,0.25,power_design-52b86b929c60,power_design,observed_standardized,expression,standardized_feature,path_length[A],500,500,0,22.114271774157345,1.0334798857771637,22.091134546657443
magnitude,0.25,power_design-6436f4e107b1,power_design,observed_standardized,expression,standardized_feature,path_length[A],500,500,0,22.022374468097837,1.0450310954962068,22.07129907343367
magnitude,0.25,power_design-b5b0b6da8576,power_design,observed_standardized,expression,standardized_feature,path_length[A],500,500,0,22.11427177415735,1.0334798857771632,22.091134546657443
magnitude,0.25,power_primary-220caa812219,power_primary,observed_standardized,expression,standardized_feature,path_length[A],500,500,0,22.022374468097837,1.0450310954962072,22.07129907343367
magnitude,0.25,power_design-52b86b929c60,power_design,observed_standardized,expression,standardized_feature,path_length[B],500,500,0,27.21042312278041,1.3219036826580328,27.26356665710137
magnitude,0.25,power_design-6436f4e107b1,power_design,observed_standardized,expression,standardized_feature,path_length[B],500,500,0,27.138865466297727,1.3085979373741685,27.105579229864297
magnitude,0.25,power_design-b5b0b6da8576,power_design,observed_standardized,expression,standardized_feature,path_length[B],500,500,0,27.210423122780412,1.3219036826580333,27.26356665710137
magnitude,0.25,power_primary-220caa812219,power_primary,observed_standardized,expression,standardized_feature,path_length[B],500,500,0,27.138865466297723,1.3085979373741692,27.105579229864297
magnitude,0.25,power_design-52b86b929c60,power_design,observed_standardized,expression,standardized_feature,shape,500,500,0,0.028669671205945903,0.01494419407865149,0.026182562507060934
magnitude,0.25,power_design-6436f4e107b1,power_design,observed_standardized,expression,standardized_feature,shape,500,500,0,0.027344735927729395,0.014235101770043682,0.025044861561032965
magnitude,0.25,power_design-b5b0b6da8576,power_design,observed_standardized,expression,standardized_feature,shape,500,500,0,0.028669671205945903,0.014944194078651506,0.026182562507061538
magnitude,0.25,power_primary-220caa812219,power_primary,observed_standardized,expression,standardized_feature,shape,500,500,0,0.02734473592772943,0.014235101770043694,0.025044861561032472
magnitude,0.25,power_design-52b86b929c60,power_design,observed_standardized,joint,standardized_feature,angle,500,500,0,55.2424133951045,35.287897272940896,39.907601116393245
magnitude,0.25,power_design-6436f4e107b1,power_design,observed_standardized,joint,standardized_feature,angle,500,500,0,43.68473304807008,31.777870834116417,31.72797306001056
magnitude,0.25,power_design-b5b0b6da8576,power_design,observed_standardized,joint,standardized_feature,angle,500,500,0,48.03340807191508,34.5468900582346,33.79460671110771
magnitude,0.25,power_primary-220caa812219,power_primary,observed_standardized,joint,standardized_feature,angle,500,500,0,51.16112037951218,33.20222888170517,37.030327809188776
magnitude,0.25,power_design-52b86b929c60,power_design,observed_standardized,joint,standardized_feature,delta,500,500,0,8.294063035780313,1.9974089811636129,8.431768621071935
magnitude,0.25,power_design-6436f4e107b1,power_design,observed_standardized,joint,standardized_feature,delta,500,500,0,10.44819639310915,1.6534514588478721,10.534911931136332
magnitude,0.25,power_design-b5b0b6da8576,power_design,observed_standardized,joint,standardized_feature,delta,500,500,0,10.392567742275153,1.7409368071903888,10.518941112664539
magnitude,0.25,power_primary-220caa812219,power_primary,observed_standardized,joint,standardized_feature,delta,500,500,0,8.330977677055673,1.8938634946612753,8.384512818336546
magnitude,0.25,power_design-52b86b929c60,power_design,observed_standardized,joint,standardized_feature,path_length[A],500,500,0,37.633585275556655,2.0374306267332205,37.417238203382595
magnitude,0.25,power_design-6436f4e107b1,power_design,observed_standardized,joint,standardized_feature,path_length[A],500,500,0,45.85595429195294,2.0189540642028687,45.81634203044901
magnitude,0.25,power_design-b5b0b6da8576,power_design,observed_standardized,joint,standardized_feature,path_length[A],500,500,0,46.181035969936346,2.156855439153241,46.09264599562211
magnitude,0.25,power_primary-220caa812219,power_primary,observed_standardized,joint,standardized_feature,path_length[A],500,500,0,37.30856295369704,1.83304898121131,37.10175666736929
magnitude,0.25,power_design-52b86b929c60,power_design,observed_standardized,joint,standardized_feature,path_length[B],500,500,0,45.922688342770925,2.138890855261502,45.84670611255393
magnitude,0.25,power_design-6436f4e107b1,power_design,observed_standardized,joint,standardized_feature,path_length[B],500,500,0,56.30415068506211,2.4443765214192434,56.24192483208923
magnitude,0.25,power_design-b5b0b6da8576,power_design,observed_standardized,joint,standardized_feature,path_length[B],500,500,0,56.57360371221146,2.4629864725445723,56.59755959262188
magnitude,0.25,power_primary-220caa812219,power_primary,observed_standardized,joint,standardized_feature,path_length[B],500,500,0,45.639540630752656,2.1250311157729604,45.54822027314903
magnitude,0.25,power_design-52b86b929c60,power_design,observed_standardized,joint,standardized_feature,shape,500,500,0,0.04678931164925414,0.03142899630257472,0.03900166390873862
magnitude,0.25,power_design-6436f4e107b1,power_design,observed_standardized,joint,standardized_feature,shape,500,500,0,0.03200502183443431,0.01970543443976575,0.02787935812651933
magnitude,0.25,power_design-b5b0b6da8576,power_design,observed_standardized,joint,standardized_feature,shape,500,500,0,0.03313278417528256,0.02206809761059765,0.027693627324530457
magnitude,0.25,power_primary-220caa812219,power_primary,observed_standardized,joint,standardized_feature,shape,500,500,0,0.04483448500457748,0.02840493249197121,0.04063798070165095
magnitude,0.25,power_design-52b86b929c60,power_design,observed_standardized,methylation,standardized_feature,angle,500,500,0,60.16792628091508,34.49042083510859,46.11285016718742
magnitude,0.25,power_design-6436f4e107b1,power_design,observed_standardized,methylation,standardized_feature,angle,500,500,0,57.610383160281955,33.89408362045885,43.97318599556985
magnitude,0.25,power_design-b5b0b6da8576,power_design,observed_standardized,methylation,standardized_feature,angle,500,500,0,60.16792628091475,34.490420835108544,46.11285016718789
magnitude,0.25,power_primary-220caa812219,power_primary,observed_standardized,methylation,standardized_feature,angle,500,500,0,57.610383160282,33.89408362045893,43.97318599556938
magnitude,0.25,power_design-52b86b929c60,power_design,observed_standardized,methylation,standardized_feature,delta,500,500,0,6.606305821424938,2.195437928563083,6.6763703704929895
magnitude,0.25,power_design-6436f4e107b1,power_design,observed_standardized,methylation,standardized_feature,delta,500,500,0,6.593925882957823,2.1606999121765704,6.616288000085213
magnitude,0.25,power_design-b5b0b6da8576,power_design,observed_standardized,methylation,standardized_feature,delta,500,500,0,6.6063058214249315,2.195437928563085,6.6763703704929895
magnitude,0.25,power_primary-220caa812219,power_primary,observed_standardized,methylation,standardized_feature,delta,500,500,0,6.5939258829578264,2.1606999121765753,6.616288000085316
magnitude,0.25,power_design-52b86b929c60,power_design,observed_standardized,methylation,standardized_feature,path_length[A],500,500,0,30.41344879881625,2.1438965699781507,30.092047356897503
magnitude,0.25,power_design-6436f4e107b1,power_design,observed_standardized,methylation,standardized_feature,path_length[A],500,500,0,30.08217057756872,1.8945555441063613,29.785323636767593
magnitude,0.25,power_design-b5b0b6da8576,power_design,observed_standardized,methylation,standardized_feature,path_length[A],500,500,0,30.41344879881626,2.143896569978147,30.092047356897393
magnitude,0.25,power_primary-220caa812219,power_primary,observed_standardized,methylation,standardized_feature,path_length[A],500,500,0,30.08217057756872,1.894555544106364,29.78532363676762
magnitude,0.25,power_design-52b86b929c60,power_design,observed_standardized,methylation,standardized_feature,path_length[B],500,500,0,36.957720805280296,2.115854230732947,36.9246558685858
magnitude,0.25,power_design-6436f4e107b1,power_design,observed_standardized,methylation,standardized_feature,path_length[B],500,500,0,36.660096381446564,2.07802912318584,36.469388901583905
magnitude,0.25,power_design-b5b0b6da8576,power_design,observed_standardized,methylation,standardized_feature,path_length[B],500,500,0,36.957720805280296,2.115854230732949,36.92465586858579
magnitude,0.25,power_primary-220caa812219,power_primary,observed_standardized,methylation,standardized_feature,path_length[B],500,500,0,36.660096381446564,2.0780291231858383,36.46938890158398
magnitude,0.25,power_design-52b86b929c60,power_design,observed_standardized,methylation,standardized_feature,shape,500,500,0,0.06739263265349495,0.04425574159594394,0.056551152999647455
magnitude,0.25,power_design-6436f4e107b1,power_design,observed_standardized,methylation,standardized_feature,shape,500,500,0,0.06438729338460561,0.03980841276882858,0.05758412391591551
magnitude,0.25,power_design-b5b0b6da8576,power_design,observed_standardized,methylation,standardized_feature,shape,500,500,0,0.06739263265349481,0.04425574159594384,0.05655115299964478
magnitude,0.25,power_primary-220caa812219,power_primary,observed_standardized,methylation,standardized_feature,shape,500,500,0,0.06438729338460564,0.03980841276882844,0.05758412391591443
magnitude,0.25,power_design-6436f4e107b1,power_design,observed_standardized,proteomics,standardized_feature,angle,500,500,0,33.23431812912987,31.942269442425808,24.058411029431923
magnitude,0.25,power_design-b5b0b6da8576,power_design,observed_standardized,proteomics,standardized_feature,angle,500,500,0,33.40080472361616,30.706668324645015,24.60291129738197
magnitude,0.25,power_design-6436f4e107b1,power_design,observed_standardized,proteomics,standardized_feature,delta,500,500,0,6.310870100245626,0.6168685733544255,6.351112024374537
magnitude,0.25,power_design-b5b0b6da8576,power_design,observed_standardized,proteomics,standardized_feature,delta,500,500,0,6.276670574063714,0.6769733205724492,6.315206258835211
magnitude,0.25,power_design-6436f4e107b1,power_design,observed_standardized,proteomics,standardized_feature,path_length[A],500,500,0,26.6303034637602,1.338936983850575,26.609392114538686
magnitude,0.25,power_design-b5b0b6da8576,power_design,observed_standardized,proteomics,standardized_feature,path_length[A],500,500,0,26.729847051155893,1.3530494167243026,26.69119613685331
magnitude,0.25,power_design-6436f4e107b1,power_design,observed_standardized,proteomics,standardized_feature,path_length[B],500,500,0,32.94117356400582,1.6619333149119926,32.86971361861394
magnitude,0.25,power_design-b5b0b6da8576,power_design,observed_standardized,proteomics,standardized_feature,path_length[B],500,500,0,33.006517625219615,1.7133199545930198,32.92413742130536
magnitude,0.25,power_design-6436f4e107b1,power_design,observed_standardized,proteomics,standardized_feature,shape,500,500,0,0.02065146713994017,0.011290198110747144,0.01883454611343828
magnitude,0.25,power_design-b5b0b6da8576,power_design,observed_standardized,proteomics,standardized_feature,shape,500,500,0,0.02037698607325377,0.010786665608862213,0.01870609334351066
magnitude,0.25,power_design-52b86b929c60,power_design,pls_latent,joint,pls_latent,angle,500,500,0,32.8329243014117,38.18657454510158,19.23693082017362
magnitude,0.25,power_design-6436f4e107b1,power_design,pls_latent,joint,pls_latent,angle,500,500,0,29.181740303492113,41.830111712368826,12.804748261375726
magnitude,0.25,power_design-b5b0b6da8576,power_design,pls_latent,joint,pls_latent,angle,500,500,0,31.95706466994068,44.1458548823041,13.436982616243142
magnitude,0.25,power_primary-220caa812219,power_primary,pls_latent,joint,pls_latent,angle,500,500,0,32.91650170672336,39.65888548890242,17.979129780021275
magnitude,0.25,power_design-52b86b929c60,power_design,pls_latent,joint,pls_latent,delta,500,500,0,8.20806842480682,1.6690531178066967,8.246030503007681
magnitude,0.25,power_design-6436f4e107b1,power_design,pls_latent,joint,pls_latent,delta,500,500,0,10.01426318929743,1.6783252181836275,10.137829776309104
magnitude,0.25,power_design-b5b0b6da8576,power_design,pls_latent,joint,pls_latent,delta,500,500,0,10.112073132464696,1.780352451159687,10.217817724107597
magnitude,0.25,power_primary-220caa812219,power_primary,pls_latent,joint,pls_latent,delta,500,500,0,8.215021435361807,1.7160399671385185,8.259060525768806
magnitude,0.25,power_design-52b86b929c60,power_design,pls_latent,joint,pls_latent,path_length[A],500,500,0,36.937240998031285,2.401552245859523,36.54198561794826
magnitude,0.25,power_design-6436f4e107b1,power_design,pls_latent,joint,pls_latent,path_length[A],500,500,0,43.90964142598743,1.9634558267695004,43.80998197259848
magnitude,0.25,power_design-b5b0b6da8576,power_design,pls_latent,joint,pls_latent,path_length[A],500,500,0,43.96544351261098,2.033015213121048,43.913137387329826
magnitude,0.25,power_primary-220caa812219,power_primary,pls_latent,joint,pls_latent,path_length[A],500,500,0,36.823306301435586,2.3360384662803737,36.50594373036665
magnitude,0.25,power_design-52b86b929c60,power_design,pls_latent,joint,pls_latent,path_length[B],500,500,0,45.14530942283811,2.8227347344084173,44.73560529538176
magnitude,0.25,power_design-6436f4e107b1,power_design,pls_latent,joint,pls_latent,path_length[B],500,500,0,53.92390461528487,2.4451052536707825,54.01389791462199
magnitude,0.25,power_design-b5b0b6da8576,power_design,pls_latent,joint,pls_latent,path_length[B],500,500,0,54.07751664507562,2.4721086503095835,54.09541421452117
magnitude,0.25,power_primary-220caa812219,power_primary,pls_latent,joint,pls_latent,path_length[B],500,500,0,45.038327736797456,2.789148916707408,44.714423907167905
magnitude,0.25,power_design-52b86b929c60,power_design,pls_latent,joint,pls_latent,shape,500,500,0,0.03891397480412236,0.02348977596448295,0.035029132538037994
magnitude,0.25,power_design-6436f4e107b1,power_design,pls_latent,joint,pls_latent,shape,500,500,0,0.031382216162378795,0.02081369835353551,0.02728044875254184
magnitude,0.25,power_design-b5b0b6da8576,power_design,pls_latent,joint,pls_latent,shape,500,500,0,0.03353799214594197,0.02311007716883748,0.027847734652922604
magnitude,0.25,power_primary-220caa812219,power_primary,pls_latent,joint,pls_latent,shape,500,500,0,0.037535935564857494,0.024824453704315096,0.03325255306946574
magnitude,0.5,power_design-0db4b09ce155,power_design,population_native,expression,native_omic_units,angle,500,500,0,3.2400004295356437,23.95516846485405,0.0
magnitude,0.5,power_design-a6efbe50841f,power_design,population_native,expression,native_omic_units,angle,500,500,0,3.600000441523395,25.22523775323134,0.0
magnitude,0.5,power_design-f4dcb6c124eb,power_design,population_native,expression,native_omic_units,angle,500,500,0,2.880000433458158,22.60813683404091,0.0
magnitude,0.5,power_primary-9de5c3744986,power_primary,population_native,expression,native_omic_units,angle,500,500,0,3.6000004170105933,25.225237774002814,0.0
magnitude,0.5,power_design-0db4b09ce155,power_design,population_native,expression,native_omic_units,delta,500,500,0,12.740392443350567,0.6368508149950064,12.790966462797591
magnitude,0.5,power_design-a6efbe50841f,power_design,population_native,expression,native_omic_units,delta,500,500,0,12.740392443350567,0.6368508149950064,12.790966462797591
magnitude,0.5,power_design-f4dcb6c124eb,power_design,population_native,expression,native_omic_units,delta,500,500,0,12.740392443350567,0.6368508149950064,12.790966462797591
magnitude,0.5,power_primary-9de5c3744986,power_primary,population_native,expression,native_omic_units,delta,500,500,0,12.740392443350567,0.6368508149950064,12.790966462797591
magnitude,0.5,power_design-0db4b09ce155,power_design,population_native,expression,native_omic_units,path_length[A],500,500,0,25.480784886701134,1.2737016299900132,25.581932925595176
magnitude,0.5,power_design-a6efbe50841f,power_design,population_native,expression,native_omic_units,path_length[A],500,500,0,25.480784886701134,1.2737016299900132,25.581932925595176
magnitude,0.5,power_design-f4dcb6c124eb,power_design,population_native,expression,native_omic_units,path_length[A],500,500,0,25.480784886701134,1.2737016299900132,25.581932925595176
magnitude,0.5,power_primary-9de5c3744986,power_primary,population_native,expression,native_omic_units,path_length[A],500,500,0,25.480784886701134,1.2737016299900132,25.581932925595176
magnitude,0.5,power_design-0db4b09ce155,power_design,population_native,expression,native_omic_units,path_length[B],500,500,0,38.22117733005163,1.910552444985019,38.37289938839277
magnitude,0.5,power_design-a6efbe50841f,power_design,population_native,expression,native_omic_units,path_length[B],500,500,0,38.22117733005163,1.910552444985019,38.37289938839277
magnitude,0.5,power_design-f4dcb6c124eb,power_design,population_native,expression,native_omic_units,path_length[B],500,500,0,38.22117733005163,1.910552444985019,38.37289938839277
magnitude,0.5,power_primary-9de5c3744986,power_primary,population_native,expression,native_omic_units,path_length[B],500,500,0,38.22117733005163,1.910552444985019,38.37289938839277
magnitude,0.5,power_design-0db4b09ce155,power_design,population_native,expression,native_omic_units,shape,500,500,0,1.2904175595846742e-15,4.456966016030241e-16,1.1863798663184297e-15
magnitude,0.5,power_design-a6efbe50841f,power_design,population_native,expression,native_omic_units,shape,500,500,0,1.329585889475383e-15,5.330503163794107e-16,1.2425757501340497e-15
magnitude,0.5,power_design-f4dcb6c124eb,power_design,population_native,expression,native_omic_units,shape,500,500,0,1.342850273096375e-15,4.769486774886055e-16,1.2606851848405235e-15
magnitude,0.5,power_primary-9de5c3744986,power_primary,population_native,expression,native_omic_units,shape,500,500,0,1.3206997553377675e-15,4.431514255945082e-16,1.2638039066761216e-15
magnitude,0.5,power_design-0db4b09ce155,power_design,population_native,methylation,native_omic_units,angle,500,500,0,1.0800004524156008,13.914770594738238,0.0
magnitude,0.5,power_design-a6efbe50841f,power_design,population_native,methylation,native_omic_units,angle,500,500,0,1.0800004500654343,13.914770594921007,0.0
magnitude,0.5,power_design-f4dcb6c124eb,power_design,population_native,methylation,native_omic_units,angle,500,500,0,1.0800004505570198,13.914770594882787,0.0
magnitude,0.5,power_primary-9de5c3744986,power_primary,population_native,methylation,native_omic_units,angle,500,500,0,1.0800004667504044,13.914770593623377,0.0
magnitude,0.5,power_design-0db4b09ce155,power_design,population_native,methylation,native_omic_units,delta,500,500,0,16.289061827327092,0.7705730904583579,16.30385419853453
magnitude,0.5,power_design-a6efbe50841f,power_design,population_native,methylation,native_omic_units,delta,500,500,0,16.289061827327092,0.7705730904583579,16.30385419853453
magnitude,0.5,power_design-f4dcb6c124eb,power_design,population_native,methylation,native_omic_units,delta,500,500,0,16.289061827327092,0.7705730904583579,16.30385419853453
magnitude,0.5,power_primary-9de5c3744986,power_primary,population_native,methylation,native_omic_units,delta,500,500,0,16.289061827327092,0.7705730904583579,16.30385419853453
magnitude,0.5,power_design-0db4b09ce155,power_design,population_native,methylation,native_omic_units,path_length[A],500,500,0,32.57812365465419,1.541146180916717,32.607708397069054
magnitude,0.5,power_design-a6efbe50841f,power_design,population_native,methylation,native_omic_units,path_length[A],500,500,0,32.57812365465419,1.541146180916717,32.607708397069054
magnitude,0.5,power_design-f4dcb6c124eb,power_design,population_native,methylation,native_omic_units,path_length[A],500,500,0,32.57812365465419,1.541146180916717,32.607708397069054
magnitude,0.5,power_primary-9de5c3744986,power_primary,population_native,methylation,native_omic_units,path_length[A],500,500,0,32.57812365465419,1.541146180916717,32.607708397069054
magnitude,0.5,power_design-0db4b09ce155,power_design,population_native,methylation,native_omic_units,path_length[B],500,500,0,48.86718548198131,2.311719271375076,48.911562595603584
magnitude,0.5,power_design-a6efbe50841f,power_design,population_native,methylation,native_omic_units,path_length[B],500,500,0,48.86718548198131,2.311719271375076,48.911562595603584
magnitude,0.5,power_design-f4dcb6c124eb,power_design,population_native,methylation,native_omic_units,path_length[B],500,500,0,48.86718548198131,2.311719271375076,48.911562595603584
magnitude,0.5,power_primary-9de5c3744986,power_primary,population_native,methylation,native_omic_units,path_length[B],500,500,0,48.86718548198131,2.311719271375076,48.911562595603584
magnitude,0.5,power_design-0db4b09ce155,power_design,population_native,methylation,native_omic_units,shape,500,500,0,2.3179220456363737e-15,1.3370792591120508e-15,1.8120473330110344e-15
magnitude,0.5,power_design-a6efbe50841f,power_design,population_native,methylation,native_omic_units,shape,500,500,0,2.3039522420801807e-15,1.3068727214289117e-15,1.823399351131081e-15
magnitude,0.5,power_design-f4dcb6c124eb,power_design,population_native,methylation,native_omic_units,shape,500,500,0,2.3665039296518057e-15,1.3403718124670252e-15,1.8618653554759794e-15
magnitude,0.5,power_primary-9de5c3744986,power_primary,population_native,methylation,native_omic_units,shape,500,500,0,2.347109191495584e-15,1.3460332551943928e-15,1.8273593863662766e-15
magnitude,0.5,power_design-0db4b09ce155,power_design,population_native,proteomics,native_omic_units,angle,500,500,0,3.420000356057909,24.26687779519678,0.0
magnitude,0.5,power_design-a6efbe50841f,power_design,population_native,proteomics,native_omic_units,angle,500,500,0,3.0600003671600775,22.940988960210355,0.0
magnitude,0.5,power_design-0db4b09ce155,power_design,population_native,proteomics,native_omic_units,delta,500,500,0,14.123749823500795,0.7476436048019087,14.116564354258685
magnitude,0.5,power_design-a6efbe50841f,power_design,population_native,proteomics,native_omic_units,delta,500,500,0,14.123749823500795,0.7476436048019087,14.116564354258685
magnitude,0.5,power_design-0db4b09ce155,power_design,population_native,proteomics,native_omic_units,path_length[A],500,500,0,28.24749964700159,1.4952872096038166,28.233128708517363
magnitude,0.5,power_design-a6efbe50841f,power_design,population_native,proteomics,native_omic_units,path_length[A],500,500,0,28.24749964700159,1.4952872096038166,28.233128708517363
magnitude,0.5,power_design-0db4b09ce155,power_design,population_native,proteomics,native_omic_units,path_length[B],500,500,0,42.37124947050235,2.2429308144057263,42.34969306277605
magnitude,0.5,power_design-a6efbe50841f,power_design,population_native,proteomics,native_omic_units,path_length[B],500,500,0,42.37124947050235,2.2429308144057263,42.34969306277605
magnitude,0.5,power_design-0db4b09ce155,power_design,population_native,proteomics,native_omic_units,shape,500,500,0,1.6460839951159478e-15,8.746910142397459e-16,1.437472950435922e-15
magnitude,0.5,power_design-a6efbe50841f,power_design,population_native,proteomics,native_omic_units,shape,500,500,0,1.6450331248281276e-15,8.169704040828279e-16,1.4854183043926496e-15
magnitude,0.5,power_design-0db4b09ce155,power_design,population_standardized,expression,standardized_feature,angle,500,500,0,4.309847534372158e-07,5.663662370082871e-07,0.0
magnitude,0.5,power_design-a6efbe50841f,power_design,population_standardized,expression,standardized_feature,angle,500,500,0,3.942632787879078e-07,5.699488760636897e-07,0.0
magnitude,0.5,power_design-f4dcb6c124eb,power_design,population_standardized,expression,standardized_feature,angle,500,500,0,4.284869283268544e-07,5.656856598127035e-07,0.0
magnitude,0.5,power_primary-9de5c3744986,power_primary,population_standardized,expression,standardized_feature,angle,500,500,0,4.616478927781063e-07,5.666566614893477e-07,0.0
magnitude,0.5,power_design-0db4b09ce155,power_design,population_standardized,expression,standardized_feature,delta,500,500,0,9.540144662420323,0.500724637725892,9.54713745628784
magnitude,0.5,power_design-a6efbe50841f,power_design,population_standardized,expression,standardized_feature,delta,500,500,0,9.520968049364663,0.5039779147696914,9.52499422841931
magnitude,0.5,power_design-f4dcb6c124eb,power_design,population_standardized,expression,standardized_feature,delta,500,500,0,9.520968049364663,0.5039779147696916,9.52499422841931
magnitude,0.5,power_primary-9de5c3744986,power_primary,population_standardized,expression,standardized_feature,delta,500,500,0,9.540144662420321,0.5007246377258919,9.547137456287839
magnitude,0.5,power_design-0db4b09ce155,power_design,population_standardized,expression,standardized_feature,path_length[A],500,500,0,19.080289324840646,1.0014492754517847,19.094274912575678
magnitude,0.5,power_design-a6efbe50841f,power_design,population_standardized,expression,standardized_feature,path_length[A],500,500,0,19.041936098729327,1.0079558295393831,19.04998845683862
magnitude,0.5,power_design-f4dcb6c124eb,power_design,population_standardized,expression,standardized_feature,path_length[A],500,500,0,19.041936098729327,1.0079558295393827,19.04998845683862
magnitude,0.5,power_primary-9de5c3744986,power_primary,population_standardized,expression,standardized_feature,path_length[A],500,500,0,19.080289324840642,1.0014492754517843,19.094274912575678
magnitude,0.5,power_design-0db4b09ce155,power_design,population_standardized,expression,standardized_feature,path_length[B],500,500,0,28.620433987260974,1.5021739131776768,28.64141236886352
magnitude,0.5,power_design-a6efbe50841f,power_design,population_standardized,expression,standardized_feature,path_length[B],500,500,0,28.562904148094006,1.5119337443090743,28.57498268525793
magnitude,0.5,power_design-f4dcb6c124eb,power_design,population_standardized,expression,standardized_feature,path_length[B],500,500,0,28.562904148094,1.5119337443090748,28.57498268525793
magnitude,0.5,power_primary-9de5c3744986,power_primary,population_standardized,expression,standardized_feature,path_length[B],500,500,0,28.620433987260974,1.5021739131776763,28.641412368863516
magnitude,0.5,power_design-0db4b09ce155,power_design,population_standardized,expression,standardized_feature,shape,500,500,0,1.0455777736436228e-15,7.99880938599603e-16,8.643623216744668e-16
magnitude,0.5,power_design-a6efbe50841f,power_design,population_standardized,expression,standardized_feature,shape,500,500,0,9.948006166839082e-16,6.425812731241523e-16,8.713231464865813e-16
magnitude,0.5,power_design-f4dcb6c124eb,power_design,population_standardized,expression,standardized_feature,shape,500,500,0,1.0178363169784017e-15,6.736700169043737e-16,8.853482231796776e-16
magnitude,0.5,power_primary-9de5c3744986,power_primary,population_standardized,expression,standardized_feature,shape,500,500,0,1.0335782865917206e-15,7.724475878394272e-16,8.765979467999105e-16
magnitude,0.5,power_design-0db4b09ce155,power_design,population_standardized,joint,standardized_feature,angle,500,500,0,4.2642724942619343e-07,5.812342281686641e-07,0.0
magnitude,0.5,power_design-a6efbe50841f,power_design,population_standardized,joint,standardized_feature,angle,500,500,0,3.8028391648468467e-07,5.549200551423479e-07,0.0
magnitude,0.5,power_design-f4dcb6c124eb,power_design,population_standardized,joint,standardized_feature,angle,500,500,0,3.9079896248454284e-07,5.52860894775657e-07,0.0
magnitude,0.5,power_primary-9de5c3744986,power_primary,population_standardized,joint,standardized_feature,angle,500,500,0,4.180079731890897e-07,5.619087116083771e-07,0.0
magnitude,0.5,power_design-0db4b09ce155,power_design,population_standardized,joint,standardized_feature,delta,500,500,0,19.399514391027623,0.8870194466548542,19.396155314784846
magnitude,0.5,power_design-a6efbe50841f,power_design,population_standardized,joint,standardized_feature,delta,500,500,0,19.365621218768606,0.8859755460588099,19.366299990036843
magnitude,0.5,power_design-f4dcb6c124eb,power_design,population_standardized,joint,standardized_feature,delta,500,500,0,15.589266812996756,0.6994171237008361,15.589488176034402
magnitude,0.5,power_primary-9de5c3744986,power_primary,population_standardized,joint,standardized_feature,delta,500,500,0,15.607981602144676,0.7043223142777106,15.58647953085863
magnitude,0.5,power_design-0db4b09ce155,power_design,population_standardized,joint,standardized_feature,path_length[A],500,500,0,38.799028782055245,1.7740388933097078,38.792310629569684
magnitude,0.5,power_design-a6efbe50841f,power_design,population_standardized,joint,standardized_feature,path_length[A],500,500,0,38.731242437537205,1.771951092117619,38.73259998007369
magnitude,0.5,power_design-f4dcb6c124eb,power_design,population_standardized,joint,standardized_feature,path_length[A],500,500,0,31.178533625993506,1.398834247401671,31.17897635206881
magnitude,0.5,power_primary-9de5c3744986,power_primary,population_standardized,joint,standardized_feature,path_length[A],500,500,0,31.215963204289345,1.4086446285554208,31.172959061717265
magnitude,0.5,power_design-0db4b09ce155,power_design,population_standardized,joint,standardized_feature,path_length[B],500,500,0,58.19854317308285,2.661058339964561,58.18846594435453
magnitude,0.5,power_design-a6efbe50841f,power_design,population_standardized,joint,standardized_feature,path_length[B],500,500,0,58.09686365630577,2.6579266381764275,58.09889997011053
magnitude,0.5,power_design-f4dcb6c124eb,power_design,population_standardized,joint,standardized_feature,path_length[B],500,500,0,46.76780043899022,2.0982513711025077,46.76846452810321
magnitude,0.5,power_primary-9de5c3744986,power_primary,population_standardized,joint,standardized_feature,path_length[B],500,500,0,46.82394480643405,2.1129669428331304,46.7594385925759
magnitude,0.5,power_design-0db4b09ce155,power_design,population_standardized,joint,standardized_feature,shape,500,500,0,1.2265588758906117e-15,8.00409291841838e-16,1.0391729461484495e-15
magnitude,0.5,power_design-a6efbe50841f,power_design,population_standardized,joint,standardized_feature,shape,500,500,0,1.3265036305553262e-15,1.0011101716002862e-15,1.0392802857250296e-15
magnitude,0.5,power_design-f4dcb6c124eb,power_design,population_standardized,joint,standardized_feature,shape,500,500,0,1.2259768723355967e-15,8.715943097306221e-16,1.0069394736689864e-15
magnitude,0.5,power_primary-9de5c3744986,power_primary,population_standardized,joint,standardized_feature,shape,500,500,0,1.2361937592820504e-15,8.789365323925365e-16,1.006437280055681e-15
magnitude,0.5,power_design-0db4b09ce155,power_design,population_standardized,methylation,standardized_feature,angle,500,500,0,4.6105274323566385e-07,5.972509923784003e-07,0.0
magnitude,0.5,power_design-a6efbe50841f,power_design,population_standardized,methylation,standardized_feature,angle,500,500,0,4.29394771997622e-07,5.675750552633918e-07,0.0
magnitude,0.5,power_design-f4dcb6c124eb,power_design,population_standardized,methylation,standardized_feature,angle,500,500,0,4.6022124196323584e-07,5.792793945541602e-07,0.0
magnitude,0.5,power_primary-9de5c3744986,power_primary,population_standardized,methylation,standardized_feature,angle,500,500,0,4.4974028846759246e-07,5.9488291018187e-07,0.0
magnitude,0.5,power_design-0db4b09ce155,power_design,population_standardized,methylation,standardized_feature,delta,500,500,0,12.345276788870043,0.604870326247926,12.349851367770526
magnitude,0.5,power_design-a6efbe50841f,power_design,population_standardized,methylation,standardized_feature,delta,500,500,0,12.336203575509924,0.6029173958502175,12.338379304333369
magnitude,0.5,power_design-f4dcb6c124eb,power_design,population_standardized,methylation,standardized_feature,delta,500,500,0,12.336203575509925,0.6029173958502175,12.338379304333369
magnitude,0.5,power_primary-9de5c3744986,power_primary,population_standardized,methylation,standardized_feature,delta,500,500,0,12.34527678887004,0.6048703262479258,12.349851367770533
magnitude,0.5,power_design-0db4b09ce155,power_design,population_standardized,methylation,standardized_feature,path_length[A],500,500,0,24.69055357774009,1.2097406524958523,24.699702735541045
magnitude,0.5,power_design-a6efbe50841f,power_design,population_standardized,methylation,standardized_feature,path_length[A],500,500,0,24.672407151019847,1.2058347917004346,24.676758608666734
magnitude,0.5,power_design-f4dcb6c124eb,power_design,population_standardized,methylation,standardized_feature,path_length[A],500,500,0,24.67240715101985,1.2058347917004346,24.676758608666734
magnitude,0.5,power_primary-9de5c3744986,power_primary,population_standardized,methylation,standardized_feature,path_length[A],500,500,0,24.69055357774008,1.2097406524958514,24.69970273554106
magnitude,0.5,power_design-0db4b09ce155,power_design,population_standardized,methylation,standardized_feature,path_length[B],500,500,0,37.03583036661014,1.8146109787437787,37.04955410331157
magnitude,0.5,power_design-a6efbe50841f,power_design,population_standardized,methylation,standardized_feature,path_length[B],500,500,0,37.00861072652977,1.8087521875506527,37.0151379130001
magnitude,0.5,power_design-f4dcb6c124eb,power_design,population_standardized,methylation,standardized_feature,path_length[B],500,500,0,37.00861072652975,1.8087521875506534,37.0151379130001
magnitude,0.5,power_primary-9de5c3744986,power_primary,population_standardized,methylation,standardized_feature,path_length[B],500,500,0,37.035830366610156,1.8146109787437759,37.04955410331159
magnitude,0.5,power_design-0db4b09ce155,power_design,population_standardized,methylation,standardized_feature,shape,500,500,0,1.1380860822055478e-15,8.961942660339262e-16,8.977206563167226e-16
magnitude,0.5,power_design-a6efbe50841f,power_design,population_standardized,methylation,standardized_feature,shape,500,500,0,1.160214831578548e-15,9.118447038438616e-16,9.115490942383029e-16
magnitude,0.5,power_design-f4dcb6c124eb,power_design,population_standardized,methylation,standardized_feature,shape,500,500,0,1.1522610498961823e-15,9.142042375988494e-16,9.135475767731633e-16
magnitude,0.5,power_primary-9de5c3744986,power_primary,population_standardized,methylation,standardized_feature,shape,500,500,0,1.1410709874806262e-15,9.098652432524721e-16,9.000803805102295e-16
magnitude,0.5,power_design-0db4b09ce155,power_design,population_standardized,proteomics,standardized_feature,angle,500,500,0,3.6992861608546106e-07,5.52716065583272e-07,0.0
magnitude,0.5,power_design-a6efbe50841f,power_design,population_standardized,proteomics,standardized_feature,angle,500,500,0,4.129361911264146e-07,5.746213332172191e-07,0.0
magnitude,0.5,power_design-0db4b09ce155,power_design,population_standardized,proteomics,standardized_feature,delta,500,500,0,11.513164619338358,0.6384097364540428,11.488663310473015
magnitude,0.5,power_design-a6efbe50841f,power_design,population_standardized,proteomics,standardized_feature,delta,500,500,0,11.481276668476452,0.6481275370744914,11.470530190672516
magnitude,0.5,power_design-0db4b09ce155,power_design,population_standardized,proteomics,standardized_feature,path_length[A],500,500,0,23.026329238676716,1.2768194729080853,22.977326620946037
magnitude,0.5,power_design-a6efbe50841f,power_design,population_standardized,proteomics,standardized_feature,path_length[A],500,500,0,22.962553336952904,1.2962550741489824,22.94106038134503
magnitude,0.5,power_design-0db4b09ce155,power_design,population_standardized,proteomics,standardized_feature,path_length[B],500,500,0,34.539493858015085,1.9152292093621284,34.46598993141905
magnitude,0.5,power_design-a6efbe50841f,power_design,population_standardized,proteomics,standardized_feature,path_length[B],500,500,0,34.443830005429405,1.9443826112234741,34.411590572017545
magnitude,0.5,power_design-0db4b09ce155,power_design,population_standardized,proteomics,standardized_feature,shape,500,500,0,1.085241992492164e-15,6.441291310839856e-16,9.276844303070473e-16
magnitude,0.5,power_design-a6efbe50841f,power_design,population_standardized,proteomics,standardized_feature,shape,500,500,0,1.1657876759166276e-15,9.232436858879197e-16,9.357232273307883e-16
magnitude,0.5,power_design-0db4b09ce155,power_design,observed_standardized,expression,standardized_feature,angle,500,500,0,36.38976201786568,28.318021698499702,28.15403641957589
magnitude,0.5,power_design-a6efbe50841f,power_design,observed_standardized,expression,standardized_feature,angle,500,500,0,41.72424581442748,34.87361577121522,29.426542975764608
magnitude,0.5,power_design-f4dcb6c124eb,power_design,observed_standardized,expression,standardized_feature,angle,500,500,0,41.7242458144275,34.873615771215206,29.426542975764576
magnitude,0.5,power_primary-9de5c3744986,power_primary,observed_standardized,expression,standardized_feature,angle,500,500,0,36.38976201786565,28.31802169849968,28.15403641957589
magnitude,0.5,power_design-0db4b09ce155,power_design,observed_standardized,expression,standardized_feature,delta,500,500,0,9.215031688197808,0.7625895550455052,9.236722744055479
magnitude,0.5,power_design-a6efbe50841f,power_design,observed_standardized,expression,standardized_feature,delta,500,500,0,9.153755375952288,0.8014266313473719,9.125333509752547
magnitude,0.5,power_design-f4dcb6c124eb,power_design,observed_standardized,expression,standardized_feature,delta,500,500,0,9.15375537595229,0.8014266313473714,9.125333509752549
magnitude,0.5,power_primary-9de5c3744986,power_primary,observed_standardized,expression,standardized_feature,delta,500,500,0,9.21503168819781,0.7625895550455049,9.236722744055477
magnitude,0.5,power_design-0db4b09ce155,power_design,observed_standardized,expression,standardized_feature,path_length[A],500,500,0,20.41711497626543,0.9408045487219279,20.48371324267041
magnitude,0.5,power_design-a6efbe50841f,power_design,observed_standardized,expression,standardized_feature,path_length[A],500,500,0,20.4801531276193,0.9312490746945353,20.460583207355157
magnitude,0.5,power_design-f4dcb6c124eb,power_design,observed_standardized,expression,standardized_feature,path_length[A],500,500,0,20.4801531276193,0.9312490746945353,20.460583207355164
magnitude,0.5,power_primary-9de5c3744986,power_primary,observed_standardized,expression,standardized_feature,path_length[A],500,500,0,20.41711497626543,0.9408045487219278,20.48371324267041
magnitude,0.5,power_design-0db4b09ce155,power_design,observed_standardized,expression,standardized_feature,path_length[B],500,500,0,29.63214666446326,1.4208438282508666,29.589215082295475
magnitude,0.5,power_design-a6efbe50841f,power_design,observed_standardized,expression,standardized_feature,path_length[B],500,500,0,29.633908503571565,1.4353912548902634,29.714553411760885
magnitude,0.5,power_design-f4dcb6c124eb,power_design,observed_standardized,expression,standardized_feature,path_length[B],500,500,0,29.633908503571565,1.435391254890263,29.71455341176089
magnitude,0.5,power_primary-9de5c3744986,power_primary,observed_standardized,expression,standardized_feature,path_length[B],500,500,0,29.63214666446326,1.4208438282508666,29.589215082295475
magnitude,0.5,power_design-0db4b09ce155,power_design,observed_standardized,expression,standardized_feature,shape,500,500,0,0.026974626076209346,0.01438765247144894,0.024869956741773464
magnitude,0.5,power_design-a6efbe50841f,power_design,observed_standardized,expression,standardized_feature,shape,500,500,0,0.028236873874074486,0.015122307263998816,0.025716205948463147
magnitude,0.5,power_design-f4dcb6c124eb,power_design,observed_standardized,expression,standardized_feature,shape,500,500,0,0.0282368738740745,0.015122307263998817,0.025716205948463106
magnitude,0.5,power_primary-9de5c3744986,power_primary,observed_standardized,expression,standardized_feature,shape,500,500,0,0.026974626076209367,0.014387652471448954,0.024869956741773735
magnitude,0.5,power_design-0db4b09ce155,power_design,observed_standardized,joint,standardized_feature,angle,500,500,0,46.17858806786153,33.90187243088158,32.491764295066034
magnitude,0.5,power_design-a6efbe50841f,power_design,observed_standardized,joint,standardized_feature,angle,500,500,0,49.080594503702116,34.93825289196585,33.69284427762415
magnitude,0.5,power_design-f4dcb6c124eb,power_design,observed_standardized,joint,standardized_feature,angle,500,500,0,56.69612456329842,36.343955188519374,40.522314209686805
magnitude,0.5,power_primary-9de5c3744986,power_primary,observed_standardized,joint,standardized_feature,angle,500,500,0,52.69576061993184,34.244260836147674,37.87900209355506
magnitude,0.5,power_design-0db4b09ce155,power_design,observed_standardized,joint,standardized_feature,delta,500,500,0,18.60594940868194,1.8293409348028944,18.710375671813047
magnitude,0.5,power_design-a6efbe50841f,power_design,observed_standardized,joint,standardized_feature,delta,500,500,0,18.46200854592332,1.9183928483135553,18.68776997377926
magnitude,0.5,power_design-f4dcb6c124eb,power_design,observed_standardized,joint,standardized_feature,delta,500,500,0,14.733136404980705,2.115159077972423,14.985874122838517
magnitude,0.5,power_primary-9de5c3744986,power_primary,observed_standardized,joint,standardized_feature,delta,500,500,0,14.848826221680088,1.9835466223540985,15.013201911325767
magnitude,0.5,power_design-0db4b09ce155,power_design,observed_standardized,joint,standardized_feature,path_length[A],500,500,0,42.444832635006364,1.894654740516067,42.33483723970061
magnitude,0.5,power_design-a6efbe50841f,power_design,observed_standardized,joint,standardized_feature,path_length[A],500,500,0,42.71388916292696,2.050012662457428,42.52432079054015
magnitude,0.5,power_design-f4dcb6c124eb,power_design,observed_standardized,joint,standardized_feature,path_length[A],500,500,0,35.08696517383591,2.0102341093471594,34.85990547165674
magnitude,0.5,power_primary-9de5c3744986,power_primary,observed_standardized,joint,standardized_feature,path_length[A],500,500,0,34.80126529744527,1.7889512725632764,34.50657158242595
magnitude,0.5,power_design-0db4b09ce155,power_design,observed_standardized,joint,standardized_feature,path_length[B],500,500,0,61.05078204368827,2.609254380898092,60.996110851381495
magnitude,0.5,power_design-a6efbe50841f,power_design,observed_standardized,joint,standardized_feature,path_length[B],500,500,0,61.17589770885027,2.624578615144859,61.145606331082114
magnitude,0.5,power_design-f4dcb6c124eb,power_design,observed_standardized,joint,standardized_feature,path_length[B],500,500,0,49.82010157881661,2.2325274982380297,49.80584255300972
magnitude,0.5,power_primary-9de5c3744986,power_primary,observed_standardized,joint,standardized_feature,path_length[B],500,500,0,49.650091519125354,2.218758167279648,49.66147021926896
magnitude,0.5,power_design-0db4b09ce155,power_design,observed_standardized,joint,standardized_feature,shape,500,500,0,0.033479216514541305,0.021017560387464065,0.029137978410509975
magnitude,0.5,power_design-a6efbe50841f,power_design,observed_standardized,joint,standardized_feature,shape,500,500,0,0.034710954362925754,0.02344283804993775,0.028702765852841823
magnitude,0.5,power_design-f4dcb6c124eb,power_design,observed_standardized,joint,standardized_feature,shape,500,500,0,0.048026519366898036,0.03265021232712072,0.03997045196640958
magnitude,0.5,power_primary-9de5c3744986,power_primary,observed_standardized,joint,standardized_feature,shape,500,500,0,0.04601024091942616,0.029712841454791798,0.040616358009317274
magnitude,0.5,power_design-0db4b09ce155,power_design,observed_standardized,methylation,standardized_feature,angle,500,500,0,57.88835876398378,33.81245791481981,43.721837019095105
magnitude,0.5,power_design-a6efbe50841f,power_design,observed_standardized,methylation,standardized_feature,angle,500,500,0,60.4415805820748,34.38879881141684,46.96475393993893
magnitude,0.5,power_design-f4dcb6c124eb,power_design,observed_standardized,methylation,standardized_feature,angle,500,500,0,60.441580582074835,34.38879881141695,46.96475393993947
magnitude,0.5,power_primary-9de5c3744986,power_primary,observed_standardized,methylation,standardized_feature,angle,500,500,0,57.88835876398375,33.81245791481988,43.721837019094544
magnitude,0.5,power_design-0db4b09ce155,power_design,observed_standardized,methylation,standardized_feature,delta,500,500,0,11.658198852219432,2.261877418201699,11.84561946236375
magnitude,0.5,power_design-a6efbe50841f,power_design,observed_standardized,methylation,standardized_feature,delta,500,500,0,11.566263329827386,2.4344356536582428,11.849051780764768
magnitude,0.5,power_design-f4dcb6c124eb,power_design,observed_standardized,methylation,standardized_feature,delta,500,500,0,11.566263329827391,2.4344356536582437,11.84905178076471
magnitude,0.5,power_primary-9de5c3744986,power_primary,observed_standardized,methylation,standardized_feature,delta,500,500,0,11.658198852219428,2.2618774182017005,11.84561946236376
magnitude,0.5,power_design-0db4b09ce155,power_design,observed_standardized,methylation,standardized_feature,path_length[A],500,500,0,28.14797795153582,1.9006593801588194,27.81882594605628
magnitude,0.5,power_design-a6efbe50841f,power_design,observed_standardized,methylation,standardized_feature,path_length[A],500,500,0,28.45026882630586,2.1630102927330386,28.10519141656188
magnitude,0.5,power_design-f4dcb6c124eb,power_design,observed_standardized,methylation,standardized_feature,path_length[A],500,500,0,28.450268826305855,2.1630102927330372,28.10519141656188
magnitude,0.5,power_primary-9de5c3744986,power_primary,observed_standardized,methylation,standardized_feature,path_length[A],500,500,0,28.14797795153581,1.9006593801588194,27.818825946056272
magnitude,0.5,power_design-0db4b09ce155,power_design,observed_standardized,methylation,standardized_feature,path_length[B],500,500,0,39.8061768037552,2.106996273166576,39.67382374115376
magnitude,0.5,power_design-a6efbe50841f,power_design,observed_standardized,methylation,standardized_feature,path_length[B],500,500,0,40.015315347716324,2.1450908337375125,39.97507606790864
magnitude,0.5,power_design-f4dcb6c124eb,power_design,observed_standardized,methylation,standardized_feature,path_length[B],500,500,0,40.015315347716346,2.145090833737513,39.97507606790864
magnitude,0.5,power_primary-9de5c3744986,power_primary,observed_standardized,methylation,standardized_feature,path_length[B],500,500,0,39.80617680375518,2.1069962731665743,39.673823741153754
magnitude,0.5,power_design-0db4b09ce155,power_design,observed_standardized,methylation,standardized_feature,shape,500,500,0,0.06541569698785023,0.041569278449899286,0.05840252719746414
magnitude,0.5,power_design-a6efbe50841f,power_design,observed_standardized,methylation,standardized_feature,shape,500,500,0,0.06849739780517339,0.04594107736532059,0.05677904340880399
magnitude,0.5,power_design-f4dcb6c124eb,power_design,observed_standardized,methylation,standardized_feature,shape,500,500,0,0.06849739780517333,0.045941077365320715,0.05677904340880057
magnitude,0.5,power_primary-9de5c3744986,power_primary,observed_standardized,methylation,standardized_feature,shape,500,500,0,0.06541569698785014,0.04156927844989912,0.058402527197463555
magnitude,0.5,power_design-0db4b09ce155,power_design,observed_standardized,proteomics,standardized_feature,angle,500,500,0,33.99739277153863,32.354111384932494,24.181265433367845
magnitude,0.5,power_design-a6efbe50841f,power_design,observed_standardized,proteomics,standardized_feature,angle,500,500,0,34.42346854307534,31.31886579056905,25.213939892841267
magnitude,0.5,power_design-0db4b09ce155,power_design,observed_standardized,proteomics,standardized_feature,delta,500,500,0,11.229042553355791,0.8081839782379612,11.220190811405217
magnitude,0.5,power_design-a6efbe50841f,power_design,observed_standardized,proteomics,standardized_feature,delta,500,500,0,11.148665124574007,0.8653756066247777,11.206587578821486
magnitude,0.5,power_design-0db4b09ce155,power_design,observed_standardized,proteomics,standardized_feature,path_length[A],500,500,0,24.266572238264217,1.1838019000719302,24.236750933491308
magnitude,0.5,power_design-a6efbe50841f,power_design,observed_standardized,proteomics,standardized_feature,path_length[A],500,500,0,24.32188926218052,1.1958748046660064,24.315967791056792
magnitude,0.5,power_design-0db4b09ce155,power_design,observed_standardized,proteomics,standardized_feature,path_length[B],500,500,0,35.49561479161999,1.7935201086880583,35.4133782183876
magnitude,0.5,power_design-a6efbe50841f,power_design,observed_standardized,proteomics,standardized_feature,path_length[B],500,500,0,35.47055438675453,1.8392345580930154,35.38215461622361
magnitude,0.5,power_design-0db4b09ce155,power_design,observed_standardized,proteomics,standardized_feature,shape,500,500,0,0.02121152710839829,0.01166113916596241,0.01890110337046784
magnitude,0.5,power_design-a6efbe50841f,power_design,observed_standardized,proteomics,standardized_feature,shape,500,500,0,0.021210959962558177,0.011279930990382313,0.019414338020355457
magnitude,0.5,power_design-0db4b09ce155,power_design,pls_latent,joint,pls_latent,angle,500,500,0,30.57587043677783,42.593251156576414,14.055108131921832
magnitude,0.5,power_design-a6efbe50841f,power_design,pls_latent,joint,pls_latent,angle,500,500,0,33.277775561083274,44.34131485223711,14.391595111601944
magnitude,0.5,power_design-f4dcb6c124eb,power_design,pls_latent,joint,pls_latent,angle,500,500,0,36.47879767783997,40.76504336114199,20.970092014137812
magnitude,0.5,power_primary-9de5c3744986,power_primary,pls_latent,joint,pls_latent,angle,500,500,0,33.736223822379884,38.68713229024787,19.14370687756095
magnitude,0.5,power_design-0db4b09ce155,power_design,pls_latent,joint,pls_latent,delta,500,500,0,18.347719730769974,1.792811299883555,18.454379889496938
magnitude,0.5,power_design-a6efbe50841f,power_design,pls_latent,joint,pls_latent,delta,500,500,0,18.357041933222362,1.9525909514328512,18.605931815316357
magnitude,0.5,power_design-f4dcb6c124eb,power_design,pls_latent,joint,pls_latent,delta,500,500,0,14.985981297746942,1.78780016157953,15.053271731110623
magnitude,0.5,power_primary-9de5c3744986,power_primary,pls_latent,joint,pls_latent,delta,500,500,0,15.030829658758245,1.7739555377814415,15.17882943972026
magnitude,0.5,power_design-0db4b09ce155,power_design,pls_latent,joint,pls_latent,path_length[A],500,500,0,40.39901037263218,1.8144553716042147,40.25780471829943
magnitude,0.5,power_design-a6efbe50841f,power_design,pls_latent,joint,pls_latent,path_length[A],500,500,0,40.40110906991609,1.8832671355487571,40.334867879601376
magnitude,0.5,power_design-f4dcb6c124eb,power_design,pls_latent,joint,pls_latent,path_length[A],500,500,0,34.12033541202726,2.189383192519464,33.81029581703551
magnitude,0.5,power_primary-9de5c3744986,power_primary,pls_latent,joint,pls_latent,path_length[A],500,500,0,34.01916918292623,2.099114243128199,33.80394361377516
magnitude,0.5,power_design-0db4b09ce155,power_design,pls_latent,joint,pls_latent,path_length[B],500,500,0,58.74673010340219,2.599549309163581,58.825107197213015
magnitude,0.5,power_design-a6efbe50841f,power_design,pls_latent,joint,pls_latent,path_length[B],500,500,0,58.75815100313852,2.652020857696601,58.71103725762433
magnitude,0.5,power_design-f4dcb6c124eb,power_design,pls_latent,joint,pls_latent,path_length[B],500,500,0,49.10631670977425,2.8812616332455563,48.74830129210716
magnitude,0.5,power_primary-9de5c3744986,power_primary,pls_latent,joint,pls_latent,path_length[B],500,500,0,49.04999884168452,2.8002032252383073,48.85948410924061
magnitude,0.5,power_design-0db4b09ce155,power_design,pls_latent,joint,pls_latent,shape,500,500,0,0.031338638384785206,0.021129260927749322,0.026796417823462128
magnitude,0.5,power_design-a6efbe50841f,power_design,pls_latent,joint,pls_latent,shape,500,500,0,0.03374322039534295,0.024037355443269057,0.027653938855130553
magnitude,0.5,power_design-f4dcb6c124eb,power_design,pls_latent,joint,pls_latent,shape,500,500,0,0.03953616739382316,0.024656854357417046,0.036009747059336544
magnitude,0.5,power_primary-9de5c3744986,power_primary,pls_latent,joint,pls_latent,shape,500,500,0,0.0368823408681213,0.025022813574965826,0.03101827726432676
magnitude,1.0,power_design-211503001204,power_design,population_native,expression,native_omic_units,angle,500,500,0,4.3820775306847e-07,6.130519832667624e-07,0.0
magnitude,1.0,power_design-56f821c13706,power_design,population_native,expression,native_omic_units,angle,500,500,0,0.3600004632932205,8.049844698238594,0.0
magnitude,1.0,power_design-a09212f17949,power_design,population_native,expression,native_omic_units,angle,500,500,0,4.5146716540245044e-07,6.247452081345768e-07,0.0
magnitude,1.0,power_primary-1ae7f04c6075,power_primary,population_native,expression,native_omic_units,angle,500,500,0,0.3600004559280448,8.049844698568746,0.0
magnitude,1.0,power_design-211503001204,power_design,population_native,expression,native_omic_units,delta,500,500,0,25.480784886701134,1.2737016299900132,25.581932925595176
magnitude,1.0,power_design-56f821c13706,power_design,population_native,expression,native_omic_units,delta,500,500,0,25.480784886701134,1.2737016299900132,25.581932925595176
magnitude,1.0,power_design-a09212f17949,power_design,population_native,expression,native_omic_units,delta,500,500,0,25.480784886701134,1.2737016299900132,25.581932925595176
magnitude,1.0,power_primary-1ae7f04c6075,power_primary,population_native,expression,native_omic_units,delta,500,500,0,25.480784886701134,1.2737016299900132,25.581932925595176
magnitude,1.0,power_design-211503001204,power_design,population_native,expression,native_omic_units,path_length[A],500,500,0,25.480784886701134,1.2737016299900132,25.581932925595176
magnitude,1.0,power_design-56f821c13706,power_design,population_native,expression,native_omic_units,path_length[A],500,500,0,25.480784886701134,1.2737016299900132,25.581932925595176
magnitude,1.0,power_design-a09212f17949,power_design,population_native,expression,native_omic_units,path_length[A],500,500,0,25.480784886701134,1.2737016299900132,25.581932925595176
magnitude,1.0,power_primary-1ae7f04c6075,power_primary,population_native,expression,native_omic_units,path_length[A],500,500,0,25.480784886701134,1.2737016299900132,25.581932925595176
magnitude,1.0,power_design-211503001204,power_design,population_native,expression,native_omic_units,path_length[B],500,500,0,50.96156977340227,2.5474032599800265,51.16386585119035
magnitude,1.0,power_design-56f821c13706,power_design,population_native,expression,native_omic_units,path_length[B],500,500,0,50.96156977340227,2.5474032599800265,51.16386585119035
magnitude,1.0,power_design-a09212f17949,power_design,population_native,expression,native_omic_units,path_length[B],500,500,0,50.96156977340227,2.5474032599800265,51.16386585119035
magnitude,1.0,power_primary-1ae7f04c6075,power_primary,population_native,expression,native_omic_units,path_length[B],500,500,0,50.96156977340227,2.5474032599800265,51.16386585119035
magnitude,1.0,power_design-211503001204,power_design,population_native,expression,native_omic_units,shape,500,500,0,1.1860069235460963e-15,5.5977059920157e-16,1.0894756548104043e-15
magnitude,1.0,power_design-56f821c13706,power_design,population_native,expression,native_omic_units,shape,500,500,0,1.193498701117189e-15,5.763892455190936e-16,1.092298887941769e-15
magnitude,1.0,power_design-a09212f17949,power_design,population_native,expression,native_omic_units,shape,500,500,0,1.2012283649610834e-15,5.997334893802077e-16,1.1104842622902315e-15
magnitude,1.0,power_primary-1ae7f04c6075,power_primary,population_native,expression,native_omic_units,shape,500,500,0,1.2266844276364294e-15,5.655447050008799e-16,1.1276881897129902e-15
magnitude,1.0,power_design-211503001204,power_design,population_native,methylation,native_omic_units,angle,500,500,0,4.532113326725344e-07,6.532272144727768e-07,0.0
magnitude,1.0,power_design-56f821c13706,power_design,population_native,methylation,native_omic_units,angle,500,500,0,4.4282084144998914e-07,6.401098483944386e-07,0.0
magnitude,1.0,power_design-a09212f17949,power_design,population_native,methylation,native_omic_units,angle,500,500,0,4.281632918375075e-07,6.40973050759495e-07,0.0
magnitude,1.0,power_primary-1ae7f04c6075,power_primary,population_native,methylation,native_omic_units,angle,500,500,0,4.491823532184291e-07,6.582327599329935e-07,0.0
magnitude,1.0,power_design-211503001204,power_design,population_native,methylation,native_omic_units,delta,500,500,0,32.57812365465419,1.541146180916717,32.607708397069054
magnitude,1.0,power_design-56f821c13706,power_design,population_native,methylation,native_omic_units,delta,500,500,0,32.57812365465419,1.541146180916717,32.607708397069054
magnitude,1.0,power_design-a09212f17949,power_design,population_native,methylation,native_omic_units,delta,500,500,0,32.57812365465419,1.541146180916717,32.607708397069054
magnitude,1.0,power_primary-1ae7f04c6075,power_primary,population_native,methylation,native_omic_units,delta,500,500,0,32.57812365465419,1.541146180916717,32.607708397069054
magnitude,1.0,power_design-211503001204,power_design,population_native,methylation,native_omic_units,path_length[A],500,500,0,32.57812365465419,1.541146180916717,32.607708397069054
magnitude,1.0,power_design-56f821c13706,power_design,population_native,methylation,native_omic_units,path_length[A],500,500,0,32.57812365465419,1.541146180916717,32.607708397069054
magnitude,1.0,power_design-a09212f17949,power_design,population_native,methylation,native_omic_units,path_length[A],500,500,0,32.57812365465419,1.541146180916717,32.607708397069054
magnitude,1.0,power_primary-1ae7f04c6075,power_primary,population_native,methylation,native_omic_units,path_length[A],500,500,0,32.57812365465419,1.541146180916717,32.607708397069054
magnitude,1.0,power_design-211503001204,power_design,population_native,methylation,native_omic_units,path_length[B],500,500,0,65.15624730930838,3.082292361833434,65.21541679413811
magnitude,1.0,power_design-56f821c13706,power_design,population_native,methylation,native_omic_units,path_length[B],500,500,0,65.15624730930838,3.082292361833434,65.21541679413811
magnitude,1.0,power_design-a09212f17949,power_design,population_native,methylation,native_omic_units,path_length[B],500,500,0,65.15624730930838,3.082292361833434,65.21541679413811
magnitude,1.0,power_primary-1ae7f04c6075,power_primary,population_native,methylation,native_omic_units,path_length[B],500,500,0,65.15624730930838,3.082292361833434,65.21541679413811
magnitude,1.0,power_design-211503001204,power_design,population_native,methylation,native_omic_units,shape,500,500,0,2.1380612260317252e-15,1.3331464235172516e-15,1.5874017523534328e-15
magnitude,1.0,power_design-56f821c13706,power_design,population_native,methylation,native_omic_units,shape,500,500,0,2.083287633306461e-15,1.2634919193409093e-15,1.589677570104192e-15
magnitude,1.0,power_design-a09212f17949,power_design,population_native,methylation,native_omic_units,shape,500,500,0,2.083903503652056e-15,1.2592440367237794e-15,1.59927645741009e-15
magnitude,1.0,power_primary-1ae7f04c6075,power_primary,population_native,methylation,native_omic_units,shape,500,500,0,2.091494429121197e-15,1.2511675276484907e-15,1.6088951145952535e-15
magnitude,1.0,power_design-211503001204,power_design,population_native,proteomics,native_omic_units,angle,500,500,0,0.9000004101863197,12.053238584813197,0.0
magnitude,1.0,power_design-a09212f17949,power_design,population_native,proteomics,native_omic_units,angle,500,500,0,4.343225880938943e-07,6.146288892531945e-07,0.0
magnitude,1.0,power_design-211503001204,power_design,population_native,proteomics,native_omic_units,delta,500,500,0,28.24749964700159,1.4952872096038166,28.233128708517363
magnitude,1.0,power_design-a09212f17949,power_design,population_native,proteomics,native_omic_units,delta,500,500,0,28.24749964700159,1.4952872096038166,28.233128708517363
magnitude,1.0,power_design-211503001204,power_design,population_native,proteomics,native_omic_units,path_length[A],500,500,0,28.24749964700159,1.4952872096038166,28.233128708517363
magnitude,1.0,power_design-a09212f17949,power_design,population_native,proteomics,native_omic_units,path_length[A],500,500,0,28.24749964700159,1.4952872096038166,28.233128708517363
magnitude,1.0,power_design-211503001204,power_design,population_native,proteomics,native_omic_units,path_length[B],500,500,0,56.49499929400318,2.990574419207633,56.466257417034726
magnitude,1.0,power_design-a09212f17949,power_design,population_native,proteomics,native_omic_units,path_length[B],500,500,0,56.49499929400318,2.990574419207633,56.466257417034726
magnitude,1.0,power_design-211503001204,power_design,population_native,proteomics,native_omic_units,shape,500,500,0,1.5098371088627048e-15,9.450520423015627e-16,1.2542548641607265e-15
magnitude,1.0,power_design-a09212f17949,power_design,population_native,proteomics,native_omic_units,shape,500,500,0,1.536692339653463e-15,9.45511550850513e-16,1.2912125109023258e-15
magnitude,1.0,power_design-211503001204,power_design,population_standardized,expression,standardized_feature,angle,500,500,0,4.523209431992461e-07,6.099213303684987e-07,0.0
magnitude,1.0,power_design-56f821c13706,power_design,population_standardized,expression,standardized_feature,angle,500,500,0,4.90081925472697e-07,6.094303791322433e-07,0.0
magnitude,1.0,power_design-a09212f17949,power_design,population_standardized,expression,standardized_feature,angle,500,500,0,4.501205582348389e-07,6.139342702794773e-07,0.0
magnitude,1.0,power_primary-1ae7f04c6075,power_primary,population_standardized,expression,standardized_feature,angle,500,500,0,4.717074868128436e-07,6.190880561966696e-07,0.0
magnitude,1.0,power_design-211503001204,power_design,population_standardized,expression,standardized_feature,delta,500,500,0,16.01364667892954,0.8238128693832104,16.028212242584605
magnitude,1.0,power_design-56f821c13706,power_design,population_standardized,expression,standardized_feature,delta,500,500,0,15.927081570518954,0.8279482769434797,15.947696412924389
magnitude,1.0,power_design-a09212f17949,power_design,population_standardized,expression,standardized_feature,delta,500,500,0,15.927081570518952,0.8279482769434797,15.94769641292439
magnitude,1.0,power_primary-1ae7f04c6075,power_primary,population_standardized,expression,standardized_feature,delta,500,500,0,16.01364667892954,0.8238128693832105,16.0282122425846
magnitude,1.0,power_design-211503001204,power_design,population_standardized,expression,standardized_feature,path_length[A],500,500,0,16.01364667892954,0.8238128693832105,16.028212242584605
magnitude,1.0,power_design-56f821c13706,power_design,population_standardized,expression,standardized_feature,path_length[A],500,500,0,15.927081570518954,0.8279482769434797,15.947696412924389
magnitude,1.0,power_design-a09212f17949,power_design,population_standardized,expression,standardized_feature,path_length[A],500,500,0,15.927081570518952,0.8279482769434796,15.94769641292439
magnitude,1.0,power_primary-1ae7f04c6075,power_primary,population_standardized,expression,standardized_feature,path_length[A],500,500,0,16.01364667892954,0.8238128693832105,16.0282122425846
magnitude,1.0,power_design-211503001204,power_design,population_standardized,expression,standardized_feature,path_length[B],500,500,0,32.02729335785908,1.647625738766421,32.05642448516921
magnitude,1.0,power_design-56f821c13706,power_design,population_standardized,expression,standardized_feature,path_length[B],500,500,0,31.85416314103791,1.6558965538869594,31.895392825848777
magnitude,1.0,power_design-a09212f17949,power_design,population_standardized,expression,standardized_feature,path_length[B],500,500,0,31.854163141037905,1.6558965538869592,31.89539282584878
magnitude,1.0,power_primary-1ae7f04c6075,power_primary,population_standardized,expression,standardized_feature,path_length[B],500,500,0,32.02729335785908,1.6476257387664213,32.0564244851692
magnitude,1.0,power_design-211503001204,power_design,population_standardized,expression,standardized_feature,shape,500,500,0,1.0263391196372675e-15,7.447185777361263e-16,8.606190006826228e-16
magnitude,1.0,power_design-56f821c13706,power_design,population_standardized,expression,standardized_feature,shape,500,500,0,1.0498984569089547e-15,8.044988621587182e-16,8.700586406556598e-16
magnitude,1.0,power_design-a09212f17949,power_design,population_standardized,expression,standardized_feature,shape,500,500,0,1.045608661147483e-15,7.3260430110965e-16,8.703466489201974e-16
magnitude,1.0,power_primary-1ae7f04c6075,power_primary,population_standardized,expression,standardized_feature,shape,500,500,0,1.0233616215648806e-15,6.504258737517531e-16,8.750939355160071e-16
magnitude,1.0,power_design-211503001204,power_design,population_standardized,joint,standardized_feature,angle,500,500,0,4.891476255391512e-07,6.336700429622099e-07,0.0
magnitude,1.0,power_design-56f821c13706,power_design,population_standardized,joint,standardized_feature,angle,500,500,0,4.4165634739035914e-07,5.861542035312415e-07,0.0
magnitude,1.0,power_design-a09212f17949,power_design,population_standardized,joint,standardized_feature,angle,500,500,0,4.2683486794753456e-07,6.233875527394011e-07,0.0
magnitude,1.0,power_primary-1ae7f04c6075,power_primary,population_standardized,joint,standardized_feature,angle,500,500,0,4.1168017575844213e-07,5.917918795801392e-07,0.0
magnitude,1.0,power_design-211503001204,power_design,population_standardized,joint,standardized_feature,delta,500,500,0,32.31809778055655,1.4548757653889361,32.27117129511359
magnitude,1.0,power_design-56f821c13706,power_design,population_standardized,joint,standardized_feature,delta,500,500,0,26.134743141508174,1.1592074739307747,26.12774593498508
magnitude,1.0,power_design-a09212f17949,power_design,population_standardized,joint,standardized_feature,delta,500,500,0,32.153949461602544,1.4517717043163385,32.155641210998915
magnitude,1.0,power_primary-1ae7f04c6075,power_primary,population_standardized,joint,standardized_feature,delta,500,500,0,26.252876547664297,1.1669202578003015,26.219719373016716
magnitude,1.0,power_design-211503001204,power_design,population_standardized,joint,standardized_feature,path_length[A],500,500,0,32.31809778055655,1.454875765388936,32.27117129511359
magnitude,1.0,power_design-56f821c13706,power_design,population_standardized,joint,standardized_feature,path_length[A],500,500,0,26.134743141508174,1.1592074739307747,26.12774593498508
magnitude,1.0,power_design-a09212f17949,power_design,population_standardized,joint,standardized_feature,path_length[A],500,500,0,32.153949461602544,1.4517717043163385,32.15564121099891
magnitude,1.0,power_primary-1ae7f04c6075,power_primary,population_standardized,joint,standardized_feature,path_length[A],500,500,0,26.252876547664297,1.1669202578003013,26.219719373016716
magnitude,1.0,power_design-211503001204,power_design,population_standardized,joint,standardized_feature,path_length[B],500,500,0,64.6361955611131,2.9097515307778723,64.54234259022718
magnitude,1.0,power_design-56f821c13706,power_design,population_standardized,joint,standardized_feature,path_length[B],500,500,0,52.26948628301635,2.318414947861549,52.25549186997016
magnitude,1.0,power_design-a09212f17949,power_design,population_standardized,joint,standardized_feature,path_length[B],500,500,0,64.30789892320509,2.903543408632677,64.31128242199782
magnitude,1.0,power_primary-1ae7f04c6075,power_primary,population_standardized,joint,standardized_feature,path_length[B],500,500,0,52.50575309532859,2.3338405156006026,52.43943874603343
magnitude,1.0,power_design-211503001204,power_design,population_standardized,joint,standardized_feature,shape,500,500,0,1.1565254017411609e-15,5.961055037291091e-16,1.0461316766511726e-15
magnitude,1.0,power_design-56f821c13706,power_design,population_standardized,joint,standardized_feature,shape,500,500,0,1.2108995433543461e-15,8.554511565595159e-16,9.989762743757138e-16
magnitude,1.0,power_design-a09212f17949,power_design,population_standardized,joint,standardized_feature,shape,500,500,0,1.2200340250894583e-15,7.855147387477565e-16,1.034003038904918e-15
magnitude,1.0,power_primary-1ae7f04c6075,power_primary,population_standardized,joint,standardized_feature,shape,500,500,0,1.2511349298468097e-15,9.47385526402455e-16,9.975940611707005e-16
magnitude,1.0,power_design-211503001204,power_design,population_standardized,methylation,standardized_feature,angle,500,500,0,4.6156615527994105e-07,6.089679132481617e-07,0.0
magnitude,1.0,power_design-56f821c13706,power_design,population_standardized,methylation,standardized_feature,angle,500,500,0,4.5095288967170464e-07,6.073383663838107e-07,0.0
magnitude,1.0,power_design-a09212f17949,power_design,population_standardized,methylation,standardized_feature,angle,500,500,0,4.7106075618234293e-07,6.207590037546589e-07,0.0
magnitude,1.0,power_primary-1ae7f04c6075,power_primary,population_standardized,methylation,standardized_feature,angle,500,500,0,4.5266901963980806e-07,6.238731902773963e-07,0.0
magnitude,1.0,power_design-211503001204,power_design,population_standardized,methylation,standardized_feature,delta,500,500,0,20.791009462450404,1.0041767467663505,20.767509007539758
magnitude,1.0,power_design-56f821c13706,power_design,population_standardized,methylation,standardized_feature,delta,500,500,0,20.708285596753136,1.0007985839572686,20.738114483672927
magnitude,1.0,power_design-a09212f17949,power_design,population_standardized,methylation,standardized_feature,delta,500,500,0,20.70828559675312,1.0007985839572673,20.738114483672938
magnitude,1.0,power_primary-1ae7f04c6075,power_primary,population_standardized,methylation,standardized_feature,delta,500,500,0,20.7910094624504,1.0041767467663507,20.767509007539754
magnitude,1.0,power_design-211503001204,power_design,population_standardized,methylation,standardized_feature,path_length[A],500,500,0,20.791009462450404,1.0041767467663505,20.767509007539758
magnitude,1.0,power_design-56f821c13706,power_design,population_standardized,methylation,standardized_feature,path_length[A],500,500,0,20.708285596753136,1.0007985839572686,20.738114483672927
magnitude,1.0,power_design-a09212f17949,power_design,population_standardized,methylation,standardized_feature,path_length[A],500,500,0,20.70828559675312,1.0007985839572677,20.738114483672938
magnitude,1.0,power_primary-1ae7f04c6075,power_primary,population_standardized,methylation,standardized_feature,path_length[A],500,500,0,20.7910094624504,1.004176746766351,20.767509007539754
magnitude,1.0,power_design-211503001204,power_design,population_standardized,methylation,standardized_feature,path_length[B],500,500,0,41.58201892490081,2.008353493532701,41.535018015079515
magnitude,1.0,power_design-56f821c13706,power_design,population_standardized,methylation,standardized_feature,path_length[B],500,500,0,41.41657119350627,2.0015971679145372,41.476228967345854
magnitude,1.0,power_design-a09212f17949,power_design,population_standardized,methylation,standardized_feature,path_length[B],500,500,0,41.41657119350624,2.001597167914535,41.476228967345875
magnitude,1.0,power_primary-1ae7f04c6075,power_primary,population_standardized,methylation,standardized_feature,path_length[B],500,500,0,41.5820189249008,2.0083534935327014,41.53501801507951
magnitude,1.0,power_design-211503001204,power_design,population_standardized,methylation,standardized_feature,shape,500,500,0,1.135553663265074e-15,8.882019473814355e-16,9.05617282462152e-16
magnitude,1.0,power_design-56f821c13706,power_design,population_standardized,methylation,standardized_feature,shape,500,500,0,1.1682599499615314e-15,9.137793751602211e-16,9.171098524421576e-16
magnitude,1.0,power_design-a09212f17949,power_design,population_standardized,methylation,standardized_feature,shape,500,500,0,1.1054029057067942e-15,8.140488944687882e-16,9.08913166796614e-16
magnitude,1.0,power_primary-1ae7f04c6075,power_primary,population_standardized,methylation,standardized_feature,shape,500,500,0,1.1662067441544128e-15,9.887290562420163e-16,9.038948266711374e-16
magnitude,1.0,power_design-211503001204,power_design,population_standardized,proteomics,standardized_feature,angle,500,500,0,4.328579988936217e-07,5.963797389423572e-07,0.0
magnitude,1.0,power_design-a09212f17949,power_design,population_standardized,proteomics,standardized_feature,angle,500,500,0,4.861735476016276e-07,6.267040561601238e-07,0.0
magnitude,1.0,power_design-211503001204,power_design,population_standardized,proteomics,standardized_feature,delta,500,500,0,18.835539825163956,1.028628574664362,18.822764663380692
magnitude,1.0,power_design-a09212f17949,power_design,population_standardized,proteomics,standardized_feature,delta,500,500,0,18.718496655632638,1.040100125416515,18.707888375831274
magnitude,1.0,power_design-211503001204,power_design,population_standardized,proteomics,standardized_feature,path_length[A],500,500,0,18.835539825163956,1.028628574664362,18.822764663380692
magnitude,1.0,power_design-a09212f17949,power_design,population_standardized,proteomics,standardized_feature,path_length[A],500,500,0,18.718496655632638,1.0401001254165145,18.707888375831274
magnitude,1.0,power_design-211503001204,power_design,population_standardized,proteomics,standardized_feature,path_length[B],500,500,0,37.67107965032791,2.0572571493287244,37.645529326761384
magnitude,1.0,power_design-a09212f17949,power_design,population_standardized,proteomics,standardized_feature,path_length[B],500,500,0,37.436993311265276,2.08020025083303,37.41577675166255
magnitude,1.0,power_design-211503001204,power_design,population_standardized,proteomics,standardized_feature,shape,500,500,0,1.129357697224562e-15,8.715544230877293e-16,9.208361249080067e-16
magnitude,1.0,power_design-a09212f17949,power_design,population_standardized,proteomics,standardized_feature,shape,500,500,0,1.1195532553437288e-15,8.251619459637953e-16,9.170288295040262e-16
magnitude,1.0,power_design-211503001204,power_design,observed_standardized,expression,standardized_feature,angle,500,500,0,39.406681456211956,30.625474836981514,29.376338230904793
magnitude,1.0,power_design-56f821c13706,power_design,observed_standardized,expression,standardized_feature,angle,500,500,0,44.246330248451585,35.10660726415901,31.28510152179848
magnitude,1.0,power_design-a09212f17949,power_design,observed_standardized,expression,standardized_feature,angle,500,500,0,44.24633024845159,35.10660726415902,31.28510152179856
magnitude,1.0,power_primary-1ae7f04c6075,power_primary,observed_standardized,expression,standardized_feature,angle,500,500,0,39.40668145621195,30.625474836981514,29.376338230904793
magnitude,1.0,power_design-211503001204,power_design,observed_standardized,expression,standardized_feature,delta,500,500,0,15.342083708266891,1.0015179731545558,15.3892011163325
magnitude,1.0,power_design-56f821c13706,power_design,observed_standardized,expression,standardized_feature,delta,500,500,0,15.180995883299378,1.0437657269427711,15.170014136895913
magnitude,1.0,power_design-a09212f17949,power_design,observed_standardized,expression,standardized_feature,delta,500,500,0,15.180995883299378,1.0437657269427716,15.170014136895908
magnitude,1.0,power_primary-1ae7f04c6075,power_primary,observed_standardized,expression,standardized_feature,delta,500,500,0,15.342083708266895,1.0015179731545556,15.3892011163325
magnitude,1.0,power_design-211503001204,power_design,observed_standardized,expression,standardized_feature,path_length[A],500,500,0,17.5307486016874,0.7630586097249188,17.569598925733395
magnitude,1.0,power_design-56f821c13706,power_design,observed_standardized,expression,standardized_feature,path_length[A],500,500,0,17.57126446670381,0.760666714507579,17.575403870448
magnitude,1.0,power_design-a09212f17949,power_design,observed_standardized,expression,standardized_feature,path_length[A],500,500,0,17.57126446670381,0.7606667145075792,17.575403870448
magnitude,1.0,power_primary-1ae7f04c6075,power_primary,observed_standardized,expression,standardized_feature,path_length[A],500,500,0,17.530748601687396,0.763058609724919,17.569598925733395
magnitude,1.0,power_design-211503001204,power_design,observed_standardized,expression,standardized_feature,path_length[B],500,500,0,32.8728323099543,1.5624391134567595,32.848603608983716
magnitude,1.0,power_design-56f821c13706,power_design,observed_standardized,expression,standardized_feature,path_length[B],500,500,0,32.75226035000317,1.5785317910302359,32.86277525068273
magnitude,1.0,power_design-a09212f17949,power_design,observed_standardized,expression,standardized_feature,path_length[B],500,500,0,32.75226035000317,1.5785317910302354,32.86277525068273
magnitude,1.0,power_primary-1ae7f04c6075,power_primary,observed_standardized,expression,standardized_feature,path_length[B],500,500,0,32.8728323099543,1.56243911345676,32.848603608983716
magnitude,1.0,power_design-211503001204,power_design,observed_standardized,expression,standardized_feature,shape,500,500,0,0.029290786556090156,0.01613696882617231,0.027411149774866278
magnitude,1.0,power_design-56f821c13706,power_design,observed_standardized,expression,standardized_feature,shape,500,500,0,0.030713915019426823,0.016506204409588048,0.02824713418944648
magnitude,1.0,power_design-a09212f17949,power_design,observed_standardized,expression,standardized_feature,shape,500,500,0,0.0307139150194268,0.016506204409588075,0.02824713418944648
magnitude,1.0,power_primary-1ae7f04c6075,power_primary,observed_standardized,expression,standardized_feature,shape,500,500,0,0.029290786556090152,0.016136968826172306,0.027411149774866278
magnitude,1.0,power_design-211503001204,power_design,observed_standardized,joint,standardized_feature,angle,500,500,0,48.81921882534045,31.95426929920943,35.75353825008134
magnitude,1.0,power_design-56f821c13706,power_design,observed_standardized,joint,standardized_feature,angle,500,500,0,59.69897165597805,35.341021120971064,43.39451797267354
magnitude,1.0,power_design-a09212f17949,power_design,observed_standardized,joint,standardized_feature,angle,500,500,0,53.20556898314832,35.09160169240655,37.19408413424695
magnitude,1.0,power_primary-1ae7f04c6075,power_primary,observed_standardized,joint,standardized_feature,angle,500,500,0,55.19402538541385,32.67877817595799,40.79972946704548
magnitude,1.0,power_design-211503001204,power_design,observed_standardized,joint,standardized_feature,delta,500,500,0,30.588400685612182,2.263940747037247,30.772526721734454
magnitude,1.0,power_design-56f821c13706,power_design,observed_standardized,joint,standardized_feature,delta,500,500,0,24.317699856155794,2.4052415369078983,24.635102257561417
magnitude,1.0,power_design-a09212f17949,power_design,observed_standardized,joint,standardized_feature,delta,500,500,0,30.236419942095342,2.345682515853287,30.56837619976744
magnitude,1.0,power_primary-1ae7f04c6075,power_primary,observed_standardized,joint,standardized_feature,delta,500,500,0,24.60442522961387,2.2745771790143654,24.812424554721574
magnitude,1.0,power_design-211503001204,power_design,observed_standardized,joint,standardized_feature,path_length[A],500,500,0,36.543769702050874,1.7464770113638393,36.32883262731032
magnitude,1.0,power_design-56f821c13706,power_design,observed_standardized,joint,standardized_feature,path_length[A],500,500,0,30.62124589870455,2.022414429939586,30.23384907182121
magnitude,1.0,power_design-a09212f17949,power_design,observed_standardized,joint,standardized_feature,path_length[A],500,500,0,36.77898491903279,1.9399068841002132,36.47474750348965
magnitude,1.0,power_primary-1ae7f04c6075,power_primary,observed_standardized,joint,standardized_feature,path_length[A],500,500,0,30.360869108918948,1.7713784508611525,30.026202442321498
magnitude,1.0,power_design-211503001204,power_design,observed_standardized,joint,standardized_feature,path_length[B],500,500,0,67.1321703876631,2.8258783803225893,67.10827420583524
magnitude,1.0,power_design-56f821c13706,power_design,observed_standardized,joint,standardized_feature,path_length[B],500,500,0,54.938945754860356,2.377375603704184,54.946883062805775
magnitude,1.0,power_design-a09212f17949,power_design,observed_standardized,joint,standardized_feature,path_length[B],500,500,0,67.01540486112822,2.833915117896654,67.01549666140436
magnitude,1.0,power_primary-1ae7f04c6075,power_primary,observed_standardized,joint,standardized_feature,path_length[B],500,500,0,54.965294338532864,2.3674339878888833,54.966251681138154
magnitude,1.0,power_design-211503001204,power_design,observed_standardized,joint,standardized_feature,shape,500,500,0,0.04064527817789066,0.026165290974191114,0.03452239802544352
magnitude,1.0,power_design-56f821c13706,power_design,observed_standardized,joint,standardized_feature,shape,500,500,0,0.056221951226572205,0.03840387432208128,0.044900923296250346
magnitude,1.0,power_design-a09212f17949,power_design,observed_standardized,joint,standardized_feature,shape,500,500,0,0.042130814169065355,0.028869113387237345,0.03438858912093616
magnitude,1.0,power_primary-1ae7f04c6075,power_primary,observed_standardized,joint,standardized_feature,shape,500,500,0,0.054051436760291914,0.03530484075153638,0.045686692780201016
magnitude,1.0,power_design-211503001204,power_design,observed_standardized,methylation,standardized_feature,angle,500,500,0,60.693304204197204,33.08982319795829,46.33015474589229
magnitude,1.0,power_design-56f821c13706,power_design,observed_standardized,methylation,standardized_feature,angle,500,500,0,64.3173814683812,34.23323437999187,50.43649920243939
magnitude,1.0,power_design-a09212f17949,power_design,observed_standardized,methylation,standardized_feature,angle,500,500,0,64.31738146838121,34.233234379991764,50.43649920243978
magnitude,1.0,power_primary-1ae7f04c6075,power_primary,observed_standardized,methylation,standardized_feature,angle,500,500,0,60.693304204197204,33.08982319795829,46.3301547458868
magnitude,1.0,power_design-211503001204,power_design,observed_standardized,methylation,standardized_feature,delta,500,500,0,19.272913945159853,2.4818843611709753,19.58172390436221
magnitude,1.0,power_design-56f821c13706,power_design,observed_standardized,methylation,standardized_feature,delta,500,500,0,19.044685711998525,2.666785654450684,19.461853943699502
magnitude,1.0,power_design-a09212f17949,power_design,observed_standardized,methylation,standardized_feature,delta,500,500,0,19.04468571199851,2.666785654450685,19.461853943699573
magnitude,1.0,power_primary-1ae7f04c6075,power_primary,observed_standardized,methylation,standardized_feature,delta,500,500,0,19.27291394515986,2.4818843611709736,19.58172390436222
magnitude,1.0,power_design-211503001204,power_design,observed_standardized,methylation,standardized_feature,path_length[A],500,500,0,24.74867131446714,1.9662312208595454,24.337735856274826
magnitude,1.0,power_design-56f821c13706,power_design,observed_standardized,methylation,standardized_feature,path_length[A],500,500,0,25.03279309580448,2.248214486614167,24.59221252770635
magnitude,1.0,power_design-a09212f17949,power_design,observed_standardized,methylation,standardized_feature,path_length[A],500,500,0,25.03279309580448,2.2482144866141676,24.59221252770635
magnitude,1.0,power_primary-1ae7f04c6075,power_primary,observed_standardized,methylation,standardized_feature,path_length[A],500,500,0,24.748671314467142,1.9662312208595498,24.337735856274826
magnitude,1.0,power_design-211503001204,power_design,observed_standardized,methylation,standardized_feature,path_length[B],500,500,0,44.02158525962698,2.184495555235567,43.947718914019376
magnitude,1.0,power_design-56f821c13706,power_design,observed_standardized,methylation,standardized_feature,path_length[B],500,500,0,44.07747880780301,2.2175103559070037,44.13965106913149
magnitude,1.0,power_design-a09212f17949,power_design,observed_standardized,methylation,standardized_feature,path_length[B],500,500,0,44.07747880780301,2.217510355907006,44.13965106913149
magnitude,1.0,power_primary-1ae7f04c6075,power_primary,observed_standardized,methylation,standardized_feature,path_length[B],500,500,0,44.02158525962699,2.184495555235562,43.947718914019404
magnitude,1.0,power_design-211503001204,power_design,observed_standardized,methylation,standardized_feature,shape,500,500,0,0.07493396005967141,0.04888422604772814,0.06484176644709072
magnitude,1.0,power_design-56f821c13706,power_design,observed_standardized,methylation,standardized_feature,shape,500,500,0,0.07832771752420528,0.05307057546454117,0.06383714701384335
magnitude,1.0,power_design-a09212f17949,power_design,observed_standardized,methylation,standardized_feature,shape,500,500,0,0.07832771752420543,0.05307057546454114,0.0638371470138431
magnitude,1.0,power_primary-1ae7f04c6075,power_primary,observed_standardized,methylation,standardized_feature,shape,500,500,0,0.07493396005967137,0.048884226047728074,0.06484176644709072
magnitude,1.0,power_design-211503001204,power_design,observed_standardized,proteomics,standardized_feature,angle,500,500,0,37.71764679255049,33.064951762900435,26.3326557866971
magnitude,1.0,power_design-a09212f17949,power_design,observed_standardized,proteomics,standardized_feature,angle,500,500,0,36.68557244978888,29.647329031464768,28.013745689218922
magnitude,1.0,power_design-211503001204,power_design,observed_standardized,proteomics,standardized_feature,delta,500,500,0,18.211640727680447,1.1673983335689975,18.187043204025436
magnitude,1.0,power_design-a09212f17949,power_design,observed_standardized,proteomics,standardized_feature,delta,500,500,0,18.01686568910181,1.2168119550586942,18.04533068117569
magnitude,1.0,power_design-211503001204,power_design,observed_standardized,proteomics,standardized_feature,path_length[A],500,500,0,20.302181185239377,0.9349545479414392,20.314572081515713
magnitude,1.0,power_design-a09212f17949,power_design,observed_standardized,proteomics,standardized_feature,path_length[A],500,500,0,20.329098404508887,0.9484744866672037,20.317348002853755
magnitude,1.0,power_design-211503001204,power_design,observed_standardized,proteomics,standardized_feature,path_length[B],500,500,0,38.513821912919816,1.9414618026397163,38.423281378957135
magnitude,1.0,power_design-a09212f17949,power_design,observed_standardized,proteomics,standardized_feature,path_length[B],500,500,0,38.34596409361066,1.9784799154560728,38.304752481518065
magnitude,1.0,power_design-211503001204,power_design,observed_standardized,proteomics,standardized_feature,shape,500,500,0,0.025160104032977398,0.014125160789201813,0.021942699549441336
magnitude,1.0,power_design-a09212f17949,power_design,observed_standardized,proteomics,standardized_feature,shape,500,500,0,0.025479734162615397,0.013973583078386306,0.023487179052912248
magnitude,1.0,power_design-211503001204,power_design,pls_latent,joint,pls_latent,angle,500,500,0,31.419968369327748,39.28203581608682,16.16269551330815
magnitude,1.0,power_design-56f821c13706,power_design,pls_latent,joint,pls_latent,angle,500,500,0,39.319080154773495,40.40668431049535,24.387052464165556
magnitude,1.0,power_design-a09212f17949,power_design,pls_latent,joint,pls_latent,angle,500,500,0,34.09594933972014,41.744912698602256,17.415499516478203
magnitude,1.0,power_primary-1ae7f04c6075,power_primary,pls_latent,joint,pls_latent,angle,500,500,0,35.35948659502408,38.35657889636568,20.624067900459067
magnitude,1.0,power_design-211503001204,power_design,pls_latent,joint,pls_latent,delta,500,500,0,30.594565143449604,2.136932732627248,30.784844972120837
magnitude,1.0,power_design-56f821c13706,power_design,pls_latent,joint,pls_latent,delta,500,500,0,25.042912238852615,2.090787625230905,25.205301105658943
magnitude,1.0,power_design-a09212f17949,power_design,pls_latent,joint,pls_latent,delta,500,500,0,30.436794660637908,2.229379219403984,30.767979908964065
magnitude,1.0,power_primary-1ae7f04c6075,power_primary,pls_latent,joint,pls_latent,delta,500,500,0,25.310138935698742,1.9688161188120807,25.46613229316633
magnitude,1.0,power_design-211503001204,power_design,pls_latent,joint,pls_latent,path_length[A],500,500,0,34.337022691494084,1.6009885476821422,34.157063829085615
magnitude,1.0,power_design-56f821c13706,power_design,pls_latent,joint,pls_latent,path_length[A],500,500,0,29.413151948822485,1.9475276490140632,29.168224372549954
magnitude,1.0,power_design-a09212f17949,power_design,pls_latent,joint,pls_latent,path_length[A],500,500,0,34.334427830836795,1.719451058780383,34.200724059259706
magnitude,1.0,power_primary-1ae7f04c6075,power_primary,pls_latent,joint,pls_latent,path_length[A],500,500,0,29.286096038886456,1.8024869795439846,29.136234754017945
magnitude,1.0,power_design-211503001204,power_design,pls_latent,joint,pls_latent,path_length[B],500,500,0,64.93158783494367,2.8449351333209383,65.05743758298894
magnitude,1.0,power_design-56f821c13706,power_design,pls_latent,joint,pls_latent,path_length[B],500,500,0,54.45606418767505,2.964930546649524,54.3137639587987
magnitude,1.0,power_design-a09212f17949,power_design,pls_latent,joint,pls_latent,path_length[B],500,500,0,64.77122249147472,2.8630046225122783,64.71178744929877
magnitude,1.0,power_primary-1ae7f04c6075,power_primary,pls_latent,joint,pls_latent,path_length[B],500,500,0,54.59623497458519,2.802177828887332,54.45685769248349
magnitude,1.0,power_design-211503001204,power_design,pls_latent,joint,pls_latent,shape,500,500,0,0.033839714242220716,0.023297435028822422,0.028486923890358076
magnitude,1.0,power_design-56f821c13706,power_design,pls_latent,joint,pls_latent,shape,500,500,0,0.04334778221651248,0.029626660934112793,0.03616416029441461
magnitude,1.0,power_design-a09212f17949,power_design,pls_latent,joint,pls_latent,shape,500,500,0,0.03637771967502966,0.026113991127945442,0.030034189901225687
magnitude,1.0,power_primary-1ae7f04c6075,power_primary,pls_latent,joint,pls_latent,shape,500,500,0,0.03824159360458657,0.02837353953636106,0.03047102057387005
none,0.0,power_design-0473794fe188,power_design,population_native,expression,native_omic_units,angle,500,500,0,5.050407355459306e-07,6.675307569952742e-07,0.0
none,0.0,power_design-645e2a73aa92,power_design,population_native,expression,native_omic_units,angle,500,500,0,4.949920111675762e-07,6.663184372714193e-07,0.0
none,0.0,power_design-ad989d1e5e96,power_design,population_native,expression,native_omic_units,angle,500,500,0,4.945071119174073e-07,6.611785890164402e-07,0.0
none,0.0,power_primary-6f04726ce01b,power_primary,population_native,expression,native_omic_units,angle,500,500,0,5.000231769349825e-07,6.691254171617546e-07,0.0
none,0.0,power_design-0473794fe188,power_design,population_native,expression,native_omic_units,delta,500,500,0,0.0,0.0,0.0
none,0.0,power_design-645e2a73aa92,power_design,population_native,expression,native_omic_units,delta,500,500,0,0.0,0.0,0.0
none,0.0,power_design-ad989d1e5e96,power_design,population_native,expression,native_omic_units,delta,500,500,0,0.0,0.0,0.0
none,0.0,power_primary-6f04726ce01b,power_primary,population_native,expression,native_omic_units,delta,500,500,0,0.0,0.0,0.0
none,0.0,power_design-0473794fe188,power_design,population_native,expression,native_omic_units,path_length[A],500,500,0,25.480784886701134,1.2737016299900132,25.581932925595176
none,0.0,power_design-645e2a73aa92,power_design,population_native,expression,native_omic_units,path_length[A],500,500,0,25.480784886701134,1.2737016299900132,25.581932925595176
none,0.0,power_design-ad989d1e5e96,power_design,population_native,expression,native_omic_units,path_length[A],500,500,0,25.480784886701134,1.2737016299900132,25.581932925595176
none,0.0,power_primary-6f04726ce01b,power_primary,population_native,expression,native_omic_units,path_length[A],500,500,0,25.480784886701134,1.2737016299900132,25.581932925595176
none,0.0,power_design-0473794fe188,power_design,population_native,expression,native_omic_units,path_length[B],500,500,0,25.480784886701134,1.2737016299900132,25.581932925595176
none,0.0,power_design-645e2a73aa92,power_design,population_native,expression,native_omic_units,path_length[B],500,500,0,25.480784886701134,1.2737016299900132,25.581932925595176
none,0.0,power_design-ad989d1e5e96,power_design,population_native,expression,native_omic_units,path_length[B],500,500,0,25.480784886701134,1.2737016299900132,25.581932925595176
none,0.0,power_primary-6f04726ce01b,power_primary,population_native,expression,native_omic_units,path_length[B],500,500,0,25.480784886701134,1.2737016299900132,25.581932925595176
none,0.0,power_design-0473794fe188,power_design,population_native,expression,native_omic_units,shape,500,500,0,1.1668418157189464e-15,5.041324712662457e-16,1.0807488973453326e-15
none,0.0,power_design-645e2a73aa92,power_design,population_native,expression,native_omic_units,shape,500,500,0,1.1601899767556912e-15,4.488911273367896e-16,1.0827867866045898e-15
none,0.0,power_design-ad989d1e5e96,power_design,population_native,expression,native_omic_units,shape,500,500,0,1.171113736509426e-15,5.213115322202433e-16,1.082505949940736e-15
none,0.0,power_primary-6f04726ce01b,power_primary,population_native,expression,native_omic_units,shape,500,500,0,1.1915247469623895e-15,4.546990601505513e-16,1.1349494474238151e-15
none,0.0,power_design-0473794fe188,power_design,population_native,methylation,native_omic_units,angle,500,500,0,5.050449551902281e-07,6.964439048784933e-07,0.0
none,0.0,power_design-645e2a73aa92,power_design,population_native,methylation,native_omic_units,angle,500,500,0,4.69281806768089e-07,6.825687208226614e-07,0.0
none,0.0,power_design-ad989d1e5e96,power_design,population_native,methylation,native_omic_units,angle,500,500,0,5.249920384312439e-07,7.139544087542774e-07,0.0
none,0.0,power_primary-6f04726ce01b,power_primary,population_native,methylation,native_omic_units,angle,500,500,0,4.933303032251018e-07,6.837671830820864e-07,0.0
none,0.0,power_design-0473794fe188,power_design,population_native,methylation,native_omic_units,delta,500,500,0,0.0,0.0,0.0
none,0.0,power_design-645e2a73aa92,power_design,population_native,methylation,native_omic_units,delta,500,500,0,0.0,0.0,0.0
none,0.0,power_design-ad989d1e5e96,power_design,population_native,methylation,native_omic_units,delta,500,500,0,0.0,0.0,0.0
none,0.0,power_primary-6f04726ce01b,power_primary,population_native,methylation,native_omic_units,delta,500,500,0,0.0,0.0,0.0
none,0.0,power_design-0473794fe188,power_design,population_native,methylation,native_omic_units,path_length[A],500,500,0,32.57812365465419,1.541146180916717,32.607708397069054
none,0.0,power_design-645e2a73aa92,power_design,population_native,methylation,native_omic_units,path_length[A],500,500,0,32.57812365465419,1.541146180916717,32.607708397069054
none,0.0,power_design-ad989d1e5e96,power_design,population_native,methylation,native_omic_units,path_length[A],500,500,0,32.57812365465419,1.541146180916717,32.607708397069054
none,0.0,power_primary-6f04726ce01b,power_primary,population_native,methylation,native_omic_units,path_length[A],500,500,0,32.57812365465419,1.541146180916717,32.607708397069054
none,0.0,power_design-0473794fe188,power_design,population_native,methylation,native_omic_units,path_length[B],500,500,0,32.57812365465419,1.541146180916717,32.607708397069054
none,0.0,power_design-645e2a73aa92,power_design,population_native,methylation,native_omic_units,path_length[B],500,500,0,32.57812365465419,1.541146180916717,32.607708397069054
none,0.0,power_design-ad989d1e5e96,power_design,population_native,methylation,native_omic_units,path_length[B],500,500,0,32.57812365465419,1.541146180916717,32.607708397069054
none,0.0,power_primary-6f04726ce01b,power_primary,population_native,methylation,native_omic_units,path_length[B],500,500,0,32.57812365465419,1.541146180916717,32.607708397069054
none,0.0,power_design-0473794fe188,power_design,population_native,methylation,native_omic_units,shape,500,500,0,2.0519247506485556e-15,1.2611428206243101e-15,1.6075010931982362e-15
none,0.0,power_design-645e2a73aa92,power_design,population_native,methylation,native_omic_units,shape,500,500,0,2.063571353252579e-15,1.268167559798218e-15,1.6175623572632636e-15
none,0.0,power_design-ad989d1e5e96,power_design,population_native,methylation,native_omic_units,shape,500,500,0,2.0544062637698823e-15,1.2609513471846543e-15,1.6017044797336807e-15
none,0.0,power_primary-6f04726ce01b,power_primary,population_native,methylation,native_omic_units,shape,500,500,0,2.0638070271208494e-15,1.2680960442933766e-15,1.6335634846916613e-15
none,0.0,power_design-645e2a73aa92,power_design,population_native,proteomics,native_omic_units,angle,500,500,0,4.901143173188513e-07,6.633477622226623e-07,0.0
none,0.0,power_design-ad989d1e5e96,power_design,population_native,proteomics,native_omic_units,angle,500,500,0,4.921498389465449e-07,6.428013374254767e-07,0.0
none,0.0,power_design-645e2a73aa92,power_design,population_native,proteomics,native_omic_units,delta,500,500,0,0.0,0.0,0.0
none,0.0,power_design-ad989d1e5e96,power_design,population_native,proteomics,native_omic_units,delta,500,500,0,0.0,0.0,0.0
none,0.0,power_design-645e2a73aa92,power_design,population_native,proteomics,native_omic_units,path_length[A],500,500,0,28.24749964700159,1.4952872096038166,28.233128708517363
none,0.0,power_design-ad989d1e5e96,power_design,population_native,proteomics,native_omic_units,path_length[A],500,500,0,28.24749964700159,1.4952872096038166,28.233128708517363
none,0.0,power_design-645e2a73aa92,power_design,population_native,proteomics,native_omic_units,path_length[B],500,500,0,28.24749964700159,1.4952872096038166,28.233128708517363
none,0.0,power_design-ad989d1e5e96,power_design,population_native,proteomics,native_omic_units,path_length[B],500,500,0,28.24749964700159,1.4952872096038166,28.233128708517363
none,0.0,power_design-645e2a73aa92,power_design,population_native,proteomics,native_omic_units,shape,500,500,0,1.454595135637138e-15,8.160501231441789e-16,1.2476565482162988e-15
none,0.0,power_design-ad989d1e5e96,power_design,population_native,proteomics,native_omic_units,shape,500,500,0,1.4356063567340657e-15,8.407668201696051e-16,1.2257997805227708e-15
none,0.0,power_design-0473794fe188,power_design,population_standardized,expression,standardized_feature,angle,500,500,0,5.109576150206427e-07,6.394508076123648e-07,0.0
none,0.0,power_design-645e2a73aa92,power_design,population_standardized,expression,standardized_feature,angle,500,500,0,5.085847328161308e-07,6.42481297699141e-07,0.0
none,0.0,power_design-ad989d1e5e96,power_design,population_standardized,expression,standardized_feature,angle,500,500,0,4.845722536072531e-07,6.302674824517591e-07,0.0
none,0.0,power_primary-6f04726ce01b,power_primary,population_standardized,expression,standardized_feature,angle,500,500,0,4.986989599115083e-07,6.308143021005004e-07,0.0
none,0.0,power_design-0473794fe188,power_design,population_standardized,expression,standardized_feature,delta,500,500,0,0.0,0.0,0.0
none,0.0,power_design-645e2a73aa92,power_design,population_standardized,expression,standardized_feature,delta,500,500,0,0.0,0.0,0.0
none,0.0,power_design-ad989d1e5e96,power_design,population_standardized,expression,standardized_feature,delta,500,500,0,0.0,0.0,0.0
none,0.0,power_primary-6f04726ce01b,power_primary,population_standardized,expression,standardized_feature,delta,500,500,0,0.0,0.0,0.0
none,0.0,power_design-0473794fe188,power_design,population_standardized,expression,standardized_feature,path_length[A],500,500,0,22.480506777889378,1.2240289059514227,22.496360235752334
none,0.0,power_design-645e2a73aa92,power_design,population_standardized,expression,standardized_feature,path_length[A],500,500,0,22.425600356564278,1.2138136247362243,22.402731098452307
none,0.0,power_design-ad989d1e5e96,power_design,population_standardized,expression,standardized_feature,path_length[A],500,500,0,22.480506777889378,1.2240289059514227,22.496360235752334
none,0.0,power_primary-6f04726ce01b,power_primary,population_standardized,expression,standardized_feature,path_length[A],500,500,0,22.425600356564278,1.2138136247362243,22.402731098452307
none,0.0,power_design-0473794fe188,power_design,population_standardized,expression,standardized_feature,path_length[B],500,500,0,22.480506777889378,1.2240289059514227,22.496360235752334
none,0.0,power_design-645e2a73aa92,power_design,population_standardized,expression,standardized_feature,path_length[B],500,500,0,22.425600356564278,1.2138136247362243,22.402731098452307
none,0.0,power_design-ad989d1e5e96,power_design,population_standardized,expression,standardized_feature,path_length[B],500,500,0,22.480506777889378,1.2240289059514227,22.496360235752334
none,0.0,power_primary-6f04726ce01b,power_primary,population_standardized,expression,standardized_feature,path_length[B],500,500,0,22.425600356564278,1.2138136247362243,22.402731098452307
none,0.0,power_design-0473794fe188,power_design,population_standardized,expression,standardized_feature,shape,500,500,0,1.0241138265190697e-15,7.67018630825221e-16,8.584426154517387e-16
none,0.0,power_design-645e2a73aa92,power_design,population_standardized,expression,standardized_feature,shape,500,500,0,1.030376610249389e-15,7.259789239997383e-16,8.658372867927818e-16
none,0.0,power_design-ad989d1e5e96,power_design,population_standardized,expression,standardized_feature,shape,500,500,0,1.059351331773513e-15,7.833116407926257e-16,8.61836239829218e-16
none,0.0,power_primary-6f04726ce01b,power_primary,population_standardized,expression,standardized_feature,shape,500,500,0,1.0346295334889743e-15,7.117909634169996e-16,8.755876022614315e-16
none,0.0,power_design-0473794fe188,power_design,population_standardized,joint,standardized_feature,angle,500,500,0,4.5815255993932627e-07,6.055442645838863e-07,0.0
none,0.0,power_design-645e2a73aa92,power_design,population_standardized,joint,standardized_feature,angle,500,500,0,4.994112572345506e-07,6.496518877128482e-07,0.0
none,0.0,power_design-ad989d1e5e96,power_design,population_standardized,joint,standardized_feature,angle,500,500,0,4.928250407998788e-07,6.354230772632774e-07,0.0
none,0.0,power_primary-6f04726ce01b,power_primary,population_standardized,joint,standardized_feature,angle,500,500,0,4.791720004054353e-07,6.41261783399553e-07,0.0
none,0.0,power_design-0473794fe188,power_design,population_standardized,joint,standardized_feature,delta,500,500,0,0.0,0.0,0.0
none,0.0,power_design-645e2a73aa92,power_design,population_standardized,joint,standardized_feature,delta,500,500,0,0.0,0.0,0.0
none,0.0,power_design-ad989d1e5e96,power_design,population_standardized,joint,standardized_feature,delta,500,500,0,0.0,0.0,0.0
none,0.0,power_primary-6f04726ce01b,power_primary,population_standardized,joint,standardized_feature,delta,500,500,0,0.0,0.0,0.0
none,0.0,power_design-0473794fe188,power_design,population_standardized,joint,standardized_feature,path_length[A],500,500,0,36.80999194042212,1.6890349688364719,36.78279925514107
none,0.0,power_design-645e2a73aa92,power_design,population_standardized,joint,standardized_feature,path_length[A],500,500,0,46.18668607683948,2.165277485870293,46.24347564853763
none,0.0,power_design-ad989d1e5e96,power_design,population_standardized,joint,standardized_feature,path_length[A],500,500,0,46.31995810290975,2.1685181749942846,46.33216506262097
none,0.0,power_primary-6f04726ce01b,power_primary,population_standardized,joint,standardized_feature,path_length[A],500,500,0,36.69640823709273,1.6973109875673063,36.64799522542257
none,0.0,power_design-0473794fe188,power_design,population_standardized,joint,standardized_feature,path_length[B],500,500,0,36.80999194042212,1.6890349688364719,36.78279925514107
none,0.0,power_design-645e2a73aa92,power_design,population_standardized,joint,standardized_feature,path_length[B],500,500,0,46.18668607683948,2.165277485870293,46.24347564853763
none,0.0,power_design-ad989d1e5e96,power_design,population_standardized,joint,standardized_feature,path_length[B],500,500,0,46.31995810290975,2.1685181749942846,46.33216506262097
none,0.0,power_primary-6f04726ce01b,power_primary,population_standardized,joint,standardized_feature,path_length[B],500,500,0,36.69640823709273,1.6973109875673063,36.64799522542257
none,0.0,power_design-0473794fe188,power_design,population_standardized,joint,standardized_feature,shape,500,500,0,1.212594516536535e-15,8.592834667108724e-16,1.0043167240837169e-15
none,0.0,power_design-645e2a73aa92,power_design,population_standardized,joint,standardized_feature,shape,500,500,0,1.308148156392535e-15,9.929383854160078e-16,1.0456612284257499e-15
none,0.0,power_design-ad989d1e5e96,power_design,population_standardized,joint,standardized_feature,shape,500,500,0,1.2324533745835926e-15,8.11503427664388e-16,1.038165784669648e-15
none,0.0,power_primary-6f04726ce01b,power_primary,population_standardized,joint,standardized_feature,shape,500,500,0,1.2517527153404658e-15,9.066712229026143e-16,1.0100407217228785e-15
none,0.0,power_design-0473794fe188,power_design,population_standardized,methylation,standardized_feature,angle,500,500,0,5.12930548347044e-07,6.503397641862942e-07,0.0
none,0.0,power_design-645e2a73aa92,power_design,population_standardized,methylation,standardized_feature,angle,500,500,0,4.88404804729842e-07,6.399759581678316e-07,0.0
none,0.0,power_design-ad989d1e5e96,power_design,population_standardized,methylation,standardized_feature,angle,500,500,0,5.074403285933974e-07,6.524059586809854e-07,0.0
none,0.0,power_primary-6f04726ce01b,power_primary,population_standardized,methylation,standardized_feature,angle,500,500,0,4.939891639438012e-07,6.356667304117546e-07,0.0
none,0.0,power_design-0473794fe188,power_design,population_standardized,methylation,standardized_feature,delta,500,500,0,0.0,0.0,0.0
none,0.0,power_design-645e2a73aa92,power_design,population_standardized,methylation,standardized_feature,delta,500,500,0,0.0,0.0,0.0
none,0.0,power_design-ad989d1e5e96,power_design,population_standardized,methylation,standardized_feature,delta,500,500,0,0.0,0.0,0.0
none,0.0,power_primary-6f04726ce01b,power_primary,population_standardized,methylation,standardized_feature,delta,500,500,0,0.0,0.0,0.0
none,0.0,power_design-0473794fe188,power_design,population_standardized,methylation,standardized_feature,path_length[A],500,500,0,29.12781831311088,1.464421232893445,29.11082676149589
none,0.0,power_design-645e2a73aa92,power_design,population_standardized,methylation,standardized_feature,path_length[A],500,500,0,29.027507555944315,1.464030078737348,29.043050226539137
none,0.0,power_design-ad989d1e5e96,power_design,population_standardized,methylation,standardized_feature,path_length[A],500,500,0,29.127818313110875,1.4644212328934447,29.11082676149591
none,0.0,power_primary-6f04726ce01b,power_primary,population_standardized,methylation,standardized_feature,path_length[A],500,500,0,29.027507555944318,1.464030078737351,29.043050226539137
none,0.0,power_design-0473794fe188,power_design,population_standardized,methylation,standardized_feature,path_length[B],500,500,0,29.12781831311088,1.464421232893445,29.11082676149589
none,0.0,power_design-645e2a73aa92,power_design,population_standardized,methylation,standardized_feature,path_length[B],500,500,0,29.027507555944315,1.464030078737348,29.043050226539137
none,0.0,power_design-ad989d1e5e96,power_design,population_standardized,methylation,standardized_feature,path_length[B],500,500,0,29.127818313110875,1.4644212328934447,29.11082676149591
none,0.0,power_primary-6f04726ce01b,power_primary,population_standardized,methylation,standardized_feature,path_length[B],500,500,0,29.027507555944318,1.464030078737351,29.043050226539137
none,0.0,power_design-0473794fe188,power_design,population_standardized,methylation,standardized_feature,shape,500,500,0,1.2142070905834453e-15,1.0133848550005714e-15,9.103115355547472e-16
none,0.0,power_design-645e2a73aa92,power_design,population_standardized,methylation,standardized_feature,shape,500,500,0,1.1611440515703975e-15,9.506519278766645e-16,9.00867036774187e-16
none,0.0,power_design-ad989d1e5e96,power_design,population_standardized,methylation,standardized_feature,shape,500,500,0,1.215857000993982e-15,1.0811788471760901e-15,9.027107719571902e-16
none,0.0,power_primary-6f04726ce01b,power_primary,population_standardized,methylation,standardized_feature,shape,500,500,0,1.1782889052575781e-15,9.756972288719166e-16,9.114413682783894e-16
none,0.0,power_design-645e2a73aa92,power_design,population_standardized,proteomics,standardized_feature,angle,500,500,0,4.684169806227432e-07,6.168683687130065e-07,0.0
none,0.0,power_design-ad989d1e5e96,power_design,population_standardized,proteomics,standardized_feature,angle,500,500,0,4.845415041875061e-07,6.314489205625091e-07,0.0
none,0.0,power_design-645e2a73aa92,power_design,population_standardized,proteomics,standardized_feature,delta,500,500,0,0.0,0.0,0.0
none,0.0,power_design-ad989d1e5e96,power_design,population_standardized,proteomics,standardized_feature,delta,500,500,0,0.0,0.0,0.0
none,0.0,power_design-645e2a73aa92,power_design,population_standardized,proteomics,standardized_feature,path_length[A],500,500,0,28.02623131268264,1.5982482334618984,27.963538598283634
none,0.0,power_design-ad989d1e5e96,power_design,population_standardized,proteomics,standardized_feature,path_length[A],500,500,0,28.096356701991663,1.6299287655913295,28.035519659881327
none,0.0,power_design-645e2a73aa92,power_design,population_standardized,proteomics,standardized_feature,path_length[B],500,500,0,28.02623131268264,1.5982482334618984,27.963538598283634
none,0.0,power_design-ad989d1e5e96,power_design,population_standardized,proteomics,standardized_feature,path_length[B],500,500,0,28.096356701991663,1.6299287655913295,28.035519659881327
none,0.0,power_design-645e2a73aa92,power_design,population_standardized,proteomics,standardized_feature,shape,500,500,0,1.0754268905394653e-15,7.128455943133781e-16,9.157743127154583e-16
none,0.0,power_design-ad989d1e5e96,power_design,population_standardized,proteomics,standardized_feature,shape,500,500,0,1.1029026755068567e-15,7.616912982064053e-16,9.15433079741967e-16
none,0.0,power_design-0473794fe188,power_design,observed_standardized,expression,standardized_feature,angle,500,500,0,43.403771157292866,34.35937460035607,31.528149912273733
none,0.0,power_design-645e2a73aa92,power_design,observed_standardized,expression,standardized_feature,angle,500,500,0,40.765296624214685,32.40802519368293,29.94897290943478
none,0.0,power_design-ad989d1e5e96,power_design,observed_standardized,expression,standardized_feature,angle,500,500,0,43.403771157292866,34.359374600356084,31.528149912273733
none,0.0,power_primary-6f04726ce01b,power_primary,observed_standardized,expression,standardized_feature,angle,500,500,0,40.76529662421466,32.40802519368289,29.948972909434758
none,0.0,power_design-0473794fe188,power_design,observed_standardized,expression,standardized_feature,delta,500,500,0,0.5610308228361426,0.451940338016467,0.43964669135588963
none,0.0,power_design-645e2a73aa92,power_design,observed_standardized,expression,standardized_feature,delta,500,500,0,0.559782722545676,0.425310838568745,0.50760357780152
none,0.0,power_design-ad989d1e5e96,power_design,observed_standardized,expression,standardized_feature,delta,500,500,0,0.5610308228361425,0.45194033801646705,0.43964669135588785
none,0.0,power_primary-6f04726ce01b,power_primary,observed_standardized,expression,standardized_feature,delta,500,500,0,0.5597827225456755,0.4253108385687451,0.5076035778015076
none,0.0,power_design-0473794fe188,power_design,observed_standardized,expression,standardized_feature,path_length[A],500,500,0,23.71898443194963,1.1385733748339515,23.70215761732615
none,0.0,power_design-645e2a73aa92,power_design,observed_standardized,expression,standardized_feature,path_length[A],500,500,0,23.588181290689406,1.151954110156175,23.630182230702705
none,0.0,power_design-ad989d1e5e96,power_design,observed_standardized,expression,standardized_feature,path_length[A],500,500,0,23.71898443194963,1.138573374833952,23.70215761732614
none,0.0,power_primary-6f04726ce01b,power_primary,observed_standardized,expression,standardized_feature,path_length[A],500,500,0,23.588181290689406,1.151954110156175,23.630182230702705
none,0.0,power_design-0473794fe188,power_design,observed_standardized,expression,standardized_feature,path_length[B],500,500,0,23.994857261873545,1.1685968410839898,24.016145100644376
none,0.0,power_design-645e2a73aa92,power_design,observed_standardized,expression,standardized_feature,path_length[B],500,500,0,23.858634107351858,1.1570018741051824,23.84410734322976
none,0.0,power_design-ad989d1e5e96,power_design,observed_standardized,expression,standardized_feature,path_length[B],500,500,0,23.994857261873545,1.16859684108399,24.016145100644376
none,0.0,power_primary-6f04726ce01b,power_primary,observed_standardized,expression,standardized_feature,path_length[B],500,500,0,23.858634107351854,1.1570018741051826,23.84410734322975
none,0.0,power_design-0473794fe188,power_design,observed_standardized,expression,standardized_feature,shape,500,500,0,0.031018329619649627,0.015511546018609542,0.028671260810549163
none,0.0,power_design-645e2a73aa92,power_design,observed_standardized,expression,standardized_feature,shape,500,500,0,0.029505617590067635,0.015158243824834711,0.027415981493952912
none,0.0,power_design-ad989d1e5e96,power_design,observed_standardized,expression,standardized_feature,shape,500,500,0,0.031018329619649627,0.015511546018609544,0.02867126081054986
none,0.0,power_primary-6f04726ce01b,power_primary,observed_standardized,expression,standardized_feature,shape,500,500,0,0.029505617590067618,0.015158243824834721,0.027415981493952912
none,0.0,power_design-0473794fe188,power_design,observed_standardized,joint,standardized_feature,angle,500,500,0,56.374639337749805,34.74026908078354,41.55274312420552
none,0.0,power_design-645e2a73aa92,power_design,observed_standardized,joint,standardized_feature,angle,500,500,0,44.73370800043655,31.890545612213607,32.48239314124521
none,0.0,power_design-ad989d1e5e96,power_design,observed_standardized,joint,standardized_feature,angle,500,500,0,47.93003255261314,33.21842776419945,34.47279348364276
none,0.0,power_primary-6f04726ce01b,power_primary,observed_standardized,joint,standardized_feature,angle,500,500,0,51.89845898074999,32.56561577329589,38.5249231581029
none,0.0,power_design-0473794fe188,power_design,observed_standardized,joint,standardized_feature,delta,500,500,0,1.5588727859442089,1.4486414718095413,1.2057132730405655
none,0.0,power_design-645e2a73aa92,power_design,observed_standardized,joint,standardized_feature,delta,500,500,0,1.2975391592821088,1.182702723814698,1.0008344085344945
none,0.0,power_design-ad989d1e5e96,power_design,observed_standardized,joint,standardized_feature,delta,500,500,0,1.359987910989642,1.2172777712410374,1.036832985921734
none,0.0,power_primary-6f04726ce01b,power_primary,observed_standardized,joint,standardized_feature,delta,500,500,0,1.4719729038192941,1.3916342447858088,1.0552279567994383
none,0.0,power_design-0473794fe188,power_design,observed_standardized,joint,standardized_feature,path_length[A],500,500,0,40.187590622091896,2.087429204865283,40.01987826938035
none,0.0,power_design-645e2a73aa92,power_design,observed_standardized,joint,standardized_feature,path_length[A],500,500,0,49.310666437129996,2.1687798612407807,49.259142526023396
none,0.0,power_design-ad989d1e5e96,power_design,observed_standardized,joint,standardized_feature,path_length[A],500,500,0,49.718343890400796,2.2925934716529874,49.65189710335634
none,0.0,power_primary-6f04726ce01b,power_primary,observed_standardized,joint,standardized_feature,path_length[A],500,500,0,39.80678810550665,1.8990364438907985,39.64327487675024
none,0.0,power_design-0473794fe188,power_design,observed_standardized,joint,standardized_feature,path_length[B],500,500,0,40.8374128805669,2.05096781616663,40.790052063218255
none,0.0,power_design-645e2a73aa92,power_design,observed_standardized,joint,standardized_feature,path_length[B],500,500,0,49.967395881908786,2.2419845180804625,49.834179829486885
none,0.0,power_design-ad989d1e5e96,power_design,observed_standardized,joint,standardized_feature,path_length[B],500,500,0,50.37826315427709,2.2590949449788424,50.404358628327465
none,0.0,power_primary-6f04726ce01b,power_primary,observed_standardized,joint,standardized_feature,path_length[B],500,500,0,40.44384991446812,2.0428741282695344,40.30527045335202
none,0.0,power_design-0473794fe188,power_design,observed_standardized,joint,standardized_feature,shape,500,500,0,0.049526194574343624,0.03320818129485268,0.041710628064251236
none,0.0,power_design-645e2a73aa92,power_design,observed_standardized,joint,standardized_feature,shape,500,500,0,0.03343899787109072,0.020514050607380273,0.029289934483666784
none,0.0,power_design-ad989d1e5e96,power_design,observed_standardized,joint,standardized_feature,shape,500,500,0,0.03450468803093723,0.023040687145808068,0.029274407368315034
none,0.0,power_primary-6f04726ce01b,power_primary,observed_standardized,joint,standardized_feature,shape,500,500,0,0.047503818098131374,0.029850828042612947,0.04151174234969231
none,0.0,power_design-0473794fe188,power_design,observed_standardized,methylation,standardized_feature,angle,500,500,0,62.0860511955646,34.507649447840656,48.404898209179066
none,0.0,power_design-645e2a73aa92,power_design,observed_standardized,methylation,standardized_feature,angle,500,500,0,59.20469401928319,33.84300907291251,45.59964374772812
none,0.0,power_design-ad989d1e5e96,power_design,observed_standardized,methylation,standardized_feature,angle,500,500,0,62.08605119556435,34.50764944784057,48.404898209178995
none,0.0,power_primary-6f04726ce01b,power_primary,observed_standardized,methylation,standardized_feature,angle,500,500,0,59.204694019283245,33.843009072912466,45.59964374772803
none,0.0,power_design-0473794fe188,power_design,observed_standardized,methylation,standardized_feature,delta,500,500,0,1.800488895565188,1.6940161925292598,1.336971509077209
none,0.0,power_design-645e2a73aa92,power_design,observed_standardized,methylation,standardized_feature,delta,500,500,0,1.6970189051630846,1.6033775527712677,1.2703763941797437
none,0.0,power_design-ad989d1e5e96,power_design,observed_standardized,methylation,standardized_feature,delta,500,500,0,1.800488895565188,1.69401619252926,1.336971509077209
none,0.0,power_primary-6f04726ce01b,power_primary,observed_standardized,methylation,standardized_feature,delta,500,500,0,1.6970189051630844,1.6033775527712713,1.2703763941797437
none,0.0,power_design-0473794fe188,power_design,observed_standardized,methylation,standardized_feature,path_length[A],500,500,0,32.40558054782335,2.1468887004155675,32.11748343816551
none,0.0,power_design-645e2a73aa92,power_design,observed_standardized,methylation,standardized_feature,path_length[A],500,500,0,32.032632744482285,1.9112005364743148,31.81618780316558
none,0.0,power_design-ad989d1e5e96,power_design,observed_standardized,methylation,standardized_feature,path_length[A],500,500,0,32.405580547823334,2.146888700415567,32.11748343816551
none,0.0,power_primary-6f04726ce01b,power_primary,observed_standardized,methylation,standardized_feature,path_length[A],500,500,0,32.03263274448229,1.9112005364743143,31.81618780316557
none,0.0,power_design-0473794fe188,power_design,observed_standardized,methylation,standardized_feature,path_length[B],500,500,0,33.0045641248808,2.1208906163362204,32.86176410659574
none,0.0,power_design-645e2a73aa92,power_design,observed_standardized,methylation,standardized_feature,path_length[B],500,500,0,32.618610205118685,2.090372093830028,32.388949133765095
none,0.0,power_design-ad989d1e5e96,power_design,observed_standardized,methylation,standardized_feature,path_length[B],500,500,0,33.00456412488082,2.1208906163362173,32.86176410659574
none,0.0,power_primary-6f04726ce01b,power_primary,observed_standardized,methylation,standardized_feature,path_length[B],500,500,0,32.61861020511869,2.090372093830028,32.38894913376514
none,0.0,power_design-0473794fe188,power_design,observed_standardized,methylation,standardized_feature,shape,500,500,0,0.07167366100617192,0.046140161078918454,0.06136808643559434
none,0.0,power_design-645e2a73aa92,power_design,observed_standardized,methylation,standardized_feature,shape,500,500,0,0.06837335389964387,0.041779106063883374,0.060160784501316594
none,0.0,power_design-ad989d1e5e96,power_design,observed_standardized,methylation,standardized_feature,shape,500,500,0,0.07167366100617195,0.04614016107891838,0.061368086435592384
none,0.0,power_primary-6f04726ce01b,power_primary,observed_standardized,methylation,standardized_feature,shape,500,500,0,0.06837335389964398,0.04177910606388325,0.06016078450131775
none,0.0,power_design-645e2a73aa92,power_design,observed_standardized,proteomics,standardized_feature,angle,500,500,0,31.801519151021235,28.14853788727357,24.2587289553122
none,0.0,power_design-ad989d1e5e96,power_design,observed_standardized,proteomics,standardized_feature,angle,500,500,0,33.81614556104288,30.498973427604025,25.239020756024637
none,0.0,power_design-645e2a73aa92,power_design,observed_standardized,proteomics,standardized_feature,delta,500,500,0,0.46895547277075833,0.3709122119109861,0.38100476144407125
none,0.0,power_design-ad989d1e5e96,power_design,observed_standardized,proteomics,standardized_feature,delta,500,500,0,0.5194352718460069,0.3683850923079386,0.4617594163168235
none,0.0,power_design-645e2a73aa92,power_design,observed_standardized,proteomics,standardized_feature,path_length[A],500,500,0,29.071595996875097,1.506841812026091,29.06054550277781
none,0.0,power_design-ad989d1e5e96,power_design,observed_standardized,proteomics,standardized_feature,path_length[A],500,500,0,29.237389127012992,1.5230603561370113,29.238957689365108
none,0.0,power_design-645e2a73aa92,power_design,observed_standardized,proteomics,standardized_feature,path_length[B],500,500,0,29.30866573076547,1.4660955964321518,29.238784775748066
none,0.0,power_design-ad989d1e5e96,power_design,observed_standardized,proteomics,standardized_feature,path_length[B],500,500,0,29.462320555374955,1.5228010373167167,29.406769240172487
none,0.0,power_design-645e2a73aa92,power_design,observed_standardized,proteomics,standardized_feature,shape,500,500,0,0.021676278744038872,0.01197654220118285,0.01953962097526124
none,0.0,power_design-ad989d1e5e96,power_design,observed_standardized,proteomics,standardized_feature,shape,500,500,0,0.02107529009247984,0.011108763141165278,0.019615443155225572
none,0.0,power_design-0473794fe188,power_design,pls_latent,joint,pls_latent,angle,500,500,0,34.42389764549835,41.395809415732764,19.013148394377847
none,0.0,power_design-645e2a73aa92,power_design,pls_latent,joint,pls_latent,angle,500,500,0,28.939062925347816,42.5202256082579,11.781675302033827
none,0.0,power_design-ad989d1e5e96,power_design,pls_latent,joint,pls_latent,angle,500,500,0,31.146481161740358,44.036899031572084,13.061518648143018
none,0.0,power_primary-6f04726ce01b,power_primary,pls_latent,joint,pls_latent,angle,500,500,0,32.80412314052537,40.28864607628101,17.87823945569867
none,0.0,power_design-0473794fe188,power_design,pls_latent,joint,pls_latent,delta,500,500,0,1.2782895586162122,1.1033977327809923,0.9387859105787193
none,0.0,power_design-645e2a73aa92,power_design,pls_latent,joint,pls_latent,delta,500,500,0,1.1902886363298646,1.1038806283972873,0.8328485650636921
none,0.0,power_design-ad989d1e5e96,power_design,pls_latent,joint,pls_latent,delta,500,500,0,1.2436952793324072,1.188266764493278,0.8983582890098631
none,0.0,power_primary-6f04726ce01b,power_primary,pls_latent,joint,pls_latent,delta,500,500,0,1.277980352091263,1.2010729844403603,0.9387142303090776
none,0.0,power_design-0473794fe188,power_design,pls_latent,joint,pls_latent,path_length[A],500,500,0,40.07593215882421,2.780962931723071,39.45278359867376
none,0.0,power_design-645e2a73aa92,power_design,pls_latent,joint,pls_latent,path_length[A],500,500,0,47.47972723756988,2.141275215258903,47.396453120733916
none,0.0,power_design-ad989d1e5e96,power_design,pls_latent,joint,pls_latent,path_length[A],500,500,0,47.60120981816971,2.2036003233717913,47.579303811017176
none,0.0,power_primary-6f04726ce01b,power_primary,pls_latent,joint,pls_latent,path_length[A],500,500,0,39.91825176879797,2.7253165182466943,39.49927006541316
none,0.0,power_design-0473794fe188,power_design,pls_latent,joint,pls_latent,path_length[B],500,500,0,40.20268153991487,2.8412760656801463,39.71336550561303
none,0.0,power_design-645e2a73aa92,power_design,pls_latent,joint,pls_latent,path_length[B],500,500,0,47.436239412672734,2.211194425900423,47.47244286948701
none,0.0,power_design-ad989d1e5e96,power_design,pls_latent,joint,pls_latent,path_length[B],500,500,0,47.7009531511485,2.250238060733723,47.697853747092125
none,0.0,power_primary-6f04726ce01b,power_primary,pls_latent,joint,pls_latent,path_length[B],500,500,0,39.956406732046254,2.781630714790961,39.46649322224438
none,0.0,power_design-0473794fe188,power_design,pls_latent,joint,pls_latent,shape,500,500,0,0.04143164466318184,0.024441344370576074,0.03787713374400281
none,0.0,power_design-645e2a73aa92,power_design,pls_latent,joint,pls_latent,shape,500,500,0,0.03296749805599704,0.021092872710918534,0.029612832846665604
none,0.0,power_design-ad989d1e5e96,power_design,pls_latent,joint,pls_latent,shape,500,500,0,0.035185841286631346,0.023148259229180408,0.03040833745850772
none,0.0,power_primary-6f04726ce01b,power_primary,pls_latent,joint,pls_latent,shape,500,500,0,0.040469684512823595,0.02560047713735272,0.036709873713277635
none,,type_i_baseline-ca766c21680e,type_i_baseline,population_native,expression,native_omic_units,angle,500,500,0,5.418069440298772e-07,6.865172243337994e-07,0.0
none,,type_i_baseline-ca766c21680e,type_i_baseline,population_native,expression,native_omic_units,delta,500,500,0,0.0,0.0,0.0
none,,type_i_baseline-ca766c21680e,type_i_baseline,population_native,expression,native_omic_units,path_length[A],500,500,0,25.52244199923854,1.4288090820426345,25.600100106380175
none,,type_i_baseline-ca766c21680e,type_i_baseline,population_native,expression,native_omic_units,path_length[B],500,500,0,25.52244199923854,1.4288090820426345,25.600100106380175
none,,type_i_baseline-ca766c21680e,type_i_baseline,population_native,expression,native_omic_units,shape,500,500,0,1.2222440499810464e-15,5.062145757613432e-16,1.1428928533861277e-15
none,,type_i_baseline-ca766c21680e,type_i_baseline,population_native,methylation,native_omic_units,angle,500,500,0,5.42647676715466e-07,6.964195144620721e-07,0.0
none,,type_i_baseline-ca766c21680e,type_i_baseline,population_native,methylation,native_omic_units,delta,500,500,0,0.0,0.0,0.0
none,,type_i_baseline-ca766c21680e,type_i_baseline,population_native,methylation,native_omic_units,path_length[A],500,500,0,32.58033954446036,1.5927408357273503,32.613247725836146
none,,type_i_baseline-ca766c21680e,type_i_baseline,population_native,methylation,native_omic_units,path_length[B],500,500,0,32.58033954446036,1.5927408357273503,32.613247725836146
none,,type_i_baseline-ca766c21680e,type_i_baseline,population_native,methylation,native_omic_units,shape,500,500,0,2.1045249978447764e-15,1.28521612185271e-15,1.6332288158955683e-15
none,,type_i_baseline-ca766c21680e,type_i_baseline,population_standardized,expression,standardized_feature,angle,500,500,0,4.892514577329683e-07,6.347414519925527e-07,0.0
none,,type_i_baseline-ca766c21680e,type_i_baseline,population_standardized,expression,standardized_feature,delta,500,500,0,0.0,0.0,0.0
none,,type_i_baseline-ca766c21680e,type_i_baseline,population_standardized,expression,standardized_feature,path_length[A],500,500,0,22.426259607751863,1.3443617242235588,22.401485622520536
none,,type_i_baseline-ca766c21680e,type_i_baseline,population_standardized,expression,standardized_feature,path_length[B],500,500,0,22.426259607751863,1.3443617242235588,22.401485622520536
none,,type_i_baseline-ca766c21680e,type_i_baseline,population_standardized,expression,standardized_feature,shape,500,500,0,1.0065186534249117e-15,6.460460081855551e-16,8.666399187077326e-16
none,,type_i_baseline-ca766c21680e,type_i_baseline,population_standardized,joint,standardized_feature,angle,500,500,0,4.880432307270025e-07,6.356727704041688e-07,0.0
none,,type_i_baseline-ca766c21680e,type_i_baseline,population_standardized,joint,standardized_feature,delta,500,500,0,0.0,0.0,0.0
none,,type_i_baseline-ca766c21680e,type_i_baseline,population_standardized,joint,standardized_feature,path_length[A],500,500,0,36.71632986210877,1.886647843987048,36.75907947002028
none,,type_i_baseline-ca766c21680e,type_i_baseline,population_standardized,joint,standardized_feature,path_length[B],500,500,0,36.71632986210877,1.886647843987048,36.75907947002028
none,,type_i_baseline-ca766c21680e,type_i_baseline,population_standardized,joint,standardized_feature,shape,500,500,0,1.3330206591523078e-15,1.0642611193488388e-15,1.0045697713525096e-15
none,,type_i_baseline-ca766c21680e,type_i_baseline,population_standardized,methylation,standardized_feature,angle,500,500,0,4.929539003616626e-07,6.51218958306946e-07,0.0
none,,type_i_baseline-ca766c21680e,type_i_baseline,population_standardized,methylation,standardized_feature,delta,500,500,0,0.0,0.0,0.0
none,,type_i_baseline-ca766c21680e,type_i_baseline,population_standardized,methylation,standardized_feature,path_length[A],500,500,0,29.05133324454467,1.5947689056207808,29.022309535255424
none,,type_i_baseline-ca766c21680e,type_i_baseline,population_standardized,methylation,standardized_feature,path_length[B],500,500,0,29.05133324454467,1.5947689056207808,29.022309535255424
none,,type_i_baseline-ca766c21680e,type_i_baseline,population_standardized,methylation,standardized_feature,shape,500,500,0,1.192665098315467e-15,9.649015243330318e-16,9.171971903759073e-16
none,,type_i_baseline-ca766c21680e,type_i_baseline,observed_standardized,expression,standardized_feature,angle,500,500,0,42.17401755419084,33.89839322682801,30.492355605585463
none,,type_i_baseline-ca766c21680e,type_i_baseline,observed_standardized,expression,standardized_feature,delta,500,500,0,0.5259507519334498,0.40781810570774274,0.43364846678869995
none,,type_i_baseline-ca766c21680e,type_i_baseline,observed_standardized,expression,standardized_feature,path_length[A],500,500,0,23.637082595330114,1.2489679425994136,23.62691688076206
none,,type_i_baseline-ca766c21680e,type_i_baseline,observed_standardized,expression,standardized_feature,path_length[B],500,500,0,23.857494855572927,1.2373383068698136,23.853834680037235
none,,type_i_baseline-ca766c21680e,type_i_baseline,observed_standardized,expression,standardized_feature,shape,500,500,0,0.03122921852818484,0.016571872014054426,0.0295775682897668
none,,type_i_baseline-ca766c21680e,type_i_baseline,observed_standardized,joint,standardized_feature,angle,500,500,0,53.61283188174244,33.85060768470534,39.72041891896629
none,,type_i_baseline-ca766c21680e,type_i_baseline,observed_standardized,joint,standardized_feature,delta,500,500,0,1.4165847302976309,1.3257213903509173,1.031699522607262
none,,type_i_baseline-ca766c21680e,type_i_baseline,observed_standardized,joint,standardized_feature,path_length[A],500,500,0,39.93928647535496,2.1357925894749683,39.84541198767653
none,,type_i_baseline-ca766c21680e,type_i_baseline,observed_standardized,joint,standardized_feature,path_length[B],500,500,0,40.40617242783082,2.0090927550993705,40.31140713744021
none,,type_i_baseline-ca766c21680e,type_i_baseline,observed_standardized,joint,standardized_feature,shape,500,500,0,0.05010346301829461,0.03339473232676017,0.04399263240196967
none,,type_i_baseline-ca766c21680e,type_i_baseline,observed_standardized,methylation,standardized_feature,angle,500,500,0,59.982552555704245,34.75547709835114,46.37651074681591
none,,type_i_baseline-ca766c21680e,type_i_baseline,observed_standardized,methylation,standardized_feature,delta,500,500,0,1.6413812262675007,1.5522308557505546,1.199868444844725
none,,type_i_baseline-ca766c21680e,type_i_baseline,observed_standardized,methylation,standardized_feature,path_length[A],500,500,0,32.15654142240837,2.13928412690723,31.97180796731527
none,,type_i_baseline-ca766c21680e,type_i_baseline,observed_standardized,methylation,standardized_feature,path_length[B],500,500,0,32.57278097418392,1.999659026718652,32.35637324557864
none,,type_i_baseline-ca766c21680e,type_i_baseline,observed_standardized,methylation,standardized_feature,shape,500,500,0,0.07094105823697976,0.0472026672233372,0.06014664610261747
none,,type_i_baseline-ca766c21680e,type_i_baseline,pls_latent,joint,pls_latent,angle,500,500,0,33.63526576608261,42.79040689996925,17.49154472684095
none,,type_i_baseline-ca766c21680e,type_i_baseline,pls_latent,joint,pls_latent,delta,500,500,0,1.2173949563438993,1.1758993290441837,0.8574100956709465
none,,type_i_baseline-ca766c21680e,type_i_baseline,pls_latent,joint,pls_latent,path_length[A],500,500,0,39.998169019125775,2.699884551515338,39.67892714023953
none,,type_i_baseline-ca766c21680e,type_i_baseline,pls_latent,joint,pls_latent,path_length[B],500,500,0,40.11630755350807,2.8490272979431928,39.615110349767946
none,,type_i_baseline-ca766c21680e,type_i_baseline,pls_latent,joint,pls_latent,shape,500,500,0,0.03925770056156434,0.02304690083875085,0.035367548780263124
translation,1.0,type_i_baseline-74c0457435ca,type_i_baseline,population_native,expression,native_omic_units,angle,500,500,0,4.317503991271412e-07,6.339657292049483e-07,0.0
translation,1.0,type_i_baseline-74c0457435ca,type_i_baseline,population_native,expression,native_omic_units,delta,500,500,0,0.0,0.0,0.0
translation,1.0,type_i_baseline-74c0457435ca,type_i_baseline,population_native,expression,native_omic_units,path_length[A],500,500,0,25.530291766556157,1.296534148975658,25.581932925595176
translation,1.0,type_i_baseline-74c0457435ca,type_i_baseline,population_native,expression,native_omic_units,path_length[B],500,500,0,25.530291766556157,1.296534148975658,25.581932925595176
translation,1.0,type_i_baseline-74c0457435ca,type_i_baseline,population_native,expression,native_omic_units,shape,500,500,0,1.2183915542936965e-15,6.328893065126884e-16,1.123278494252614e-15
translation,1.0,type_i_baseline-74c0457435ca,type_i_baseline,population_native,methylation,native_omic_units,angle,500,500,0,5.43598409988494e-07,6.967252834980352e-07,0.0
translation,1.0,type_i_baseline-74c0457435ca,type_i_baseline,population_native,methylation,native_omic_units,delta,500,500,0,0.0,0.0,0.0
translation,1.0,type_i_baseline-74c0457435ca,type_i_baseline,population_native,methylation,native_omic_units,path_length[A],500,500,0,32.44885265778485,1.463467856024145,32.495221040342
translation,1.0,type_i_baseline-74c0457435ca,type_i_baseline,population_native,methylation,native_omic_units,path_length[B],500,500,0,32.44885265778485,1.463467856024145,32.495221040342
translation,1.0,type_i_baseline-74c0457435ca,type_i_baseline,population_native,methylation,native_omic_units,shape,500,500,0,2.0066915600480653e-15,1.1486872356250388e-15,1.6102131325391859e-15
translation,1.0,type_i_baseline-74c0457435ca,type_i_baseline,population_standardized,expression,standardized_feature,angle,500,500,0,5.455097360612765e-07,6.596472949688734e-07,0.0
translation,1.0,type_i_baseline-74c0457435ca,type_i_baseline,population_standardized,expression,standardized_feature,delta,500,500,0,0.0,0.0,0.0
translation,1.0,type_i_baseline-74c0457435ca,type_i_baseline,population_standardized,expression,standardized_feature,path_length[A],500,500,0,22.438796301206363,1.2090737724522103,22.512433071892147
translation,1.0,type_i_baseline-74c0457435ca,type_i_baseline,population_standardized,expression,standardized_feature,path_length[B],500,500,0,22.438796301206363,1.2090737724522103,22.512433071892147
translation,1.0,type_i_baseline-74c0457435ca,type_i_baseline,population_standardized,expression,standardized_feature,shape,500,500,0,1.0060550710745862e-15,6.299906675135148e-16,8.638736204206225e-16
translation,1.0,type_i_baseline-74c0457435ca,type_i_baseline,population_standardized,joint,standardized_feature,angle,500,500,0,4.7057120330121903e-07,6.187746619797861e-07,0.0
translation,1.0,type_i_baseline-74c0457435ca,type_i_baseline,population_standardized,joint,standardized_feature,delta,500,500,0,0.0,0.0,0.0
translation,1.0,type_i_baseline-74c0457435ca,type_i_baseline,population_standardized,joint,standardized_feature,path_length[A],500,500,0,36.620336224676635,1.6514688603793912,36.69910262036507
translation,1.0,type_i_baseline-74c0457435ca,type_i_baseline,population_standardized,joint,standardized_feature,path_length[B],500,500,0,36.620336224676635,1.6514688603793912,36.69910262036507
translation,1.0,type_i_baseline-74c0457435ca,type_i_baseline,population_standardized,joint,standardized_feature,shape,500,500,0,1.2596483688323077e-15,9.205554096385812e-16,1.0056536717900731e-15
translation,1.0,type_i_baseline-74c0457435ca,type_i_baseline,population_standardized,methylation,standardized_feature,angle,500,500,0,4.4676172905487925e-07,6.080364599029862e-07,0.0
translation,1.0,type_i_baseline-74c0457435ca,type_i_baseline,population_standardized,methylation,standardized_feature,delta,500,500,0,0.0,0.0,0.0
translation,1.0,type_i_baseline-74c0457435ca,type_i_baseline,population_standardized,methylation,standardized_feature,path_length[A],500,500,0,28.92002930592434,1.4351017303084999,28.968777926636953
translation,1.0,type_i_baseline-74c0457435ca,type_i_baseline,population_standardized,methylation,standardized_feature,path_length[B],500,500,0,28.92002930592434,1.4351017303084999,28.968777926636953
translation,1.0,type_i_baseline-74c0457435ca,type_i_baseline,population_standardized,methylation,standardized_feature,shape,500,500,0,1.1938502704275827e-15,1.0331845179597065e-15,9.1070386064117e-16
translation,1.0,type_i_baseline-74c0457435ca,type_i_baseline,observed_standardized,expression,standardized_feature,angle,500,500,0,39.69190692574847,35.95610677329149,26.625371866775826
translation,1.0,type_i_baseline-74c0457435ca,type_i_baseline,observed_standardized,expression,standardized_feature,delta,500,500,0,0.5160551975708025,0.3753507282873349,0.4532042665486422
translation,1.0,type_i_baseline-74c0457435ca,type_i_baseline,observed_standardized,expression,standardized_feature,path_length[A],500,500,0,23.267347599534357,1.1592440011764034,23.353840523198468
translation,1.0,type_i_baseline-74c0457435ca,type_i_baseline,observed_standardized,expression,standardized_feature,path_length[B],500,500,0,23.530148517616333,1.1425806145894217,23.570101693639778
translation,1.0,type_i_baseline-74c0457435ca,type_i_baseline,observed_standardized,expression,standardized_feature,shape,500,500,0,0.028226870996381086,0.016693131654370235,0.025593626725588098
translation,1.0,type_i_baseline-74c0457435ca,type_i_baseline,observed_standardized,joint,standardized_feature,angle,500,500,0,52.283572358397016,34.75485108122963,36.97786559458518
translation,1.0,type_i_baseline-74c0457435ca,type_i_baseline,observed_standardized,joint,standardized_feature,delta,500,500,0,1.3723598735822817,1.3683941876155123,0.9925588682459043
translation,1.0,type_i_baseline-74c0457435ca,type_i_baseline,observed_standardized,joint,standardized_feature,path_length[A],500,500,0,39.333374342712375,1.8908375140862999,39.12085756257245
translation,1.0,type_i_baseline-74c0457435ca,type_i_baseline,observed_standardized,joint,standardized_feature,path_length[B],500,500,0,39.94476239941302,1.9766232465247209,39.816595795019865
translation,1.0,type_i_baseline-74c0457435ca,type_i_baseline,observed_standardized,joint,standardized_feature,shape,500,500,0,0.04704637119609862,0.03133931212768093,0.03888843774060431
translation,1.0,type_i_baseline-74c0457435ca,type_i_baseline,observed_standardized,methylation,standardized_feature,angle,500,500,0,59.08532100974448,34.92417127871356,44.75719249152838
translation,1.0,type_i_baseline-74c0457435ca,type_i_baseline,observed_standardized,methylation,standardized_feature,delta,500,500,0,1.5667949149037932,1.5903382815329852,1.0338004162252226
translation,1.0,type_i_baseline-74c0457435ca,type_i_baseline,observed_standardized,methylation,standardized_feature,path_length[A],500,500,0,31.68095072284986,1.9011046458169294,31.435865801918403
translation,1.0,type_i_baseline-74c0457435ca,type_i_baseline,observed_standardized,methylation,standardized_feature,path_length[B],500,500,0,32.24147044288077,2.021257982566098,32.13404592282279
translation,1.0,type_i_baseline-74c0457435ca,type_i_baseline,observed_standardized,methylation,standardized_feature,shape,500,500,0,0.06696824403003869,0.04491050396294502,0.0548791787391964
translation,1.0,type_i_baseline-74c0457435ca,type_i_baseline,pls_latent,joint,pls_latent,angle,500,500,0,31.360667298346424,40.936433270892266,16.163409745498623
translation,1.0,type_i_baseline-74c0457435ca,type_i_baseline,pls_latent,joint,pls_latent,delta,500,500,0,1.1637802959457297,1.124489057076027,0.8047870491481888
translation,1.0,type_i_baseline-74c0457435ca,type_i_baseline,pls_latent,joint,pls_latent,path_length[A],500,500,0,38.80815971147786,2.52629063912226,38.43945102764545
translation,1.0,type_i_baseline-74c0457435ca,type_i_baseline,pls_latent,joint,pls_latent,path_length[B],500,500,0,38.88014690853385,2.595029190956035,38.35193455757874
translation,1.0,type_i_baseline-74c0457435ca,type_i_baseline,pls_latent,joint,pls_latent,shape,500,500,0,0.03944383508353192,0.024874056121314016,0.03374335798736126
