trajectory_mode,effect_size,cell_id,phase,checkpoint,scope,measurement_space,statistic,n_replicates,n_available,n_unavailable,mean,sd,median
none,0.0,power_primary-fa0b0d3f6cda,power_primary,population_native,expression,native_omic_units,angle,100,100,0,7.092459242407174e-07,8.708111011144767e-07,0.0
none,0.0,power_primary-fa0b0d3f6cda,power_primary,population_native,expression,native_omic_units,delta,100,100,0,0.0,0.0,0.0
none,0.0,power_primary-fa0b0d3f6cda,power_primary,population_native,expression,native_omic_units,path_length[A],100,100,0,44.50296170753463,1.4629041188467085,44.47395051852209
none,0.0,power_primary-fa0b0d3f6cda,power_primary,population_native,expression,native_omic_units,path_length[B],100,100,0,44.50296170753463,1.4629041188467085,44.47395051852209
none,0.0,power_primary-fa0b0d3f6cda,power_primary,population_native,expression,native_omic_units,shape,100,100,0,1.5252364284969756e-15,2.1643198542747402e-16,1.4896885903681732e-15
none,0.0,power_primary-fa0b0d3f6cda,power_primary,population_native,methylation,native_omic_units,angle,100,100,0,6.692578014244729e-07,8.561544230085932e-07,0.0
none,0.0,power_primary-fa0b0d3f6cda,power_primary,population_native,methylation,native_omic_units,delta,100,100,0,0.0,0.0,0.0
none,0.0,power_primary-fa0b0d3f6cda,power_primary,population_native,methylation,native_omic_units,path_length[A],100,100,0,65.1451050099554,1.9068914151799745,65.12416590912433
none,0.0,power_primary-fa0b0d3f6cda,power_primary,population_native,methylation,native_omic_units,path_length[B],100,100,0,65.1451050099554,1.9068914151799745,65.12416590912433
none,0.0,power_primary-fa0b0d3f6cda,power_primary,population_native,methylation,native_omic_units,shape,100,100,0,2.1464873020971086e-15,4.5713923662392e-16,2.0922101330827202e-15
none,0.0,power_primary-fa0b0d3f6cda,power_primary,population_native,proteomics,native_omic_units,angle,100,100,0,5.970063482451982e-07,8.145119009441357e-07,0.0
none,0.0,power_primary-fa0b0d3f6cda,power_primary,population_native,proteomics,native_omic_units,delta,100,100,0,0.0,0.0,0.0
none,0.0,power_primary-fa0b0d3f6cda,power_primary,population_native,proteomics,native_omic_units,path_length[A],100,100,0,49.43995775674261,1.8001531846878354,49.242355296257536
none,0.0,power_primary-fa0b0d3f6cda,power_primary,population_native,proteomics,native_omic_units,path_length[B],100,100,0,49.43995775674261,1.8001531846878354,49.242355296257536
none,0.0,power_primary-fa0b0d3f6cda,power_primary,population_native,proteomics,native_omic_units,shape,100,100,0,1.7275988250192197e-15,2.8022685592865504e-16,1.6808300062978104e-15
none,0.0,power_primary-fa0b0d3f6cda,power_primary,population_standardized,expression,standardized_feature,angle,100,100,0,7.185976944011304e-07,9.168109064555019e-07,0.0
none,0.0,power_primary-fa0b0d3f6cda,power_primary,population_standardized,expression,standardized_feature,delta,100,100,0,0.0,0.0,0.0
none,0.0,power_primary-fa0b0d3f6cda,power_primary,population_standardized,expression,standardized_feature,path_length[A],100,100,0,38.47977730517176,1.2659828327559708,38.445940578096085
none,0.0,power_primary-fa0b0d3f6cda,power_primary,population_standardized,expression,standardized_feature,path_length[B],100,100,0,38.47977730517176,1.2659828327559708,38.445940578096085
none,0.0,power_primary-fa0b0d3f6cda,power_primary,population_standardized,expression,standardized_feature,shape,100,100,0,1.1105588235753222e-15,4.582058171510228e-16,1.0169175954967899e-15
none,0.0,power_primary-fa0b0d3f6cda,power_primary,population_standardized,joint,standardized_feature,angle,100,100,0,7.220057981195338e-07,8.812942356955485e-07,0.0
none,0.0,power_primary-fa0b0d3f6cda,power_primary,population_standardized,joint,standardized_feature,delta,100,100,0,0.0,0.0,0.0
none,0.0,power_primary-fa0b0d3f6cda,power_primary,population_standardized,joint,standardized_feature,path_length[A],100,100,0,84.1439762297021,2.311169785977499,84.14916503580531
none,0.0,power_primary-fa0b0d3f6cda,power_primary,population_standardized,joint,standardized_feature,path_length[B],100,100,0,84.1439762297021,2.311169785977499,84.14916503580531
none,0.0,power_primary-fa0b0d3f6cda,power_primary,population_standardized,joint,standardized_feature,shape,100,100,0,1.2098203479151832e-15,4.0637887693382794e-16,1.1206268220358749e-15
none,0.0,power_primary-fa0b0d3f6cda,power_primary,population_standardized,methylation,standardized_feature,angle,100,100,0,5.998397520489579e-07,8.565240631350721e-07,0.0
none,0.0,power_primary-fa0b0d3f6cda,power_primary,population_standardized,methylation,standardized_feature,delta,100,100,0,0.0,0.0,0.0
none,0.0,power_primary-fa0b0d3f6cda,power_primary,population_standardized,methylation,standardized_feature,path_length[A],100,100,0,57.30827031494373,1.6993930915139743,57.51288089191411
none,0.0,power_primary-fa0b0d3f6cda,power_primary,population_standardized,methylation,standardized_feature,path_length[B],100,100,0,57.30827031494373,1.6993930915139743,57.51288089191411
none,0.0,power_primary-fa0b0d3f6cda,power_primary,population_standardized,methylation,standardized_feature,shape,100,100,0,1.0895024654837956e-15,2.7995440370833305e-16,1.024166499698282e-15
none,0.0,power_primary-fa0b0d3f6cda,power_primary,population_standardized,proteomics,standardized_feature,angle,100,100,0,5.464446266462619e-07,8.096679334005157e-07,0.0
none,0.0,power_primary-fa0b0d3f6cda,power_primary,population_standardized,proteomics,standardized_feature,delta,100,100,0,0.0,0.0,0.0
none,0.0,power_primary-fa0b0d3f6cda,power_primary,population_standardized,proteomics,standardized_feature,path_length[A],100,100,0,48.06371176700649,1.737029650306716,47.99349508537546
none,0.0,power_primary-fa0b0d3f6cda,power_primary,population_standardized,proteomics,standardized_feature,path_length[B],100,100,0,48.06371176700649,1.737029650306716,47.99349508537546
none,0.0,power_primary-fa0b0d3f6cda,power_primary,population_standardized,proteomics,standardized_feature,shape,100,100,0,1.0913968183550183e-15,2.133858357400788e-16,1.0643274072599356e-15
none,0.0,power_primary-fa0b0d3f6cda,power_primary,observed_standardized,expression,standardized_feature,angle,100,100,0,19.561355531509573,18.58620322925245,13.753882422570829
none,0.0,power_primary-fa0b0d3f6cda,power_primary,observed_standardized,expression,standardized_feature,delta,100,100,0,0.3300629971061525,0.256125058228865,0.29299217538535416
none,0.0,power_primary-fa0b0d3f6cda,power_primary,observed_standardized,expression,standardized_feature,path_length[A],100,100,0,38.863375290077926,1.2647172352596523,38.81305346581989
none,0.0,power_primary-fa0b0d3f6cda,power_primary,observed_standardized,expression,standardized_feature,path_length[B],100,100,0,38.8222846301149,1.2630565747637403,38.857268022384346
none,0.0,power_primary-fa0b0d3f6cda,power_primary,observed_standardized,expression,standardized_feature,shape,100,100,0,0.0188941215901009,0.005687448596133911,0.01833749599929662
none,0.0,power_primary-fa0b0d3f6cda,power_primary,observed_standardized,joint,standardized_feature,angle,100,100,0,19.815621586041356,26.62174926709994,13.20404930115096
none,0.0,power_primary-fa0b0d3f6cda,power_primary,observed_standardized,joint,standardized_feature,delta,100,100,0,0.39187636480515553,0.2953261755067203,0.316856009277501
none,0.0,power_primary-fa0b0d3f6cda,power_primary,observed_standardized,joint,standardized_feature,path_length[A],100,100,0,85.02484366222372,2.3309311540299116,85.11978571651517
none,0.0,power_primary-fa0b0d3f6cda,power_primary,observed_standardized,joint,standardized_feature,path_length[B],100,100,0,85.00974830621212,2.202628902100728,85.06841016216035
none,0.0,power_primary-fa0b0d3f6cda,power_primary,observed_standardized,joint,standardized_feature,shape,100,100,0,0.009910242956008196,0.004051429879415119,0.008922495412581225
none,0.0,power_primary-fa0b0d3f6cda,power_primary,observed_standardized,methylation,standardized_feature,angle,100,100,0,31.402397394968794,39.0451254491463,17.884088383904523
none,0.0,power_primary-fa0b0d3f6cda,power_primary,observed_standardized,methylation,standardized_feature,delta,100,100,0,0.48157571326928844,0.38800287910855136,0.40689634845661615
none,0.0,power_primary-fa0b0d3f6cda,power_primary,observed_standardized,methylation,standardized_feature,path_length[A],100,100,0,58.093625207659954,1.7271765065507985,58.248236678039056
none,0.0,power_primary-fa0b0d3f6cda,power_primary,observed_standardized,methylation,standardized_feature,path_length[B],100,100,0,58.09923043187562,1.6019664071849213,58.17548599521729
none,0.0,power_primary-fa0b0d3f6cda,power_primary,observed_standardized,methylation,standardized_feature,shape,100,100,0,0.017635719376371175,0.008433244743643,0.016063264673782864
none,0.0,power_primary-fa0b0d3f6cda,power_primary,observed_standardized,proteomics,standardized_feature,angle,100,100,0,12.20240909872299,16.239735895235885,9.724476078277027
none,0.0,power_primary-fa0b0d3f6cda,power_primary,observed_standardized,proteomics,standardized_feature,delta,100,100,0,0.25427281054714107,0.20100403721403876,0.22472842032339813
none,0.0,power_primary-fa0b0d3f6cda,power_primary,observed_standardized,proteomics,standardized_feature,path_length[A],100,100,0,48.360738024627636,1.7140849509075435,48.3843799703202
none,0.0,power_primary-fa0b0d3f6cda,power_primary,observed_standardized,proteomics,standardized_feature,path_length[B],100,100,0,48.35970627647448,1.702280703283531,48.197927156046276
none,0.0,power_primary-fa0b0d3f6cda,power_primary,observed_standardized,proteomics,standardized_feature,shape,100,100,0,0.01113421640144843,0.0035834004887827526,0.010694939472793782
none,0.0,power_primary-fa0b0d3f6cda,power_primary,pls_latent,joint,pls_latent,angle,100,100,0,10.33728082563889,22.1885002420291,4.982410217562011
none,0.0,power_primary-fa0b0d3f6cda,power_primary,pls_latent,joint,pls_latent,delta,100,100,0,0.3927627365998969,0.29315718424319703,0.31478252549317887
none,0.0,power_primary-fa0b0d3f6cda,power_primary,pls_latent,joint,pls_latent,path_length[A],100,100,0,82.26647537620751,6.06322985030052,84.10171167462568
none,0.0,power_primary-fa0b0d3f6cda,power_primary,pls_latent,joint,pls_latent,path_length[B],100,100,0,82.22525677878392,5.960877628633168,84.09525595091571
none,0.0,power_primary-fa0b0d3f6cda,power_primary,pls_latent,joint,pls_latent,shape,100,100,0,0.010163593097090964,0.004143133077310972,0.009094249130213453
none,,type_i_baseline-5c0f9fe8a4ad,type_i_baseline,population_native,expression,native_omic_units,angle,100,100,0,7.377589751423444e-07,8.931006979028799e-07,0.0
none,,type_i_baseline-5c0f9fe8a4ad,type_i_baseline,population_native,expression,native_omic_units,delta,100,100,0,0.0,0.0,0.0
none,,type_i_baseline-5c0f9fe8a4ad,type_i_baseline,population_native,expression,native_omic_units,path_length[A],100,100,0,44.38705592096885,1.3776637084448553,44.40779966290403
none,,type_i_baseline-5c0f9fe8a4ad,type_i_baseline,population_native,expression,native_omic_units,path_length[B],100,100,0,44.38705592096885,1.3776637084448553,44.40779966290403
none,,type_i_baseline-5c0f9fe8a4ad,type_i_baseline,population_native,expression,native_omic_units,shape,100,100,0,1.5575380735640754e-15,3.309520761690163e-16,1.5018302435799373e-15
none,,type_i_baseline-5c0f9fe8a4ad,type_i_baseline,population_native,methylation,native_omic_units,angle,100,100,0,5.963946558151128e-07,8.328377388943721e-07,0.0
none,,type_i_baseline-5c0f9fe8a4ad,type_i_baseline,population_native,methylation,native_omic_units,delta,100,100,0,0.0,0.0,0.0
none,,type_i_baseline-5c0f9fe8a4ad,type_i_baseline,population_native,methylation,native_omic_units,path_length[A],100,100,0,64.96138703832327,1.6714099984589386,65.15558940529957
none,,type_i_baseline-5c0f9fe8a4ad,type_i_baseline,population_native,methylation,native_omic_units,path_length[B],100,100,0,64.96138703832327,1.6714099984589386,65.15558940529957
none,,type_i_baseline-5c0f9fe8a4ad,type_i_baseline,population_native,methylation,native_omic_units,shape,100,100,0,2.1161542851582198e-15,3.933444708943406e-16,2.043180387747295e-15
none,,type_i_baseline-5c0f9fe8a4ad,type_i_baseline,population_native,proteomics,native_omic_units,angle,100,100,0,7.365537794025934e-07,8.300480621501593e-07,0.0
none,,type_i_baseline-5c0f9fe8a4ad,type_i_baseline,population_native,proteomics,native_omic_units,delta,100,100,0,0.0,0.0,0.0
none,,type_i_baseline-5c0f9fe8a4ad,type_i_baseline,population_native,proteomics,native_omic_units,path_length[A],100,100,0,49.20136291618289,1.7029405572511824,49.230225824938245
none,,type_i_baseline-5c0f9fe8a4ad,type_i_baseline,population_native,proteomics,native_omic_units,path_length[B],100,100,0,49.20136291618289,1.7029405572511824,49.230225824938245
none,,type_i_baseline-5c0f9fe8a4ad,type_i_baseline,population_native,proteomics,native_omic_units,shape,100,100,0,1.8111740787389864e-15,5.245206932368576e-16,1.7170542059771496e-15
none,,type_i_baseline-5c0f9fe8a4ad,type_i_baseline,population_standardized,expression,standardized_feature,angle,100,100,0,6.760637922767062e-07,8.550523877902207e-07,0.0
none,,type_i_baseline-5c0f9fe8a4ad,type_i_baseline,population_standardized,expression,standardized_feature,delta,100,100,0,0.0,0.0,0.0
none,,type_i_baseline-5c0f9fe8a4ad,type_i_baseline,population_standardized,expression,standardized_feature,path_length[A],100,100,0,38.415241488118426,1.1181577456165637,38.384410162025006
none,,type_i_baseline-5c0f9fe8a4ad,type_i_baseline,population_standardized,expression,standardized_feature,path_length[B],100,100,0,38.415241488118426,1.1181577456165637,38.384410162025006
none,,type_i_baseline-5c0f9fe8a4ad,type_i_baseline,population_standardized,expression,standardized_feature,shape,100,100,0,1.0780001782024248e-15,3.470213049576183e-16,1.0203892694951666e-15
none,,type_i_baseline-5c0f9fe8a4ad,type_i_baseline,population_standardized,joint,standardized_feature,angle,100,100,0,6.208668533611227e-07,8.456176446584161e-07,0.0
none,,type_i_baseline-5c0f9fe8a4ad,type_i_baseline,population_standardized,joint,standardized_feature,delta,100,100,0,0.0,0.0,0.0
none,,type_i_baseline-5c0f9fe8a4ad,type_i_baseline,population_standardized,joint,standardized_feature,path_length[A],100,100,0,83.93985149043004,2.0420476663151157,83.99173033921204
none,,type_i_baseline-5c0f9fe8a4ad,type_i_baseline,population_standardized,joint,standardized_feature,path_length[B],100,100,0,83.93985149043004,2.0420476663151157,83.99173033921204
none,,type_i_baseline-5c0f9fe8a4ad,type_i_baseline,population_standardized,joint,standardized_feature,shape,100,100,0,1.1763204989478016e-15,3.5685775913222515e-16,1.1262772074376738e-15
none,,type_i_baseline-5c0f9fe8a4ad,type_i_baseline,population_standardized,methylation,standardized_feature,angle,100,100,0,6.62727127207032e-07,8.174091910796454e-07,0.0
none,,type_i_baseline-5c0f9fe8a4ad,type_i_baseline,population_standardized,methylation,standardized_feature,delta,100,100,0,0.0,0.0,0.0
none,,type_i_baseline-5c0f9fe8a4ad,type_i_baseline,population_standardized,methylation,standardized_feature,path_length[A],100,100,0,57.1793105215152,1.5546025357068773,57.42293143238136
none,,type_i_baseline-5c0f9fe8a4ad,type_i_baseline,population_standardized,methylation,standardized_feature,path_length[B],100,100,0,57.1793105215152,1.5546025357068773,57.42293143238136
none,,type_i_baseline-5c0f9fe8a4ad,type_i_baseline,population_standardized,methylation,standardized_feature,shape,100,100,0,1.0830316869114262e-15,2.1295424290801376e-16,1.038022497921597e-15
none,,type_i_baseline-5c0f9fe8a4ad,type_i_baseline,population_standardized,proteomics,standardized_feature,angle,100,100,0,6.925184002442286e-07,9.210120421537224e-07,0.0
none,,type_i_baseline-5c0f9fe8a4ad,type_i_baseline,population_standardized,proteomics,standardized_feature,delta,100,100,0,0.0,0.0,0.0
none,,type_i_baseline-5c0f9fe8a4ad,type_i_baseline,population_standardized,proteomics,standardized_feature,path_length[A],100,100,0,47.90681737422695,1.6275106300940185,47.82563869951518
none,,type_i_baseline-5c0f9fe8a4ad,type_i_baseline,population_standardized,proteomics,standardized_feature,path_length[B],100,100,0,47.90681737422695,1.6275106300940185,47.82563869951518
none,,type_i_baseline-5c0f9fe8a4ad,type_i_baseline,population_standardized,proteomics,standardized_feature,shape,100,100,0,1.1546351923089476e-15,4.432028386637224e-16,1.0728445965816407e-15
none,,type_i_baseline-5c0f9fe8a4ad,type_i_baseline,observed_standardized,expression,standardized_feature,angle,100,100,0,18.85446302721522,22.311423594247596,14.011632968584447
none,,type_i_baseline-5c0f9fe8a4ad,type_i_baseline,observed_standardized,expression,standardized_feature,delta,100,100,0,0.31029239335999875,0.20653515696976318,0.2638359879147387
none,,type_i_baseline-5c0f9fe8a4ad,type_i_baseline,observed_standardized,expression,standardized_feature,path_length[A],100,100,0,38.75600155492568,1.1080827245732847,38.84355432737812
none,,type_i_baseline-5c0f9fe8a4ad,type_i_baseline,observed_standardized,expression,standardized_feature,path_length[B],100,100,0,38.79243450800867,1.1416019016237042,38.780342233431846
none,,type_i_baseline-5c0f9fe8a4ad,type_i_baseline,observed_standardized,expression,standardized_feature,shape,100,100,0,0.018264904295258854,0.005344978687967667,0.017547670433686165
none,,type_i_baseline-5c0f9fe8a4ad,type_i_baseline,observed_standardized,joint,standardized_feature,angle,100,100,0,25.879135990469262,37.89961486812293,13.396970330911788
none,,type_i_baseline-5c0f9fe8a4ad,type_i_baseline,observed_standardized,joint,standardized_feature,delta,100,100,0,0.4089173673096927,0.3216032840277751,0.34153257639624
none,,type_i_baseline-5c0f9fe8a4ad,type_i_baseline,observed_standardized,joint,standardized_feature,path_length[A],100,100,0,84.79976206642174,2.0623382860489112,84.90210583679931
none,,type_i_baseline-5c0f9fe8a4ad,type_i_baseline,observed_standardized,joint,standardized_feature,path_length[B],100,100,0,84.76498882868931,2.0079730921128407,84.8340541210822
none,,type_i_baseline-5c0f9fe8a4ad,type_i_baseline,observed_standardized,joint,standardized_feature,shape,100,100,0,0.010172834981103456,0.004701412437569149,0.00938414570898144
none,,type_i_baseline-5c0f9fe8a4ad,type_i_baseline,observed_standardized,methylation,standardized_feature,angle,100,100,0,26.550156370763958,29.081133208311407,17.32769747707811
none,,type_i_baseline-5c0f9fe8a4ad,type_i_baseline,observed_standardized,methylation,standardized_feature,delta,100,100,0,0.47101075067481224,0.4411778735606877,0.38732210195451344
none,,type_i_baseline-5c0f9fe8a4ad,type_i_baseline,observed_standardized,methylation,standardized_feature,path_length[A],100,100,0,58.00628989592382,1.641426334132705,58.25368683302361
none,,type_i_baseline-5c0f9fe8a4ad,type_i_baseline,observed_standardized,methylation,standardized_feature,path_length[B],100,100,0,57.9212781049691,1.5108521505366797,58.16568671323513
none,,type_i_baseline-5c0f9fe8a4ad,type_i_baseline,observed_standardized,methylation,standardized_feature,shape,100,100,0,0.0178909789499227,0.008940550179722857,0.016258684693692002
none,,type_i_baseline-5c0f9fe8a4ad,type_i_baseline,observed_standardized,proteomics,standardized_feature,angle,100,100,0,15.27200234288986,25.20942063853343,9.788405146080713
none,,type_i_baseline-5c0f9fe8a4ad,type_i_baseline,observed_standardized,proteomics,standardized_feature,delta,100,100,0,0.23595130992127608,0.17256218235058252,0.20269050230649555
none,,type_i_baseline-5c0f9fe8a4ad,type_i_baseline,observed_standardized,proteomics,standardized_feature,path_length[A],100,100,0,48.147712889123106,1.627185190652044,48.05334414118977
none,,type_i_baseline-5c0f9fe8a4ad,type_i_baseline,observed_standardized,proteomics,standardized_feature,path_length[B],100,100,0,48.16134694957805,1.6184357949601398,48.16969765390304
none,,type_i_baseline-5c0f9fe8a4ad,type_i_baseline,observed_standardized,proteomics,standardized_feature,shape,100,100,0,0.011397446678199842,0.0035295694923197394,0.011296469291434581
none,,type_i_baseline-5c0f9fe8a4ad,type_i_baseline,pls_latent,joint,pls_latent,angle,100,100,0,17.515690905423575,38.82354520121158,5.103377940479568
none,,type_i_baseline-5c0f9fe8a4ad,type_i_baseline,pls_latent,joint,pls_latent,delta,100,100,0,0.39102034030133626,0.3234498824079206,0.3295692097789953
none,,type_i_baseline-5c0f9fe8a4ad,type_i_baseline,pls_latent,joint,pls_latent,path_length[A],100,100,0,81.57816915686873,6.807712160174902,83.9188878728884
none,,type_i_baseline-5c0f9fe8a4ad,type_i_baseline,pls_latent,joint,pls_latent,path_length[B],100,100,0,81.5174672055006,6.714271669428428,83.61864236901758
none,,type_i_baseline-5c0f9fe8a4ad,type_i_baseline,pls_latent,joint,pls_latent,shape,100,100,0,0.010131068864804754,0.0046374643746036415,0.009337487297393894
orientation,0.25,power_primary-b5971fca9258,power_primary,population_native,expression,native_omic_units,angle,100,100,0,59.63188264761239,23.931720301860246,50.63322369369187
orientation,0.25,power_primary-b5971fca9258,power_primary,population_native,expression,native_omic_units,delta,100,100,0,1.0609830941067309,0.8252842195310379,0.8359019792454383
orientation,0.25,power_primary-b5971fca9258,power_primary,population_native,expression,native_omic_units,path_length[A],100,100,0,44.50296170753463,1.4629041188467085,44.47395051852209
orientation,0.25,power_primary-b5971fca9258,power_primary,population_native,expression,native_omic_units,path_length[B],100,100,0,44.29512374388362,1.6091226577878155,44.34904799658688
orientation,0.25,power_primary-b5971fca9258,power_primary,population_native,expression,native_omic_units,shape,100,100,0,0.05868743286109078,0.015855483232081302,0.0584630721426698
orientation,0.25,power_primary-b5971fca9258,power_primary,population_native,methylation,native_omic_units,angle,100,100,0,41.25385273452171,2.346114167953915,41.53937730878283
orientation,0.25,power_primary-b5971fca9258,power_primary,population_native,methylation,native_omic_units,delta,100,100,0,0.0,0.0,0.0
orientation,0.25,power_primary-b5971fca9258,power_primary,population_native,methylation,native_omic_units,path_length[A],100,100,0,65.1451050099554,1.9068914151799745,65.12416590912433
orientation,0.25,power_primary-b5971fca9258,power_primary,population_native,methylation,native_omic_units,path_length[B],100,100,0,65.1451050099554,1.9068914151799745,65.12416590912433
orientation,0.25,power_primary-b5971fca9258,power_primary,population_native,methylation,native_omic_units,shape,100,100,0,2.2297467267777176e-15,4.843749487943746e-16,2.177421366597113e-15
orientation,0.25,power_primary-b5971fca9258,power_primary,population_native,proteomics,native_omic_units,angle,100,100,0,63.89017527831424,27.025970510287525,52.31599417663574
orientation,0.25,power_primary-b5971fca9258,power_primary,population_native,proteomics,native_omic_units,delta,100,100,0,1.2318340823838998,1.005899412032161,1.049746780810061
orientation,0.25,power_primary-b5971fca9258,power_primary,population_native,proteomics,native_omic_units,path_length[A],100,100,0,49.43995775674261,1.8001531846878354,49.242355296257536
orientation,0.25,power_primary-b5971fca9258,power_primary,population_native,proteomics,native_omic_units,path_length[B],100,100,0,49.08664932154121,1.8948085082352122,49.20603543546261
orientation,0.25,power_primary-b5971fca9258,power_primary,population_native,proteomics,native_omic_units,shape,100,100,0,0.06601301117184573,0.018499422799936747,0.06642215412171948
orientation,0.25,power_primary-b5971fca9258,power_primary,population_standardized,expression,standardized_feature,angle,100,100,0,62.330506426766846,22.176833693686365,53.88760780054487
orientation,0.25,power_primary-b5971fca9258,power_primary,population_standardized,expression,standardized_feature,delta,100,100,0,1.1541139139081666,0.8303332845052231,1.012446899104635
orientation,0.25,power_primary-b5971fca9258,power_primary,population_standardized,expression,standardized_feature,path_length[A],100,100,0,38.91513327694374,1.2975018717478006,38.86032776591294
orientation,0.25,power_primary-b5971fca9258,power_primary,population_standardized,expression,standardized_feature,path_length[B],100,100,0,38.77851080736405,1.46277489461699,38.81403733882132
orientation,0.25,power_primary-b5971fca9258,power_primary,population_standardized,expression,standardized_feature,shape,100,100,0,0.06413967567136418,0.016829293601492913,0.06475620643145152
orientation,0.25,power_primary-b5971fca9258,power_primary,population_standardized,joint,standardized_feature,angle,100,100,0,61.13705869521317,25.823375095955925,50.61244385798666
orientation,0.25,power_primary-b5971fca9258,power_primary,population_standardized,joint,standardized_feature,delta,100,100,0,1.3994417565537574,1.0159593655488486,1.0943253441922778
orientation,0.25,power_primary-b5971fca9258,power_primary,population_standardized,joint,standardized_feature,path_length[A],100,100,0,86.20377687342403,2.347006098555033,86.43885249383644
orientation,0.25,power_primary-b5971fca9258,power_primary,population_standardized,joint,standardized_feature,path_length[B],100,100,0,86.13429926485756,2.663234154372507,86.47668078549304
orientation,0.25,power_primary-b5971fca9258,power_primary,population_standardized,joint,standardized_feature,shape,100,100,0,0.03496967309713961,0.009532456383645367,0.03525478117027552
orientation,0.25,power_primary-b5971fca9258,power_primary,population_standardized,methylation,standardized_feature,angle,100,100,0,54.64379020060937,23.76232532052911,47.222639833195174
orientation,0.25,power_primary-b5971fca9258,power_primary,population_standardized,methylation,standardized_feature,delta,100,100,0,0.5093410458032503,0.3972305617295006,0.4134074460537853
orientation,0.25,power_primary-b5971fca9258,power_primary,population_standardized,methylation,standardized_feature,path_length[A],100,100,0,59.38835016389614,1.769463510047792,59.54022489756855
orientation,0.25,power_primary-b5971fca9258,power_primary,population_standardized,methylation,standardized_feature,path_length[B],100,100,0,59.56532617282353,1.9769743453158353,59.580039024303126
orientation,0.25,power_primary-b5971fca9258,power_primary,population_standardized,methylation,standardized_feature,shape,100,100,0,0.011405435746379667,0.003448816500909902,0.010877065949123823
orientation,0.25,power_primary-b5971fca9258,power_primary,population_standardized,proteomics,standardized_feature,angle,100,100,0,65.98571055409175,25.43528329573832,55.48748882001993
orientation,0.25,power_primary-b5971fca9258,power_primary,population_standardized,proteomics,standardized_feature,delta,100,100,0,1.5264759510210877,1.2299082983880054,1.2114060405094484
orientation,0.25,power_primary-b5971fca9258,power_primary,population_standardized,proteomics,standardized_feature,path_length[A],100,100,0,48.827245446666055,1.7829579362323789,48.7534707256042
orientation,0.25,power_primary-b5971fca9258,power_primary,population_standardized,proteomics,standardized_feature,path_length[B],100,100,0,48.59683613770127,1.8761086440343362,48.58204916602587
orientation,0.25,power_primary-b5971fca9258,power_primary,population_standardized,proteomics,standardized_feature,shape,100,100,0,0.07080965091409858,0.020367442417596675,0.07088305227097463
orientation,0.25,power_primary-b5971fca9258,power_primary,observed_standardized,expression,standardized_feature,angle,100,100,0,62.176450290855,21.09178844183078,55.116381190361906
orientation,0.25,power_primary-b5971fca9258,power_primary,observed_standardized,expression,standardized_feature,delta,100,100,0,1.1802707803437948,0.8821156900813617,1.0157932108194885
orientation,0.25,power_primary-b5971fca9258,power_primary,observed_standardized,expression,standardized_feature,path_length[A],100,100,0,39.15429894657793,1.2863368091545062,39.22631907468792
orientation,0.25,power_primary-b5971fca9258,power_primary,observed_standardized,expression,standardized_feature,path_length[B],100,100,0,39.12395060482269,1.4590943716785036,39.08772086470577
orientation,0.25,power_primary-b5971fca9258,power_primary,observed_standardized,expression,standardized_feature,shape,100,100,0,0.06472393767292807,0.018069749837969735,0.06446885823031834
orientation,0.25,power_primary-b5971fca9258,power_primary,observed_standardized,joint,standardized_feature,angle,100,100,0,61.87161777232621,25.809206449658042,51.424627114512816
orientation,0.25,power_primary-b5971fca9258,power_primary,observed_standardized,joint,standardized_feature,delta,100,100,0,1.3987454250183686,1.0387434289084505,1.0947069273564551
orientation,0.25,power_primary-b5971fca9258,power_primary,observed_standardized,joint,standardized_feature,path_length[A],100,100,0,86.90857640073446,2.294772668912264,87.32656471479439
orientation,0.25,power_primary-b5971fca9258,power_primary,observed_standardized,joint,standardized_feature,path_length[B],100,100,0,86.88092528468484,2.6464777656525773,87.08215932548835
orientation,0.25,power_primary-b5971fca9258,power_primary,observed_standardized,joint,standardized_feature,shape,100,100,0,0.03449856132862429,0.009466135932067774,0.034536971995591845
orientation,0.25,power_primary-b5971fca9258,power_primary,observed_standardized,methylation,standardized_feature,angle,100,100,0,59.32352156927835,24.8894815598777,49.84178498756776
orientation,0.25,power_primary-b5971fca9258,power_primary,observed_standardized,methylation,standardized_feature,delta,100,100,0,0.6094829721989544,0.4415774986840029,0.5565939312796644
orientation,0.25,power_primary-b5971fca9258,power_primary,observed_standardized,methylation,standardized_feature,path_length[A],100,100,0,60.08411142436935,1.771721676785329,60.22669221276178
orientation,0.25,power_primary-b5971fca9258,power_primary,observed_standardized,methylation,standardized_feature,path_length[B],100,100,0,60.253681486979765,1.9943717330512776,60.19896491449006
orientation,0.25,power_primary-b5971fca9258,power_primary,observed_standardized,methylation,standardized_feature,shape,100,100,0,0.019113110557872175,0.006615153540802949,0.018826514019075355
orientation,0.25,power_primary-b5971fca9258,power_primary,observed_standardized,proteomics,standardized_feature,angle,100,100,0,65.06206948558115,23.564619802563673,55.337770014704674
orientation,0.25,power_primary-b5971fca9258,power_primary,observed_standardized,proteomics,standardized_feature,delta,100,100,0,1.5343360175775425,1.1622788064267007,1.273253062960645
orientation,0.25,power_primary-b5971fca9258,power_primary,observed_standardized,proteomics,standardized_feature,path_length[A],100,100,0,49.032113848419314,1.7399276090165132,49.060552531189515
orientation,0.25,power_primary-b5971fca9258,power_primary,observed_standardized,proteomics,standardized_feature,path_length[B],100,100,0,48.797662294183326,1.8397361075791907,48.71747355764391
orientation,0.25,power_primary-b5971fca9258,power_primary,observed_standardized,proteomics,standardized_feature,shape,100,100,0,0.07057653275708278,0.019710321816124737,0.0712813476101731
orientation,0.25,power_primary-b5971fca9258,power_primary,pls_latent,joint,pls_latent,angle,100,100,0,33.65410003855593,36.94493289994982,20.126397813343672
orientation,0.25,power_primary-b5971fca9258,power_primary,pls_latent,joint,pls_latent,delta,100,100,0,1.5388229012783443,1.160721569562348,1.285955438286038
orientation,0.25,power_primary-b5971fca9258,power_primary,pls_latent,joint,pls_latent,path_length[A],100,100,0,78.18073499974955,5.584368430351483,79.6796131209841
orientation,0.25,power_primary-b5971fca9258,power_primary,pls_latent,joint,pls_latent,path_length[B],100,100,0,77.76497100420752,5.700077339085524,79.08078505274388
orientation,0.25,power_primary-b5971fca9258,power_primary,pls_latent,joint,pls_latent,shape,100,100,0,0.041207593572193495,0.011750621279293482,0.04156727184847228
orientation,0.5,power_primary-26e57b9905c7,power_primary,population_native,expression,native_omic_units,angle,100,100,0,74.17035282521549,15.277718412981288,69.76965966062275
orientation,0.5,power_primary-26e57b9905c7,power_primary,population_native,expression,native_omic_units,delta,100,100,0,1.3378758306113943,0.965138892265739,1.1493929403834429
orientation,0.5,power_primary-26e57b9905c7,power_primary,population_native,expression,native_omic_units,path_length[A],100,100,0,44.50296170753463,1.4629041188467085,44.47395051852209
orientation,0.5,power_primary-26e57b9905c7,power_primary,population_native,expression,native_omic_units,path_length[B],100,100,0,44.154975929417134,1.4820829256749763,44.088942237157525
orientation,0.5,power_primary-26e57b9905c7,power_primary,population_native,expression,native_omic_units,shape,100,100,0,0.07269077797033269,0.021925588077899006,0.06890410643227077
orientation,0.5,power_primary-26e57b9905c7,power_primary,population_native,methylation,native_omic_units,angle,100,100,0,59.79096590879713,1.890142189165645,59.92822565884967
orientation,0.5,power_primary-26e57b9905c7,power_primary,population_native,methylation,native_omic_units,delta,100,100,0,0.0,0.0,0.0
orientation,0.5,power_primary-26e57b9905c7,power_primary,population_native,methylation,native_omic_units,path_length[A],100,100,0,65.1451050099554,1.9068914151799745,65.12416590912433
orientation,0.5,power_primary-26e57b9905c7,power_primary,population_native,methylation,native_omic_units,path_length[B],100,100,0,65.1451050099554,1.9068914151799745,65.12416590912433
orientation,0.5,power_primary-26e57b9905c7,power_primary,population_native,methylation,native_omic_units,shape,100,100,0,2.133072059585564e-15,2.8919845227573974e-16,2.0802980963976444e-15
orientation,0.5,power_primary-26e57b9905c7,power_primary,population_native,proteomics,native_omic_units,angle,100,100,0,73.0580882956598,13.185402067711227,70.02907553678651
orientation,0.5,power_primary-26e57b9905c7,power_primary,population_native,proteomics,native_omic_units,delta,100,100,0,1.672362657745977,1.2086446862179532,1.398655943886446
orientation,0.5,power_primary-26e57b9905c7,power_primary,population_native,proteomics,native_omic_units,path_length[A],100,100,0,49.43995775674261,1.8001531846878354,49.242355296257536
orientation,0.5,power_primary-26e57b9905c7,power_primary,population_native,proteomics,native_omic_units,path_length[B],100,100,0,48.98798636376822,1.8330418390211076,49.00695812672698
orientation,0.5,power_primary-26e57b9905c7,power_primary,population_native,proteomics,native_omic_units,shape,100,100,0,0.08204505404016249,0.02370266787052276,0.0810756830156743
orientation,0.5,power_primary-26e57b9905c7,power_primary,population_standardized,expression,standardized_feature,angle,100,100,0,74.86730558873754,14.135676608488378,70.90724381262817
orientation,0.5,power_primary-26e57b9905c7,power_primary,population_standardized,expression,standardized_feature,delta,100,100,0,1.3513232509750623,0.9650557669373461,1.1333467073784433
orientation,0.5,power_primary-26e57b9905c7,power_primary,population_standardized,expression,standardized_feature,path_length[A],100,100,0,39.07908230824406,1.2929867118494538,39.095531471129945
orientation,0.5,power_primary-26e57b9905c7,power_primary,population_standardized,expression,standardized_feature,path_length[B],100,100,0,38.87031832614359,1.326355169061397,38.88758533284013
orientation,0.5,power_primary-26e57b9905c7,power_primary,population_standardized,expression,standardized_feature,shape,100,100,0,0.07666221439205058,0.024919345894637016,0.07579652496534087
orientation,0.5,power_primary-26e57b9905c7,power_primary,population_standardized,joint,standardized_feature,angle,100,100,0,72.98165454613837,12.455987014653314,68.36358705122183
orientation,0.5,power_primary-26e57b9905c7,power_primary,population_standardized,joint,standardized_feature,delta,100,100,0,1.7038720017915157,1.2613718004028671,1.286706891373953
orientation,0.5,power_primary-26e57b9905c7,power_primary,population_standardized,joint,standardized_feature,path_length[A],100,100,0,87.96055357407744,2.2881294621319235,88.10751118501997
orientation,0.5,power_primary-26e57b9905c7,power_primary,population_standardized,joint,standardized_feature,path_length[B],100,100,0,87.76565737624964,2.415987484777925,87.80702718427216
orientation,0.5,power_primary-26e57b9905c7,power_primary,population_standardized,joint,standardized_feature,shape,100,100,0,0.042043235749817304,0.013238306701300823,0.04116192393633093
orientation,0.5,power_primary-26e57b9905c7,power_primary,population_standardized,methylation,standardized_feature,angle,100,100,0,68.31319402464013,11.061115858862241,65.44261537756728
orientation,0.5,power_primary-26e57b9905c7,power_primary,population_standardized,methylation,standardized_feature,delta,100,100,0,0.7005820314694976,0.548239307034516,0.5132430182538812
orientation,0.5,power_primary-26e57b9905c7,power_primary,population_standardized,methylation,standardized_feature,path_length[A],100,100,0,61.51375286239916,1.93018010407894,61.8084452645971
orientation,0.5,power_primary-26e57b9905c7,power_primary,population_standardized,methylation,standardized_feature,path_length[B],100,100,0,61.72000496898295,1.903416449240893,61.65844456230554
orientation,0.5,power_primary-26e57b9905c7,power_primary,population_standardized,methylation,standardized_feature,shape,100,100,0,0.015638721430134478,0.005458973335249133,0.015185285081971528
orientation,0.5,power_primary-26e57b9905c7,power_primary,population_standardized,proteomics,standardized_feature,angle,100,100,0,74.89024099372,12.272949784504526,72.25570763961768
orientation,0.5,power_primary-26e57b9905c7,power_primary,population_standardized,proteomics,standardized_feature,delta,100,100,0,1.973766242030154,1.403677950093649,1.7321847449605876
orientation,0.5,power_primary-26e57b9905c7,power_primary,population_standardized,proteomics,standardized_feature,path_length[A],100,100,0,49.189410881153925,1.6696497857165524,49.02647939428658
orientation,0.5,power_primary-26e57b9905c7,power_primary,population_standardized,proteomics,standardized_feature,path_length[B],100,100,0,48.74446975794398,1.8239302908875954,48.92357819766413
orientation,0.5,power_primary-26e57b9905c7,power_primary,population_standardized,proteomics,standardized_feature,shape,100,100,0,0.08755693122640462,0.027305856102520763,0.08707274973107512
orientation,0.5,power_primary-26e57b9905c7,power_primary,observed_standardized,expression,standardized_feature,angle,100,100,0,75.8520504100396,14.425277921054384,72.58163188579593
orientation,0.5,power_primary-26e57b9905c7,power_primary,observed_standardized,expression,standardized_feature,delta,100,100,0,1.3408922575485476,0.988103290197794,0.9954988684655461
orientation,0.5,power_primary-26e57b9905c7,power_primary,observed_standardized,expression,standardized_feature,path_length[A],100,100,0,39.285918389611844,1.2786675510558816,39.316416739306014
orientation,0.5,power_primary-26e57b9905c7,power_primary,observed_standardized,expression,standardized_feature,path_length[B],100,100,0,39.16733694840422,1.333148428286607,39.09792522074392
orientation,0.5,power_primary-26e57b9905c7,power_primary,observed_standardized,expression,standardized_feature,shape,100,100,0,0.0776441151226781,0.024524384373773637,0.07596103279637442
orientation,0.5,power_primary-26e57b9905c7,power_primary,observed_standardized,joint,standardized_feature,angle,100,100,0,73.96556795452419,13.21614675813308,68.78717676350986
orientation,0.5,power_primary-26e57b9905c7,power_primary,observed_standardized,joint,standardized_feature,delta,100,100,0,1.7527654892235744,1.2860142325260129,1.472999727134237
orientation,0.5,power_primary-26e57b9905c7,power_primary,observed_standardized,joint,standardized_feature,path_length[A],100,100,0,88.50835795466004,2.240447004121275,88.75684810392355
orientation,0.5,power_primary-26e57b9905c7,power_primary,observed_standardized,joint,standardized_feature,path_length[B],100,100,0,88.42464778069039,2.412724847634693,88.32787849417272
orientation,0.5,power_primary-26e57b9905c7,power_primary,observed_standardized,joint,standardized_feature,shape,100,100,0,0.042683527336422195,0.01284842686076558,0.0415333335202636
orientation,0.5,power_primary-26e57b9905c7,power_primary,observed_standardized,methylation,standardized_feature,angle,100,100,0,69.07239918691079,9.816119723275841,66.80313587745037
orientation,0.5,power_primary-26e57b9905c7,power_primary,observed_standardized,methylation,standardized_feature,delta,100,100,0,0.8104766250648477,0.5848564414114267,0.761819923397006
orientation,0.5,power_primary-26e57b9905c7,power_primary,observed_standardized,methylation,standardized_feature,path_length[A],100,100,0,62.050348763009325,1.7985321229904616,62.204549005242164
orientation,0.5,power_primary-26e57b9905c7,power_primary,observed_standardized,methylation,standardized_feature,path_length[B],100,100,0,62.32974535477764,1.9415428130309114,62.32799374383343
orientation,0.5,power_primary-26e57b9905c7,power_primary,observed_standardized,methylation,standardized_feature,shape,100,100,0,0.022246853979626353,0.00825956291910209,0.02123098106207539
orientation,0.5,power_primary-26e57b9905c7,power_primary,observed_standardized,proteomics,standardized_feature,angle,100,100,0,75.50423235311993,12.66214628097176,72.0701780456293
orientation,0.5,power_primary-26e57b9905c7,power_primary,observed_standardized,proteomics,standardized_feature,delta,100,100,0,2.0205222955686897,1.4273586334884683,1.7460142529981937
orientation,0.5,power_primary-26e57b9905c7,power_primary,observed_standardized,proteomics,standardized_feature,path_length[A],100,100,0,49.33087798290545,1.6779672785426714,49.08856488891159
orientation,0.5,power_primary-26e57b9905c7,power_primary,observed_standardized,proteomics,standardized_feature,path_length[B],100,100,0,48.91663258991209,1.834676463524719,48.96781279629734
orientation,0.5,power_primary-26e57b9905c7,power_primary,observed_standardized,proteomics,standardized_feature,shape,100,100,0,0.08812299510436293,0.027033938362598285,0.08702816825375875
orientation,0.5,power_primary-26e57b9905c7,power_primary,pls_latent,joint,pls_latent,angle,100,100,0,51.2405247930785,40.42416066615392,43.44340441139065
orientation,0.5,power_primary-26e57b9905c7,power_primary,pls_latent,joint,pls_latent,delta,100,100,0,2.1141266649808075,1.6019511507301913,1.736931031752441
orientation,0.5,power_primary-26e57b9905c7,power_primary,pls_latent,joint,pls_latent,path_length[A],100,100,0,73.24686716352541,5.6034414354564435,74.72333531610316
orientation,0.5,power_primary-26e57b9905c7,power_primary,pls_latent,joint,pls_latent,path_length[B],100,100,0,72.36877278417143,5.614862604629268,73.46854937871773
orientation,0.5,power_primary-26e57b9905c7,power_primary,pls_latent,joint,pls_latent,shape,100,100,0,0.059691595549475965,0.018426197538919577,0.05758258369089646
orientation,0.75,power_primary-ea21ea382a34,power_primary,population_native,expression,native_omic_units,angle,100,100,0,81.18512962498293,10.951032032511616,79.54405931794818
orientation,0.75,power_primary-ea21ea382a34,power_primary,population_native,expression,native_omic_units,delta,100,100,0,1.2914751266119304,0.9835782706506416,1.07763991797189
orientation,0.75,power_primary-ea21ea382a34,power_primary,population_native,expression,native_omic_units,path_length[A],100,100,0,44.50296170753463,1.4629041188467085,44.47395051852209
orientation,0.75,power_primary-ea21ea382a34,power_primary,population_native,expression,native_omic_units,path_length[B],100,100,0,44.40073260793867,1.3563661509908886,44.32432644539085
orientation,0.75,power_primary-ea21ea382a34,power_primary,population_native,expression,native_omic_units,shape,100,100,0,0.0775265818219947,0.024961737570185775,0.07670343381306233
orientation,0.75,power_primary-ea21ea382a34,power_primary,population_native,methylation,native_omic_units,angle,100,100,0,71.24637248740541,3.990392893446251,71.75592344004228
orientation,0.75,power_primary-ea21ea382a34,power_primary,population_native,methylation,native_omic_units,delta,100,100,0,0.0,0.0,0.0
orientation,0.75,power_primary-ea21ea382a34,power_primary,population_native,methylation,native_omic_units,path_length[A],100,100,0,65.1451050099554,1.9068914151799745,65.12416590912433
orientation,0.75,power_primary-ea21ea382a34,power_primary,population_native,methylation,native_omic_units,path_length[B],100,100,0,65.1451050099554,1.9068914151799745,65.12416590912433
orientation,0.75,power_primary-ea21ea382a34,power_primary,population_native,methylation,native_omic_units,shape,100,100,0,2.164482340758422e-15,3.0446838715149234e-16,2.13155510233468e-15
orientation,0.75,power_primary-ea21ea382a34,power_primary,population_native,proteomics,native_omic_units,angle,100,100,0,81.82890992524025,11.765733707804998,79.79559765719446
orientation,0.75,power_primary-ea21ea382a34,power_primary,population_native,proteomics,native_omic_units,delta,100,100,0,1.6355470716231688,1.1162446785061149,1.3332405130431617
orientation,0.75,power_primary-ea21ea382a34,power_primary,population_native,proteomics,native_omic_units,path_length[A],100,100,0,49.43995775674261,1.8001531846878354,49.242355296257536
orientation,0.75,power_primary-ea21ea382a34,power_primary,population_native,proteomics,native_omic_units,path_length[B],100,100,0,49.32423374534027,1.507175701147533,49.18103716009966
orientation,0.75,power_primary-ea21ea382a34,power_primary,population_native,proteomics,native_omic_units,shape,100,100,0,0.08858929279086034,0.028851791716565687,0.08863814992596664
orientation,0.75,power_primary-ea21ea382a34,power_primary,population_standardized,expression,standardized_feature,angle,100,100,0,82.53687753306167,10.772409231874354,80.84086142620325
orientation,0.75,power_primary-ea21ea382a34,power_primary,population_standardized,expression,standardized_feature,delta,100,100,0,1.3464751311096053,0.9986068437552507,1.1754539126332162
orientation,0.75,power_primary-ea21ea382a34,power_primary,population_standardized,expression,standardized_feature,path_length[A],100,100,0,38.89569641218425,1.3589580540825523,38.85359452746273
orientation,0.75,power_primary-ea21ea382a34,power_primary,population_standardized,expression,standardized_feature,path_length[B],100,100,0,38.94840768582202,1.1743756687455973,38.957584206294044
orientation,0.75,power_primary-ea21ea382a34,power_primary,population_standardized,expression,standardized_feature,shape,100,100,0,0.0817658385495323,0.024207074842245692,0.0817117928027926
orientation,0.75,power_primary-ea21ea382a34,power_primary,population_standardized,joint,standardized_feature,angle,100,100,0,80.63189847904555,9.707412414216154,78.13254558679684
orientation,0.75,power_primary-ea21ea382a34,power_primary,population_standardized,joint,standardized_feature,delta,100,100,0,1.7093312612174787,1.308435153038178,1.4069187786778912
orientation,0.75,power_primary-ea21ea382a34,power_primary,population_standardized,joint,standardized_feature,path_length[A],100,100,0,88.73484651259228,2.3398748221460743,88.6260976159515
orientation,0.75,power_primary-ea21ea382a34,power_primary,population_standardized,joint,standardized_feature,path_length[B],100,100,0,89.0981092373701,2.04110524673027,88.77741300957385
orientation,0.75,power_primary-ea21ea382a34,power_primary,population_standardized,joint,standardized_feature,shape,100,100,0,0.042936726954811634,0.013884507618381862,0.04254623565984708
orientation,0.75,power_primary-ea21ea382a34,power_primary,population_standardized,methylation,standardized_feature,angle,100,100,0,78.28766114351552,8.836957148950914,76.5128797378994
orientation,0.75,power_primary-ea21ea382a34,power_primary,population_standardized,methylation,standardized_feature,delta,100,100,0,0.8903736947117257,0.7017507669718291,0.8081884972437905
orientation,0.75,power_primary-ea21ea382a34,power_primary,population_standardized,methylation,standardized_feature,path_length[A],100,100,0,62.98304967573504,1.6795563537993246,63.38864671231495
orientation,0.75,power_primary-ea21ea382a34,power_primary,population_standardized,methylation,standardized_feature,path_length[B],100,100,0,63.327661019212144,1.7435175272563592,63.23013977292952
orientation,0.75,power_primary-ea21ea382a34,power_primary,population_standardized,methylation,standardized_feature,shape,100,100,0,0.018203572773764835,0.006253432480704793,0.01785848783589656
orientation,0.75,power_primary-ea21ea382a34,power_primary,population_standardized,proteomics,standardized_feature,angle,100,100,0,82.30404658005097,10.80116675139278,80.57198974575915
orientation,0.75,power_primary-ea21ea382a34,power_primary,population_standardized,proteomics,standardized_feature,delta,100,100,0,1.9021951601271683,1.2939635369041924,1.663943877975946
orientation,0.75,power_primary-ea21ea382a34,power_primary,population_standardized,proteomics,standardized_feature,path_length[A],100,100,0,48.870236044461606,1.8461799426476617,48.83071112172128
orientation,0.75,power_primary-ea21ea382a34,power_primary,population_standardized,proteomics,standardized_feature,path_length[B],100,100,0,49.0447878479467,1.4194905882231195,49.02993222788057
orientation,0.75,power_primary-ea21ea382a34,power_primary,population_standardized,proteomics,standardized_feature,shape,100,100,0,0.09199497101765569,0.030160478647614605,0.09232410401623121
orientation,0.75,power_primary-ea21ea382a34,power_primary,observed_standardized,expression,standardized_feature,angle,100,100,0,82.91098411339676,10.883936490352015,81.15002491787818
orientation,0.75,power_primary-ea21ea382a34,power_primary,observed_standardized,expression,standardized_feature,delta,100,100,0,1.4305668804269427,1.0215920765273365,1.2207694801375375
orientation,0.75,power_primary-ea21ea382a34,power_primary,observed_standardized,expression,standardized_feature,path_length[A],100,100,0,39.162111216710926,1.351857082589928,39.052010018124186
orientation,0.75,power_primary-ea21ea382a34,power_primary,observed_standardized,expression,standardized_feature,path_length[B],100,100,0,39.20759451813431,1.1773371414509037,39.17993179111687
orientation,0.75,power_primary-ea21ea382a34,power_primary,observed_standardized,expression,standardized_feature,shape,100,100,0,0.08139976902655657,0.025901730118593133,0.07936313102874115
orientation,0.75,power_primary-ea21ea382a34,power_primary,observed_standardized,joint,standardized_feature,angle,100,100,0,80.79494031263009,9.544147950146534,78.18482006057192
orientation,0.75,power_primary-ea21ea382a34,power_primary,observed_standardized,joint,standardized_feature,delta,100,100,0,1.7470974385315758,1.4340471140317472,1.4776653396392234
orientation,0.75,power_primary-ea21ea382a34,power_primary,observed_standardized,joint,standardized_feature,path_length[A],100,100,0,89.22012914411717,2.3404306971032613,89.10701795332675
orientation,0.75,power_primary-ea21ea382a34,power_primary,observed_standardized,joint,standardized_feature,path_length[B],100,100,0,89.67528788498072,2.024156029959721,89.4715375431278
orientation,0.75,power_primary-ea21ea382a34,power_primary,observed_standardized,joint,standardized_feature,shape,100,100,0,0.043605056192490735,0.01485106750072852,0.04241644577853815
orientation,0.75,power_primary-ea21ea382a34,power_primary,observed_standardized,methylation,standardized_feature,angle,100,100,0,78.80940428586797,8.573104982033188,76.56819563441631
orientation,0.75,power_primary-ea21ea382a34,power_primary,observed_standardized,methylation,standardized_feature,delta,100,100,0,0.9728998830807289,0.7602038475744002,0.7808581041644977
orientation,0.75,power_primary-ea21ea382a34,power_primary,observed_standardized,methylation,standardized_feature,path_length[A],100,100,0,63.39451195478029,1.6808957220338392,63.71552151510562
orientation,0.75,power_primary-ea21ea382a34,power_primary,observed_standardized,methylation,standardized_feature,path_length[B],100,100,0,63.863352214944655,1.7090576721637667,63.737441010935825
orientation,0.75,power_primary-ea21ea382a34,power_primary,observed_standardized,methylation,standardized_feature,shape,100,100,0,0.02228307071755173,0.007845961695845727,0.02166193706309965
orientation,0.75,power_primary-ea21ea382a34,power_primary,observed_standardized,proteomics,standardized_feature,angle,100,100,0,81.86355250777414,10.009595690409554,80.6518763787921
orientation,0.75,power_primary-ea21ea382a34,power_primary,observed_standardized,proteomics,standardized_feature,delta,100,100,0,1.915625970469834,1.3143112605084528,1.7831727999575548
orientation,0.75,power_primary-ea21ea382a34,power_primary,observed_standardized,proteomics,standardized_feature,path_length[A],100,100,0,49.009256483822945,1.819477162260134,48.897749874032165
orientation,0.75,power_primary-ea21ea382a34,power_primary,observed_standardized,proteomics,standardized_feature,path_length[B],100,100,0,49.193590607629766,1.432214319441245,49.147486205830546
orientation,0.75,power_primary-ea21ea382a34,power_primary,observed_standardized,proteomics,standardized_feature,shape,100,100,0,0.09170232080029873,0.031083662930276448,0.08819484166805477
orientation,0.75,power_primary-ea21ea382a34,power_primary,pls_latent,joint,pls_latent,angle,100,100,0,55.33818735572328,40.361194002314335,45.11334295653958
orientation,0.75,power_primary-ea21ea382a34,power_primary,pls_latent,joint,pls_latent,delta,100,100,0,2.2276624898059874,1.7837957324335365,1.9081495433183733
orientation,0.75,power_primary-ea21ea382a34,power_primary,pls_latent,joint,pls_latent,path_length[A],100,100,0,70.59231816160892,4.0564899452004255,71.07894822249645
orientation,0.75,power_primary-ea21ea382a34,power_primary,pls_latent,joint,pls_latent,path_length[B],100,100,0,70.09873985971181,3.8425681225857824,70.18716614557887
orientation,0.75,power_primary-ea21ea382a34,power_primary,pls_latent,joint,pls_latent,shape,100,100,0,0.06958331603741136,0.023346072827907998,0.06901337402736234
orientation,1.0,power_primary-ecebec8fe9ee,power_primary,population_native,expression,native_omic_units,angle,100,100,0,81.22622316062534,10.459205737351,79.54405931794818
orientation,1.0,power_primary-ecebec8fe9ee,power_primary,population_native,expression,native_omic_units,delta,100,100,0,1.291129799306754,1.0818097412567547,1.1314641797380212
orientation,1.0,power_primary-ecebec8fe9ee,power_primary,population_native,expression,native_omic_units,path_length[A],100,100,0,44.50296170753463,1.4629041188467085,44.47395051852209
orientation,1.0,power_primary-ecebec8fe9ee,power_primary,population_native,expression,native_omic_units,path_length[B],100,100,0,44.410440693819965,1.416953111172344,44.26618025516545
orientation,1.0,power_primary-ecebec8fe9ee,power_primary,population_native,expression,native_omic_units,shape,100,100,0,0.08112401213336552,0.02564820211392019,0.08088760729231023
orientation,1.0,power_primary-ecebec8fe9ee,power_primary,population_native,methylation,native_omic_units,angle,100,100,0,71.92564144655346,5.119282866795674,71.75592344004228
orientation,1.0,power_primary-ecebec8fe9ee,power_primary,population_native,methylation,native_omic_units,delta,100,100,0,0.0,0.0,0.0
orientation,1.0,power_primary-ecebec8fe9ee,power_primary,population_native,methylation,native_omic_units,path_length[A],100,100,0,65.1451050099554,1.9068914151799745,65.12416590912433
orientation,1.0,power_primary-ecebec8fe9ee,power_primary,population_native,methylation,native_omic_units,path_length[B],100,100,0,65.1451050099554,1.9068914151799745,65.12416590912433
orientation,1.0,power_primary-ecebec8fe9ee,power_primary,population_native,methylation,native_omic_units,shape,100,100,0,2.1598669409275216e-15,2.921876413544311e-16,2.1237360400213245e-15
orientation,1.0,power_primary-ecebec8fe9ee,power_primary,population_native,proteomics,native_omic_units,angle,100,100,0,82.12132452633908,11.267140513608457,80.6792384499672
orientation,1.0,power_primary-ecebec8fe9ee,power_primary,population_native,proteomics,native_omic_units,delta,100,100,0,1.6439193386020594,1.2089103329346187,1.3345287585350505
orientation,1.0,power_primary-ecebec8fe9ee,power_primary,population_native,proteomics,native_omic_units,path_length[A],100,100,0,49.43995775674261,1.8001531846878354,49.242355296257536
orientation,1.0,power_primary-ecebec8fe9ee,power_primary,population_native,proteomics,native_omic_units,path_length[B],100,100,0,49.27208753395249,1.6096286019546013,49.10556212566485
orientation,1.0,power_primary-ecebec8fe9ee,power_primary,population_native,proteomics,native_omic_units,shape,100,100,0,0.09098702069159817,0.030961517355579338,0.08980058110599834
orientation,1.0,power_primary-ecebec8fe9ee,power_primary,population_standardized,expression,standardized_feature,angle,100,100,0,82.34652640657433,10.514762600591729,80.76259933361345
orientation,1.0,power_primary-ecebec8fe9ee,power_primary,population_standardized,expression,standardized_feature,delta,100,100,0,1.4020510102963142,1.0818719311671503,1.1967640337046568
orientation,1.0,power_primary-ecebec8fe9ee,power_primary,population_standardized,expression,standardized_feature,path_length[A],100,100,0,38.90531364090301,1.3530852792582007,38.80627498504932
orientation,1.0,power_primary-ecebec8fe9ee,power_primary,population_standardized,expression,standardized_feature,path_length[B],100,100,0,38.959109330126324,1.244089625687784,38.99303527805875
orientation,1.0,power_primary-ecebec8fe9ee,power_primary,population_standardized,expression,standardized_feature,shape,100,100,0,0.08331624067246766,0.0265765564981984,0.0817117928027926
orientation,1.0,power_primary-ecebec8fe9ee,power_primary,population_standardized,joint,standardized_feature,angle,100,100,0,80.48539002832077,9.313125596844834,78.55337084072657
orientation,1.0,power_primary-ecebec8fe9ee,power_primary,population_standardized,joint,standardized_feature,delta,100,100,0,1.687996873830196,1.378917061721843,1.3823815398679713
orientation,1.0,power_primary-ecebec8fe9ee,power_primary,population_standardized,joint,standardized_feature,path_length[A],100,100,0,88.78345994521823,2.323745042352765,88.70522819835986
orientation,1.0,power_primary-ecebec8fe9ee,power_primary,population_standardized,joint,standardized_feature,path_length[B],100,100,0,89.0714501782972,2.0996018076001177,88.85068123312004
orientation,1.0,power_primary-ecebec8fe9ee,power_primary,population_standardized,joint,standardized_feature,shape,100,100,0,0.042801635930388084,0.015438228881100866,0.04286107853707066
orientation,1.0,power_primary-ecebec8fe9ee,power_primary,population_standardized,methylation,standardized_feature,angle,100,100,0,78.68535510269757,8.76610013126238,76.53196752992261
orientation,1.0,power_primary-ecebec8fe9ee,power_primary,population_standardized,methylation,standardized_feature,delta,100,100,0,0.8782538635508194,0.6623477457105108,0.8158621617769697
orientation,1.0,power_primary-ecebec8fe9ee,power_primary,population_standardized,methylation,standardized_feature,path_length[A],100,100,0,63.029562111290026,1.5933429885237929,63.407956142180936
orientation,1.0,power_primary-ecebec8fe9ee,power_primary,population_standardized,methylation,standardized_feature,path_length[B],100,100,0,63.35537962177944,1.662775230052435,63.23013977292952
orientation,1.0,power_primary-ecebec8fe9ee,power_primary,population_standardized,methylation,standardized_feature,shape,100,100,0,0.01759687978511796,0.0060859373082068026,0.016836720056708224
orientation,1.0,power_primary-ecebec8fe9ee,power_primary,population_standardized,proteomics,standardized_feature,angle,100,100,0,82.5834686452236,10.478306504688428,80.975994942748
orientation,1.0,power_primary-ecebec8fe9ee,power_primary,population_standardized,proteomics,standardized_feature,delta,100,100,0,1.9666453024550765,1.4410637821208527,1.6091526869385255
orientation,1.0,power_primary-ecebec8fe9ee,power_primary,population_standardized,proteomics,standardized_feature,path_length[A],100,100,0,48.89325243245828,1.8610584617467825,48.83071112172128
orientation,1.0,power_primary-ecebec8fe9ee,power_primary,population_standardized,proteomics,standardized_feature,path_length[B],100,100,0,48.950953646282954,1.5732459430564523,49.04484243891542
orientation,1.0,power_primary-ecebec8fe9ee,power_primary,population_standardized,proteomics,standardized_feature,shape,100,100,0,0.09252208674310515,0.03144138624383021,0.09408496178650506
orientation,1.0,power_primary-ecebec8fe9ee,power_primary,observed_standardized,expression,standardized_feature,angle,100,100,0,82.62170006394561,10.632444973362647,80.99576873164996
orientation,1.0,power_primary-ecebec8fe9ee,power_primary,observed_standardized,expression,standardized_feature,delta,100,100,0,1.4739020611050355,1.0420412891319017,1.2375871555641673
orientation,1.0,power_primary-ecebec8fe9ee,power_primary,observed_standardized,expression,standardized_feature,path_length[A],100,100,0,39.18786483665328,1.3296705153110193,39.09497931399005
orientation,1.0,power_primary-ecebec8fe9ee,power_primary,observed_standardized,expression,standardized_feature,path_length[B],100,100,0,39.213969150642946,1.2589552667541812,39.26063605224896
orientation,1.0,power_primary-ecebec8fe9ee,power_primary,observed_standardized,expression,standardized_feature,shape,100,100,0,0.083206917410396,0.027963351729753304,0.0823199090476869
orientation,1.0,power_primary-ecebec8fe9ee,power_primary,observed_standardized,joint,standardized_feature,angle,100,100,0,80.83695388860743,9.35579353392083,78.61871828328317
orientation,1.0,power_primary-ecebec8fe9ee,power_primary,observed_standardized,joint,standardized_feature,delta,100,100,0,1.6851415048259701,1.3688650903874513,1.3705281912176943
orientation,1.0,power_primary-ecebec8fe9ee,power_primary,observed_standardized,joint,standardized_feature,path_length[A],100,100,0,89.25627411535524,2.281381182886252,89.32544501815143
orientation,1.0,power_primary-ecebec8fe9ee,power_primary,observed_standardized,joint,standardized_feature,path_length[B],100,100,0,89.61830880441713,2.1111065582509094,89.52152790013339
orientation,1.0,power_primary-ecebec8fe9ee,power_primary,observed_standardized,joint,standardized_feature,shape,100,100,0,0.04347082320764029,0.015916271338914798,0.04241644577853815
orientation,1.0,power_primary-ecebec8fe9ee,power_primary,observed_standardized,methylation,standardized_feature,angle,100,100,0,79.2960868539553,8.70211900299452,76.8135126281862
orientation,1.0,power_primary-ecebec8fe9ee,power_primary,observed_standardized,methylation,standardized_feature,delta,100,100,0,0.9261224186058938,0.6939553649525197,0.8348910281038293
orientation,1.0,power_primary-ecebec8fe9ee,power_primary,observed_standardized,methylation,standardized_feature,path_length[A],100,100,0,63.406835729221456,1.6003002973024971,63.68691414551124
orientation,1.0,power_primary-ecebec8fe9ee,power_primary,observed_standardized,methylation,standardized_feature,path_length[B],100,100,0,63.85447587294408,1.6726615023485039,63.72153978346123
orientation,1.0,power_primary-ecebec8fe9ee,power_primary,observed_standardized,methylation,standardized_feature,shape,100,100,0,0.021459900203245796,0.007464070537632246,0.020950420277482194
orientation,1.0,power_primary-ecebec8fe9ee,power_primary,observed_standardized,proteomics,standardized_feature,angle,100,100,0,81.81322357947843,9.447141087908058,80.79679224310323
orientation,1.0,power_primary-ecebec8fe9ee,power_primary,observed_standardized,proteomics,standardized_feature,delta,100,100,0,1.9396076407760041,1.3958607523908295,1.5426839932222336
orientation,1.0,power_primary-ecebec8fe9ee,power_primary,observed_standardized,proteomics,standardized_feature,path_length[A],100,100,0,49.039116263387214,1.8174679823425326,49.01453345317381
orientation,1.0,power_primary-ecebec8fe9ee,power_primary,observed_standardized,proteomics,standardized_feature,path_length[B],100,100,0,49.095556102792486,1.55923631009962,49.13514548451035
orientation,1.0,power_primary-ecebec8fe9ee,power_primary,observed_standardized,proteomics,standardized_feature,shape,100,100,0,0.09235927887435755,0.03177999451108222,0.08896027935171791
orientation,1.0,power_primary-ecebec8fe9ee,power_primary,pls_latent,joint,pls_latent,angle,100,100,0,51.05962598588368,37.134525011494446,41.82437212513566
orientation,1.0,power_primary-ecebec8fe9ee,power_primary,pls_latent,joint,pls_latent,delta,100,100,0,2.1860720078010356,1.796503977908362,1.7685573818096358
orientation,1.0,power_primary-ecebec8fe9ee,power_primary,pls_latent,joint,pls_latent,path_length[A],100,100,0,70.22930271422526,4.577168091656616,71.03425023215246
orientation,1.0,power_primary-ecebec8fe9ee,power_primary,pls_latent,joint,pls_latent,path_length[B],100,100,0,69.61765347901873,4.394338354875387,70.08888646863025
orientation,1.0,power_primary-ecebec8fe9ee,power_primary,pls_latent,joint,pls_latent,shape,100,100,0,0.06994173826713163,0.02585462492469471,0.06966067940560712
shape,0.25,power_primary-4d6db70004dd,power_primary,population_native,expression,native_omic_units,angle,100,100,0,41.1328472262228,34.18518700270827,28.835414305240576
shape,0.25,power_primary-4d6db70004dd,power_primary,population_native,expression,native_omic_units,delta,100,100,0,0.8964941155922687,0.5784332141289829,0.808729814298033
shape,0.25,power_primary-4d6db70004dd,power_primary,population_native,expression,native_omic_units,path_length[A],100,100,0,44.50296170753463,1.4629041188467085,44.47395051852209
shape,0.25,power_primary-4d6db70004dd,power_primary,population_native,expression,native_omic_units,path_length[B],100,100,0,45.24892081260941,1.4471154332105964,45.11136999020191
shape,0.25,power_primary-4d6db70004dd,power_primary,population_native,expression,native_omic_units,shape,100,100,0,0.036772793749564055,0.013553289474255716,0.03627509482870871
shape,0.25,power_primary-4d6db70004dd,power_primary,population_native,methylation,native_omic_units,angle,100,100,0,39.08746513900657,30.63576654997248,32.19496659573369
shape,0.25,power_primary-4d6db70004dd,power_primary,population_native,methylation,native_omic_units,delta,100,100,0,1.3245968052463366,0.4919742653191319,1.2736728184792625
shape,0.25,power_primary-4d6db70004dd,power_primary,population_native,methylation,native_omic_units,path_length[A],100,100,0,65.1451050099554,1.9068914151799745,65.12416590912433
shape,0.25,power_primary-4d6db70004dd,power_primary,population_native,methylation,native_omic_units,path_length[B],100,100,0,66.46970181520174,1.9574610515991675,66.51327353324078
shape,0.25,power_primary-4d6db70004dd,power_primary,population_native,methylation,native_omic_units,shape,100,100,0,0.02515440609738559,0.007265699723343341,0.02411630768565766
shape,0.25,power_primary-4d6db70004dd,power_primary,population_native,proteomics,native_omic_units,angle,100,100,0,40.67274418915267,35.53650396838838,30.88088761224766
shape,0.25,power_primary-4d6db70004dd,power_primary,population_native,proteomics,native_omic_units,delta,100,100,0,1.0361308721230096,0.6924531698785014,0.9858493365930379
shape,0.25,power_primary-4d6db70004dd,power_primary,population_native,proteomics,native_omic_units,path_length[A],100,100,0,49.43995775674261,1.8001531846878354,49.242355296257536
shape,0.25,power_primary-4d6db70004dd,power_primary,population_native,proteomics,native_omic_units,path_length[B],100,100,0,50.26426823152533,1.7562999300808024,50.40408950522775
shape,0.25,power_primary-4d6db70004dd,power_primary,population_native,proteomics,native_omic_units,shape,100,100,0,0.03884435742367659,0.014279119017176843,0.03775279451748685
shape,0.25,power_primary-4d6db70004dd,power_primary,population_standardized,expression,standardized_feature,angle,100,100,0,46.68403487032412,33.911333346559964,39.63872355697526
shape,0.25,power_primary-4d6db70004dd,power_primary,population_standardized,expression,standardized_feature,delta,100,100,0,1.0850362956097996,0.6891392711870368,0.9839612139705665
shape,0.25,power_primary-4d6db70004dd,power_primary,population_standardized,expression,standardized_feature,path_length[A],100,100,0,38.60975857810108,1.3311002758083827,38.56376848266629
shape,0.25,power_primary-4d6db70004dd,power_primary,population_standardized,expression,standardized_feature,path_length[B],100,100,0,39.545927240685614,1.3321675064995442,39.62374735939623
shape,0.25,power_primary-4d6db70004dd,power_primary,population_standardized,expression,standardized_feature,shape,100,100,0,0.04180474047597903,0.016065446270294437,0.042500950247258085
shape,0.25,power_primary-4d6db70004dd,power_primary,population_standardized,joint,standardized_feature,angle,100,100,0,53.808663064944824,35.498039317310074,43.36383786697118
shape,0.25,power_primary-4d6db70004dd,power_primary,population_standardized,joint,standardized_feature,delta,100,100,0,2.4777476165993635,1.2827172536859883,2.3992560993846155
shape,0.25,power_primary-4d6db70004dd,power_primary,population_standardized,joint,standardized_feature,path_length[A],100,100,0,84.76721925855162,2.2481643374362505,84.90381334629285
shape,0.25,power_primary-4d6db70004dd,power_primary,population_standardized,joint,standardized_feature,path_length[B],100,100,0,87.19497371156409,2.4106665470804223,87.55683446160621
shape,0.25,power_primary-4d6db70004dd,power_primary,population_standardized,joint,standardized_feature,shape,100,100,0,0.03569341640535919,0.012699824575288033,0.035885695974774603
shape,0.25,power_primary-4d6db70004dd,power_primary,population_standardized,methylation,standardized_feature,angle,100,100,0,51.47607453221521,30.466071945921584,42.89725819676633
shape,0.25,power_primary-4d6db70004dd,power_primary,population_standardized,methylation,standardized_feature,delta,100,100,0,1.8187595582308977,0.6587945425295809,1.8118007448283961
shape,0.25,power_primary-4d6db70004dd,power_primary,population_standardized,methylation,standardized_feature,path_length[A],100,100,0,57.9040988729502,1.5887646629670011,57.973693687474984
shape,0.25,power_primary-4d6db70004dd,power_primary,population_standardized,methylation,standardized_feature,path_length[B],100,100,0,59.72285843118109,1.7681047006566695,59.77191096919892
shape,0.25,power_primary-4d6db70004dd,power_primary,population_standardized,methylation,standardized_feature,shape,100,100,0,0.03429411922481477,0.009953891265821191,0.03404916230376845
shape,0.25,power_primary-4d6db70004dd,power_primary,population_standardized,proteomics,standardized_feature,angle,100,100,0,50.768440161526044,36.75301019048034,40.701220089176104
shape,0.25,power_primary-4d6db70004dd,power_primary,population_standardized,proteomics,standardized_feature,delta,100,100,0,1.6090944396317457,1.093822182927352,1.4330453029841372
shape,0.25,power_primary-4d6db70004dd,power_primary,population_standardized,proteomics,standardized_feature,path_length[A],100,100,0,48.33762688348964,1.7564446268013838,48.341091071457285
shape,0.25,power_primary-4d6db70004dd,power_primary,population_standardized,proteomics,standardized_feature,path_length[B],100,100,0,49.668793813132744,1.7535258337062702,49.7825491243279
shape,0.25,power_primary-4d6db70004dd,power_primary,population_standardized,proteomics,standardized_feature,shape,100,100,0,0.046442286822214546,0.018925853258580115,0.046888979175709646
shape,0.25,power_primary-4d6db70004dd,power_primary,observed_standardized,expression,standardized_feature,angle,100,100,0,53.96392212129564,36.74601754668572,41.8366203117823
shape,0.25,power_primary-4d6db70004dd,power_primary,observed_standardized,expression,standardized_feature,delta,100,100,0,1.1212423896866395,0.7496729070228813,1.0623989681337385
shape,0.25,power_primary-4d6db70004dd,power_primary,observed_standardized,expression,standardized_feature,path_length[A],100,100,0,38.95510013906672,1.2760487823513895,38.89192507157421
shape,0.25,power_primary-4d6db70004dd,power_primary,observed_standardized,expression,standardized_feature,path_length[B],100,100,0,39.92594363861507,1.328598888140926,39.95857019285925
shape,0.25,power_primary-4d6db70004dd,power_primary,observed_standardized,expression,standardized_feature,shape,100,100,0,0.044043933209615804,0.015950915701790726,0.043596002969276904
shape,0.25,power_primary-4d6db70004dd,power_primary,observed_standardized,joint,standardized_feature,angle,100,100,0,56.02532286730897,34.680017442974126,44.27419133378495
shape,0.25,power_primary-4d6db70004dd,power_primary,observed_standardized,joint,standardized_feature,delta,100,100,0,2.5088827075002014,1.3312936179831383,2.4361553762029615
shape,0.25,power_primary-4d6db70004dd,power_primary,observed_standardized,joint,standardized_feature,path_length[A],100,100,0,85.58623949264874,2.2130027656858857,85.59218336593568
shape,0.25,power_primary-4d6db70004dd,power_primary,observed_standardized,joint,standardized_feature,path_length[B],100,100,0,88.04411164491128,2.387331768563456,88.43698578158575
shape,0.25,power_primary-4d6db70004dd,power_primary,observed_standardized,joint,standardized_feature,shape,100,100,0,0.035683386340740864,0.011393320551846876,0.03523336233632629
shape,0.25,power_primary-4d6db70004dd,power_primary,observed_standardized,methylation,standardized_feature,angle,100,100,0,56.88832753787343,29.27077966829345,46.53401452735939
shape,0.25,power_primary-4d6db70004dd,power_primary,observed_standardized,methylation,standardized_feature,delta,100,100,0,1.847159245218154,0.7994160140469557,1.8533531856382517
shape,0.25,power_primary-4d6db70004dd,power_primary,observed_standardized,methylation,standardized_feature,path_length[A],100,100,0,58.679288183693,1.5907928384741676,58.783378075057435
shape,0.25,power_primary-4d6db70004dd,power_primary,observed_standardized,methylation,standardized_feature,path_length[B],100,100,0,60.51350819971072,1.7518197822055983,60.484184855903294
shape,0.25,power_primary-4d6db70004dd,power_primary,observed_standardized,methylation,standardized_feature,shape,100,100,0,0.037837188708442014,0.011355158399688243,0.03654475942372111
shape,0.25,power_primary-4d6db70004dd,power_primary,observed_standardized,proteomics,standardized_feature,angle,100,100,0,49.92164122818384,34.4950487614397,39.69863719900473
shape,0.25,power_primary-4d6db70004dd,power_primary,observed_standardized,proteomics,standardized_feature,delta,100,100,0,1.6065041464247478,1.1009564354217787,1.3845353569894066
shape,0.25,power_primary-4d6db70004dd,power_primary,observed_standardized,proteomics,standardized_feature,path_length[A],100,100,0,48.56710035024892,1.7256464263492528,48.49173214918922
shape,0.25,power_primary-4d6db70004dd,power_primary,observed_standardized,proteomics,standardized_feature,path_length[B],100,100,0,49.902025920912195,1.725519135253366,50.008674097573575
shape,0.25,power_primary-4d6db70004dd,power_primary,observed_standardized,proteomics,standardized_feature,shape,100,100,0,0.046474332207168734,0.018068659085259016,0.04692990025893434
shape,0.25,power_primary-4d6db70004dd,power_primary,pls_latent,joint,pls_latent,angle,100,100,0,29.77562645616267,35.10241244845001,17.027013173264287
shape,0.25,power_primary-4d6db70004dd,power_primary,pls_latent,joint,pls_latent,delta,100,100,0,2.3674273181206344,1.3934397097028612,2.2930514310122234
shape,0.25,power_primary-4d6db70004dd,power_primary,pls_latent,joint,pls_latent,path_length[A],100,100,0,79.86072701521859,6.697516445420261,81.76830476978924
shape,0.25,power_primary-4d6db70004dd,power_primary,pls_latent,joint,pls_latent,path_length[B],100,100,0,82.14076925872591,7.029063723124049,84.46750785658973
shape,0.25,power_primary-4d6db70004dd,power_primary,pls_latent,joint,pls_latent,shape,100,100,0,0.038265942918601435,0.013121151302803299,0.03763815290329965
shape,0.5,power_primary-5f8932f663b2,power_primary,population_native,expression,native_omic_units,angle,100,100,0,57.88800158409732,29.34840193606726,49.669374562269965
shape,0.5,power_primary-5f8932f663b2,power_primary,population_native,expression,native_omic_units,delta,100,100,0,1.5509309499542872,0.9057342573572588,1.3753255827383093
shape,0.5,power_primary-5f8932f663b2,power_primary,population_native,expression,native_omic_units,path_length[A],100,100,0,44.50296170753463,1.4629041188467085,44.47395051852209
shape,0.5,power_primary-5f8932f663b2,power_primary,population_native,expression,native_omic_units,path_length[B],100,100,0,45.98002573088258,1.2592516028041998,45.93373781882383
shape,0.5,power_primary-5f8932f663b2,power_primary,population_native,expression,native_omic_units,shape,100,100,0,0.05787286272622108,0.02327978170275828,0.05480801198806665
shape,0.5,power_primary-5f8932f663b2,power_primary,population_native,methylation,native_omic_units,angle,100,100,0,59.82237075142696,21.630544762048306,53.05090447810483
shape,0.5,power_primary-5f8932f663b2,power_primary,population_native,methylation,native_omic_units,delta,100,100,0,2.7508220662610383,0.686910983557659,2.7266514161427224
shape,0.5,power_primary-5f8932f663b2,power_primary,population_native,methylation,native_omic_units,path_length[A],100,100,0,65.1451050099554,1.9068914151799745,65.12416590912433
shape,0.5,power_primary-5f8932f663b2,power_primary,population_native,methylation,native_omic_units,path_length[B],100,100,0,67.89592707621642,1.8629777347817857,67.83857398778642
shape,0.5,power_primary-5f8932f663b2,power_primary,population_native,methylation,native_omic_units,shape,100,100,0,0.04677696347535379,0.00939482338987293,0.04652055220966547
shape,0.5,power_primary-5f8932f663b2,power_primary,population_native,proteomics,native_omic_units,angle,100,100,0,56.51524462827652,32.44576750692693,47.596969481354094
shape,0.5,power_primary-5f8932f663b2,power_primary,population_native,proteomics,native_omic_units,delta,100,100,0,1.7164415379804567,1.1014580427242318,1.4922217819490022
shape,0.5,power_primary-5f8932f663b2,power_primary,population_native,proteomics,native_omic_units,path_length[A],100,100,0,49.43995775674261,1.8001531846878354,49.242355296257536
shape,0.5,power_primary-5f8932f663b2,power_primary,population_native,proteomics,native_omic_units,path_length[B],100,100,0,51.0706564579055,1.5283608003076086,51.17858897477663
shape,0.5,power_primary-5f8932f663b2,power_primary,population_native,proteomics,native_omic_units,shape,100,100,0,0.06009768131281639,0.022789604004697313,0.05740965787497885
shape,0.5,power_primary-5f8932f663b2,power_primary,population_standardized,expression,standardized_feature,angle,100,100,0,67.44866682659818,26.04217879065391,61.72772097860339
shape,0.5,power_primary-5f8932f663b2,power_primary,population_standardized,expression,standardized_feature,delta,100,100,0,1.9299453719774242,1.1496436500851217,1.8902204416077701
shape,0.5,power_primary-5f8932f663b2,power_primary,population_standardized,expression,standardized_feature,path_length[A],100,100,0,38.74207826335343,1.3497752814544774,38.720082552830405
shape,0.5,power_primary-5f8932f663b2,power_primary,population_standardized,expression,standardized_feature,path_length[B],100,100,0,40.59416214553175,1.2212032818050456,40.704514242198975
shape,0.5,power_primary-5f8932f663b2,power_primary,population_standardized,expression,standardized_feature,shape,100,100,0,0.06652245522052339,0.028419800156563143,0.06582195756632447
shape,0.5,power_primary-5f8932f663b2,power_primary,population_standardized,joint,standardized_feature,angle,100,100,0,69.20150539609155,21.020522778203706,61.87865457538297
shape,0.5,power_primary-5f8932f663b2,power_primary,population_standardized,joint,standardized_feature,delta,100,100,0,4.898879060880983,1.8662360461256018,4.882090028309769
shape,0.5,power_primary-5f8932f663b2,power_primary,population_standardized,joint,standardized_feature,path_length[A],100,100,0,85.3277257659935,2.40232166821078,85.46666771468438
shape,0.5,power_primary-5f8932f663b2,power_primary,population_standardized,joint,standardized_feature,path_length[B],100,100,0,90.22660482687454,2.207377953183287,90.15954089757635
shape,0.5,power_primary-5f8932f663b2,power_primary,population_standardized,joint,standardized_feature,shape,100,100,0,0.06247594751532869,0.019757786889967037,0.062425608725973
shape,0.5,power_primary-5f8932f663b2,power_primary,population_standardized,methylation,standardized_feature,angle,100,100,0,75.72648834082179,23.714643252186068,62.649035854991844
shape,0.5,power_primary-5f8932f663b2,power_primary,population_standardized,methylation,standardized_feature,delta,100,100,0,3.6964358290926564,0.9683878548090438,3.545800148998289
shape,0.5,power_primary-5f8932f663b2,power_primary,population_standardized,methylation,standardized_feature,path_length[A],100,100,0,58.47755780087834,1.7876935045486944,58.72422136779996
shape,0.5,power_primary-5f8932f663b2,power_primary,population_standardized,methylation,standardized_feature,path_length[B],100,100,0,62.17399362997098,1.7633293664320622,62.078725541011636
shape,0.5,power_primary-5f8932f663b2,power_primary,population_standardized,methylation,standardized_feature,shape,100,100,0,0.06345770651021582,0.014968606354313374,0.061566888432432555
shape,0.5,power_primary-5f8932f663b2,power_primary,population_standardized,proteomics,standardized_feature,angle,100,100,0,70.12964450382664,29.11641059876803,60.01534163458878
shape,0.5,power_primary-5f8932f663b2,power_primary,population_standardized,proteomics,standardized_feature,delta,100,100,0,2.7830414316106182,1.7038907881452565,2.5114533256894234
shape,0.5,power_primary-5f8932f663b2,power_primary,population_standardized,proteomics,standardized_feature,path_length[A],100,100,0,48.524435727654435,1.8208808116421278,48.445065692140844
shape,0.5,power_primary-5f8932f663b2,power_primary,population_standardized,proteomics,standardized_feature,path_length[B],100,100,0,51.20033804502995,1.571008417519638,51.24966275483923
shape,0.5,power_primary-5f8932f663b2,power_primary,population_standardized,proteomics,standardized_feature,shape,100,100,0,0.0732927475996088,0.030201431149034754,0.0679614582024902
shape,0.5,power_primary-5f8932f663b2,power_primary,observed_standardized,expression,standardized_feature,angle,100,100,0,65.53350117234268,24.068822764932882,59.91206454476517
shape,0.5,power_primary-5f8932f663b2,power_primary,observed_standardized,expression,standardized_feature,delta,100,100,0,1.9052295872824052,1.0947439228271088,1.8427331809449754
shape,0.5,power_primary-5f8932f663b2,power_primary,observed_standardized,expression,standardized_feature,path_length[A],100,100,0,39.09541324939694,1.2908655469489028,39.03335203485885
shape,0.5,power_primary-5f8932f663b2,power_primary,observed_standardized,expression,standardized_feature,path_length[B],100,100,0,40.88966814860897,1.1994267469359903,40.945462973252745
shape,0.5,power_primary-5f8932f663b2,power_primary,observed_standardized,expression,standardized_feature,shape,100,100,0,0.06639816670793698,0.027168510765664237,0.06334007635812107
shape,0.5,power_primary-5f8932f663b2,power_primary,observed_standardized,joint,standardized_feature,angle,100,100,0,72.11898993628843,22.614941529011084,62.81771317626951
shape,0.5,power_primary-5f8932f663b2,power_primary,observed_standardized,joint,standardized_feature,delta,100,100,0,4.7843316702013,1.8473074514248182,4.785251718101009
shape,0.5,power_primary-5f8932f663b2,power_primary,observed_standardized,joint,standardized_feature,path_length[A],100,100,0,86.10751084178412,2.3511159227461578,86.32361388089399
shape,0.5,power_primary-5f8932f663b2,power_primary,observed_standardized,joint,standardized_feature,path_length[B],100,100,0,90.8889347501773,2.1636675852552023,90.81641089416443
shape,0.5,power_primary-5f8932f663b2,power_primary,observed_standardized,joint,standardized_feature,shape,100,100,0,0.06160008203294387,0.01966955319391207,0.06316763819056236
shape,0.5,power_primary-5f8932f663b2,power_primary,observed_standardized,methylation,standardized_feature,angle,100,100,0,77.18205834295868,23.751489515203453,65.12858954831924
shape,0.5,power_primary-5f8932f663b2,power_primary,observed_standardized,methylation,standardized_feature,delta,100,100,0,3.598395472284576,1.075986123970926,3.454764907693651
shape,0.5,power_primary-5f8932f663b2,power_primary,observed_standardized,methylation,standardized_feature,path_length[A],100,100,0,59.206607970649515,1.7483764457770148,59.489690966432256
shape,0.5,power_primary-5f8932f663b2,power_primary,observed_standardized,methylation,standardized_feature,path_length[B],100,100,0,62.805003442934115,1.7782447778071435,62.66551033477887
shape,0.5,power_primary-5f8932f663b2,power_primary,observed_standardized,methylation,standardized_feature,shape,100,100,0,0.06304845520468878,0.016202526628817333,0.06213737605330207
shape,0.5,power_primary-5f8932f663b2,power_primary,observed_standardized,proteomics,standardized_feature,angle,100,100,0,70.2968012773279,28.39387532642689,61.2505258720131
shape,0.5,power_primary-5f8932f663b2,power_primary,observed_standardized,proteomics,standardized_feature,delta,100,100,0,2.750625523331772,1.708394058135808,2.55781002001752
shape,0.5,power_primary-5f8932f663b2,power_primary,observed_standardized,proteomics,standardized_feature,path_length[A],100,100,0,48.734189119350184,1.812169436528694,48.65158912356971
shape,0.5,power_primary-5f8932f663b2,power_primary,observed_standardized,proteomics,standardized_feature,path_length[B],100,100,0,51.365007150330314,1.513098831162362,51.4302288610277
shape,0.5,power_primary-5f8932f663b2,power_primary,observed_standardized,proteomics,standardized_feature,shape,100,100,0,0.07408440551873603,0.029845320364211253,0.06946792979044705
shape,0.5,power_primary-5f8932f663b2,power_primary,pls_latent,joint,pls_latent,angle,100,100,0,47.603427810392944,40.42327561545252,34.49299148737869
shape,0.5,power_primary-5f8932f663b2,power_primary,pls_latent,joint,pls_latent,delta,100,100,0,4.832578904487559,2.053446816191772,4.8352418134870945
shape,0.5,power_primary-5f8932f663b2,power_primary,pls_latent,joint,pls_latent,path_length[A],100,100,0,78.71179286140699,5.218589969682447,79.7886906321043
shape,0.5,power_primary-5f8932f663b2,power_primary,pls_latent,joint,pls_latent,path_length[B],100,100,0,83.5356792363964,5.718233829316349,84.79192194549351
shape,0.5,power_primary-5f8932f663b2,power_primary,pls_latent,joint,pls_latent,shape,100,100,0,0.0731724618382606,0.02456848588907951,0.0731198302660945
shape,0.75,power_primary-08397bda5e63,power_primary,population_native,expression,native_omic_units,angle,100,100,0,68.72868390301353,25.367150961115176,63.63767548123815
shape,0.75,power_primary-08397bda5e63,power_primary,population_native,expression,native_omic_units,delta,100,100,0,2.3111446281299477,1.2343217047488346,2.2626433309946528
shape,0.75,power_primary-08397bda5e63,power_primary,population_native,expression,native_omic_units,path_length[A],100,100,0,44.50296170753463,1.4629041188467085,44.47395051852209
shape,0.75,power_primary-08397bda5e63,power_primary,population_native,expression,native_omic_units,path_length[B],100,100,0,46.79876339397387,1.4159364253920617,46.69984753138683
shape,0.75,power_primary-08397bda5e63,power_primary,population_native,expression,native_omic_units,shape,100,100,0,0.07463840940026782,0.025857686978758284,0.07392037262109144
shape,0.75,power_primary-08397bda5e63,power_primary,population_native,methylation,native_omic_units,angle,100,100,0,74.58295661333301,18.908926855229005,70.89316826999413
shape,0.75,power_primary-08397bda5e63,power_primary,population_native,methylation,native_omic_units,delta,100,100,0,3.9244928153956296,0.7652626931997636,3.851995612509622
shape,0.75,power_primary-08397bda5e63,power_primary,population_native,methylation,native_omic_units,path_length[A],100,100,0,65.1451050099554,1.9068914151799745,65.12416590912433
shape,0.75,power_primary-08397bda5e63,power_primary,population_native,methylation,native_omic_units,path_length[B],100,100,0,69.06959782535101,1.8965837186005456,68.96320278743877
shape,0.75,power_primary-08397bda5e63,power_primary,population_native,methylation,native_omic_units,shape,100,100,0,0.06479216327646868,0.01093494356928645,0.06457822099230567
shape,0.75,power_primary-08397bda5e63,power_primary,population_native,proteomics,native_omic_units,angle,100,100,0,69.72207484569522,28.517742214836645,65.75200615952193
shape,0.75,power_primary-08397bda5e63,power_primary,population_native,proteomics,native_omic_units,delta,100,100,0,2.5770746143218157,1.5603274620928647,2.2581237416517865
shape,0.75,power_primary-08397bda5e63,power_primary,population_native,proteomics,native_omic_units,path_length[A],100,100,0,49.43995775674261,1.8001531846878354,49.242355296257536
shape,0.75,power_primary-08397bda5e63,power_primary,population_native,proteomics,native_omic_units,path_length[B],100,100,0,51.97853220034063,1.5988646546373557,51.83110100951872
shape,0.75,power_primary-08397bda5e63,power_primary,population_native,proteomics,native_omic_units,shape,100,100,0,0.08049639157915443,0.026748899768519446,0.07615634524035308
shape,0.75,power_primary-08397bda5e63,power_primary,population_standardized,expression,standardized_feature,angle,100,100,0,80.36982819594324,22.230269587820587,77.0931470613652
shape,0.75,power_primary-08397bda5e63,power_primary,population_standardized,expression,standardized_feature,delta,100,100,0,2.8171884178692967,1.475667903622508,2.7696416041153427
shape,0.75,power_primary-08397bda5e63,power_primary,population_standardized,expression,standardized_feature,path_length[A],100,100,0,38.83108744260767,1.3314656470584953,38.815810721375
shape,0.75,power_primary-08397bda5e63,power_primary,population_standardized,expression,standardized_feature,path_length[B],100,100,0,41.64463463040149,1.3374210263791222,41.61323104117141
shape,0.75,power_primary-08397bda5e63,power_primary,population_standardized,expression,standardized_feature,shape,100,100,0,0.08762340243957421,0.03124546724073615,0.08390853696783784
shape,0.75,power_primary-08397bda5e63,power_primary,population_standardized,joint,standardized_feature,angle,100,100,0,82.35091809153664,18.413320300575684,73.7493596117759
shape,0.75,power_primary-08397bda5e63,power_primary,population_standardized,joint,standardized_feature,delta,100,100,0,7.077467631831138,2.079797108463456,6.935801276740705
shape,0.75,power_primary-08397bda5e63,power_primary,population_standardized,joint,standardized_feature,path_length[A],100,100,0,85.86165475941057,2.397099284037174,85.93155091697291
shape,0.75,power_primary-08397bda5e63,power_primary,population_standardized,joint,standardized_feature,path_length[B],100,100,0,92.93912239124174,2.2919957779533235,93.02795075808959
shape,0.75,power_primary-08397bda5e63,power_primary,population_standardized,joint,standardized_feature,shape,100,100,0,0.08420170736552493,0.020809124755320187,0.08188960900058861
shape,0.75,power_primary-08397bda5e63,power_primary,population_standardized,methylation,standardized_feature,angle,100,100,0,79.342630023743,15.304656289953892,72.26282067372374
shape,0.75,power_primary-08397bda5e63,power_primary,population_standardized,methylation,standardized_feature,delta,100,100,0,5.161824182750914,1.0109125407067645,5.0751465814167105
shape,0.75,power_primary-08397bda5e63,power_primary,population_standardized,methylation,standardized_feature,path_length[A],100,100,0,59.04385654389861,1.79513993122893,59.13905865904634
shape,0.75,power_primary-08397bda5e63,power_primary,population_standardized,methylation,standardized_feature,path_length[B],100,100,0,64.20568072664948,1.8935904788671722,64.04832434172198
shape,0.75,power_primary-08397bda5e63,power_primary,population_standardized,methylation,standardized_feature,shape,100,100,0,0.08459534209692507,0.015494475799415472,0.08355287512425683
shape,0.75,power_primary-08397bda5e63,power_primary,population_standardized,proteomics,standardized_feature,angle,100,100,0,81.78217261415715,21.51694520284641,78.4759218424265
shape,0.75,power_primary-08397bda5e63,power_primary,population_standardized,proteomics,standardized_feature,delta,100,100,0,3.9766824813954234,2.2307288900245847,3.673833943446649
shape,0.75,power_primary-08397bda5e63,power_primary,population_standardized,proteomics,standardized_feature,path_length[A],100,100,0,48.708837532808886,1.7872752744173743,48.651803304653924
shape,0.75,power_primary-08397bda5e63,power_primary,population_standardized,proteomics,standardized_feature,path_length[B],100,100,0,52.66948336187637,1.6454883108108138,52.54075919703084
shape,0.75,power_primary-08397bda5e63,power_primary,population_standardized,proteomics,standardized_feature,shape,100,100,0,0.09680913913496855,0.034682705775339294,0.08910060489937793
shape,0.75,power_primary-08397bda5e63,power_primary,observed_standardized,expression,standardized_feature,angle,100,100,0,78.63703194981163,20.98699936892261,74.0073648185033
shape,0.75,power_primary-08397bda5e63,power_primary,observed_standardized,expression,standardized_feature,delta,100,100,0,2.8292073141741927,1.5203157689973148,2.858282298702658
shape,0.75,power_primary-08397bda5e63,power_primary,observed_standardized,expression,standardized_feature,path_length[A],100,100,0,39.11176913336871,1.351989156142024,39.06264789602375
shape,0.75,power_primary-08397bda5e63,power_primary,observed_standardized,expression,standardized_feature,path_length[B],100,100,0,41.9409764475429,1.2762921010732744,41.83071443521351
shape,0.75,power_primary-08397bda5e63,power_primary,observed_standardized,expression,standardized_feature,shape,100,100,0,0.0874855806230756,0.031578561494994356,0.0805853694692392
shape,0.75,power_primary-08397bda5e63,power_primary,observed_standardized,joint,standardized_feature,angle,100,100,0,81.74068990995937,17.70062143660407,73.25007592241889
shape,0.75,power_primary-08397bda5e63,power_primary,observed_standardized,joint,standardized_feature,delta,100,100,0,7.114648142258063,2.122651498532512,7.137581237178871
shape,0.75,power_primary-08397bda5e63,power_primary,observed_standardized,joint,standardized_feature,path_length[A],100,100,0,86.5465157740227,2.3495761360870215,86.39980765234465
shape,0.75,power_primary-08397bda5e63,power_primary,observed_standardized,joint,standardized_feature,path_length[B],100,100,0,93.66116391628078,2.2473786602437724,93.63603503678394
shape,0.75,power_primary-08397bda5e63,power_primary,observed_standardized,joint,standardized_feature,shape,100,100,0,0.08332628601159485,0.021524004210219272,0.0797067992109946
shape,0.75,power_primary-08397bda5e63,power_primary,observed_standardized,methylation,standardized_feature,angle,100,100,0,80.19293736399963,14.891732089576555,72.92573524820051
shape,0.75,power_primary-08397bda5e63,power_primary,observed_standardized,methylation,standardized_feature,delta,100,100,0,5.245200538445925,1.1297545504174888,5.112177151532041
shape,0.75,power_primary-08397bda5e63,power_primary,observed_standardized,methylation,standardized_feature,path_length[A],100,100,0,59.698341428393725,1.7287706463522499,59.7679346557707
shape,0.75,power_primary-08397bda5e63,power_primary,observed_standardized,methylation,standardized_feature,path_length[B],100,100,0,64.94354196683963,1.8938093452346605,64.89774006744999
shape,0.75,power_primary-08397bda5e63,power_primary,observed_standardized,methylation,standardized_feature,shape,100,100,0,0.08482094933001226,0.0168916335596591,0.08494651241516837
shape,0.75,power_primary-08397bda5e63,power_primary,observed_standardized,proteomics,standardized_feature,angle,100,100,0,80.98546486554245,21.305001419889425,77.36062265228489
shape,0.75,power_primary-08397bda5e63,power_primary,observed_standardized,proteomics,standardized_feature,delta,100,100,0,3.9280267113190606,2.2035863683499026,3.6673415031527483
shape,0.75,power_primary-08397bda5e63,power_primary,observed_standardized,proteomics,standardized_feature,path_length[A],100,100,0,48.897034940660205,1.7964965613635033,48.853772201630534
shape,0.75,power_primary-08397bda5e63,power_primary,observed_standardized,proteomics,standardized_feature,path_length[B],100,100,0,52.80935313961284,1.5881514144849096,52.635120396498564
shape,0.75,power_primary-08397bda5e63,power_primary,observed_standardized,proteomics,standardized_feature,shape,100,100,0,0.09594556709679435,0.034389261707127944,0.08654579927639111
shape,0.75,power_primary-08397bda5e63,power_primary,pls_latent,joint,pls_latent,angle,100,100,0,52.47600762638541,33.978645273656326,44.29005019176322
shape,0.75,power_primary-08397bda5e63,power_primary,pls_latent,joint,pls_latent,delta,100,100,0,7.6329198048976625,2.4709444139554257,7.654855084291697
shape,0.75,power_primary-08397bda5e63,power_primary,pls_latent,joint,pls_latent,path_length[A],100,100,0,77.86127332540049,2.5982177012262375,77.95941437619977
shape,0.75,power_primary-08397bda5e63,power_primary,pls_latent,joint,pls_latent,path_length[B],100,100,0,85.49419313029817,2.486388395795044,85.78564997546661
shape,0.75,power_primary-08397bda5e63,power_primary,pls_latent,joint,pls_latent,shape,100,100,0,0.10990552089540101,0.030877847250089685,0.10422807832579481
shape,1.0,power_primary-2f296d687f03,power_primary,population_native,expression,native_omic_units,angle,100,100,0,76.73207248774989,20.091793024341452,77.44470023121465
shape,1.0,power_primary-2f296d687f03,power_primary,population_native,expression,native_omic_units,delta,100,100,0,2.9295878964256197,1.4681711340287764,3.19921220574599
shape,1.0,power_primary-2f296d687f03,power_primary,population_native,expression,native_omic_units,path_length[A],100,100,0,44.50296170753463,1.4629041188467085,44.47395051852209
shape,1.0,power_primary-2f296d687f03,power_primary,population_native,expression,native_omic_units,path_length[B],100,100,0,47.41561428896992,1.2791518673140172,47.288013076049616
shape,1.0,power_primary-2f296d687f03,power_primary,population_native,expression,native_omic_units,shape,100,100,0,0.09050779338256501,0.026336868042775036,0.08829444022140917
shape,1.0,power_primary-2f296d687f03,power_primary,population_native,methylation,native_omic_units,angle,100,100,0,81.93926340473179,11.604183102089202,79.58615603013101
shape,1.0,power_primary-2f296d687f03,power_primary,population_native,methylation,native_omic_units,delta,100,100,0,5.171412158256049,1.0244155862984998,4.996854398589569
shape,1.0,power_primary-2f296d687f03,power_primary,population_native,methylation,native_omic_units,path_length[A],100,100,0,65.1451050099554,1.9068914151799745,65.12416590912433
shape,1.0,power_primary-2f296d687f03,power_primary,population_native,methylation,native_omic_units,path_length[B],100,100,0,70.31651716821146,1.9215980148234242,70.27566751082904
shape,1.0,power_primary-2f296d687f03,power_primary,population_native,methylation,native_omic_units,shape,100,100,0,0.08211459011727117,0.013202624665089807,0.08204583842370117
shape,1.0,power_primary-2f296d687f03,power_primary,population_native,proteomics,native_omic_units,angle,100,100,0,76.3055237562123,21.345090568646963,75.24619816669465
shape,1.0,power_primary-2f296d687f03,power_primary,population_native,proteomics,native_omic_units,delta,100,100,0,3.2085984057878676,1.6995047771760665,3.425496104114803
shape,1.0,power_primary-2f296d687f03,power_primary,population_native,proteomics,native_omic_units,path_length[A],100,100,0,49.43995775674261,1.8001531846878354,49.242355296257536
shape,1.0,power_primary-2f296d687f03,power_primary,population_native,proteomics,native_omic_units,path_length[B],100,100,0,52.608716538519644,1.4221504581850115,52.606473153011386
shape,1.0,power_primary-2f296d687f03,power_primary,population_native,proteomics,native_omic_units,shape,100,100,0,0.09691097956257941,0.029088110240408357,0.09779200525485324
shape,1.0,power_primary-2f296d687f03,power_primary,population_standardized,expression,standardized_feature,angle,100,100,0,84.40491024928033,13.617454215431431,82.50509658640675
shape,1.0,power_primary-2f296d687f03,power_primary,population_standardized,expression,standardized_feature,delta,100,100,0,3.528111059934207,1.6454928125322337,3.853996555714037
shape,1.0,power_primary-2f296d687f03,power_primary,population_standardized,expression,standardized_feature,path_length[A],100,100,0,38.86272578030841,1.381512847320743,38.84557504182096
shape,1.0,power_primary-2f296d687f03,power_primary,population_standardized,expression,standardized_feature,path_length[B],100,100,0,42.35417666139795,1.161644120615073,42.201064183625256
shape,1.0,power_primary-2f296d687f03,power_primary,population_standardized,expression,standardized_feature,shape,100,100,0,0.10443365186733,0.032993624231850045,0.10283904998946083
shape,1.0,power_primary-2f296d687f03,power_primary,population_standardized,joint,standardized_feature,angle,100,100,0,87.15717573424719,11.257657519824795,81.5347202356512
shape,1.0,power_primary-2f296d687f03,power_primary,population_standardized,joint,standardized_feature,delta,100,100,0,8.958051967324124,2.3822829586176426,8.93280914216534
shape,1.0,power_primary-2f296d687f03,power_primary,population_standardized,joint,standardized_feature,path_length[A],100,100,0,86.35583625135195,2.4624642565560277,86.45290591806338
shape,1.0,power_primary-2f296d687f03,power_primary,population_standardized,joint,standardized_feature,path_length[B],100,100,0,95.31388821867607,2.1768685668265513,95.42923626137025
shape,1.0,power_primary-2f296d687f03,power_primary,population_standardized,joint,standardized_feature,shape,100,100,0,0.10181623146935172,0.023317549702648672,0.1006259610716739
shape,1.0,power_primary-2f296d687f03,power_primary,population_standardized,methylation,standardized_feature,angle,100,100,0,84.28192931909197,8.836550475962396,80.32729839874335
shape,1.0,power_primary-2f296d687f03,power_primary,population_standardized,methylation,standardized_feature,delta,100,100,0,6.699361978166529,1.3120348359516951,6.667065673370978
shape,1.0,power_primary-2f296d687f03,power_primary,population_standardized,methylation,standardized_feature,path_length[A],100,100,0,59.66612158509194,1.9094695073004404,59.72066218833248
shape,1.0,power_primary-2f296d687f03,power_primary,population_standardized,methylation,standardized_feature,path_length[B],100,100,0,66.36548356325848,1.9007052582488968,66.37640937844827
shape,1.0,power_primary-2f296d687f03,power_primary,population_standardized,methylation,standardized_feature,shape,100,100,0,0.10413082278034767,0.018900296321766496,0.10300703446930909
shape,1.0,power_primary-2f296d687f03,power_primary,population_standardized,proteomics,standardized_feature,angle,100,100,0,85.82309710202603,13.07738292345107,84.84731169563815
shape,1.0,power_primary-2f296d687f03,power_primary,population_standardized,proteomics,standardized_feature,delta,100,100,0,4.922221581529743,2.3235748309787057,4.791956306065124
shape,1.0,power_primary-2f296d687f03,power_primary,population_standardized,proteomics,standardized_feature,path_length[A],100,100,0,48.794036274929276,1.823453282484656,48.60417816440991
shape,1.0,power_primary-2f296d687f03,power_primary,population_standardized,proteomics,standardized_feature,path_length[B],100,100,0,53.65934795305904,1.5890337541983652,53.8221122594022
shape,1.0,power_primary-2f296d687f03,power_primary,population_standardized,proteomics,standardized_feature,shape,100,100,0,0.11463628540291108,0.03714585652949011,0.11401809847911881
shape,1.0,power_primary-2f296d687f03,power_primary,observed_standardized,expression,standardized_feature,angle,100,100,0,84.90690689593038,13.474474161680964,82.4687056529395
shape,1.0,power_primary-2f296d687f03,power_primary,observed_standardized,expression,standardized_feature,delta,100,100,0,3.55623225435908,1.5779618194992553,3.763371692074248
shape,1.0,power_primary-2f296d687f03,power_primary,observed_standardized,expression,standardized_feature,path_length[A],100,100,0,39.14168704554578,1.313240856132888,39.14664279527712
shape,1.0,power_primary-2f296d687f03,power_primary,observed_standardized,expression,standardized_feature,path_length[B],100,100,0,42.66349180711647,1.1440174346500083,42.57019633148208
shape,1.0,power_primary-2f296d687f03,power_primary,observed_standardized,expression,standardized_feature,shape,100,100,0,0.10264698098764029,0.03278425755772375,0.1021621228080315
shape,1.0,power_primary-2f296d687f03,power_primary,observed_standardized,joint,standardized_feature,angle,100,100,0,88.03071295085576,11.290182362671048,87.47052860213972
shape,1.0,power_primary-2f296d687f03,power_primary,observed_standardized,joint,standardized_feature,delta,100,100,0,8.891178847376768,2.3576727953007395,8.969274855561508
shape,1.0,power_primary-2f296d687f03,power_primary,observed_standardized,joint,standardized_feature,path_length[A],100,100,0,87.03374449426457,2.39369203211847,87.09935861711861
shape,1.0,power_primary-2f296d687f03,power_primary,observed_standardized,joint,standardized_feature,path_length[B],100,100,0,95.92492334164139,2.1479616173919136,96.1302628536256
shape,1.0,power_primary-2f296d687f03,power_primary,observed_standardized,joint,standardized_feature,shape,100,100,0,0.10081959642271138,0.0233802708966168,0.10147699392936516
shape,1.0,power_primary-2f296d687f03,power_primary,observed_standardized,methylation,standardized_feature,angle,100,100,0,84.62325302201398,8.888161685263885,80.71860956372323
shape,1.0,power_primary-2f296d687f03,power_primary,observed_standardized,methylation,standardized_feature,delta,100,100,0,6.614765905036076,1.3401279647692121,6.505354776612936
shape,1.0,power_primary-2f296d687f03,power_primary,observed_standardized,methylation,standardized_feature,path_length[A],100,100,0,60.313846385163735,1.8313958217461814,60.44545366505131
shape,1.0,power_primary-2f296d687f03,power_primary,observed_standardized,methylation,standardized_feature,path_length[B],100,100,0,66.9286122901998,1.8831425530049868,66.91324610782718
shape,1.0,power_primary-2f296d687f03,power_primary,observed_standardized,methylation,standardized_feature,shape,100,100,0,0.1035765178337706,0.018697342497446853,0.10362319609526086
shape,1.0,power_primary-2f296d687f03,power_primary,observed_standardized,proteomics,standardized_feature,angle,100,100,0,86.2903447713043,13.174990334394318,85.82241381511977
shape,1.0,power_primary-2f296d687f03,power_primary,observed_standardized,proteomics,standardized_feature,delta,100,100,0,4.884195426915557,2.3399418833105092,4.895128279928805
shape,1.0,power_primary-2f296d687f03,power_primary,observed_standardized,proteomics,standardized_feature,path_length[A],100,100,0,48.97955974293106,1.8145751450258603,48.89459480491814
shape,1.0,power_primary-2f296d687f03,power_primary,observed_standardized,proteomics,standardized_feature,path_length[B],100,100,0,53.80206930782813,1.606830503724612,54.03508922097679
shape,1.0,power_primary-2f296d687f03,power_primary,observed_standardized,proteomics,standardized_feature,shape,100,100,0,0.11427890044967161,0.03761333962471613,0.11121242470417073
shape,1.0,power_primary-2f296d687f03,power_primary,pls_latent,joint,pls_latent,angle,100,100,0,62.41952229032746,34.696250782323354,61.90327707046117
shape,1.0,power_primary-2f296d687f03,power_primary,pls_latent,joint,pls_latent,delta,100,100,0,9.952625178766871,2.806860491112561,10.019608086876588
shape,1.0,power_primary-2f296d687f03,power_primary,pls_latent,joint,pls_latent,path_length[A],100,100,0,76.0155071060077,2.614999750902095,76.07444056151041
shape,1.0,power_primary-2f296d687f03,power_primary,pls_latent,joint,pls_latent,path_length[B],100,100,0,85.9681322847746,2.041981475735759,85.97001476291105
shape,1.0,power_primary-2f296d687f03,power_primary,pls_latent,joint,pls_latent,shape,100,100,0,0.14572558388101783,0.03741244912703894,0.14469025594298957
translation,0.25,power_primary-60645449887c,power_primary,population_native,expression,native_omic_units,angle,100,100,0,7.092459242407174e-07,8.708111011144767e-07,0.0
translation,0.25,power_primary-60645449887c,power_primary,population_native,expression,native_omic_units,delta,100,100,0,0.0,0.0,0.0
translation,0.25,power_primary-60645449887c,power_primary,population_native,expression,native_omic_units,path_length[A],100,100,0,44.50296170753463,1.4629041188467085,44.47395051852209
translation,0.25,power_primary-60645449887c,power_primary,population_native,expression,native_omic_units,path_length[B],100,100,0,44.50296170753463,1.4629041188467085,44.47395051852209
translation,0.25,power_primary-60645449887c,power_primary,population_native,expression,native_omic_units,shape,100,100,0,1.5252364284969756e-15,2.1643198542747402e-16,1.4896885903681732e-15
translation,0.25,power_primary-60645449887c,power_primary,population_native,methylation,native_omic_units,angle,100,100,0,6.692578014244729e-07,8.561544230085932e-07,0.0
translation,0.25,power_primary-60645449887c,power_primary,population_native,methylation,native_omic_units,delta,100,100,0,0.0,0.0,0.0
translation,0.25,power_primary-60645449887c,power_primary,population_native,methylation,native_omic_units,path_length[A],100,100,0,65.1451050099554,1.9068914151799745,65.12416590912433
translation,0.25,power_primary-60645449887c,power_primary,population_native,methylation,native_omic_units,path_length[B],100,100,0,65.1451050099554,1.9068914151799745,65.12416590912433
translation,0.25,power_primary-60645449887c,power_primary,population_native,methylation,native_omic_units,shape,100,100,0,2.1464873020971086e-15,4.5713923662392e-16,2.0922101330827202e-15
translation,0.25,power_primary-60645449887c,power_primary,population_native,proteomics,native_omic_units,angle,100,100,0,5.970063482451982e-07,8.145119009441357e-07,0.0
translation,0.25,power_primary-60645449887c,power_primary,population_native,proteomics,native_omic_units,delta,100,100,0,0.0,0.0,0.0
translation,0.25,power_primary-60645449887c,power_primary,population_native,proteomics,native_omic_units,path_length[A],100,100,0,49.43995775674261,1.8001531846878354,49.242355296257536
translation,0.25,power_primary-60645449887c,power_primary,population_native,proteomics,native_omic_units,path_length[B],100,100,0,49.43995775674261,1.8001531846878354,49.242355296257536
translation,0.25,power_primary-60645449887c,power_primary,population_native,proteomics,native_omic_units,shape,100,100,0,1.7275988250192197e-15,2.8022685592865504e-16,1.6808300062978104e-15
translation,0.25,power_primary-60645449887c,power_primary,population_standardized,expression,standardized_feature,angle,100,100,0,7.650967017438785e-07,9.068602511281349e-07,0.0
translation,0.25,power_primary-60645449887c,power_primary,population_standardized,expression,standardized_feature,delta,100,100,0,0.0,0.0,0.0
translation,0.25,power_primary-60645449887c,power_primary,population_standardized,expression,standardized_feature,path_length[A],100,100,0,38.52042861709268,1.2723524319438089,38.468254318409734
translation,0.25,power_primary-60645449887c,power_primary,population_standardized,expression,standardized_feature,path_length[B],100,100,0,38.52042861709268,1.2723524319438089,38.468254318409734
translation,0.25,power_primary-60645449887c,power_primary,population_standardized,expression,standardized_feature,shape,100,100,0,1.0648316835929288e-15,3.3825751258842224e-16,1.0027532228640792e-15
translation,0.25,power_primary-60645449887c,power_primary,population_standardized,joint,standardized_feature,angle,100,100,0,6.180664620681214e-07,8.606175197738169e-07,0.0
translation,0.25,power_primary-60645449887c,power_primary,population_standardized,joint,standardized_feature,delta,100,100,0,0.0,0.0,0.0
translation,0.25,power_primary-60645449887c,power_primary,population_standardized,joint,standardized_feature,path_length[A],100,100,0,84.13354229383631,2.3249624629738532,84.27006367535174
translation,0.25,power_primary-60645449887c,power_primary,population_standardized,joint,standardized_feature,path_length[B],100,100,0,84.13354229383631,2.3249624629738532,84.27006367535174
translation,0.25,power_primary-60645449887c,power_primary,population_standardized,joint,standardized_feature,shape,100,100,0,1.2441329319875219e-15,5.768039091138541e-16,1.1147023522911121e-15
translation,0.25,power_primary-60645449887c,power_primary,population_standardized,methylation,standardized_feature,angle,100,100,0,7.443652705763625e-07,8.49395250037551e-07,0.0
translation,0.25,power_primary-60645449887c,power_primary,population_standardized,methylation,standardized_feature,delta,100,100,0,0.0,0.0,0.0
translation,0.25,power_primary-60645449887c,power_primary,population_standardized,methylation,standardized_feature,path_length[A],100,100,0,57.264961275512135,1.7113747391700436,57.57977863424767
translation,0.25,power_primary-60645449887c,power_primary,population_standardized,methylation,standardized_feature,path_length[B],100,100,0,57.264961275512135,1.7113747391700436,57.57977863424767
translation,0.25,power_primary-60645449887c,power_primary,population_standardized,methylation,standardized_feature,shape,100,100,0,1.143330643142344e-15,5.208349842066666e-16,1.023657882981425e-15
translation,0.25,power_primary-60645449887c,power_primary,population_standardized,proteomics,standardized_feature,angle,100,100,0,6.590715661562693e-07,8.555360294722973e-07,0.0
translation,0.25,power_primary-60645449887c,power_primary,population_standardized,proteomics,standardized_feature,delta,100,100,0,0.0,0.0,0.0
translation,0.25,power_primary-60645449887c,power_primary,population_standardized,proteomics,standardized_feature,path_length[A],100,100,0,48.06372849513133,1.7426744602920614,47.965506418176034
translation,0.25,power_primary-60645449887c,power_primary,population_standardized,proteomics,standardized_feature,path_length[B],100,100,0,48.06372849513133,1.7426744602920614,47.965506418176034
translation,0.25,power_primary-60645449887c,power_primary,population_standardized,proteomics,standardized_feature,shape,100,100,0,1.1115639466286835e-15,3.00578392241362e-16,1.0616198500616385e-15
translation,0.25,power_primary-60645449887c,power_primary,observed_standardized,expression,standardized_feature,angle,100,100,0,22.919961363181745,33.555881905128,12.78025574593013
translation,0.25,power_primary-60645449887c,power_primary,observed_standardized,expression,standardized_feature,delta,100,100,0,0.26747419838194086,0.22211850609061945,0.2148895755482343
translation,0.25,power_primary-60645449887c,power_primary,observed_standardized,expression,standardized_feature,path_length[A],100,100,0,38.7867587711673,1.3176081843180347,38.867578603514616
translation,0.25,power_primary-60645449887c,power_primary,observed_standardized,expression,standardized_feature,path_length[B],100,100,0,38.78807819423383,1.2551238560757028,38.7698234127683
translation,0.25,power_primary-60645449887c,power_primary,observed_standardized,expression,standardized_feature,shape,100,100,0,0.0173576813620175,0.005305753916108414,0.017333972321097187
translation,0.25,power_primary-60645449887c,power_primary,observed_standardized,joint,standardized_feature,angle,100,100,0,16.693208258589593,16.763051094442343,13.417786247137084
translation,0.25,power_primary-60645449887c,power_primary,observed_standardized,joint,standardized_feature,delta,100,100,0,0.4053962575547331,0.2762309637940636,0.38238968786104977
translation,0.25,power_primary-60645449887c,power_primary,observed_standardized,joint,standardized_feature,path_length[A],100,100,0,84.88816502317873,2.3160799639506244,85.0067209092037
translation,0.25,power_primary-60645449887c,power_primary,observed_standardized,joint,standardized_feature,path_length[B],100,100,0,84.93040764283413,2.251489436849703,85.12810300135197
translation,0.25,power_primary-60645449887c,power_primary,observed_standardized,joint,standardized_feature,shape,100,100,0,0.009824843579304705,0.004484574312902612,0.0088794761155039
translation,0.25,power_primary-60645449887c,power_primary,observed_standardized,methylation,standardized_feature,angle,100,100,0,31.881530088574724,36.52027899701669,18.217125833415807
translation,0.25,power_primary-60645449887c,power_primary,observed_standardized,methylation,standardized_feature,delta,100,100,0,0.4159868889621411,0.34787141405458155,0.35229856562686024
translation,0.25,power_primary-60645449887c,power_primary,observed_standardized,methylation,standardized_feature,path_length[A],100,100,0,58.01630335779988,1.72781463726201,58.34418194144172
translation,0.25,power_primary-60645449887c,power_primary,observed_standardized,methylation,standardized_feature,path_length[B],100,100,0,58.09857990825979,1.6898913474340862,58.256970477593086
translation,0.25,power_primary-60645449887c,power_primary,observed_standardized,methylation,standardized_feature,shape,100,100,0,0.01717428423974697,0.009065751621528442,0.014238162610713263
translation,0.25,power_primary-60645449887c,power_primary,observed_standardized,proteomics,standardized_feature,angle,100,100,0,10.630434529379578,15.861433146215182,8.436893070925912
translation,0.25,power_primary-60645449887c,power_primary,observed_standardized,proteomics,standardized_feature,delta,100,100,0,0.24388359934012713,0.18494049790396053,0.19031060302651426
translation,0.25,power_primary-60645449887c,power_primary,observed_standardized,proteomics,standardized_feature,path_length[A],100,100,0,48.274475302785966,1.6923099175900216,48.24828823006125
translation,0.25,power_primary-60645449887c,power_primary,observed_standardized,proteomics,standardized_feature,path_length[B],100,100,0,48.24675989839082,1.7165825882459427,48.25254205736482
translation,0.25,power_primary-60645449887c,power_primary,observed_standardized,proteomics,standardized_feature,shape,100,100,0,0.010738713744089343,0.0034326033116063386,0.010278114478287989
translation,0.25,power_primary-60645449887c,power_primary,pls_latent,joint,pls_latent,angle,100,100,0,9.640079746934244,21.14956604944258,5.005774016990653
translation,0.25,power_primary-60645449887c,power_primary,pls_latent,joint,pls_latent,delta,100,100,0,0.41620385191170844,0.28088409446445217,0.3864072587533869
translation,0.25,power_primary-60645449887c,power_primary,pls_latent,joint,pls_latent,path_length[A],100,100,0,81.62061155225318,6.748585622943856,83.89940637779802
translation,0.25,power_primary-60645449887c,power_primary,pls_latent,joint,pls_latent,path_length[B],100,100,0,81.62791999147568,6.707445069814679,83.7554112402958
translation,0.25,power_primary-60645449887c,power_primary,pls_latent,joint,pls_latent,shape,100,100,0,0.009987673543209891,0.004493598535195209,0.008980350627368041
translation,0.5,power_primary-b2ece987408c,power_primary,population_native,expression,native_omic_units,angle,100,100,0,7.092459242407174e-07,8.708111011144767e-07,0.0
translation,0.5,power_primary-b2ece987408c,power_primary,population_native,expression,native_omic_units,delta,100,100,0,0.0,0.0,0.0
translation,0.5,power_primary-b2ece987408c,power_primary,population_native,expression,native_omic_units,path_length[A],100,100,0,44.50296170753463,1.4629041188467085,44.47395051852209
translation,0.5,power_primary-b2ece987408c,power_primary,population_native,expression,native_omic_units,path_length[B],100,100,0,44.50296170753463,1.4629041188467085,44.47395051852209
translation,0.5,power_primary-b2ece987408c,power_primary,population_native,expression,native_omic_units,shape,100,100,0,1.5252364284969756e-15,2.1643198542747402e-16,1.4896885903681732e-15
translation,0.5,power_primary-b2ece987408c,power_primary,population_native,methylation,native_omic_units,angle,100,100,0,6.692578014244729e-07,8.561544230085932e-07,0.0
translation,0.5,power_primary-b2ece987408c,power_primary,population_native,methylation,native_omic_units,delta,100,100,0,0.0,0.0,0.0
translation,0.5,power_primary-b2ece987408c,power_primary,population_native,methylation,native_omic_units,path_length[A],100,100,0,65.1451050099554,1.9068914151799745,65.12416590912433
translation,0.5,power_primary-b2ece987408c,power_primary,population_native,methylation,native_omic_units,path_length[B],100,100,0,65.1451050099554,1.9068914151799745,65.12416590912433
translation,0.5,power_primary-b2ece987408c,power_primary,population_native,methylation,native_omic_units,shape,100,100,0,2.1464873020971086e-15,4.5713923662392e-16,2.0922101330827202e-15
translation,0.5,power_primary-b2ece987408c,power_primary,population_native,proteomics,native_omic_units,angle,100,100,0,5.970063482451982e-07,8.145119009441357e-07,0.0
translation,0.5,power_primary-b2ece987408c,power_primary,population_native,proteomics,native_omic_units,delta,100,100,0,0.0,0.0,0.0
translation,0.5,power_primary-b2ece987408c,power_primary,population_native,proteomics,native_omic_units,path_length[A],100,100,0,49.43995775674261,1.8001531846878354,49.242355296257536
translation,0.5,power_primary-b2ece987408c,power_primary,population_native,proteomics,native_omic_units,path_length[B],100,100,0,49.43995775674261,1.8001531846878354,49.242355296257536
translation,0.5,power_primary-b2ece987408c,power_primary,population_native,proteomics,native_omic_units,shape,100,100,0,1.7275988250192197e-15,2.8022685592865504e-16,1.6808300062978104e-15
translation,0.5,power_primary-b2ece987408c,power_primary,population_standardized,expression,standardized_feature,angle,100,100,0,6.920817995450713e-07,8.463694111705044e-07,0.0
translation,0.5,power_primary-b2ece987408c,power_primary,population_standardized,expression,standardized_feature,delta,100,100,0,0.0,0.0,0.0
translation,0.5,power_primary-b2ece987408c,power_primary,population_standardized,expression,standardized_feature,path_length[A],100,100,0,38.51511828649787,1.3095523433728227,38.52259726655018
translation,0.5,power_primary-b2ece987408c,power_primary,population_standardized,expression,standardized_feature,path_length[B],100,100,0,38.51511828649787,1.3095523433728227,38.52259726655018
translation,0.5,power_primary-b2ece987408c,power_primary,population_standardized,expression,standardized_feature,shape,100,100,0,1.0712148579182211e-15,3.27166604411548e-16,1.0145941128889522e-15
translation,0.5,power_primary-b2ece987408c,power_primary,population_standardized,joint,standardized_feature,angle,100,100,0,7.80860734716154e-07,8.552850469437381e-07,8.537736462515939e-07
translation,0.5,power_primary-b2ece987408c,power_primary,population_standardized,joint,standardized_feature,delta,100,100,0,0.0,0.0,0.0
translation,0.5,power_primary-b2ece987408c,power_primary,population_standardized,joint,standardized_feature,path_length[A],100,100,0,84.16548267805098,2.285064921102724,84.39962431369926
translation,0.5,power_primary-b2ece987408c,power_primary,population_standardized,joint,standardized_feature,path_length[B],100,100,0,84.16548267805098,2.285064921102724,84.39962431369926
translation,0.5,power_primary-b2ece987408c,power_primary,population_standardized,joint,standardized_feature,shape,100,100,0,1.1731296960258738e-15,3.4579322671445103e-16,1.129541632819193e-15
translation,0.5,power_primary-b2ece987408c,power_primary,population_standardized,methylation,standardized_feature,angle,100,100,0,8.144507225728383e-07,9.080986806938205e-07,0.0
translation,0.5,power_primary-b2ece987408c,power_primary,population_standardized,methylation,standardized_feature,delta,100,100,0,0.0,0.0,0.0
translation,0.5,power_primary-b2ece987408c,power_primary,population_standardized,methylation,standardized_feature,path_length[A],100,100,0,57.29919084402931,1.5890061159695439,57.304477675841554
translation,0.5,power_primary-b2ece987408c,power_primary,population_standardized,methylation,standardized_feature,path_length[B],100,100,0,57.29919084402931,1.5890061159695439,57.304477675841554
translation,0.5,power_primary-b2ece987408c,power_primary,population_standardized,methylation,standardized_feature,shape,100,100,0,1.0652360430216684e-15,2.858763457180347e-16,1.0200155669674532e-15
translation,0.5,power_primary-b2ece987408c,power_primary,population_standardized,proteomics,standardized_feature,angle,100,100,0,7.037185916989094e-07,8.540410813124543e-07,0.0
translation,0.5,power_primary-b2ece987408c,power_primary,population_standardized,proteomics,standardized_feature,delta,100,100,0,0.0,0.0,0.0
translation,0.5,power_primary-b2ece987408c,power_primary,population_standardized,proteomics,standardized_feature,path_length[A],100,100,0,48.08538997051333,1.754305738725626,48.039673560423324
translation,0.5,power_primary-b2ece987408c,power_primary,population_standardized,proteomics,standardized_feature,path_length[B],100,100,0,48.08538997051333,1.754305738725626,48.039673560423324
translation,0.5,power_primary-b2ece987408c,power_primary,population_standardized,proteomics,standardized_feature,shape,100,100,0,1.0956300251521762e-15,9.910090065811512e-17,1.0822204748818497e-15
translation,0.5,power_primary-b2ece987408c,power_primary,observed_standardized,expression,standardized_feature,angle,100,100,0,23.840660672634886,35.25876442948623,12.619646765825749
translation,0.5,power_primary-b2ece987408c,power_primary,observed_standardized,expression,standardized_feature,delta,100,100,0,0.29735119777497787,0.2512551162084163,0.22247319725907388
translation,0.5,power_primary-b2ece987408c,power_primary,observed_standardized,expression,standardized_feature,path_length[A],100,100,0,38.70899591744915,1.3105765988407339,38.7037238110361
translation,0.5,power_primary-b2ece987408c,power_primary,observed_standardized,expression,standardized_feature,path_length[B],100,100,0,38.77710893244238,1.2707198808377171,38.822812892552776
translation,0.5,power_primary-b2ece987408c,power_primary,observed_standardized,expression,standardized_feature,shape,100,100,0,0.018047786394032077,0.004981790540309913,0.017885875415767447
translation,0.5,power_primary-b2ece987408c,power_primary,observed_standardized,joint,standardized_feature,angle,100,100,0,25.78612763814483,39.914753004313184,12.592156576137238
translation,0.5,power_primary-b2ece987408c,power_primary,observed_standardized,joint,standardized_feature,delta,100,100,0,0.3921362675103929,0.2792042048285491,0.35277796398757744
translation,0.5,power_primary-b2ece987408c,power_primary,observed_standardized,joint,standardized_feature,path_length[A],100,100,0,84.8290646402193,2.2261746960826865,85.04541952814672
translation,0.5,power_primary-b2ece987408c,power_primary,observed_standardized,joint,standardized_feature,path_length[B],100,100,0,84.89636505234165,2.205806707534376,85.03983829564528
translation,0.5,power_primary-b2ece987408c,power_primary,observed_standardized,joint,standardized_feature,shape,100,100,0,0.010588003181094789,0.005357939090615464,0.009998211243193311
translation,0.5,power_primary-b2ece987408c,power_primary,observed_standardized,methylation,standardized_feature,angle,100,100,0,31.15691568798235,36.16144486471353,17.72068671949843
translation,0.5,power_primary-b2ece987408c,power_primary,observed_standardized,methylation,standardized_feature,delta,100,100,0,0.46940830914034615,0.38703140494254024,0.3371754979655499
translation,0.5,power_primary-b2ece987408c,power_primary,observed_standardized,methylation,standardized_feature,path_length[A],100,100,0,58.043536698177334,1.5933403405751645,58.243719513095904
translation,0.5,power_primary-b2ece987408c,power_primary,observed_standardized,methylation,standardized_feature,path_length[B],100,100,0,58.050877160605744,1.5910041601304494,58.08488361502665
translation,0.5,power_primary-b2ece987408c,power_primary,observed_standardized,methylation,standardized_feature,shape,100,100,0,0.018269860306322327,0.009320817022490826,0.01640954563859741
translation,0.5,power_primary-b2ece987408c,power_primary,observed_standardized,proteomics,standardized_feature,angle,100,100,0,14.26177530418161,27.991191611604364,8.411148364607358
translation,0.5,power_primary-b2ece987408c,power_primary,observed_standardized,proteomics,standardized_feature,delta,100,100,0,0.21306665468078306,0.14529786207102485,0.17960050436859376
translation,0.5,power_primary-b2ece987408c,power_primary,observed_standardized,proteomics,standardized_feature,path_length[A],100,100,0,48.199595596180764,1.7333381774633503,48.124073842801366
translation,0.5,power_primary-b2ece987408c,power_primary,observed_standardized,proteomics,standardized_feature,path_length[B],100,100,0,48.25567513550339,1.6883985615603372,48.189822351800025
translation,0.5,power_primary-b2ece987408c,power_primary,observed_standardized,proteomics,standardized_feature,shape,100,100,0,0.011750015535477285,0.004199051702994131,0.011347427585635932
translation,0.5,power_primary-b2ece987408c,power_primary,pls_latent,joint,pls_latent,angle,100,100,0,13.784005375130159,31.61695706406299,5.432272497746718
translation,0.5,power_primary-b2ece987408c,power_primary,pls_latent,joint,pls_latent,delta,100,100,0,0.39516184929996745,0.2755244209474373,0.3530659195236652
translation,0.5,power_primary-b2ece987408c,power_primary,pls_latent,joint,pls_latent,path_length[A],100,100,0,82.17193268749075,6.3398037362247806,84.18264706690468
translation,0.5,power_primary-b2ece987408c,power_primary,pls_latent,joint,pls_latent,path_length[B],100,100,0,82.22375739487421,6.383046262958701,84.27708060984034
translation,0.5,power_primary-b2ece987408c,power_primary,pls_latent,joint,pls_latent,shape,100,100,0,0.010731586383453668,0.005579698936148088,0.009943052972657216
translation,0.75,power_primary-356f35b04b73,power_primary,population_native,expression,native_omic_units,angle,100,100,0,7.092459242407174e-07,8.708111011144767e-07,0.0
translation,0.75,power_primary-356f35b04b73,power_primary,population_native,expression,native_omic_units,delta,100,100,0,0.0,0.0,0.0
translation,0.75,power_primary-356f35b04b73,power_primary,population_native,expression,native_omic_units,path_length[A],100,100,0,44.50296170753463,1.4629041188467085,44.47395051852209
translation,0.75,power_primary-356f35b04b73,power_primary,population_native,expression,native_omic_units,path_length[B],100,100,0,44.50296170753463,1.4629041188467085,44.47395051852209
translation,0.75,power_primary-356f35b04b73,power_primary,population_native,expression,native_omic_units,shape,100,100,0,1.5252364284969756e-15,2.1643198542747402e-16,1.4896885903681732e-15
translation,0.75,power_primary-356f35b04b73,power_primary,population_native,methylation,native_omic_units,angle,100,100,0,6.692578014244729e-07,8.561544230085932e-07,0.0
translation,0.75,power_primary-356f35b04b73,power_primary,population_native,methylation,native_omic_units,delta,100,100,0,0.0,0.0,0.0
translation,0.75,power_primary-356f35b04b73,power_primary,population_native,methylation,native_omic_units,path_length[A],100,100,0,65.1451050099554,1.9068914151799745,65.12416590912433
translation,0.75,power_primary-356f35b04b73,power_primary,population_native,methylation,native_omic_units,path_length[B],100,100,0,65.1451050099554,1.9068914151799745,65.12416590912433
translation,0.75,power_primary-356f35b04b73,power_primary,population_native,methylation,native_omic_units,shape,100,100,0,2.1464873020971086e-15,4.5713923662392e-16,2.0922101330827202e-15
translation,0.75,power_primary-356f35b04b73,power_primary,population_native,proteomics,native_omic_units,angle,100,100,0,5.970063482451982e-07,8.145119009441357e-07,0.0
translation,0.75,power_primary-356f35b04b73,power_primary,population_native,proteomics,native_omic_units,delta,100,100,0,0.0,0.0,0.0
translation,0.75,power_primary-356f35b04b73,power_primary,population_native,proteomics,native_omic_units,path_length[A],100,100,0,49.43995775674261,1.8001531846878354,49.242355296257536
translation,0.75,power_primary-356f35b04b73,power_primary,population_native,proteomics,native_omic_units,path_length[B],100,100,0,49.43995775674261,1.8001531846878354,49.242355296257536
translation,0.75,power_primary-356f35b04b73,power_primary,population_native,proteomics,native_omic_units,shape,100,100,0,1.7275988250192197e-15,2.8022685592865504e-16,1.6808300062978104e-15
translation,0.75,power_primary-356f35b04b73,power_primary,population_standardized,expression,standardized_feature,angle,100,100,0,7.101735592461734e-07,8.826498408040322e-07,0.0
translation,0.75,power_primary-356f35b04b73,power_primary,population_standardized,expression,standardized_feature,delta,100,100,0,0.0,0.0,0.0
translation,0.75,power_primary-356f35b04b73,power_primary,population_standardized,expression,standardized_feature,path_length[A],100,100,0,38.51332095117511,1.2997650476335574,38.46451449944061
translation,0.75,power_primary-356f35b04b73,power_primary,population_standardized,expression,standardized_feature,path_length[B],100,100,0,38.51332095117511,1.2997650476335574,38.46451449944061
translation,0.75,power_primary-356f35b04b73,power_primary,population_standardized,expression,standardized_feature,shape,100,100,0,1.0989168729547277e-15,4.618822894389174e-16,1.0122003980630501e-15
translation,0.75,power_primary-356f35b04b73,power_primary,population_standardized,joint,standardized_feature,angle,100,100,0,7.173453599753925e-07,8.89279606301456e-07,0.0
translation,0.75,power_primary-356f35b04b73,power_primary,population_standardized,joint,standardized_feature,delta,100,100,0,0.0,0.0,0.0
translation,0.75,power_primary-356f35b04b73,power_primary,population_standardized,joint,standardized_feature,path_length[A],100,100,0,84.14691192783671,2.338402968421384,84.3151198640256
translation,0.75,power_primary-356f35b04b73,power_primary,population_standardized,joint,standardized_feature,path_length[B],100,100,0,84.14691192783671,2.338402968421384,84.3151198640256
translation,0.75,power_primary-356f35b04b73,power_primary,population_standardized,joint,standardized_feature,shape,100,100,0,1.2603259718519784e-15,6.1925268167802475e-16,1.1128114681955909e-15
translation,0.75,power_primary-356f35b04b73,power_primary,population_standardized,methylation,standardized_feature,angle,100,100,0,7.737382901758138e-07,8.870594357283668e-07,0.0
translation,0.75,power_primary-356f35b04b73,power_primary,population_standardized,methylation,standardized_feature,delta,100,100,0,0.0,0.0,0.0
translation,0.75,power_primary-356f35b04b73,power_primary,population_standardized,methylation,standardized_feature,path_length[A],100,100,0,57.27605298355058,1.660817691618978,57.26031660103817
translation,0.75,power_primary-356f35b04b73,power_primary,population_standardized,methylation,standardized_feature,path_length[B],100,100,0,57.27605298355058,1.660817691618978,57.26031660103817
translation,0.75,power_primary-356f35b04b73,power_primary,population_standardized,methylation,standardized_feature,shape,100,100,0,1.0925486592244821e-15,3.431641693729791e-16,1.035734618044051e-15
translation,0.75,power_primary-356f35b04b73,power_primary,population_standardized,proteomics,standardized_feature,angle,100,100,0,6.877038298204589e-07,8.456239903261293e-07,0.0
translation,0.75,power_primary-356f35b04b73,power_primary,population_standardized,proteomics,standardized_feature,delta,100,100,0,0.0,0.0,0.0
translation,0.75,power_primary-356f35b04b73,power_primary,population_standardized,proteomics,standardized_feature,path_length[A],100,100,0,48.08231529859206,1.7586507708005479,47.99157505238182
translation,0.75,power_primary-356f35b04b73,power_primary,population_standardized,proteomics,standardized_feature,path_length[B],100,100,0,48.08231529859206,1.7586507708005479,47.99157505238182
translation,0.75,power_primary-356f35b04b73,power_primary,population_standardized,proteomics,standardized_feature,shape,100,100,0,1.1394653018204815e-15,3.13648564067042e-16,1.0975796362885913e-15
translation,0.75,power_primary-356f35b04b73,power_primary,observed_standardized,expression,standardized_feature,angle,100,100,0,21.35711580656857,30.530762934923402,12.389985430494535
translation,0.75,power_primary-356f35b04b73,power_primary,observed_standardized,expression,standardized_feature,delta,100,100,0,0.3419069004995403,0.22551951944710744,0.3011299313133051
translation,0.75,power_primary-356f35b04b73,power_primary,observed_standardized,expression,standardized_feature,path_length[A],100,100,0,38.72821760389427,1.2780110290186686,38.69749680440374
translation,0.75,power_primary-356f35b04b73,power_primary,observed_standardized,expression,standardized_feature,path_length[B],100,100,0,38.771660635688534,1.279672985637405,38.838155592436294
translation,0.75,power_primary-356f35b04b73,power_primary,observed_standardized,expression,standardized_feature,shape,100,100,0,0.01798700220717577,0.004861635821040587,0.01781381423313642
translation,0.75,power_primary-356f35b04b73,power_primary,observed_standardized,joint,standardized_feature,angle,100,100,0,19.22310978565078,29.10409016696015,12.15151343254475
translation,0.75,power_primary-356f35b04b73,power_primary,observed_standardized,joint,standardized_feature,delta,100,100,0,0.38826883786587885,0.3093400556853588,0.3014424628988053
translation,0.75,power_primary-356f35b04b73,power_primary,observed_standardized,joint,standardized_feature,path_length[A],100,100,0,84.78886848887811,2.2805280795285716,85.07036345364637
translation,0.75,power_primary-356f35b04b73,power_primary,observed_standardized,joint,standardized_feature,path_length[B],100,100,0,84.8583467033081,2.275676584346091,85.14585189222666
translation,0.75,power_primary-356f35b04b73,power_primary,observed_standardized,joint,standardized_feature,shape,100,100,0,0.009776652593127126,0.0044402171194224205,0.009222470509788746
translation,0.75,power_primary-356f35b04b73,power_primary,observed_standardized,methylation,standardized_feature,angle,100,100,0,34.11468615795357,40.69657134763829,17.791659965725202
translation,0.75,power_primary-356f35b04b73,power_primary,observed_standardized,methylation,standardized_feature,delta,100,100,0,0.436083958735779,0.3835591499365434,0.31823710098655056
translation,0.75,power_primary-356f35b04b73,power_primary,observed_standardized,methylation,standardized_feature,path_length[A],100,100,0,57.957873803792815,1.6809851254818775,57.94983798379562
translation,0.75,power_primary-356f35b04b73,power_primary,observed_standardized,methylation,standardized_feature,path_length[B],100,100,0,58.021508999918126,1.6744157883618147,58.19259909090038
translation,0.75,power_primary-356f35b04b73,power_primary,observed_standardized,methylation,standardized_feature,shape,100,100,0,0.017174493352994098,0.008713292059554413,0.016000163840655855
translation,0.75,power_primary-356f35b04b73,power_primary,observed_standardized,proteomics,standardized_feature,angle,100,100,0,14.175458053791575,28.080616248575442,8.48318437486627
translation,0.75,power_primary-356f35b04b73,power_primary,observed_standardized,proteomics,standardized_feature,delta,100,100,0,0.22015630208621212,0.14142927324604512,0.21397959115515164
translation,0.75,power_primary-356f35b04b73,power_primary,observed_standardized,proteomics,standardized_feature,path_length[A],100,100,0,48.217461069107706,1.7186098248124912,48.129437849112236
translation,0.75,power_primary-356f35b04b73,power_primary,observed_standardized,proteomics,standardized_feature,path_length[B],100,100,0,48.22716118257523,1.7258499939414351,48.189754244425835
translation,0.75,power_primary-356f35b04b73,power_primary,observed_standardized,proteomics,standardized_feature,shape,100,100,0,0.01082212470780879,0.003768727427391838,0.010105008094214999
translation,0.75,power_primary-356f35b04b73,power_primary,pls_latent,joint,pls_latent,angle,100,100,0,11.897636129337318,29.814944635656758,4.58531504149766
translation,0.75,power_primary-356f35b04b73,power_primary,pls_latent,joint,pls_latent,delta,100,100,0,0.37763137439210914,0.28425212797236715,0.3180365889300525
translation,0.75,power_primary-356f35b04b73,power_primary,pls_latent,joint,pls_latent,path_length[A],100,100,0,81.44828539550825,7.113049352261701,83.83072367118316
translation,0.75,power_primary-356f35b04b73,power_primary,pls_latent,joint,pls_latent,path_length[B],100,100,0,81.50699923011268,7.103905462869751,83.8861082124469
translation,0.75,power_primary-356f35b04b73,power_primary,pls_latent,joint,pls_latent,shape,100,100,0,0.009895309279186996,0.0045537816741976446,0.009080657119291874
translation,1.0,power_primary-ebe229f72db1,power_primary,population_native,expression,native_omic_units,angle,100,100,0,7.092459242407174e-07,8.708111011144767e-07,0.0
translation,1.0,type_i_baseline-82750f50d4bc,type_i_baseline,population_native,expression,native_omic_units,angle,100,100,0,6.583888521098797e-07,8.254150267670511e-07,0.0
translation,1.0,power_primary-ebe229f72db1,power_primary,population_native,expression,native_omic_units,delta,100,100,0,0.0,0.0,0.0
translation,1.0,type_i_baseline-82750f50d4bc,type_i_baseline,population_native,expression,native_omic_units,delta,100,100,0,0.0,0.0,0.0
translation,1.0,power_primary-ebe229f72db1,power_primary,population_native,expression,native_omic_units,path_length[A],100,100,0,44.50296170753463,1.4629041188467085,44.47395051852209
translation,1.0,type_i_baseline-82750f50d4bc,type_i_baseline,population_native,expression,native_omic_units,path_length[A],100,100,0,44.25844596446646,1.303086300653494,44.22002202611979
translation,1.0,power_primary-ebe229f72db1,power_primary,population_native,expression,native_omic_units,path_length[B],100,100,0,44.50296170753463,1.4629041188467085,44.47395051852209
translation,1.0,type_i_baseline-82750f50d4bc,type_i_baseline,population_native,expression,native_omic_units,path_length[B],100,100,0,44.25844596446646,1.303086300653494,44.22002202611979
translation,1.0,power_primary-ebe229f72db1,power_primary,population_native,expression,native_omic_units,shape,100,100,0,1.5252364284969756e-15,2.1643198542747402e-16,1.4896885903681732e-15
translation,1.0,type_i_baseline-82750f50d4bc,type_i_baseline,population_native,expression,native_omic_units,shape,100,100,0,1.4925469467269279e-15,2.7987989173992576e-16,1.467134845782781e-15
translation,1.0,power_primary-ebe229f72db1,power_primary,population_native,methylation,native_omic_units,angle,100,100,0,6.692578014244729e-07,8.561544230085932e-07,0.0
translation,1.0,type_i_baseline-82750f50d4bc,type_i_baseline,population_native,methylation,native_omic_units,angle,100,100,0,6.975735777979699e-07,8.676462153873104e-07,0.0
translation,1.0,power_primary-ebe229f72db1,power_primary,population_native,methylation,native_omic_units,delta,100,100,0,0.0,0.0,0.0
translation,1.0,type_i_baseline-82750f50d4bc,type_i_baseline,population_native,methylation,native_omic_units,delta,100,100,0,0.0,0.0,0.0
translation,1.0,power_primary-ebe229f72db1,power_primary,population_native,methylation,native_omic_units,path_length[A],100,100,0,65.1451050099554,1.9068914151799745,65.12416590912433
translation,1.0,type_i_baseline-82750f50d4bc,type_i_baseline,population_native,methylation,native_omic_units,path_length[A],100,100,0,64.96634758109028,1.7015333777046149,64.85320072802709
translation,1.0,power_primary-ebe229f72db1,power_primary,population_native,methylation,native_omic_units,path_length[B],100,100,0,65.1451050099554,1.9068914151799745,65.12416590912433
translation,1.0,type_i_baseline-82750f50d4bc,type_i_baseline,population_native,methylation,native_omic_units,path_length[B],100,100,0,64.96634758109028,1.7015333777046149,64.85320072802709
translation,1.0,power_primary-ebe229f72db1,power_primary,population_native,methylation,native_omic_units,shape,100,100,0,2.1464873020971086e-15,4.5713923662392e-16,2.0922101330827202e-15
translation,1.0,type_i_baseline-82750f50d4bc,type_i_baseline,population_native,methylation,native_omic_units,shape,100,100,0,2.1120217139122354e-15,2.966343543761145e-16,2.050443809704653e-15
translation,1.0,power_primary-ebe229f72db1,power_primary,population_native,proteomics,native_omic_units,angle,100,100,0,5.970063482451982e-07,8.145119009441357e-07,0.0
translation,1.0,type_i_baseline-82750f50d4bc,type_i_baseline,population_native,proteomics,native_omic_units,angle,100,100,0,7.558100264104876e-07,8.902161583945805e-07,0.0
translation,1.0,power_primary-ebe229f72db1,power_primary,population_native,proteomics,native_omic_units,delta,100,100,0,0.0,0.0,0.0
translation,1.0,type_i_baseline-82750f50d4bc,type_i_baseline,population_native,proteomics,native_omic_units,delta,100,100,0,0.0,0.0,0.0
translation,1.0,power_primary-ebe229f72db1,power_primary,population_native,proteomics,native_omic_units,path_length[A],100,100,0,49.43995775674261,1.8001531846878354,49.242355296257536
translation,1.0,type_i_baseline-82750f50d4bc,type_i_baseline,population_native,proteomics,native_omic_units,path_length[A],100,100,0,49.171163933830314,1.5300862289503168,49.05549538394048
translation,1.0,power_primary-ebe229f72db1,power_primary,population_native,proteomics,native_omic_units,path_length[B],100,100,0,49.43995775674261,1.8001531846878354,49.242355296257536
translation,1.0,type_i_baseline-82750f50d4bc,type_i_baseline,population_native,proteomics,native_omic_units,path_length[B],100,100,0,49.171163933830314,1.5300862289503168,49.05549538394048
translation,1.0,power_primary-ebe229f72db1,power_primary,population_native,proteomics,native_omic_units,shape,100,100,0,1.7275988250192197e-15,2.8022685592865504e-16,1.6808300062978104e-15
translation,1.0,type_i_baseline-82750f50d4bc,type_i_baseline,population_native,proteomics,native_omic_units,shape,100,100,0,1.7452829965205928e-15,2.447636474635932e-16,1.7160682873733052e-15
translation,1.0,power_primary-ebe229f72db1,power_primary,population_standardized,expression,standardized_feature,angle,100,100,0,7.101735592461734e-07,8.826498408040322e-07,0.0
translation,1.0,type_i_baseline-82750f50d4bc,type_i_baseline,population_standardized,expression,standardized_feature,angle,100,100,0,5.993230543324968e-07,7.70949923886656e-07,0.0
translation,1.0,power_primary-ebe229f72db1,power_primary,population_standardized,expression,standardized_feature,delta,100,100,0,0.0,0.0,0.0
translation,1.0,type_i_baseline-82750f50d4bc,type_i_baseline,population_standardized,expression,standardized_feature,delta,100,100,0,0.0,0.0,0.0
translation,1.0,power_primary-ebe229f72db1,power_primary,population_standardized,expression,standardized_feature,path_length[A],100,100,0,38.51605491490397,1.2974801658557438,38.46451449944061
translation,1.0,type_i_baseline-82750f50d4bc,type_i_baseline,population_standardized,expression,standardized_feature,path_length[A],100,100,0,38.3408982534751,1.0831713146444124,38.39730326467517
translation,1.0,power_primary-ebe229f72db1,power_primary,population_standardized,expression,standardized_feature,path_length[B],100,100,0,38.51605491490397,1.2974801658557438,38.46451449944061
translation,1.0,type_i_baseline-82750f50d4bc,type_i_baseline,population_standardized,expression,standardized_feature,path_length[B],100,100,0,38.3408982534751,1.0831713146444124,38.39730326467517
translation,1.0,power_primary-ebe229f72db1,power_primary,population_standardized,expression,standardized_feature,shape,100,100,0,1.097850886350681e-15,4.61985575850379e-16,1.0099654540051673e-15
translation,1.0,type_i_baseline-82750f50d4bc,type_i_baseline,population_standardized,expression,standardized_feature,shape,100,100,0,1.0290257665677751e-15,1.4021870347510448e-16,1.0073877942393409e-15
translation,1.0,power_primary-ebe229f72db1,power_primary,population_standardized,joint,standardized_feature,angle,100,100,0,7.321331533101036e-07,8.895256541376237e-07,0.0
translation,1.0,type_i_baseline-82750f50d4bc,type_i_baseline,population_standardized,joint,standardized_feature,angle,100,100,0,5.679156362965972e-07,7.71089763304335e-07,0.0
translation,1.0,power_primary-ebe229f72db1,power_primary,population_standardized,joint,standardized_feature,delta,100,100,0,0.0,0.0,0.0
translation,1.0,type_i_baseline-82750f50d4bc,type_i_baseline,population_standardized,joint,standardized_feature,delta,100,100,0,0.0,0.0,0.0
translation,1.0,power_primary-ebe229f72db1,power_primary,population_standardized,joint,standardized_feature,path_length[A],100,100,0,84.14877793308231,2.3338911245177525,84.3151198640256
translation,1.0,type_i_baseline-82750f50d4bc,type_i_baseline,population_standardized,joint,standardized_feature,path_length[A],100,100,0,83.95417094603283,1.9041832071420328,84.07415736229643
translation,1.0,power_primary-ebe229f72db1,power_primary,population_standardized,joint,standardized_feature,path_length[B],100,100,0,84.14877793308231,2.3338911245177525,84.3151198640256
translation,1.0,type_i_baseline-82750f50d4bc,type_i_baseline,population_standardized,joint,standardized_feature,path_length[B],100,100,0,83.95417094603283,1.9041832071420328,84.07415736229643
translation,1.0,power_primary-ebe229f72db1,power_primary,population_standardized,joint,standardized_feature,shape,100,100,0,1.261187416323133e-15,6.190149644629746e-16,1.1153900632371662e-15
translation,1.0,type_i_baseline-82750f50d4bc,type_i_baseline,population_standardized,joint,standardized_feature,shape,100,100,0,1.158313329997621e-15,1.9034392832191367e-16,1.1418450028535435e-15
translation,1.0,power_primary-ebe229f72db1,power_primary,population_standardized,methylation,standardized_feature,angle,100,100,0,7.737382901758138e-07,8.870594357283668e-07,0.0
translation,1.0,type_i_baseline-82750f50d4bc,type_i_baseline,population_standardized,methylation,standardized_feature,angle,100,100,0,7.048401948046465e-07,9.314965998574384e-07,0.0
translation,1.0,power_primary-ebe229f72db1,power_primary,population_standardized,methylation,standardized_feature,delta,100,100,0,0.0,0.0,0.0
translation,1.0,type_i_baseline-82750f50d4bc,type_i_baseline,population_standardized,methylation,standardized_feature,delta,100,100,0,0.0,0.0,0.0
translation,1.0,power_primary-ebe229f72db1,power_primary,population_standardized,methylation,standardized_feature,path_length[A],100,100,0,57.27658326417934,1.6593184756763868,57.26031660103817
translation,1.0,type_i_baseline-82750f50d4bc,type_i_baseline,population_standardized,methylation,standardized_feature,path_length[A],100,100,0,57.282631585076516,1.493217181353112,57.14794554128957
translation,1.0,power_primary-ebe229f72db1,power_primary,population_standardized,methylation,standardized_feature,path_length[B],100,100,0,57.27658326417934,1.6593184756763868,57.26031660103817
translation,1.0,type_i_baseline-82750f50d4bc,type_i_baseline,population_standardized,methylation,standardized_feature,path_length[B],100,100,0,57.282631585076516,1.493217181353112,57.14794554128957
translation,1.0,power_primary-ebe229f72db1,power_primary,population_standardized,methylation,standardized_feature,shape,100,100,0,1.0936697340109058e-15,3.4295058640572117e-16,1.0403005517714667e-15
translation,1.0,type_i_baseline-82750f50d4bc,type_i_baseline,population_standardized,methylation,standardized_feature,shape,100,100,0,1.1169451535055435e-15,4.50673548581432e-16,1.0362622229349558e-15
translation,1.0,power_primary-ebe229f72db1,power_primary,population_standardized,proteomics,standardized_feature,angle,100,100,0,6.877038298204589e-07,8.456239903261293e-07,0.0
translation,1.0,type_i_baseline-82750f50d4bc,type_i_baseline,population_standardized,proteomics,standardized_feature,angle,100,100,0,7.499908919850459e-07,8.869103275146145e-07,0.0
translation,1.0,power_primary-ebe229f72db1,power_primary,population_standardized,proteomics,standardized_feature,delta,100,100,0,0.0,0.0,0.0
translation,1.0,type_i_baseline-82750f50d4bc,type_i_baseline,population_standardized,proteomics,standardized_feature,delta,100,100,0,0.0,0.0,0.0
translation,1.0,power_primary-ebe229f72db1,power_primary,population_standardized,proteomics,standardized_feature,path_length[A],100,100,0,48.082674020336256,1.7579520859348208,47.99157505238182
translation,1.0,type_i_baseline-82750f50d4bc,type_i_baseline,population_standardized,proteomics,standardized_feature,path_length[A],100,100,0,47.874781232916504,1.450596578518182,47.883824360798386
translation,1.0,power_primary-ebe229f72db1,power_primary,population_standardized,proteomics,standardized_feature,path_length[B],100,100,0,48.082674020336256,1.7579520859348208,47.99157505238182
translation,1.0,type_i_baseline-82750f50d4bc,type_i_baseline,population_standardized,proteomics,standardized_feature,path_length[B],100,100,0,47.874781232916504,1.450596578518182,47.883824360798386
translation,1.0,power_primary-ebe229f72db1,power_primary,population_standardized,proteomics,standardized_feature,shape,100,100,0,1.1409580682974402e-15,3.1348812065409584e-16,1.0984955221316424e-15
translation,1.0,type_i_baseline-82750f50d4bc,type_i_baseline,population_standardized,proteomics,standardized_feature,shape,100,100,0,1.135422215050195e-15,3.289900275481564e-16,1.0774036654291838e-15
translation,1.0,power_primary-ebe229f72db1,power_primary,observed_standardized,expression,standardized_feature,angle,100,100,0,21.322857593329978,30.54299614634871,12.389985430494535
translation,1.0,type_i_baseline-82750f50d4bc,type_i_baseline,observed_standardized,expression,standardized_feature,angle,100,100,0,19.12420429881835,24.650481092269107,12.329149573516672
translation,1.0,power_primary-ebe229f72db1,power_primary,observed_standardized,expression,standardized_feature,delta,100,100,0,0.34246105710000047,0.22540875364109472,0.3024895873515199
translation,1.0,type_i_baseline-82750f50d4bc,type_i_baseline,observed_standardized,expression,standardized_feature,delta,100,100,0,0.2939933424523641,0.23145872911526746,0.24667781257203814
translation,1.0,power_primary-ebe229f72db1,power_primary,observed_standardized,expression,standardized_feature,path_length[A],100,100,0,38.72623457071928,1.2799022442195669,38.69749680440374
translation,1.0,type_i_baseline-82750f50d4bc,type_i_baseline,observed_standardized,expression,standardized_feature,path_length[A],100,100,0,38.59811041685218,1.1050860154172657,38.6982710919944
translation,1.0,power_primary-ebe229f72db1,power_primary,observed_standardized,expression,standardized_feature,path_length[B],100,100,0,38.770231759114,1.2807481792269082,38.838155592436294
translation,1.0,type_i_baseline-82750f50d4bc,type_i_baseline,observed_standardized,expression,standardized_feature,path_length[B],100,100,0,38.62106893003113,1.0641075989737316,38.71269746264517
translation,1.0,power_primary-ebe229f72db1,power_primary,observed_standardized,expression,standardized_feature,shape,100,100,0,0.017951912098827964,0.004892961301597994,0.01781381423313642
translation,1.0,type_i_baseline-82750f50d4bc,type_i_baseline,observed_standardized,expression,standardized_feature,shape,100,100,0,0.018243793369218077,0.006151194176903372,0.017380057358662798
translation,1.0,power_primary-ebe229f72db1,power_primary,observed_standardized,joint,standardized_feature,angle,100,100,0,19.23354425519991,29.10766800128464,12.15151343254475
translation,1.0,type_i_baseline-82750f50d4bc,type_i_baseline,observed_standardized,joint,standardized_feature,angle,100,100,0,20.475699810708463,33.326884244783905,11.36638942959789
translation,1.0,power_primary-ebe229f72db1,power_primary,observed_standardized,joint,standardized_feature,delta,100,100,0,0.38703408689457747,0.30953283125422304,0.29766767696047225
translation,1.0,type_i_baseline-82750f50d4bc,type_i_baseline,observed_standardized,joint,standardized_feature,delta,100,100,0,0.37976268920986,0.3249145697052987,0.2822899106881991
translation,1.0,power_primary-ebe229f72db1,power_primary,observed_standardized,joint,standardized_feature,path_length[A],100,100,0,84.78779861373091,2.283265209204587,85.07036345364637
translation,1.0,type_i_baseline-82750f50d4bc,type_i_baseline,observed_standardized,joint,standardized_feature,path_length[A],100,100,0,84.64842154945804,1.8768241464397037,84.60640103000335
translation,1.0,power_primary-ebe229f72db1,power_primary,observed_standardized,joint,standardized_feature,path_length[B],100,100,0,84.8560420771896,2.2813046304127025,85.14585189222666
translation,1.0,type_i_baseline-82750f50d4bc,type_i_baseline,observed_standardized,joint,standardized_feature,path_length[B],100,100,0,84.6634428280396,1.923344261746748,84.83251631459694
translation,1.0,power_primary-ebe229f72db1,power_primary,observed_standardized,joint,standardized_feature,shape,100,100,0,0.009816109525828128,0.004426048124959255,0.009439347249757205
translation,1.0,type_i_baseline-82750f50d4bc,type_i_baseline,observed_standardized,joint,standardized_feature,shape,100,100,0,0.009974164473194425,0.004041810233931889,0.009803424792145233
translation,1.0,power_primary-ebe229f72db1,power_primary,observed_standardized,methylation,standardized_feature,angle,100,100,0,34.248776785306674,40.64660634055953,17.898893450494985
translation,1.0,type_i_baseline-82750f50d4bc,type_i_baseline,observed_standardized,methylation,standardized_feature,angle,100,100,0,30.523120499607927,39.195308221125394,17.157168196463587
translation,1.0,power_primary-ebe229f72db1,power_primary,observed_standardized,methylation,standardized_feature,delta,100,100,0,0.4332631982954242,0.38540883892246286,0.3143619731474345
translation,1.0,type_i_baseline-82750f50d4bc,type_i_baseline,observed_standardized,methylation,standardized_feature,delta,100,100,0,0.4278387195170575,0.3699571330476147,0.3116173003833502
translation,1.0,power_primary-ebe229f72db1,power_primary,observed_standardized,methylation,standardized_feature,path_length[A],100,100,0,57.95722044423597,1.6828368620191985,57.94983798379562
translation,1.0,type_i_baseline-82750f50d4bc,type_i_baseline,observed_standardized,methylation,standardized_feature,path_length[A],100,100,0,58.006187155197004,1.4642477223823351,57.79708061141253
translation,1.0,power_primary-ebe229f72db1,power_primary,observed_standardized,methylation,standardized_feature,path_length[B],100,100,0,58.018034879920926,1.6840211205297,58.19259909090038
translation,1.0,type_i_baseline-82750f50d4bc,type_i_baseline,observed_standardized,methylation,standardized_feature,path_length[B],100,100,0,58.008216548035996,1.5334666645481798,57.80479562418874
translation,1.0,power_primary-ebe229f72db1,power_primary,observed_standardized,methylation,standardized_feature,shape,100,100,0,0.017292733884292505,0.008658657029301743,0.01604200724169129
translation,1.0,type_i_baseline-82750f50d4bc,type_i_baseline,observed_standardized,methylation,standardized_feature,shape,100,100,0,0.01751167120885627,0.00782386504753308,0.016496250316368893
translation,1.0,power_primary-ebe229f72db1,power_primary,observed_standardized,proteomics,standardized_feature,angle,100,100,0,14.017661986816435,28.041587102851153,8.48318437486627
translation,1.0,type_i_baseline-82750f50d4bc,type_i_baseline,observed_standardized,proteomics,standardized_feature,angle,100,100,0,13.472339358821937,27.77046401960143,8.0710748670626
translation,1.0,power_primary-ebe229f72db1,power_primary,observed_standardized,proteomics,standardized_feature,delta,100,100,0,0.22097829422826018,0.140918297018563,0.21397959115515164
translation,1.0,type_i_baseline-82750f50d4bc,type_i_baseline,observed_standardized,proteomics,standardized_feature,delta,100,100,0,0.21559884917436706,0.18439754534020322,0.1787870182123008
translation,1.0,power_primary-ebe229f72db1,power_primary,observed_standardized,proteomics,standardized_feature,path_length[A],100,100,0,48.21786077203609,1.7177827925677769,48.129437849112236
translation,1.0,type_i_baseline-82750f50d4bc,type_i_baseline,observed_standardized,proteomics,standardized_feature,path_length[A],100,100,0,48.01701481274895,1.4446514568669453,48.080598874796145
translation,1.0,power_primary-ebe229f72db1,power_primary,observed_standardized,proteomics,standardized_feature,path_length[B],100,100,0,48.228382877645664,1.7234200235012607,48.189754244425835
translation,1.0,type_i_baseline-82750f50d4bc,type_i_baseline,observed_standardized,proteomics,standardized_feature,path_length[B],100,100,0,48.023150917576025,1.4528575576474085,48.054159805468316
translation,1.0,power_primary-ebe229f72db1,power_primary,observed_standardized,proteomics,standardized_feature,shape,100,100,0,0.010797782306499139,0.0037711916479853985,0.010049361254596878
translation,1.0,type_i_baseline-82750f50d4bc,type_i_baseline,observed_standardized,proteomics,standardized_feature,shape,100,100,0,0.010875047955456458,0.0036116090509336605,0.010683277417785152
translation,1.0,power_primary-ebe229f72db1,power_primary,pls_latent,joint,pls_latent,angle,100,100,0,11.947673824472663,29.840545925801635,4.58531504149766
translation,1.0,type_i_baseline-82750f50d4bc,type_i_baseline,pls_latent,joint,pls_latent,angle,100,100,0,13.755767550052088,36.50572049368991,4.051766436005489
translation,1.0,power_primary-ebe229f72db1,power_primary,pls_latent,joint,pls_latent,delta,100,100,0,0.37663876585426187,0.2844905557244184,0.31122909215825345
translation,1.0,type_i_baseline-82750f50d4bc,type_i_baseline,pls_latent,joint,pls_latent,delta,100,100,0,0.3672961906023711,0.3272933058245179,0.2652675699654452
translation,1.0,power_primary-ebe229f72db1,power_primary,pls_latent,joint,pls_latent,path_length[A],100,100,0,81.69770122672361,6.536404224962814,83.83072367118316
translation,1.0,type_i_baseline-82750f50d4bc,type_i_baseline,pls_latent,joint,pls_latent,path_length[A],100,100,0,80.37372351464654,7.314370536636897,83.14162091227263
translation,1.0,power_primary-ebe229f72db1,power_primary,pls_latent,joint,pls_latent,path_length[B],100,100,0,81.7554224527902,6.538503002634882,83.8861082124469
translation,1.0,type_i_baseline-82750f50d4bc,type_i_baseline,pls_latent,joint,pls_latent,path_length[B],100,100,0,80.35794174112449,7.3713889502691,83.15420905204235
translation,1.0,power_primary-ebe229f72db1,power_primary,pls_latent,joint,pls_latent,shape,100,100,0,0.009913169103602924,0.004551618974683936,0.009260871654927057
translation,1.0,type_i_baseline-82750f50d4bc,type_i_baseline,pls_latent,joint,pls_latent,shape,100,100,0,0.010391823021503628,0.004449974360982856,0.01026249388685977
