trajectory_mode,effect_size,cell_id,phase,checkpoint,scope,measurement_space,statistic,n_replicates,n_available,n_unavailable,mean,sd,median
none,0.0,power_design-0d06c593d4a5,power_design,population_native,expression,native_omic_units,angle,500,500,0,5.201158705157992e-07,6.690600361033484e-07,0.0
none,0.0,power_design-39eda992298f,power_design,population_native,expression,native_omic_units,angle,500,500,0,5.201158705157992e-07,6.690600361033484e-07,0.0
none,0.0,power_design-41024c5d18dc,power_design,population_native,expression,native_omic_units,angle,500,500,0,5.201158705157992e-07,6.690600361033484e-07,0.0
none,0.0,power_primary-1a2e4088b485,power_primary,population_native,expression,native_omic_units,angle,500,500,0,5.201158705157992e-07,6.690600361033484e-07,0.0
none,0.0,power_design-0d06c593d4a5,power_design,population_native,expression,native_omic_units,delta,500,500,0,0.0,0.0,0.0
none,0.0,power_design-39eda992298f,power_design,population_native,expression,native_omic_units,delta,500,500,0,0.0,0.0,0.0
none,0.0,power_design-41024c5d18dc,power_design,population_native,expression,native_omic_units,delta,500,500,0,0.0,0.0,0.0
none,0.0,power_primary-1a2e4088b485,power_primary,population_native,expression,native_omic_units,delta,500,500,0,0.0,0.0,0.0
none,0.0,power_design-0d06c593d4a5,power_design,population_native,expression,native_omic_units,path_length[A],500,500,0,25.480784886701134,1.2737016299900132,25.581932925595176
none,0.0,power_design-39eda992298f,power_design,population_native,expression,native_omic_units,path_length[A],500,500,0,25.480784886701134,1.2737016299900132,25.581932925595176
none,0.0,power_design-41024c5d18dc,power_design,population_native,expression,native_omic_units,path_length[A],500,500,0,25.480784886701134,1.2737016299900132,25.581932925595176
none,0.0,power_primary-1a2e4088b485,power_primary,population_native,expression,native_omic_units,path_length[A],500,500,0,25.480784886701134,1.2737016299900132,25.581932925595176
none,0.0,power_design-0d06c593d4a5,power_design,population_native,expression,native_omic_units,path_length[B],500,500,0,25.480784886701134,1.2737016299900132,25.581932925595176
none,0.0,power_design-39eda992298f,power_design,population_native,expression,native_omic_units,path_length[B],500,500,0,25.480784886701134,1.2737016299900132,25.581932925595176
none,0.0,power_design-41024c5d18dc,power_design,population_native,expression,native_omic_units,path_length[B],500,500,0,25.480784886701134,1.2737016299900132,25.581932925595176
none,0.0,power_primary-1a2e4088b485,power_primary,population_native,expression,native_omic_units,path_length[B],500,500,0,25.480784886701134,1.2737016299900132,25.581932925595176
none,0.0,power_design-0d06c593d4a5,power_design,population_native,expression,native_omic_units,shape,500,500,0,1.2791096750747415e-15,4.991919368331225e-16,1.2104266292745263e-15
none,0.0,power_design-39eda992298f,power_design,population_native,expression,native_omic_units,shape,500,500,0,1.2791096750747415e-15,4.991919368331225e-16,1.2104266292745263e-15
none,0.0,power_design-41024c5d18dc,power_design,population_native,expression,native_omic_units,shape,500,500,0,1.2791096750747415e-15,4.991919368331225e-16,1.2104266292745263e-15
none,0.0,power_primary-1a2e4088b485,power_primary,population_native,expression,native_omic_units,shape,500,500,0,1.2791096750747415e-15,4.991919368331225e-16,1.2104266292745263e-15
none,0.0,power_design-0d06c593d4a5,power_design,population_native,methylation,native_omic_units,angle,500,500,0,5.058398435156302e-07,7.000514863720436e-07,0.0
none,0.0,power_design-39eda992298f,power_design,population_native,methylation,native_omic_units,angle,500,500,0,5.058398435156302e-07,7.000514863720436e-07,0.0
none,0.0,power_design-41024c5d18dc,power_design,population_native,methylation,native_omic_units,angle,500,500,0,5.058398435156302e-07,7.000514863720436e-07,0.0
none,0.0,power_primary-1a2e4088b485,power_primary,population_native,methylation,native_omic_units,angle,500,500,0,5.058398435156302e-07,7.000514863720436e-07,0.0
none,0.0,power_design-0d06c593d4a5,power_design,population_native,methylation,native_omic_units,delta,500,500,0,0.0,0.0,0.0
none,0.0,power_design-39eda992298f,power_design,population_native,methylation,native_omic_units,delta,500,500,0,0.0,0.0,0.0
none,0.0,power_design-41024c5d18dc,power_design,population_native,methylation,native_omic_units,delta,500,500,0,0.0,0.0,0.0
none,0.0,power_primary-1a2e4088b485,power_primary,population_native,methylation,native_omic_units,delta,500,500,0,0.0,0.0,0.0
none,0.0,power_design-0d06c593d4a5,power_design,population_native,methylation,native_omic_units,path_length[A],500,500,0,32.57812365465419,1.541146180916717,32.607708397069054
none,0.0,power_design-39eda992298f,power_design,population_native,methylation,native_omic_units,path_length[A],500,500,0,32.57812365465419,1.541146180916717,32.607708397069054
none,0.0,power_design-41024c5d18dc,power_design,population_native,methylation,native_omic_units,path_length[A],500,500,0,32.57812365465419,1.541146180916717,32.607708397069054
none,0.0,power_primary-1a2e4088b485,power_primary,population_native,methylation,native_omic_units,path_length[A],500,500,0,32.57812365465419,1.541146180916717,32.607708397069054
none,0.0,power_design-0d06c593d4a5,power_design,population_native,methylation,native_omic_units,path_length[B],500,500,0,32.57812365465419,1.541146180916717,32.607708397069054
none,0.0,power_design-39eda992298f,power_design,population_native,methylation,native_omic_units,path_length[B],500,500,0,32.57812365465419,1.541146180916717,32.607708397069054
none,0.0,power_design-41024c5d18dc,power_design,population_native,methylation,native_omic_units,path_length[B],500,500,0,32.57812365465419,1.541146180916717,32.607708397069054
none,0.0,power_primary-1a2e4088b485,power_primary,population_native,methylation,native_omic_units,path_length[B],500,500,0,32.57812365465419,1.541146180916717,32.607708397069054
none,0.0,power_design-0d06c593d4a5,power_design,population_native,methylation,native_omic_units,shape,500,500,0,2.1075218735876665e-15,1.2156379984950854e-15,1.7013001075796515e-15
none,0.0,power_design-39eda992298f,power_design,population_native,methylation,native_omic_units,shape,500,500,0,2.1075218735876665e-15,1.2156379984950854e-15,1.7013001075796515e-15
none,0.0,power_design-41024c5d18dc,power_design,population_native,methylation,native_omic_units,shape,500,500,0,2.1075218735876665e-15,1.2156379984950854e-15,1.7013001075796515e-15
none,0.0,power_primary-1a2e4088b485,power_primary,population_native,methylation,native_omic_units,shape,500,500,0,2.1075218735876665e-15,1.2156379984950854e-15,1.7013001075796515e-15
none,0.0,power_design-0d06c593d4a5,power_design,population_native,proteomics,native_omic_units,angle,500,500,0,4.984367386400906e-07,6.57104731385565e-07,0.0
none,0.0,power_design-41024c5d18dc,power_design,population_native,proteomics,native_omic_units,angle,500,500,0,4.984367386400906e-07,6.57104731385565e-07,0.0
none,0.0,power_design-0d06c593d4a5,power_design,population_native,proteomics,native_omic_units,delta,500,500,0,0.0,0.0,0.0
none,0.0,power_design-41024c5d18dc,power_design,population_native,proteomics,native_omic_units,delta,500,500,0,0.0,0.0,0.0
none,0.0,power_design-0d06c593d4a5,power_design,population_native,proteomics,native_omic_units,path_length[A],500,500,0,28.24749964700159,1.4952872096038166,28.233128708517363
none,0.0,power_design-41024c5d18dc,power_design,population_native,proteomics,native_omic_units,path_length[A],500,500,0,28.24749964700159,1.4952872096038166,28.233128708517363
none,0.0,power_design-0d06c593d4a5,power_design,population_native,proteomics,native_omic_units,path_length[B],500,500,0,28.24749964700159,1.4952872096038166,28.233128708517363
none,0.0,power_design-41024c5d18dc,power_design,population_native,proteomics,native_omic_units,path_length[B],500,500,0,28.24749964700159,1.4952872096038166,28.233128708517363
none,0.0,power_design-0d06c593d4a5,power_design,population_native,proteomics,native_omic_units,shape,500,500,0,1.5664486416594479e-15,7.580947165541609e-16,1.391489930817614e-15
none,0.0,power_design-41024c5d18dc,power_design,population_native,proteomics,native_omic_units,shape,500,500,0,1.5664486416594479e-15,7.580947165541609e-16,1.391489930817614e-15
none,0.0,power_design-0d06c593d4a5,power_design,population_standardized,expression,standardized_feature,angle,500,500,0,4.927295985019012e-07,6.35497237777233e-07,0.0
none,0.0,power_design-39eda992298f,power_design,population_standardized,expression,standardized_feature,angle,500,500,0,4.927295985019012e-07,6.35497237777233e-07,0.0
none,0.0,power_design-41024c5d18dc,power_design,population_standardized,expression,standardized_feature,angle,500,500,0,4.70837113220261e-07,6.197515883601815e-07,0.0
none,0.0,power_primary-1a2e4088b485,power_primary,population_standardized,expression,standardized_feature,angle,500,500,0,4.70837113220261e-07,6.197515883601815e-07,0.0
none,0.0,power_design-0d06c593d4a5,power_design,population_standardized,expression,standardized_feature,delta,500,500,0,0.0,0.0,0.0
none,0.0,power_design-39eda992298f,power_design,population_standardized,expression,standardized_feature,delta,500,500,0,0.0,0.0,0.0
none,0.0,power_design-41024c5d18dc,power_design,population_standardized,expression,standardized_feature,delta,500,500,0,0.0,0.0,0.0
none,0.0,power_primary-1a2e4088b485,power_primary,population_standardized,expression,standardized_feature,delta,500,500,0,0.0,0.0,0.0
none,0.0,power_design-0d06c593d4a5,power_design,population_standardized,expression,standardized_feature,path_length[A],500,500,0,22.480506777889378,1.2240289059514227,22.49636023575234
none,0.0,power_design-39eda992298f,power_design,population_standardized,expression,standardized_feature,path_length[A],500,500,0,22.480506777889378,1.2240289059514227,22.49636023575234
none,0.0,power_design-41024c5d18dc,power_design,population_standardized,expression,standardized_feature,path_length[A],500,500,0,22.425600356564278,1.2138136247362241,22.40273109845231
none,0.0,power_primary-1a2e4088b485,power_primary,population_standardized,expression,standardized_feature,path_length[A],500,500,0,22.425600356564278,1.2138136247362241,22.40273109845231
none,0.0,power_design-0d06c593d4a5,power_design,population_standardized,expression,standardized_feature,path_length[B],500,500,0,22.480506777889378,1.2240289059514227,22.49636023575234
none,0.0,power_design-39eda992298f,power_design,population_standardized,expression,standardized_feature,path_length[B],500,500,0,22.480506777889378,1.2240289059514227,22.49636023575234
none,0.0,power_design-41024c5d18dc,power_design,population_standardized,expression,standardized_feature,path_length[B],500,500,0,22.425600356564278,1.2138136247362241,22.40273109845231
none,0.0,power_primary-1a2e4088b485,power_primary,population_standardized,expression,standardized_feature,path_length[B],500,500,0,22.425600356564278,1.2138136247362241,22.40273109845231
none,0.0,power_design-0d06c593d4a5,power_design,population_standardized,expression,standardized_feature,shape,500,500,0,1.064311185842233e-15,7.360647526225081e-16,8.989519644790844e-16
none,0.0,power_design-39eda992298f,power_design,population_standardized,expression,standardized_feature,shape,500,500,0,1.064311185842233e-15,7.360647526225081e-16,8.989519644790844e-16
none,0.0,power_design-41024c5d18dc,power_design,population_standardized,expression,standardized_feature,shape,500,500,0,1.0695762711046983e-15,6.95698916068141e-16,9.0970882803273e-16
none,0.0,power_primary-1a2e4088b485,power_primary,population_standardized,expression,standardized_feature,shape,500,500,0,1.0695762711046983e-15,6.95698916068141e-16,9.0970882803273e-16
none,0.0,power_design-0d06c593d4a5,power_design,population_standardized,joint,standardized_feature,angle,500,500,0,4.192053643688159e-07,6.012336429376225e-07,0.0
none,0.0,power_design-39eda992298f,power_design,population_standardized,joint,standardized_feature,angle,500,500,0,4.7251391298557513e-07,6.31328468677386e-07,0.0
none,0.0,power_design-41024c5d18dc,power_design,population_standardized,joint,standardized_feature,angle,500,500,0,5.105273389971877e-07,6.454778376036135e-07,0.0
none,0.0,power_primary-1a2e4088b485,power_primary,population_standardized,joint,standardized_feature,angle,500,500,0,4.5091084227518654e-07,6.286429321950154e-07,0.0
none,0.0,power_design-0d06c593d4a5,power_design,population_standardized,joint,standardized_feature,delta,500,500,0,0.0,0.0,0.0
none,0.0,power_design-39eda992298f,power_design,population_standardized,joint,standardized_feature,delta,500,500,0,0.0,0.0,0.0
none,0.0,power_design-41024c5d18dc,power_design,population_standardized,joint,standardized_feature,delta,500,500,0,0.0,0.0,0.0
none,0.0,power_primary-1a2e4088b485,power_primary,population_standardized,joint,standardized_feature,delta,500,500,0,0.0,0.0,0.0
none,0.0,power_design-0d06c593d4a5,power_design,population_standardized,joint,standardized_feature,path_length[A],500,500,0,46.31995810290975,2.168518174994284,46.33216506262099
none,0.0,power_design-39eda992298f,power_design,population_standardized,joint,standardized_feature,path_length[A],500,500,0,36.80999194042212,1.689034968836471,36.78279925514103
none,0.0,power_design-41024c5d18dc,power_design,population_standardized,joint,standardized_feature,path_length[A],500,500,0,46.186686076839486,2.165277485870293,46.243475648537625
none,0.0,power_primary-1a2e4088b485,power_primary,population_standardized,joint,standardized_feature,path_length[A],500,500,0,36.69640823709273,1.6973109875673034,36.64799522542257
none,0.0,power_design-0d06c593d4a5,power_design,population_standardized,joint,standardized_feature,path_length[B],500,500,0,46.31995810290975,2.168518174994284,46.33216506262099
none,0.0,power_design-39eda992298f,power_design,population_standardized,joint,standardized_feature,path_length[B],500,500,0,36.80999194042212,1.689034968836471,36.78279925514103
none,0.0,power_design-41024c5d18dc,power_design,population_standardized,joint,standardized_feature,path_length[B],500,500,0,46.186686076839486,2.165277485870293,46.243475648537625
none,0.0,power_primary-1a2e4088b485,power_primary,population_standardized,joint,standardized_feature,path_length[B],500,500,0,36.69640823709273,1.6973109875673034,36.64799522542257
none,0.0,power_design-0d06c593d4a5,power_design,population_standardized,joint,standardized_feature,shape,500,500,0,1.2471262415385692e-15,8.126469871077193e-16,1.0368175861881497e-15
none,0.0,power_design-39eda992298f,power_design,population_standardized,joint,standardized_feature,shape,500,500,0,1.2668306221820975e-15,9.357650480184166e-16,1.0213257157184815e-15
none,0.0,power_design-41024c5d18dc,power_design,population_standardized,joint,standardized_feature,shape,500,500,0,1.3054478153702291e-15,9.818550036699088e-16,1.0354709337497954e-15
none,0.0,power_primary-1a2e4088b485,power_primary,population_standardized,joint,standardized_feature,shape,500,500,0,1.2521274705508605e-15,8.988711863920008e-16,1.005186713935785e-15
none,0.0,power_design-0d06c593d4a5,power_design,population_standardized,methylation,standardized_feature,angle,500,500,0,5.023828411960653e-07,6.484793555774139e-07,0.0
none,0.0,power_design-39eda992298f,power_design,population_standardized,methylation,standardized_feature,angle,500,500,0,5.023828411960653e-07,6.484793555774139e-07,0.0
none,0.0,power_design-41024c5d18dc,power_design,population_standardized,methylation,standardized_feature,angle,500,500,0,5.2331273791121e-07,6.374312926307983e-07,0.0
none,0.0,power_primary-1a2e4088b485,power_primary,population_standardized,methylation,standardized_feature,angle,500,500,0,5.2331273791121e-07,6.374312926307983e-07,0.0
none,0.0,power_design-0d06c593d4a5,power_design,population_standardized,methylation,standardized_feature,delta,500,500,0,0.0,0.0,0.0
none,0.0,power_design-39eda992298f,power_design,population_standardized,methylation,standardized_feature,delta,500,500,0,0.0,0.0,0.0
none,0.0,power_design-41024c5d18dc,power_design,population_standardized,methylation,standardized_feature,delta,500,500,0,0.0,0.0,0.0
none,0.0,power_primary-1a2e4088b485,power_primary,population_standardized,methylation,standardized_feature,delta,500,500,0,0.0,0.0,0.0
none,0.0,power_design-0d06c593d4a5,power_design,population_standardized,methylation,standardized_feature,path_length[A],500,500,0,29.12781831311088,1.4644212328934434,29.11082676149589
none,0.0,power_design-39eda992298f,power_design,population_standardized,methylation,standardized_feature,path_length[A],500,500,0,29.12781831311088,1.4644212328934434,29.11082676149589
none,0.0,power_design-41024c5d18dc,power_design,population_standardized,methylation,standardized_feature,path_length[A],500,500,0,29.027507555944304,1.4640300787373466,29.04305022653914
none,0.0,power_primary-1a2e4088b485,power_primary,population_standardized,methylation,standardized_feature,path_length[A],500,500,0,29.027507555944304,1.4640300787373466,29.04305022653914
none,0.0,power_design-0d06c593d4a5,power_design,population_standardized,methylation,standardized_feature,path_length[B],500,500,0,29.12781831311088,1.4644212328934434,29.11082676149589
none,0.0,power_design-39eda992298f,power_design,population_standardized,methylation,standardized_feature,path_length[B],500,500,0,29.12781831311088,1.4644212328934434,29.11082676149589
none,0.0,power_design-41024c5d18dc,power_design,population_standardized,methylation,standardized_feature,path_length[B],500,500,0,29.027507555944304,1.4640300787373466,29.04305022653914
none,0.0,power_primary-1a2e4088b485,power_primary,population_standardized,methylation,standardized_feature,path_length[B],500,500,0,29.027507555944304,1.4640300787373466,29.04305022653914
none,0.0,power_design-0d06c593d4a5,power_design,population_standardized,methylation,standardized_feature,shape,500,500,0,1.234951735022869e-15,1.0718816411405549e-15,9.03958206172942e-16
none,0.0,power_design-39eda992298f,power_design,population_standardized,methylation,standardized_feature,shape,500,500,0,1.234951735022869e-15,1.0718816411405549e-15,9.03958206172942e-16
none,0.0,power_design-41024c5d18dc,power_design,population_standardized,methylation,standardized_feature,shape,500,500,0,1.1818096517342802e-15,1.0070413654811072e-15,8.953773518070157e-16
none,0.0,power_primary-1a2e4088b485,power_primary,population_standardized,methylation,standardized_feature,shape,500,500,0,1.1818096517342802e-15,1.0070413654811072e-15,8.953773518070157e-16
none,0.0,power_design-0d06c593d4a5,power_design,population_standardized,proteomics,standardized_feature,angle,500,500,0,5.014986120893366e-07,6.636302135958319e-07,0.0
none,0.0,power_design-41024c5d18dc,power_design,population_standardized,proteomics,standardized_feature,angle,500,500,0,4.5850083110663905e-07,6.172291122799914e-07,0.0
none,0.0,power_design-0d06c593d4a5,power_design,population_standardized,proteomics,standardized_feature,delta,500,500,0,0.0,0.0,0.0
none,0.0,power_design-41024c5d18dc,power_design,population_standardized,proteomics,standardized_feature,delta,500,500,0,0.0,0.0,0.0
none,0.0,power_design-0d06c593d4a5,power_design,population_standardized,proteomics,standardized_feature,path_length[A],500,500,0,28.096356701991663,1.6299287655913295,28.035519659881324
none,0.0,power_design-41024c5d18dc,power_design,population_standardized,proteomics,standardized_feature,path_length[A],500,500,0,28.026231312682636,1.5982482334618986,27.963538598283627
none,0.0,power_design-0d06c593d4a5,power_design,population_standardized,proteomics,standardized_feature,path_length[B],500,500,0,28.096356701991663,1.6299287655913295,28.035519659881324
none,0.0,power_design-41024c5d18dc,power_design,population_standardized,proteomics,standardized_feature,path_length[B],500,500,0,28.026231312682636,1.5982482334618986,27.963538598283627
none,0.0,power_design-0d06c593d4a5,power_design,population_standardized,proteomics,standardized_feature,shape,500,500,0,1.212269470462923e-15,8.924370624667827e-16,9.909694799900985e-16
none,0.0,power_design-41024c5d18dc,power_design,population_standardized,proteomics,standardized_feature,shape,500,500,0,1.118432947175016e-15,6.164104882863289e-16,9.785401169965783e-16
none,0.0,power_design-0d06c593d4a5,power_design,observed_standardized,expression,standardized_feature,angle,500,500,0,43.40377115729286,34.35937460035609,31.52814991227389
none,0.0,power_design-39eda992298f,power_design,observed_standardized,expression,standardized_feature,angle,500,500,0,43.40377115729286,34.35937460035609,31.52814991227389
none,0.0,power_design-41024c5d18dc,power_design,observed_standardized,expression,standardized_feature,angle,500,500,0,40.765296624214685,32.40802519368292,29.948972909434758
none,0.0,power_primary-1a2e4088b485,power_primary,observed_standardized,expression,standardized_feature,angle,500,500,0,40.765296624214685,32.40802519368292,29.948972909434758
none,0.0,power_design-0d06c593d4a5,power_design,observed_standardized,expression,standardized_feature,delta,500,500,0,0.5610308228361434,0.4519403380164672,0.43964669135588785
none,0.0,power_design-39eda992298f,power_design,observed_standardized,expression,standardized_feature,delta,500,500,0,0.5610308228361434,0.4519403380164672,0.43964669135588785
none,0.0,power_design-41024c5d18dc,power_design,observed_standardized,expression,standardized_feature,delta,500,500,0,0.5597827225456764,0.42531083856874485,0.5076035778015058
none,0.0,power_primary-1a2e4088b485,power_primary,observed_standardized,expression,standardized_feature,delta,500,500,0,0.5597827225456764,0.42531083856874485,0.5076035778015058
none,0.0,power_design-0d06c593d4a5,power_design,observed_standardized,expression,standardized_feature,path_length[A],500,500,0,23.718984431949632,1.1385733748339517,23.70215761732615
none,0.0,power_design-39eda992298f,power_design,observed_standardized,expression,standardized_feature,path_length[A],500,500,0,23.718984431949632,1.1385733748339517,23.70215761732615
none,0.0,power_design-41024c5d18dc,power_design,observed_standardized,expression,standardized_feature,path_length[A],500,500,0,23.588181290689406,1.151954110156175,23.630182230702708
none,0.0,power_primary-1a2e4088b485,power_primary,observed_standardized,expression,standardized_feature,path_length[A],500,500,0,23.588181290689406,1.151954110156175,23.630182230702708
none,0.0,power_design-0d06c593d4a5,power_design,observed_standardized,expression,standardized_feature,path_length[B],500,500,0,23.994857261873545,1.16859684108399,24.016145100644376
none,0.0,power_design-39eda992298f,power_design,observed_standardized,expression,standardized_feature,path_length[B],500,500,0,23.994857261873545,1.16859684108399,24.016145100644376
none,0.0,power_design-41024c5d18dc,power_design,observed_standardized,expression,standardized_feature,path_length[B],500,500,0,23.858634107351858,1.1570018741051822,23.84410734322975
none,0.0,power_primary-1a2e4088b485,power_primary,observed_standardized,expression,standardized_feature,path_length[B],500,500,0,23.858634107351858,1.1570018741051822,23.84410734322975
none,0.0,power_design-0d06c593d4a5,power_design,observed_standardized,expression,standardized_feature,shape,500,500,0,0.03101832961964966,0.015511546018609525,0.028671260810549704
none,0.0,power_design-39eda992298f,power_design,observed_standardized,expression,standardized_feature,shape,500,500,0,0.03101832961964966,0.015511546018609525,0.028671260810549704
none,0.0,power_design-41024c5d18dc,power_design,observed_standardized,expression,standardized_feature,shape,500,500,0,0.02950561759006765,0.015158243824834725,0.02741598149395264
none,0.0,power_primary-1a2e4088b485,power_primary,observed_standardized,expression,standardized_feature,shape,500,500,0,0.02950561759006765,0.015158243824834725,0.02741598149395264
none,0.0,power_design-0d06c593d4a5,power_design,observed_standardized,joint,standardized_feature,angle,500,500,0,47.9300325526132,33.21842776419948,34.47279348364262
none,0.0,power_design-39eda992298f,power_design,observed_standardized,joint,standardized_feature,angle,500,500,0,56.3746393377498,34.74026908078358,41.55274312420552
none,0.0,power_design-41024c5d18dc,power_design,observed_standardized,joint,standardized_feature,angle,500,500,0,44.73370800043658,31.89054561221353,32.48239314124521
none,0.0,power_primary-1a2e4088b485,power_primary,observed_standardized,joint,standardized_feature,angle,500,500,0,51.89845898075008,32.56561577329584,38.52492315810362
none,0.0,power_design-0d06c593d4a5,power_design,observed_standardized,joint,standardized_feature,delta,500,500,0,1.359987910989639,1.2172777712410339,1.036832985921734
none,0.0,power_design-39eda992298f,power_design,observed_standardized,joint,standardized_feature,delta,500,500,0,1.5588727859442035,1.4486414718095384,1.2057132730405726
none,0.0,power_design-41024c5d18dc,power_design,observed_standardized,joint,standardized_feature,delta,500,500,0,1.2975391592821115,1.1827027238146988,1.0008344085344945
none,0.0,power_primary-1a2e4088b485,power_primary,observed_standardized,joint,standardized_feature,delta,500,500,0,1.4719729038192977,1.3916342447858057,1.0552279567995164
none,0.0,power_design-0d06c593d4a5,power_design,observed_standardized,joint,standardized_feature,path_length[A],500,500,0,49.71834389040078,2.292593471652987,49.65189710335634
none,0.0,power_design-39eda992298f,power_design,observed_standardized,joint,standardized_feature,path_length[A],500,500,0,40.187590622091875,2.087429204865284,40.01987826938035
none,0.0,power_design-41024c5d18dc,power_design,observed_standardized,joint,standardized_feature,path_length[A],500,500,0,49.310666437129996,2.168779861240783,49.25914252602341
none,0.0,power_primary-1a2e4088b485,power_primary,observed_standardized,joint,standardized_feature,path_length[A],500,500,0,39.806788105506655,1.8990364438908,39.64327487675025
none,0.0,power_design-0d06c593d4a5,power_design,observed_standardized,joint,standardized_feature,path_length[B],500,500,0,50.3782631542771,2.2590949449788407,50.40435862832754
none,0.0,power_design-39eda992298f,power_design,observed_standardized,joint,standardized_feature,path_length[B],500,500,0,40.8374128805669,2.0509678161666263,40.790052063218255
none,0.0,power_design-41024c5d18dc,power_design,observed_standardized,joint,standardized_feature,path_length[B],500,500,0,49.967395881908786,2.24198451808046,49.83417982948691
none,0.0,power_primary-1a2e4088b485,power_primary,observed_standardized,joint,standardized_feature,path_length[B],500,500,0,40.44384991446812,2.0428741282695317,40.305270453351994
none,0.0,power_design-0d06c593d4a5,power_design,observed_standardized,joint,standardized_feature,shape,500,500,0,0.03450468803093716,0.02304068714580801,0.029274407368312418
none,0.0,power_design-39eda992298f,power_design,observed_standardized,joint,standardized_feature,shape,500,500,0,0.049526194574343624,0.03320818129485254,0.041710628064251236
none,0.0,power_design-41024c5d18dc,power_design,observed_standardized,joint,standardized_feature,shape,500,500,0,0.033438997871090774,0.020514050607380256,0.02928993448366761
none,0.0,power_primary-1a2e4088b485,power_primary,observed_standardized,joint,standardized_feature,shape,500,500,0,0.047503818098131416,0.029850828042612947,0.041511742349692377
none,0.0,power_design-0d06c593d4a5,power_design,observed_standardized,methylation,standardized_feature,angle,500,500,0,62.0860511955644,34.5076494478404,48.404898209179066
none,0.0,power_design-39eda992298f,power_design,observed_standardized,methylation,standardized_feature,angle,500,500,0,62.0860511955644,34.5076494478404,48.404898209179066
none,0.0,power_design-41024c5d18dc,power_design,observed_standardized,methylation,standardized_feature,angle,500,500,0,59.2046940192832,33.84300907291241,45.599643747728116
none,0.0,power_primary-1a2e4088b485,power_primary,observed_standardized,methylation,standardized_feature,angle,500,500,0,59.2046940192832,33.84300907291241,45.599643747728116
none,0.0,power_design-0d06c593d4a5,power_design,observed_standardized,methylation,standardized_feature,delta,500,500,0,1.800488895565189,1.6940161925292514,1.3369715090772445
none,0.0,power_design-39eda992298f,power_design,observed_standardized,methylation,standardized_feature,delta,500,500,0,1.800488895565189,1.6940161925292514,1.3369715090772445
none,0.0,power_design-41024c5d18dc,power_design,observed_standardized,methylation,standardized_feature,delta,500,500,0,1.6970189051630864,1.6033775527712701,1.2703763941797437
none,0.0,power_primary-1a2e4088b485,power_primary,observed_standardized,methylation,standardized_feature,delta,500,500,0,1.6970189051630864,1.6033775527712701,1.2703763941797437
none,0.0,power_design-0d06c593d4a5,power_design,observed_standardized,methylation,standardized_feature,path_length[A],500,500,0,32.40558054782335,2.146888700415568,32.11748343816536
none,0.0,power_design-39eda992298f,power_design,observed_standardized,methylation,standardized_feature,path_length[A],500,500,0,32.40558054782335,2.146888700415568,32.11748343816536
none,0.0,power_design-41024c5d18dc,power_design,observed_standardized,methylation,standardized_feature,path_length[A],500,500,0,32.0326327444823,1.9112005364743172,31.81618780316558
none,0.0,power_primary-1a2e4088b485,power_primary,observed_standardized,methylation,standardized_feature,path_length[A],500,500,0,32.0326327444823,1.9112005364743172,31.81618780316558
none,0.0,power_design-0d06c593d4a5,power_design,observed_standardized,methylation,standardized_feature,path_length[B],500,500,0,33.0045641248808,2.1208906163362164,32.86176410659574
none,0.0,power_design-39eda992298f,power_design,observed_standardized,methylation,standardized_feature,path_length[B],500,500,0,33.0045641248808,2.1208906163362164,32.86176410659574
none,0.0,power_design-41024c5d18dc,power_design,observed_standardized,methylation,standardized_feature,path_length[B],500,500,0,32.61861020511868,2.090372093830026,32.38894913376514
none,0.0,power_primary-1a2e4088b485,power_primary,observed_standardized,methylation,standardized_feature,path_length[B],500,500,0,32.61861020511868,2.090372093830026,32.38894913376514
none,0.0,power_design-0d06c593d4a5,power_design,observed_standardized,methylation,standardized_feature,shape,500,500,0,0.07167366100617192,0.04614016107891832,0.061368086435592384
none,0.0,power_design-39eda992298f,power_design,observed_standardized,methylation,standardized_feature,shape,500,500,0,0.07167366100617192,0.04614016107891832,0.061368086435592384
none,0.0,power_design-41024c5d18dc,power_design,observed_standardized,methylation,standardized_feature,shape,500,500,0,0.068373353899644,0.04177910606388331,0.06016078450131787
none,0.0,power_primary-1a2e4088b485,power_primary,observed_standardized,methylation,standardized_feature,shape,500,500,0,0.068373353899644,0.04177910606388331,0.06016078450131787
none,0.0,power_design-0d06c593d4a5,power_design,observed_standardized,proteomics,standardized_feature,angle,500,500,0,33.81614556104289,30.498973427604042,25.23902075602461
none,0.0,power_design-41024c5d18dc,power_design,observed_standardized,proteomics,standardized_feature,angle,500,500,0,31.80151915102127,28.148537887273573,24.258728955312172
none,0.0,power_design-0d06c593d4a5,power_design,observed_standardized,proteomics,standardized_feature,delta,500,500,0,0.5194352718460052,0.3683850923079388,0.4617594163168235
none,0.0,power_design-41024c5d18dc,power_design,observed_standardized,proteomics,standardized_feature,delta,500,500,0,0.4689554727707592,0.37091221191098633,0.3810047614440837
none,0.0,power_design-0d06c593d4a5,power_design,observed_standardized,proteomics,standardized_feature,path_length[A],500,500,0,29.23738912701299,1.5230603561370104,29.238957689365098
none,0.0,power_design-41024c5d18dc,power_design,observed_standardized,proteomics,standardized_feature,path_length[A],500,500,0,29.07159599687509,1.5068418120260914,29.060545502777817
none,0.0,power_design-0d06c593d4a5,power_design,observed_standardized,proteomics,standardized_feature,path_length[B],500,500,0,29.462320555374948,1.5228010373167167,29.406769240172494
none,0.0,power_design-41024c5d18dc,power_design,observed_standardized,proteomics,standardized_feature,path_length[B],500,500,0,29.308665730765473,1.466095596432151,29.238784775748066
none,0.0,power_design-0d06c593d4a5,power_design,observed_standardized,proteomics,standardized_feature,shape,500,500,0,0.021075290092479833,0.011108763141165294,0.019615443155225572
none,0.0,power_design-41024c5d18dc,power_design,observed_standardized,proteomics,standardized_feature,shape,500,500,0,0.021676278744038883,0.011976542201182877,0.019539620975260547
none,0.0,power_design-0d06c593d4a5,power_design,pls_latent,joint,pls_latent,angle,500,500,0,31.14648116174039,44.03689903157215,13.0615186481434
none,0.0,power_design-39eda992298f,power_design,pls_latent,joint,pls_latent,angle,500,500,0,34.42389764549829,41.3958094157326,19.013148394377847
none,0.0,power_design-41024c5d18dc,power_design,pls_latent,joint,pls_latent,angle,500,500,0,28.939062925347745,42.520225608257896,11.781675302035115
none,0.0,power_primary-1a2e4088b485,power_primary,pls_latent,joint,pls_latent,angle,500,500,0,32.80412314052533,40.28864607628101,17.87823945569867
none,0.0,power_design-0d06c593d4a5,power_design,pls_latent,joint,pls_latent,delta,500,500,0,1.2436952793324032,1.1882667644932758,0.8983582890098809
none,0.0,power_design-39eda992298f,power_design,pls_latent,joint,pls_latent,delta,500,500,0,1.278289558616212,1.1033977327810012,0.9387859105786731
none,0.0,power_design-41024c5d18dc,power_design,pls_latent,joint,pls_latent,delta,500,500,0,1.1902886363298646,1.1038806283972893,0.8328485650637276
none,0.0,power_primary-1a2e4088b485,power_primary,pls_latent,joint,pls_latent,delta,500,500,0,1.2779803520912638,1.20107298444036,0.9387142303089959
none,0.0,power_design-0d06c593d4a5,power_design,pls_latent,joint,pls_latent,path_length[A],500,500,0,47.60120981816971,2.2036003233717905,47.579303811017176
none,0.0,power_design-39eda992298f,power_design,pls_latent,joint,pls_latent,path_length[A],500,500,0,40.0759321588242,2.7809629317230735,39.45278359867374
none,0.0,power_design-41024c5d18dc,power_design,pls_latent,joint,pls_latent,path_length[A],500,500,0,47.47972723756987,2.1412752152589034,47.39645312073389
none,0.0,power_primary-1a2e4088b485,power_primary,pls_latent,joint,pls_latent,path_length[A],500,500,0,39.91825176879797,2.7253165182466934,39.49927006541319
none,0.0,power_design-0d06c593d4a5,power_design,pls_latent,joint,pls_latent,path_length[B],500,500,0,47.700953151148504,2.250238060733724,47.697853747092154
none,0.0,power_design-39eda992298f,power_design,pls_latent,joint,pls_latent,path_length[B],500,500,0,40.20268153991487,2.841276065680146,39.71336550561303
none,0.0,power_design-41024c5d18dc,power_design,pls_latent,joint,pls_latent,path_length[B],500,500,0,47.43623941267275,2.2111944259004215,47.47244286948698
none,0.0,power_primary-1a2e4088b485,power_primary,pls_latent,joint,pls_latent,path_length[B],500,500,0,39.95640673204626,2.7816307147909614,39.46649322224445
none,0.0,power_design-0d06c593d4a5,power_design,pls_latent,joint,pls_latent,shape,500,500,0,0.03518584128663125,0.023148259229180273,0.030408337458508856
none,0.0,power_design-39eda992298f,power_design,pls_latent,joint,pls_latent,shape,500,500,0,0.04143164466318186,0.02444134437057595,0.037877133744002825
none,0.0,power_design-41024c5d18dc,power_design,pls_latent,joint,pls_latent,shape,500,500,0,0.03296749805599707,0.02109287271091851,0.029612832846666187
none,0.0,power_primary-1a2e4088b485,power_primary,pls_latent,joint,pls_latent,shape,500,500,0,0.04046968451282379,0.025600477137352726,0.036709873713277635
none,,type_i_baseline-ca766c21680e,type_i_baseline,population_native,expression,native_omic_units,angle,500,500,0,5.225885299325721e-07,6.865507702403123e-07,0.0
none,,type_i_baseline-ca766c21680e,type_i_baseline,population_native,expression,native_omic_units,delta,500,500,0,0.0,0.0,0.0
none,,type_i_baseline-ca766c21680e,type_i_baseline,population_native,expression,native_omic_units,path_length[A],500,500,0,25.52244199923854,1.4288090820426345,25.600100106380175
none,,type_i_baseline-ca766c21680e,type_i_baseline,population_native,expression,native_omic_units,path_length[B],500,500,0,25.52244199923854,1.4288090820426345,25.600100106380175
none,,type_i_baseline-ca766c21680e,type_i_baseline,population_native,expression,native_omic_units,shape,500,500,0,1.2870184061574051e-15,4.826667393154951e-16,1.2087599563922783e-15
none,,type_i_baseline-ca766c21680e,type_i_baseline,population_native,methylation,native_omic_units,angle,500,500,0,5.602755273803869e-07,7.228343167353072e-07,0.0
none,,type_i_baseline-ca766c21680e,type_i_baseline,population_native,methylation,native_omic_units,delta,500,500,0,0.0,0.0,0.0
none,,type_i_baseline-ca766c21680e,type_i_baseline,population_native,methylation,native_omic_units,path_length[A],500,500,0,32.58033954446036,1.5927408357273503,32.613247725836146
none,,type_i_baseline-ca766c21680e,type_i_baseline,population_native,methylation,native_omic_units,path_length[B],500,500,0,32.58033954446036,1.5927408357273503,32.613247725836146
none,,type_i_baseline-ca766c21680e,type_i_baseline,population_native,methylation,native_omic_units,shape,500,500,0,2.1665838617018746e-15,1.2859764018772658e-15,1.70534633620668e-15
none,,type_i_baseline-ca766c21680e,type_i_baseline,population_standardized,expression,standardized_feature,angle,500,500,0,5.003004401568773e-07,6.42177689265716e-07,0.0
none,,type_i_baseline-ca766c21680e,type_i_baseline,population_standardized,expression,standardized_feature,delta,500,500,0,0.0,0.0,0.0
none,,type_i_baseline-ca766c21680e,type_i_baseline,population_standardized,expression,standardized_feature,path_length[A],500,500,0,22.426259607751863,1.344361724223559,22.401485622520532
none,,type_i_baseline-ca766c21680e,type_i_baseline,population_standardized,expression,standardized_feature,path_length[B],500,500,0,22.426259607751863,1.344361724223559,22.401485622520532
none,,type_i_baseline-ca766c21680e,type_i_baseline,population_standardized,expression,standardized_feature,shape,500,500,0,1.0294831595083623e-15,6.005039509135916e-16,9.017407800371246e-16
none,,type_i_baseline-ca766c21680e,type_i_baseline,population_standardized,joint,standardized_feature,angle,500,500,0,4.962040632542296e-07,6.476140702430101e-07,0.0
none,,type_i_baseline-ca766c21680e,type_i_baseline,population_standardized,joint,standardized_feature,delta,500,500,0,0.0,0.0,0.0
none,,type_i_baseline-ca766c21680e,type_i_baseline,population_standardized,joint,standardized_feature,path_length[A],500,500,0,36.716329862108765,1.8866478439870493,36.759079470020275
none,,type_i_baseline-ca766c21680e,type_i_baseline,population_standardized,joint,standardized_feature,path_length[B],500,500,0,36.716329862108765,1.8866478439870493,36.759079470020275
none,,type_i_baseline-ca766c21680e,type_i_baseline,population_standardized,joint,standardized_feature,shape,500,500,0,1.2929726524139742e-15,1.0144811069713936e-15,1.006807616825042e-15
none,,type_i_baseline-ca766c21680e,type_i_baseline,population_standardized,methylation,standardized_feature,angle,500,500,0,4.940526927162146e-07,6.367653238951676e-07,0.0
none,,type_i_baseline-ca766c21680e,type_i_baseline,population_standardized,methylation,standardized_feature,delta,500,500,0,0.0,0.0,0.0
none,,type_i_baseline-ca766c21680e,type_i_baseline,population_standardized,methylation,standardized_feature,path_length[A],500,500,0,29.051333244544676,1.5947689056207826,29.022309535255452
none,,type_i_baseline-ca766c21680e,type_i_baseline,population_standardized,methylation,standardized_feature,path_length[B],500,500,0,29.051333244544676,1.5947689056207826,29.022309535255452
none,,type_i_baseline-ca766c21680e,type_i_baseline,population_standardized,methylation,standardized_feature,shape,500,500,0,1.158853157349497e-15,9.496332779005392e-16,9.0043429467686e-16
none,,type_i_baseline-ca766c21680e,type_i_baseline,observed_standardized,expression,standardized_feature,angle,500,500,0,42.17401755419084,33.89839322682801,30.492355605585463
none,,type_i_baseline-ca766c21680e,type_i_baseline,observed_standardized,expression,standardized_feature,delta,500,500,0,0.52595075193345,0.40781810570774263,0.43364846678869995
none,,type_i_baseline-ca766c21680e,type_i_baseline,observed_standardized,expression,standardized_feature,path_length[A],500,500,0,23.637082595330114,1.2489679425994138,23.62691688076206
none,,type_i_baseline-ca766c21680e,type_i_baseline,observed_standardized,expression,standardized_feature,path_length[B],500,500,0,23.857494855572927,1.237338306869813,23.853834680037235
none,,type_i_baseline-ca766c21680e,type_i_baseline,observed_standardized,expression,standardized_feature,shape,500,500,0,0.031229218528184843,0.01657187201405443,0.0295775682897668
none,,type_i_baseline-ca766c21680e,type_i_baseline,observed_standardized,joint,standardized_feature,angle,500,500,0,53.61283188174242,33.85060768470528,39.72041891896629
none,,type_i_baseline-ca766c21680e,type_i_baseline,observed_standardized,joint,standardized_feature,delta,500,500,0,1.4165847302976255,1.3257213903509204,1.0316995226072692
none,,type_i_baseline-ca766c21680e,type_i_baseline,observed_standardized,joint,standardized_feature,path_length[A],500,500,0,39.939286475354955,2.135792589474965,39.845411987676535
none,,type_i_baseline-ca766c21680e,type_i_baseline,observed_standardized,joint,standardized_feature,path_length[B],500,500,0,40.406172427830825,2.009092755099372,40.31140713744021
none,,type_i_baseline-ca766c21680e,type_i_baseline,observed_standardized,joint,standardized_feature,shape,500,500,0,0.050103463018294686,0.03339473232676017,0.04399263240196967
none,,type_i_baseline-ca766c21680e,type_i_baseline,observed_standardized,methylation,standardized_feature,angle,500,500,0,59.98255255570427,34.75547709835101,46.37651074681591
none,,type_i_baseline-ca766c21680e,type_i_baseline,observed_standardized,methylation,standardized_feature,delta,500,500,0,1.6413812262674996,1.5522308557505549,1.1998684448447392
none,,type_i_baseline-ca766c21680e,type_i_baseline,observed_standardized,methylation,standardized_feature,path_length[A],500,500,0,32.156541422408374,2.1392841269072287,31.971807967315247
none,,type_i_baseline-ca766c21680e,type_i_baseline,observed_standardized,methylation,standardized_feature,path_length[B],500,500,0,32.572780974183914,1.999659026718652,32.35637324557864
none,,type_i_baseline-ca766c21680e,type_i_baseline,observed_standardized,methylation,standardized_feature,shape,500,500,0,0.07094105823697983,0.04720266722333725,0.06014664610261562
none,,type_i_baseline-ca766c21680e,type_i_baseline,pls_latent,joint,pls_latent,angle,500,500,0,33.63526576608254,42.7904068999693,17.491544726840665
none,,type_i_baseline-ca766c21680e,type_i_baseline,pls_latent,joint,pls_latent,delta,500,500,0,1.2173949563438948,1.1758993290441877,0.8574100956709465
none,,type_i_baseline-ca766c21680e,type_i_baseline,pls_latent,joint,pls_latent,path_length[A],500,500,0,39.99816901912577,2.6998845515153342,39.678927140239594
none,,type_i_baseline-ca766c21680e,type_i_baseline,pls_latent,joint,pls_latent,path_length[B],500,500,0,40.11630755350808,2.8490272979431923,39.615110349767946
none,,type_i_baseline-ca766c21680e,type_i_baseline,pls_latent,joint,pls_latent,shape,500,500,0,0.03925770056156433,0.02304690083875084,0.035367548780263124
orientation,0.25,power_design-73257baf8a21,power_design,population_native,expression,native_omic_units,angle,500,500,0,57.42254002310497,26.47309261944161,46.612807413349906
orientation,0.25,power_design-e82acfaf07f7,power_design,population_native,expression,native_omic_units,angle,500,500,0,57.42254002310497,26.47309261944161,46.612807413349906
orientation,0.25,power_design-f1eb64c73e42,power_design,population_native,expression,native_omic_units,angle,500,500,0,57.42254002310497,26.47309261944161,46.612807413349906
orientation,0.25,power_primary-d24110555d37,power_primary,population_native,expression,native_omic_units,angle,500,500,0,57.42254002310497,26.47309261944161,46.612807413349906
orientation,0.25,power_design-73257baf8a21,power_design,population_native,expression,native_omic_units,delta,500,500,0,0.7175194005805707,0.5377459094340894,0.6101593901330418
orientation,0.25,power_design-e82acfaf07f7,power_design,population_native,expression,native_omic_units,delta,500,500,0,0.7175194005805707,0.5377459094340894,0.6101593901330418
orientation,0.25,power_design-f1eb64c73e42,power_design,population_native,expression,native_omic_units,delta,500,500,0,0.7175194005805707,0.5377459094340894,0.6101593901330418
orientation,0.25,power_primary-d24110555d37,power_primary,population_native,expression,native_omic_units,delta,500,500,0,0.7175194005805707,0.5377459094340894,0.6101593901330418
orientation,0.25,power_design-73257baf8a21,power_design,population_native,expression,native_omic_units,path_length[A],500,500,0,25.480784886701134,1.2737016299900132,25.581932925595176
orientation,0.25,power_design-e82acfaf07f7,power_design,population_native,expression,native_omic_units,path_length[A],500,500,0,25.480784886701134,1.2737016299900132,25.581932925595176
orientation,0.25,power_design-f1eb64c73e42,power_design,population_native,expression,native_omic_units,path_length[A],500,500,0,25.480784886701134,1.2737016299900132,25.581932925595176
orientation,0.25,power_primary-d24110555d37,power_primary,population_native,expression,native_omic_units,path_length[A],500,500,0,25.480784886701134,1.2737016299900132,25.581932925595176
orientation,0.25,power_design-73257baf8a21,power_design,population_native,expression,native_omic_units,path_length[B],500,500,0,25.46220062986093,1.2732816622326766,25.451477393612517
orientation,0.25,power_design-e82acfaf07f7,power_design,population_native,expression,native_omic_units,path_length[B],500,500,0,25.46220062986093,1.2732816622326766,25.451477393612517
orientation,0.25,power_design-f1eb64c73e42,power_design,population_native,expression,native_omic_units,path_length[B],500,500,0,25.46220062986093,1.2732816622326766,25.451477393612517
orientation,0.25,power_primary-d24110555d37,power_primary,population_native,expression,native_omic_units,path_length[B],500,500,0,25.46220062986093,1.2732816622326766,25.451477393612517
orientation,0.25,power_design-73257baf8a21,power_design,population_native,expression,native_omic_units,shape,500,500,0,0.04339343438789343,0.02188328965063882,0.04059234247984296
orientation,0.25,power_design-e82acfaf07f7,power_design,population_native,expression,native_omic_units,shape,500,500,0,0.04339343438789343,0.02188328965063882,0.04059234247984296
orientation,0.25,power_design-f1eb64c73e42,power_design,population_native,expression,native_omic_units,shape,500,500,0,0.04339343438789343,0.02188328965063882,0.04059234247984296
orientation,0.25,power_primary-d24110555d37,power_primary,population_native,expression,native_omic_units,shape,500,500,0,0.04339343438789343,0.02188328965063882,0.04059234247984296
orientation,0.25,power_design-73257baf8a21,power_design,population_native,methylation,native_omic_units,angle,500,500,0,41.766752182799564,6.806851759941578,41.44246453560022
orientation,0.25,power_design-e82acfaf07f7,power_design,population_native,methylation,native_omic_units,angle,500,500,0,41.766752182799564,6.806851759941578,41.44246453560022
orientation,0.25,power_design-f1eb64c73e42,power_design,population_native,methylation,native_omic_units,angle,500,500,0,41.766752182799564,6.806851759941578,41.44246453560022
orientation,0.25,power_primary-d24110555d37,power_primary,population_native,methylation,native_omic_units,angle,500,500,0,41.766752182799564,6.806851759941578,41.44246453560022
orientation,0.25,power_design-73257baf8a21,power_design,population_native,methylation,native_omic_units,delta,500,500,0,0.0,0.0,0.0
orientation,0.25,power_design-e82acfaf07f7,power_design,population_native,methylation,native_omic_units,delta,500,500,0,0.0,0.0,0.0
orientation,0.25,power_design-f1eb64c73e42,power_design,population_native,methylation,native_omic_units,delta,500,500,0,0.0,0.0,0.0
orientation,0.25,power_primary-d24110555d37,power_primary,population_native,methylation,native_omic_units,delta,500,500,0,0.0,0.0,0.0
orientation,0.25,power_design-73257baf8a21,power_design,population_native,methylation,native_omic_units,path_length[A],500,500,0,32.57812365465419,1.541146180916717,32.607708397069054
orientation,0.25,power_design-e82acfaf07f7,power_design,population_native,methylation,native_omic_units,path_length[A],500,500,0,32.57812365465419,1.541146180916717,32.607708397069054
orientation,0.25,power_design-f1eb64c73e42,power_design,population_native,methylation,native_omic_units,path_length[A],500,500,0,32.57812365465419,1.541146180916717,32.607708397069054
orientation,0.25,power_primary-d24110555d37,power_primary,population_native,methylation,native_omic_units,path_length[A],500,500,0,32.57812365465419,1.541146180916717,32.607708397069054
orientation,0.25,power_design-73257baf8a21,power_design,population_native,methylation,native_omic_units,path_length[B],500,500,0,32.57812365465419,1.541146180916717,32.607708397069054
orientation,0.25,power_design-e82acfaf07f7,power_design,population_native,methylation,native_omic_units,path_length[B],500,500,0,32.57812365465419,1.541146180916717,32.607708397069054
orientation,0.25,power_design-f1eb64c73e42,power_design,population_native,methylation,native_omic_units,path_length[B],500,500,0,32.57812365465419,1.541146180916717,32.607708397069054
orientation,0.25,power_primary-d24110555d37,power_primary,population_native,methylation,native_omic_units,path_length[B],500,500,0,32.57812365465419,1.541146180916717,32.607708397069054
orientation,0.25,power_design-73257baf8a21,power_design,population_native,methylation,native_omic_units,shape,500,500,0,2.073256158485932e-15,1.1057278159315167e-15,1.701991898294341e-15
orientation,0.25,power_design-e82acfaf07f7,power_design,population_native,methylation,native_omic_units,shape,500,500,0,2.073256158485932e-15,1.1057278159315167e-15,1.701991898294341e-15
orientation,0.25,power_design-f1eb64c73e42,power_design,population_native,methylation,native_omic_units,shape,500,500,0,2.073256158485932e-15,1.1057278159315167e-15,1.701991898294341e-15
orientation,0.25,power_primary-d24110555d37,power_primary,population_native,methylation,native_omic_units,shape,500,500,0,2.073256158485932e-15,1.1057278159315167e-15,1.701991898294341e-15
orientation,0.25,power_design-e82acfaf07f7,power_design,population_native,proteomics,native_omic_units,angle,500,500,0,58.29526737749043,27.92712764578537,46.81316347885938
orientation,0.25,power_design-f1eb64c73e42,power_design,population_native,proteomics,native_omic_units,angle,500,500,0,58.29526737749043,27.92712764578537,46.81316347885938
orientation,0.25,power_design-e82acfaf07f7,power_design,population_native,proteomics,native_omic_units,delta,500,500,0,0.8996336477676069,0.6796737137931531,0.7752101348013642
orientation,0.25,power_design-f1eb64c73e42,power_design,population_native,proteomics,native_omic_units,delta,500,500,0,0.8996336477676069,0.6796737137931531,0.7752101348013642
orientation,0.25,power_design-e82acfaf07f7,power_design,population_native,proteomics,native_omic_units,path_length[A],500,500,0,28.24749964700159,1.4952872096038166,28.233128708517363
orientation,0.25,power_design-f1eb64c73e42,power_design,population_native,proteomics,native_omic_units,path_length[A],500,500,0,28.24749964700159,1.4952872096038166,28.233128708517363
orientation,0.25,power_design-e82acfaf07f7,power_design,population_native,proteomics,native_omic_units,path_length[B],500,500,0,28.21120177421522,1.4843468589000797,28.13926331763672
orientation,0.25,power_design-f1eb64c73e42,power_design,population_native,proteomics,native_omic_units,path_length[B],500,500,0,28.21120177421522,1.4843468589000797,28.13926331763672
orientation,0.25,power_design-e82acfaf07f7,power_design,population_native,proteomics,native_omic_units,shape,500,500,0,0.046665638874781305,0.023704944552960468,0.04333930224800972
orientation,0.25,power_design-f1eb64c73e42,power_design,population_native,proteomics,native_omic_units,shape,500,500,0,0.046665638874781305,0.023704944552960468,0.04333930224800972
orientation,0.25,power_design-73257baf8a21,power_design,population_standardized,expression,standardized_feature,angle,500,500,0,60.96041580739739,27.188614748191863,50.05414516891988
orientation,0.25,power_design-e82acfaf07f7,power_design,population_standardized,expression,standardized_feature,angle,500,500,0,60.96041580739739,27.188614748191863,50.05414516891988
orientation,0.25,power_design-f1eb64c73e42,power_design,population_standardized,expression,standardized_feature,angle,500,500,0,60.49360177325038,26.676895434575574,50.19085736170911
orientation,0.25,power_primary-d24110555d37,power_primary,population_standardized,expression,standardized_feature,angle,500,500,0,60.49360177325038,26.676895434575574,50.19085736170911
orientation,0.25,power_design-73257baf8a21,power_design,population_standardized,expression,standardized_feature,delta,500,500,0,0.8707372903949507,0.6651211868117044,0.7102897596174866
orientation,0.25,power_design-e82acfaf07f7,power_design,population_standardized,expression,standardized_feature,delta,500,500,0,0.8707372903949507,0.6651211868117044,0.7102897596174866
orientation,0.25,power_design-f1eb64c73e42,power_design,population_standardized,expression,standardized_feature,delta,500,500,0,0.8714360116282601,0.6799216613586883,0.7338835153043792
orientation,0.25,power_primary-d24110555d37,power_primary,population_standardized,expression,standardized_feature,delta,500,500,0,0.8714360116282601,0.6799216613586883,0.7338835153043792
orientation,0.25,power_design-73257baf8a21,power_design,population_standardized,expression,standardized_feature,path_length[A],500,500,0,22.901815536034697,1.288918318363641,22.92401418752578
orientation,0.25,power_design-e82acfaf07f7,power_design,population_standardized,expression,standardized_feature,path_length[A],500,500,0,22.901815536034697,1.288918318363641,22.92401418752578
orientation,0.25,power_design-f1eb64c73e42,power_design,population_standardized,expression,standardized_feature,path_length[A],500,500,0,22.831105417890335,1.2682107378052674,22.851085458109132
orientation,0.25,power_primary-d24110555d37,power_primary,population_standardized,expression,standardized_feature,path_length[A],500,500,0,22.831105417890335,1.2682107378052674,22.851085458109132
orientation,0.25,power_design-73257baf8a21,power_design,population_standardized,expression,standardized_feature,path_length[B],500,500,0,23.095567304603673,1.2884850301532502,23.112375271003735
orientation,0.25,power_design-e82acfaf07f7,power_design,population_standardized,expression,standardized_feature,path_length[B],500,500,0,23.095567304603673,1.2884850301532502,23.112375271003735
orientation,0.25,power_design-f1eb64c73e42,power_design,population_standardized,expression,standardized_feature,path_length[B],500,500,0,23.088685095781273,1.2778082990029156,23.080759504510787
orientation,0.25,power_primary-d24110555d37,power_primary,population_standardized,expression,standardized_feature,path_length[B],500,500,0,23.088685095781273,1.2778082990029156,23.080759504510787
orientation,0.25,power_design-73257baf8a21,power_design,population_standardized,expression,standardized_feature,shape,500,500,0,0.048940457831286234,0.024580307187593006,0.04669065422718162
orientation,0.25,power_design-e82acfaf07f7,power_design,population_standardized,expression,standardized_feature,shape,500,500,0,0.048940457831286234,0.024580307187593006,0.04669065422718162
orientation,0.25,power_design-f1eb64c73e42,power_design,population_standardized,expression,standardized_feature,shape,500,500,0,0.04940274894968852,0.02446206669943001,0.04693402811555046
orientation,0.25,power_primary-d24110555d37,power_primary,population_standardized,expression,standardized_feature,shape,500,500,0,0.04940274894968852,0.02446206669943001,0.04693402811555046
orientation,0.25,power_design-73257baf8a21,power_design,population_standardized,joint,standardized_feature,angle,500,500,0,54.977383547126536,22.87575624536983,47.935582616156424
orientation,0.25,power_design-e82acfaf07f7,power_design,population_standardized,joint,standardized_feature,angle,500,500,0,57.39224654314398,23.74425648168135,49.242659289579485
orientation,0.25,power_design-f1eb64c73e42,power_design,population_standardized,joint,standardized_feature,angle,500,500,0,56.811160213101395,22.473892055424564,49.21216031172164
orientation,0.25,power_primary-d24110555d37,power_primary,population_standardized,joint,standardized_feature,angle,500,500,0,54.99987440922848,22.272734815581853,48.19584658418822
orientation,0.25,power_design-73257baf8a21,power_design,population_standardized,joint,standardized_feature,delta,500,500,0,0.732110447990298,0.5593456628707689,0.6144245100301617
orientation,0.25,power_design-e82acfaf07f7,power_design,population_standardized,joint,standardized_feature,delta,500,500,0,1.312802742198891,0.9942239137848922,1.0817733884459955
orientation,0.25,power_design-f1eb64c73e42,power_design,population_standardized,joint,standardized_feature,delta,500,500,0,1.3668492465110789,1.023937799732682,1.1387445215656093
orientation,0.25,power_primary-d24110555d37,power_primary,population_standardized,joint,standardized_feature,delta,500,500,0,0.7632824564118519,0.5778507557826577,0.6415323577041896
orientation,0.25,power_design-73257baf8a21,power_design,population_standardized,joint,standardized_feature,path_length[A],500,500,0,37.76992408913612,1.8117661525092472,37.71934999748212
orientation,0.25,power_design-e82acfaf07f7,power_design,population_standardized,joint,standardized_feature,path_length[A],500,500,0,47.557373062570576,2.315970802766229,47.429944277377345
orientation,0.25,power_design-f1eb64c73e42,power_design,population_standardized,joint,standardized_feature,path_length[A],500,500,0,47.392631747384826,2.2908806171019864,47.35832567887189
orientation,0.25,power_primary-d24110555d37,power_primary,population_standardized,joint,standardized_feature,path_length[A],500,500,0,37.63552378006409,1.7865728751747894,37.57341908354086
orientation,0.25,power_design-73257baf8a21,power_design,population_standardized,joint,standardized_feature,path_length[B],500,500,0,38.20142499310888,1.8101711961958067,38.1210766568075
orientation,0.25,power_design-e82acfaf07f7,power_design,population_standardized,joint,standardized_feature,path_length[B],500,500,0,48.12530198447824,2.3057861236595745,48.06300291766601
orientation,0.25,power_design-f1eb64c73e42,power_design,population_standardized,joint,standardized_feature,path_length[B],500,500,0,48.114881658326034,2.289749369680684,48.0001796644103
orientation,0.25,power_primary-d24110555d37,power_primary,population_standardized,joint,standardized_feature,path_length[B],500,500,0,38.163981170734196,1.7937929205010326,38.06572468951587
orientation,0.25,power_design-73257baf8a21,power_design,population_standardized,joint,standardized_feature,shape,500,500,0,0.02192825191671373,0.010816353468265422,0.020497078287416898
orientation,0.25,power_design-e82acfaf07f7,power_design,population_standardized,joint,standardized_feature,shape,500,500,0,0.03228978073909708,0.01611210310923867,0.029937946119931853
orientation,0.25,power_design-f1eb64c73e42,power_design,population_standardized,joint,standardized_feature,shape,500,500,0,0.033027468237638705,0.016479140303646722,0.029946205875960183
orientation,0.25,power_primary-d24110555d37,power_primary,population_standardized,joint,standardized_feature,shape,500,500,0,0.02281908444104145,0.011132633209491916,0.021589532141835815
orientation,0.25,power_design-73257baf8a21,power_design,population_standardized,methylation,standardized_feature,angle,500,500,0,53.86642789586048,22.53078141013019,47.35355626887137
orientation,0.25,power_design-e82acfaf07f7,power_design,population_standardized,methylation,standardized_feature,angle,500,500,0,53.86642789586048,22.53078141013019,47.35355626887137
orientation,0.25,power_design-f1eb64c73e42,power_design,population_standardized,methylation,standardized_feature,angle,500,500,0,52.7695781352895,20.275356464545116,47.39509598433071
orientation,0.25,power_primary-d24110555d37,power_primary,population_standardized,methylation,standardized_feature,angle,500,500,0,52.7695781352895,20.275356464545116,47.39509598433071
orientation,0.25,power_design-73257baf8a21,power_design,population_standardized,methylation,standardized_feature,delta,500,500,0,0.5330104141484795,0.3918350518041441,0.4729680872987032
orientation,0.25,power_design-e82acfaf07f7,power_design,population_standardized,methylation,standardized_feature,delta,500,500,0,0.5330104141484795,0.3918350518041441,0.4729680872987032
orientation,0.25,power_design-f1eb64c73e42,power_design,population_standardized,methylation,standardized_feature,delta,500,500,0,0.5789780569779064,0.4046111559854765,0.5080748030132298
orientation,0.25,power_primary-d24110555d37,power_primary,population_standardized,methylation,standardized_feature,delta,500,500,0,0.5789780569779064,0.4046111559854765,0.5080748030132298
orientation,0.25,power_design-73257baf8a21,power_design,population_standardized,methylation,standardized_feature,path_length[A],500,500,0,30.011802999982446,1.6058591834164628,29.91710218113014
orientation,0.25,power_design-e82acfaf07f7,power_design,population_standardized,methylation,standardized_feature,path_length[A],500,500,0,30.011802999982446,1.6058591834164628,29.91710218113014
orientation,0.25,power_design-f1eb64c73e42,power_design,population_standardized,methylation,standardized_feature,path_length[A],500,500,0,29.897006529141258,1.5821494371560492,29.841699559032662
orientation,0.25,power_primary-d24110555d37,power_primary,population_standardized,methylation,standardized_feature,path_length[A],500,500,0,29.897006529141258,1.5821494371560492,29.841699559032662
orientation,0.25,power_design-73257baf8a21,power_design,population_standardized,methylation,standardized_feature,path_length[B],500,500,0,30.40744300767563,1.5965661791270793,30.358578599119838
orientation,0.25,power_design-e82acfaf07f7,power_design,population_standardized,methylation,standardized_feature,path_length[B],500,500,0,30.40744300767563,1.5965661791270793,30.358578599119838
orientation,0.25,power_design-f1eb64c73e42,power_design,population_standardized,methylation,standardized_feature,path_length[B],500,500,0,30.366014537804354,1.5746321204971427,30.29539445744927
orientation,0.25,power_primary-d24110555d37,power_primary,population_standardized,methylation,standardized_feature,path_length[B],500,500,0,30.366014537804354,1.5746321204971427,30.29539445744927
orientation,0.25,power_design-73257baf8a21,power_design,population_standardized,methylation,standardized_feature,shape,500,500,0,0.016738475326264803,0.007855942546738532,0.015939695390607928
orientation,0.25,power_design-e82acfaf07f7,power_design,population_standardized,methylation,standardized_feature,shape,500,500,0,0.016738475326264803,0.007855942546738532,0.015939695390607928
orientation,0.25,power_design-f1eb64c73e42,power_design,population_standardized,methylation,standardized_feature,shape,500,500,0,0.017986018207455493,0.008619386664586367,0.016886159970684853
orientation,0.25,power_primary-d24110555d37,power_primary,population_standardized,methylation,standardized_feature,shape,500,500,0,0.017986018207455493,0.008619386664586367,0.016886159970684853
orientation,0.25,power_design-e82acfaf07f7,power_design,population_standardized,proteomics,standardized_feature,angle,500,500,0,61.302059263218034,25.336198444549858,51.44705722671333
orientation,0.25,power_design-f1eb64c73e42,power_design,population_standardized,proteomics,standardized_feature,angle,500,500,0,60.818248366458135,24.37489243761518,51.77313008891184
orientation,0.25,power_design-e82acfaf07f7,power_design,population_standardized,proteomics,standardized_feature,delta,500,500,0,1.3659601341639416,1.0368165425315377,1.1548024195282558
orientation,0.25,power_design-f1eb64c73e42,power_design,population_standardized,proteomics,standardized_feature,delta,500,500,0,1.3965799204407765,1.0604823616835937,1.204334707731018
orientation,0.25,power_design-e82acfaf07f7,power_design,population_standardized,proteomics,standardized_feature,path_length[A],500,500,0,28.875773861367552,1.7409361014037612,28.867479552876205
orientation,0.25,power_design-f1eb64c73e42,power_design,population_standardized,proteomics,standardized_feature,path_length[A],500,500,0,28.78035428352821,1.7321008896588663,28.71856765562932
orientation,0.25,power_design-e82acfaf07f7,power_design,population_standardized,proteomics,standardized_feature,path_length[B],500,500,0,29.245361729314357,1.7364409796555167,29.261953196024674
orientation,0.25,power_design-f1eb64c73e42,power_design,population_standardized,proteomics,standardized_feature,path_length[B],500,500,0,29.276857456985777,1.7301497503714762,29.23367011433966
orientation,0.25,power_design-e82acfaf07f7,power_design,population_standardized,proteomics,standardized_feature,shape,500,500,0,0.055630528412563586,0.028668336960968828,0.05111861742780063
orientation,0.25,power_design-f1eb64c73e42,power_design,population_standardized,proteomics,standardized_feature,shape,500,500,0,0.05644596846980463,0.028772412392351954,0.05201674345590997
orientation,0.25,power_design-73257baf8a21,power_design,observed_standardized,expression,standardized_feature,angle,500,500,0,66.27350201381702,23.90907106143254,56.49123098672409
orientation,0.25,power_design-e82acfaf07f7,power_design,observed_standardized,expression,standardized_feature,angle,500,500,0,66.27350201381702,23.90907106143254,56.49123098672409
orientation,0.25,power_design-f1eb64c73e42,power_design,observed_standardized,expression,standardized_feature,angle,500,500,0,64.60837748288284,23.213464506788224,55.49702934567587
orientation,0.25,power_primary-d24110555d37,power_primary,observed_standardized,expression,standardized_feature,angle,500,500,0,64.60837748288284,23.213464506788224,55.49702934567587
orientation,0.25,power_design-73257baf8a21,power_design,observed_standardized,expression,standardized_feature,delta,500,500,0,1.0200725129627406,0.7430038526115963,0.8941867590548718
orientation,0.25,power_design-e82acfaf07f7,power_design,observed_standardized,expression,standardized_feature,delta,500,500,0,1.0200725129627406,0.7430038526115963,0.8941867590548718
orientation,0.25,power_design-f1eb64c73e42,power_design,observed_standardized,expression,standardized_feature,delta,500,500,0,0.9773047097654117,0.7726822612333758,0.780713997883085
orientation,0.25,power_primary-d24110555d37,power_primary,observed_standardized,expression,standardized_feature,delta,500,500,0,0.9773047097654117,0.7726822612333758,0.780713997883085
orientation,0.25,power_design-73257baf8a21,power_design,observed_standardized,expression,standardized_feature,path_length[A],500,500,0,24.036307753565765,1.1899138586742521,24.03641857421147
orientation,0.25,power_design-e82acfaf07f7,power_design,observed_standardized,expression,standardized_feature,path_length[A],500,500,0,24.036307753565765,1.1899138586742521,24.03641857421147
orientation,0.25,power_design-f1eb64c73e42,power_design,observed_standardized,expression,standardized_feature,path_length[A],500,500,0,23.864125213470036,1.2027332624961182,23.888995573051048
orientation,0.25,power_primary-d24110555d37,power_primary,observed_standardized,expression,standardized_feature,path_length[A],500,500,0,23.864125213470036,1.2027332624961182,23.888995573051048
orientation,0.25,power_design-73257baf8a21,power_design,observed_standardized,expression,standardized_feature,path_length[B],500,500,0,24.43160854479142,1.214517661678395,24.397111028853047
orientation,0.25,power_design-e82acfaf07f7,power_design,observed_standardized,expression,standardized_feature,path_length[B],500,500,0,24.43160854479142,1.214517661678395,24.397111028853047
orientation,0.25,power_design-f1eb64c73e42,power_design,observed_standardized,expression,standardized_feature,path_length[B],500,500,0,24.382732486264565,1.1983430998662998,24.409006915659578
orientation,0.25,power_primary-d24110555d37,power_primary,observed_standardized,expression,standardized_feature,path_length[B],500,500,0,24.382732486264565,1.1983430998662998,24.409006915659578
orientation,0.25,power_design-73257baf8a21,power_design,observed_standardized,expression,standardized_feature,shape,500,500,0,0.0520348600999801,0.027347070820126187,0.048570347353965426
orientation,0.25,power_design-e82acfaf07f7,power_design,observed_standardized,expression,standardized_feature,shape,500,500,0,0.0520348600999801,0.027347070820126187,0.048570347353965426
orientation,0.25,power_design-f1eb64c73e42,power_design,observed_standardized,expression,standardized_feature,shape,500,500,0,0.05320376926763729,0.026922890410303234,0.050533056806390905
orientation,0.25,power_primary-d24110555d37,power_primary,observed_standardized,expression,standardized_feature,shape,500,500,0,0.05320376926763729,0.026922890410303234,0.050533056806390905
orientation,0.25,power_design-73257baf8a21,power_design,observed_standardized,joint,standardized_feature,angle,500,500,0,67.96898678125861,21.788659818995697,58.78374855135265
orientation,0.25,power_design-e82acfaf07f7,power_design,observed_standardized,joint,standardized_feature,angle,500,500,0,64.87830157718909,20.69428289264374,57.27630129525568
orientation,0.25,power_design-f1eb64c73e42,power_design,observed_standardized,joint,standardized_feature,angle,500,500,0,66.10016721035717,22.497824748809258,57.08201107738664
orientation,0.25,power_primary-d24110555d37,power_primary,observed_standardized,joint,standardized_feature,angle,500,500,0,68.57160524565377,23.061258427425734,58.256248243376504
orientation,0.25,power_design-73257baf8a21,power_design,observed_standardized,joint,standardized_feature,delta,500,500,0,1.672315974317901,1.3918026873647567,1.3122719763808846
orientation,0.25,power_design-e82acfaf07f7,power_design,observed_standardized,joint,standardized_feature,delta,500,500,0,1.8653328912087113,1.4356787803896567,1.563337200795626
orientation,0.25,power_design-f1eb64c73e42,power_design,observed_standardized,joint,standardized_feature,delta,500,500,0,2.0219331794270343,1.6473039630841668,1.7259983021469836
orientation,0.25,power_primary-d24110555d37,power_primary,observed_standardized,joint,standardized_feature,delta,500,500,0,1.8619888044933086,1.6883147452881409,1.4248236192172357
orientation,0.25,power_design-73257baf8a21,power_design,observed_standardized,joint,standardized_feature,path_length[A],500,500,0,40.815400962452415,1.9999886664704312,40.669681164987225
orientation,0.25,power_design-e82acfaf07f7,power_design,observed_standardized,joint,standardized_feature,path_length[A],500,500,0,50.5916796075685,2.3233005685985497,50.43448737655247
orientation,0.25,power_design-f1eb64c73e42,power_design,observed_standardized,joint,standardized_feature,path_length[A],500,500,0,50.173455281829376,2.327615020184384,50.16560905566544
orientation,0.25,power_primary-d24110555d37,power_primary,observed_standardized,joint,standardized_feature,path_length[A],500,500,0,40.43372825602967,2.0275840967605063,40.37791304794128
orientation,0.25,power_design-73257baf8a21,power_design,observed_standardized,joint,standardized_feature,path_length[B],500,500,0,41.77400272455547,2.032455944466507,41.60629222029805
orientation,0.25,power_design-e82acfaf07f7,power_design,observed_standardized,joint,standardized_feature,path_length[B],500,500,0,51.67486986613566,2.298611310981672,51.54543499640931
orientation,0.25,power_design-f1eb64c73e42,power_design,observed_standardized,joint,standardized_feature,path_length[B],500,500,0,51.60923855723426,2.445341719621907,51.37669115938094
orientation,0.25,power_primary-d24110555d37,power_primary,observed_standardized,joint,standardized_feature,path_length[B],500,500,0,41.71662194324971,2.2725905853535737,41.4951266461902
orientation,0.25,power_design-73257baf8a21,power_design,observed_standardized,joint,standardized_feature,shape,500,500,0,0.0504840222943935,0.029058390869373257,0.04682106300397881
orientation,0.25,power_design-e82acfaf07f7,power_design,observed_standardized,joint,standardized_feature,shape,500,500,0,0.043834676172035444,0.02363640240888944,0.041067494293267955
orientation,0.25,power_design-f1eb64c73e42,power_design,observed_standardized,joint,standardized_feature,shape,500,500,0,0.04638655571659963,0.02424672603425397,0.042320687951815136
orientation,0.25,power_primary-d24110555d37,power_primary,observed_standardized,joint,standardized_feature,shape,500,500,0,0.052358752586308066,0.030643360396439927,0.0467588667627305
orientation,0.25,power_design-73257baf8a21,power_design,observed_standardized,methylation,standardized_feature,angle,500,500,0,70.29464271546377,22.028213126021186,61.60576516040908
orientation,0.25,power_design-e82acfaf07f7,power_design,observed_standardized,methylation,standardized_feature,angle,500,500,0,70.29464271546377,22.028213126021186,61.60576516040908
orientation,0.25,power_design-f1eb64c73e42,power_design,observed_standardized,methylation,standardized_feature,angle,500,500,0,71.47726710252172,23.2464315762441,62.136171697632165
orientation,0.25,power_primary-d24110555d37,power_primary,observed_standardized,methylation,standardized_feature,angle,500,500,0,71.47726710252172,23.2464315762441,62.136171697632165
orientation,0.25,power_design-73257baf8a21,power_design,observed_standardized,methylation,standardized_feature,delta,500,500,0,1.7501077849216486,1.6365223672789029,1.254679364207714
orientation,0.25,power_design-e82acfaf07f7,power_design,observed_standardized,methylation,standardized_feature,delta,500,500,0,1.7501077849216486,1.6365223672789029,1.254679364207714
orientation,0.25,power_design-f1eb64c73e42,power_design,observed_standardized,methylation,standardized_feature,delta,500,500,0,1.9648526835992155,1.9068159312973374,1.4019020719306656
orientation,0.25,power_primary-d24110555d37,power_primary,observed_standardized,methylation,standardized_feature,delta,500,500,0,1.9648526835992155,1.9068159312973374,1.4019020719306656
orientation,0.25,power_design-73257baf8a21,power_design,observed_standardized,methylation,standardized_feature,path_length[A],500,500,0,32.95467499857597,1.9994936806064594,32.80814650565013
orientation,0.25,power_design-e82acfaf07f7,power_design,observed_standardized,methylation,standardized_feature,path_length[A],500,500,0,32.95467499857597,1.9994936806064594,32.80814650565013
orientation,0.25,power_design-f1eb64c73e42,power_design,observed_standardized,methylation,standardized_feature,path_length[A],500,500,0,32.607047387042535,2.039032834868365,32.42055996918013
orientation,0.25,power_primary-d24110555d37,power_primary,observed_standardized,methylation,standardized_feature,path_length[A],500,500,0,32.607047387042535,2.039032834868365,32.42055996918013
orientation,0.25,power_design-73257baf8a21,power_design,observed_standardized,methylation,standardized_feature,path_length[B],500,500,0,33.84466361796658,2.0994336010370827,33.63595320498726
orientation,0.25,power_design-e82acfaf07f7,power_design,observed_standardized,methylation,standardized_feature,path_length[B],500,500,0,33.84466361796658,2.0994336010370827,33.63595320498726
orientation,0.25,power_design-f1eb64c73e42,power_design,observed_standardized,methylation,standardized_feature,path_length[B],500,500,0,33.80604775537297,2.384799244565211,33.520354457854154
orientation,0.25,power_primary-d24110555d37,power_primary,observed_standardized,methylation,standardized_feature,path_length[B],500,500,0,33.80604775537297,2.384799244565211,33.520354457854154
orientation,0.25,power_design-73257baf8a21,power_design,observed_standardized,methylation,standardized_feature,shape,500,500,0,0.06712753584950244,0.04000497211373419,0.06070550435367561
orientation,0.25,power_design-e82acfaf07f7,power_design,observed_standardized,methylation,standardized_feature,shape,500,500,0,0.06712753584950244,0.04000497211373419,0.06070550435367561
orientation,0.25,power_design-f1eb64c73e42,power_design,observed_standardized,methylation,standardized_feature,shape,500,500,0,0.0689742868921643,0.04159249782642562,0.062338981858924516
orientation,0.25,power_primary-d24110555d37,power_primary,observed_standardized,methylation,standardized_feature,shape,500,500,0,0.0689742868921643,0.04159249782642562,0.062338981858924516
orientation,0.25,power_design-e82acfaf07f7,power_design,observed_standardized,proteomics,standardized_feature,angle,500,500,0,64.49438447981612,23.74812076607085,55.331763409613714
orientation,0.25,power_design-f1eb64c73e42,power_design,observed_standardized,proteomics,standardized_feature,angle,500,500,0,63.52495198474696,22.67689732057821,54.737575806892565
orientation,0.25,power_design-e82acfaf07f7,power_design,observed_standardized,proteomics,standardized_feature,delta,500,500,0,1.3895054646904565,1.0236151923481196,1.1913154199131117
orientation,0.25,power_design-f1eb64c73e42,power_design,observed_standardized,proteomics,standardized_feature,delta,500,500,0,1.441004611496408,1.081616386570072,1.2143152394450443
orientation,0.25,power_design-e82acfaf07f7,power_design,observed_standardized,proteomics,standardized_feature,path_length[A],500,500,0,29.86028736656397,1.659700129031665,29.802667450205156
orientation,0.25,power_design-f1eb64c73e42,power_design,observed_standardized,proteomics,standardized_feature,path_length[A],500,500,0,29.672247149001212,1.659711499712283,29.64949828052478
orientation,0.25,power_design-e82acfaf07f7,power_design,observed_standardized,proteomics,standardized_feature,path_length[B],500,500,0,30.37878159310454,1.622343205866568,30.343520260569868
orientation,0.25,power_design-f1eb64c73e42,power_design,observed_standardized,proteomics,standardized_feature,path_length[B],500,500,0,30.340126882222027,1.643523678299314,30.30868001862295
orientation,0.25,power_design-e82acfaf07f7,power_design,observed_standardized,proteomics,standardized_feature,shape,500,500,0,0.055442481664892074,0.029163053849569052,0.051799947734823056
orientation,0.25,power_design-f1eb64c73e42,power_design,observed_standardized,proteomics,standardized_feature,shape,500,500,0,0.057064388558108387,0.029796030871753417,0.0539007626382137
orientation,0.25,power_design-73257baf8a21,power_design,pls_latent,joint,pls_latent,angle,500,500,0,34.73701809610923,39.19203318107709,21.07218318344418
orientation,0.25,power_design-e82acfaf07f7,power_design,pls_latent,joint,pls_latent,angle,500,500,0,40.36126279038974,45.47592058574687,21.779643261864507
orientation,0.25,power_design-f1eb64c73e42,power_design,pls_latent,joint,pls_latent,angle,500,500,0,42.68218492361023,44.83459789128456,24.93494216623545
orientation,0.25,power_primary-d24110555d37,power_primary,pls_latent,joint,pls_latent,angle,500,500,0,34.47632526309586,37.0712303865129,21.607397090395644
orientation,0.25,power_design-73257baf8a21,power_design,pls_latent,joint,pls_latent,delta,500,500,0,1.6702009793496697,1.4311818464096433,1.2560564301752173
orientation,0.25,power_design-e82acfaf07f7,power_design,pls_latent,joint,pls_latent,delta,500,500,0,1.8561525209123624,1.433227349065468,1.5625981618603184
orientation,0.25,power_design-f1eb64c73e42,power_design,pls_latent,joint,pls_latent,delta,500,500,0,1.9412718091776555,1.3736822690548303,1.6845629801142614
orientation,0.25,power_primary-d24110555d37,power_primary,pls_latent,joint,pls_latent,delta,500,500,0,1.6768918237957193,1.360422751864404,1.372511727372551
orientation,0.25,power_design-73257baf8a21,power_design,pls_latent,joint,pls_latent,path_length[A],500,500,0,39.12912030296627,2.8275936669743804,38.77146022548398
orientation,0.25,power_design-e82acfaf07f7,power_design,pls_latent,joint,pls_latent,path_length[A],500,500,0,45.75432890440388,2.297072667014357,45.67460972217527
orientation,0.25,power_design-f1eb64c73e42,power_design,pls_latent,joint,pls_latent,path_length[A],500,500,0,45.568514528553166,2.2903932731783665,45.4609417391378
orientation,0.25,power_primary-d24110555d37,power_primary,pls_latent,joint,pls_latent,path_length[A],500,500,0,39.05760122484208,2.9064394006154877,38.68146425800609
orientation,0.25,power_design-73257baf8a21,power_design,pls_latent,joint,pls_latent,path_length[B],500,500,0,38.6944935225251,2.8134197102689287,38.53434224900792
orientation,0.25,power_design-e82acfaf07f7,power_design,pls_latent,joint,pls_latent,path_length[B],500,500,0,44.95428689591521,2.278808213741792,44.799425788871936
orientation,0.25,power_design-f1eb64c73e42,power_design,pls_latent,joint,pls_latent,path_length[B],500,500,0,44.79354394882521,2.4372829392592013,44.60322379898708
orientation,0.25,power_primary-d24110555d37,power_primary,pls_latent,joint,pls_latent,path_length[B],500,500,0,38.42426433145794,3.0131116232342476,37.949443405042494
orientation,0.25,power_design-73257baf8a21,power_design,pls_latent,joint,pls_latent,shape,500,500,0,0.05123019980974296,0.0293056354947629,0.04674216267418927
orientation,0.25,power_design-e82acfaf07f7,power_design,pls_latent,joint,pls_latent,shape,500,500,0,0.05216737771012522,0.026712795746596494,0.04878282186444353
orientation,0.25,power_design-f1eb64c73e42,power_design,pls_latent,joint,pls_latent,shape,500,500,0,0.05434746324026453,0.02959711801106161,0.04973929511813266
orientation,0.25,power_primary-d24110555d37,power_primary,pls_latent,joint,pls_latent,shape,500,500,0,0.05252265469160035,0.029113632000965305,0.048969636010244094
orientation,0.5,power_design-088b6c84c2b4,power_design,population_native,expression,native_omic_units,angle,500,500,0,72.22114428358474,17.91382270679459,65.16486686196609
orientation,0.5,power_design-895944b407af,power_design,population_native,expression,native_omic_units,angle,500,500,0,72.22114428358474,17.91382270679459,65.16486686196609
orientation,0.5,power_design-d890adbeda33,power_design,population_native,expression,native_omic_units,angle,500,500,0,72.22114428358474,17.91382270679459,65.16486686196609
orientation,0.5,power_primary-1d6ba8dd1bf6,power_primary,population_native,expression,native_omic_units,angle,500,500,0,72.22114428358474,17.91382270679459,65.16486686196609
orientation,0.5,power_design-088b6c84c2b4,power_design,population_native,expression,native_omic_units,delta,500,500,0,0.9611739435740604,0.7314745559541512,0.7804850856609349
orientation,0.5,power_design-895944b407af,power_design,population_native,expression,native_omic_units,delta,500,500,0,0.9611739435740604,0.7314745559541512,0.7804850856609349
orientation,0.5,power_design-d890adbeda33,power_design,population_native,expression,native_omic_units,delta,500,500,0,0.9611739435740604,0.7314745559541512,0.7804850856609349
orientation,0.5,power_primary-1d6ba8dd1bf6,power_primary,population_native,expression,native_omic_units,delta,500,500,0,0.9611739435740604,0.7314745559541512,0.7804850856609349
orientation,0.5,power_design-088b6c84c2b4,power_design,population_native,expression,native_omic_units,path_length[A],500,500,0,25.480784886701134,1.2737016299900132,25.581932925595176
orientation,0.5,power_design-895944b407af,power_design,population_native,expression,native_omic_units,path_length[A],500,500,0,25.480784886701134,1.2737016299900132,25.581932925595176
orientation,0.5,power_design-d890adbeda33,power_design,population_native,expression,native_omic_units,path_length[A],500,500,0,25.480784886701134,1.2737016299900132,25.581932925595176
orientation,0.5,power_primary-1d6ba8dd1bf6,power_primary,population_native,expression,native_omic_units,path_length[A],500,500,0,25.480784886701134,1.2737016299900132,25.581932925595176
orientation,0.5,power_design-088b6c84c2b4,power_design,population_native,expression,native_omic_units,path_length[B],500,500,0,25.49334867482057,1.3265754442224225,25.600100106380175
orientation,0.5,power_design-895944b407af,power_design,population_native,expression,native_omic_units,path_length[B],500,500,0,25.49334867482057,1.3265754442224225,25.600100106380175
orientation,0.5,power_design-d890adbeda33,power_design,population_native,expression,native_omic_units,path_length[B],500,500,0,25.49334867482057,1.3265754442224225,25.600100106380175
orientation,0.5,power_primary-1d6ba8dd1bf6,power_primary,population_native,expression,native_omic_units,path_length[B],500,500,0,25.49334867482057,1.3265754442224225,25.600100106380175
orientation,0.5,power_design-088b6c84c2b4,power_design,population_native,expression,native_omic_units,shape,500,500,0,0.05287140060498847,0.028631180786193512,0.04971130911130332
orientation,0.5,power_design-895944b407af,power_design,population_native,expression,native_omic_units,shape,500,500,0,0.05287140060498847,0.028631180786193512,0.04971130911130332
orientation,0.5,power_design-d890adbeda33,power_design,population_native,expression,native_omic_units,shape,500,500,0,0.05287140060498847,0.028631180786193512,0.04971130911130332
orientation,0.5,power_primary-1d6ba8dd1bf6,power_primary,population_native,expression,native_omic_units,shape,500,500,0,0.05287140060498847,0.028631180786193512,0.04971130911130332
orientation,0.5,power_design-088b6c84c2b4,power_design,population_native,methylation,native_omic_units,angle,500,500,0,60.122503001546946,3.429737319351472,60.00000000000001
orientation,0.5,power_design-895944b407af,power_design,population_native,methylation,native_omic_units,angle,500,500,0,60.122503001546946,3.429737319351472,60.00000000000001
orientation,0.5,power_design-d890adbeda33,power_design,population_native,methylation,native_omic_units,angle,500,500,0,60.122503001546946,3.429737319351472,60.00000000000001
orientation,0.5,power_primary-1d6ba8dd1bf6,power_primary,population_native,methylation,native_omic_units,angle,500,500,0,60.122503001546946,3.429737319351472,60.00000000000001
orientation,0.5,power_design-088b6c84c2b4,power_design,population_native,methylation,native_omic_units,delta,500,500,0,0.0,0.0,0.0
orientation,0.5,power_design-895944b407af,power_design,population_native,methylation,native_omic_units,delta,500,500,0,0.0,0.0,0.0
orientation,0.5,power_design-d890adbeda33,power_design,population_native,methylation,native_omic_units,delta,500,500,0,0.0,0.0,0.0
orientation,0.5,power_primary-1d6ba8dd1bf6,power_primary,population_native,methylation,native_omic_units,delta,500,500,0,0.0,0.0,0.0
orientation,0.5,power_design-088b6c84c2b4,power_design,population_native,methylation,native_omic_units,path_length[A],500,500,0,32.57812365465419,1.541146180916717,32.607708397069054
orientation,0.5,power_design-895944b407af,power_design,population_native,methylation,native_omic_units,path_length[A],500,500,0,32.57812365465419,1.541146180916717,32.607708397069054
orientation,0.5,power_design-d890adbeda33,power_design,population_native,methylation,native_omic_units,path_length[A],500,500,0,32.57812365465419,1.541146180916717,32.607708397069054
orientation,0.5,power_primary-1d6ba8dd1bf6,power_primary,population_native,methylation,native_omic_units,path_length[A],500,500,0,32.57812365465419,1.541146180916717,32.607708397069054
orientation,0.5,power_design-088b6c84c2b4,power_design,population_native,methylation,native_omic_units,path_length[B],500,500,0,32.57812365465419,1.541146180916717,32.607708397069054
orientation,0.5,power_design-895944b407af,power_design,population_native,methylation,native_omic_units,path_length[B],500,500,0,32.57812365465419,1.541146180916717,32.607708397069054
orientation,0.5,power_design-d890adbeda33,power_design,population_native,methylation,native_omic_units,path_length[B],500,500,0,32.57812365465419,1.541146180916717,32.607708397069054
orientation,0.5,power_primary-1d6ba8dd1bf6,power_primary,population_native,methylation,native_omic_units,path_length[B],500,500,0,32.57812365465419,1.541146180916717,32.607708397069054
orientation,0.5,power_design-088b6c84c2b4,power_design,population_native,methylation,native_omic_units,shape,500,500,0,2.0588147992382482e-15,1.1249838316578437e-15,1.7156371725630966e-15
orientation,0.5,power_design-895944b407af,power_design,population_native,methylation,native_omic_units,shape,500,500,0,2.0588147992382482e-15,1.1249838316578437e-15,1.7156371725630966e-15
orientation,0.5,power_design-d890adbeda33,power_design,population_native,methylation,native_omic_units,shape,500,500,0,2.0588147992382482e-15,1.1249838316578437e-15,1.7156371725630966e-15
orientation,0.5,power_primary-1d6ba8dd1bf6,power_primary,population_native,methylation,native_omic_units,shape,500,500,0,2.0588147992382482e-15,1.1249838316578437e-15,1.7156371725630966e-15
orientation,0.5,power_design-088b6c84c2b4,power_design,population_native,proteomics,native_omic_units,angle,500,500,0,72.42024684836399,18.10385356240364,65.6206628366762
orientation,0.5,power_design-d890adbeda33,power_design,population_native,proteomics,native_omic_units,angle,500,500,0,72.42024684836399,18.10385356240364,65.6206628366762
orientation,0.5,power_design-088b6c84c2b4,power_design,population_native,proteomics,native_omic_units,delta,500,500,0,1.1861194138568958,0.8810594766961645,1.0121171009119596
orientation,0.5,power_design-d890adbeda33,power_design,population_native,proteomics,native_omic_units,delta,500,500,0,1.1861194138568958,0.8810594766961645,1.0121171009119596
orientation,0.5,power_design-088b6c84c2b4,power_design,population_native,proteomics,native_omic_units,path_length[A],500,500,0,28.24749964700159,1.4952872096038166,28.233128708517363
orientation,0.5,power_design-d890adbeda33,power_design,population_native,proteomics,native_omic_units,path_length[A],500,500,0,28.24749964700159,1.4952872096038166,28.233128708517363
orientation,0.5,power_design-088b6c84c2b4,power_design,population_native,proteomics,native_omic_units,path_length[B],500,500,0,28.24273784174332,1.601836607660481,28.390047176268183
orientation,0.5,power_design-d890adbeda33,power_design,population_native,proteomics,native_omic_units,path_length[B],500,500,0,28.24273784174332,1.601836607660481,28.390047176268183
orientation,0.5,power_design-088b6c84c2b4,power_design,population_native,proteomics,native_omic_units,shape,500,500,0,0.059900488352545335,0.030523299517478043,0.05637825150181929
orientation,0.5,power_design-d890adbeda33,power_design,population_native,proteomics,native_omic_units,shape,500,500,0,0.059900488352545335,0.030523299517478043,0.05637825150181929
orientation,0.5,power_design-088b6c84c2b4,power_design,population_standardized,expression,standardized_feature,angle,500,500,0,75.42812200487302,17.33956311157252,68.3514038901049
orientation,0.5,power_design-895944b407af,power_design,population_standardized,expression,standardized_feature,angle,500,500,0,75.42812200487302,17.33956311157252,68.3514038901049
orientation,0.5,power_design-d890adbeda33,power_design,population_standardized,expression,standardized_feature,angle,500,500,0,75.61481916616226,17.252857129091748,68.67709986976381
orientation,0.5,power_primary-1d6ba8dd1bf6,power_primary,population_standardized,expression,standardized_feature,angle,500,500,0,75.61481916616226,17.252857129091748,68.67709986976381
orientation,0.5,power_design-088b6c84c2b4,power_design,population_standardized,expression,standardized_feature,delta,500,500,0,1.2047398743926594,0.8796552486243483,1.0376650452919058
orientation,0.5,power_design-895944b407af,power_design,population_standardized,expression,standardized_feature,delta,500,500,0,1.2047398743926594,0.8796552486243483,1.0376650452919058
orientation,0.5,power_design-d890adbeda33,power_design,population_standardized,expression,standardized_feature,delta,500,500,0,1.2508154894333547,0.9090796687144379,1.068070474178116
orientation,0.5,power_primary-1d6ba8dd1bf6,power_primary,population_standardized,expression,standardized_feature,delta,500,500,0,1.2508154894333547,0.9090796687144379,1.068070474178116
orientation,0.5,power_design-088b6c84c2b4,power_design,population_standardized,expression,standardized_feature,path_length[A],500,500,0,23.240642508786472,1.3039918266089747,23.241016776600052
orientation,0.5,power_design-895944b407af,power_design,population_standardized,expression,standardized_feature,path_length[A],500,500,0,23.240642508786472,1.3039918266089747,23.241016776600052
orientation,0.5,power_design-d890adbeda33,power_design,population_standardized,expression,standardized_feature,path_length[A],500,500,0,23.157342744676697,1.317105269426515,23.172115841024315
orientation,0.5,power_primary-1d6ba8dd1bf6,power_primary,population_standardized,expression,standardized_feature,path_length[A],500,500,0,23.157342744676697,1.317105269426515,23.172115841024315
orientation,0.5,power_design-088b6c84c2b4,power_design,population_standardized,expression,standardized_feature,path_length[B],500,500,0,23.660879116848392,1.3328531984726408,23.752324392720137
orientation,0.5,power_design-895944b407af,power_design,population_standardized,expression,standardized_feature,path_length[B],500,500,0,23.660879116848392,1.3328531984726408,23.752324392720137
orientation,0.5,power_design-d890adbeda33,power_design,population_standardized,expression,standardized_feature,path_length[B],500,500,0,23.67159873640622,1.353624047208872,23.73986251647109
orientation,0.5,power_primary-1d6ba8dd1bf6,power_primary,population_standardized,expression,standardized_feature,path_length[B],500,500,0,23.67159873640622,1.353624047208872,23.73986251647109
orientation,0.5,power_design-088b6c84c2b4,power_design,population_standardized,expression,standardized_feature,shape,500,500,0,0.061386362344449295,0.03159743611136831,0.056727626633829395
orientation,0.5,power_design-895944b407af,power_design,population_standardized,expression,standardized_feature,shape,500,500,0,0.061386362344449295,0.03159743611136831,0.056727626633829395
orientation,0.5,power_design-d890adbeda33,power_design,population_standardized,expression,standardized_feature,shape,500,500,0,0.062258114164233866,0.03260940286839451,0.058187694294111636
orientation,0.5,power_primary-1d6ba8dd1bf6,power_primary,population_standardized,expression,standardized_feature,shape,500,500,0,0.062258114164233866,0.03260940286839451,0.058187694294111636
orientation,0.5,power_design-088b6c84c2b4,power_design,population_standardized,joint,standardized_feature,angle,500,500,0,73.90611919979999,16.187317265798036,67.43930529644817
orientation,0.5,power_design-895944b407af,power_design,population_standardized,joint,standardized_feature,angle,500,500,0,71.86730324120019,15.358791678207595,66.32891405617829
orientation,0.5,power_design-d890adbeda33,power_design,population_standardized,joint,standardized_feature,angle,500,500,0,73.73150130032312,15.515937704098336,67.80972218104507
orientation,0.5,power_primary-1d6ba8dd1bf6,power_primary,population_standardized,joint,standardized_feature,angle,500,500,0,72.27222928790034,15.24851944218709,66.57966680196525
orientation,0.5,power_design-088b6c84c2b4,power_design,population_standardized,joint,standardized_feature,delta,500,500,0,1.849900846952379,1.374980435323574,1.596987264924536
orientation,0.5,power_design-895944b407af,power_design,population_standardized,joint,standardized_feature,delta,500,500,0,1.13068703667553,0.8161878126196503,1.0297251917940855
orientation,0.5,power_design-d890adbeda33,power_design,population_standardized,joint,standardized_feature,delta,500,500,0,1.9531370704399746,1.4251892751164037,1.6938520846023017
orientation,0.5,power_primary-1d6ba8dd1bf6,power_primary,population_standardized,joint,standardized_feature,delta,500,500,0,1.2480806544518266,0.8517003403720089,1.125537354897407
orientation,0.5,power_design-088b6c84c2b4,power_design,population_standardized,joint,standardized_feature,path_length[A],500,500,0,48.71759628350252,2.3465108039539935,48.66419534757457
orientation,0.5,power_design-895944b407af,power_design,population_standardized,joint,standardized_feature,path_length[A],500,500,0,38.74003135916787,1.8299195374105024,38.67945169201358
orientation,0.5,power_design-d890adbeda33,power_design,population_standardized,joint,standardized_feature,path_length[A],500,500,0,48.4891200241911,2.3109445079849813,48.43073096157942
orientation,0.5,power_primary-1d6ba8dd1bf6,power_primary,population_standardized,joint,standardized_feature,path_length[A],500,500,0,38.53952559642733,1.8112696099126493,38.47148898094896
orientation,0.5,power_design-088b6c84c2b4,power_design,population_standardized,joint,standardized_feature,path_length[B],500,500,0,49.81929224683928,2.5051327147639166,49.8877410827585
orientation,0.5,power_design-895944b407af,power_design,population_standardized,joint,standardized_feature,path_length[B],500,500,0,39.601104652443865,1.9134077849817779,39.67297381059397
orientation,0.5,power_design-d890adbeda33,power_design,population_standardized,joint,standardized_feature,path_length[B],500,500,0,49.87161748948641,2.48009110840521,50.02116195925335
orientation,0.5,power_primary-1d6ba8dd1bf6,power_primary,population_standardized,joint,standardized_feature,path_length[B],500,500,0,39.600081118614696,1.889167916920632,39.6032136069592
orientation,0.5,power_design-088b6c84c2b4,power_design,population_standardized,joint,standardized_feature,shape,500,500,0,0.04300348643030906,0.021765324171970017,0.041076013963304944
orientation,0.5,power_design-895944b407af,power_design,population_standardized,joint,standardized_feature,shape,500,500,0,0.03208666260094383,0.015067239720078432,0.031611170889590784
orientation,0.5,power_design-d890adbeda33,power_design,population_standardized,joint,standardized_feature,shape,500,500,0,0.04454530436063013,0.022604250423830245,0.04204754760556874
orientation,0.5,power_primary-1d6ba8dd1bf6,power_primary,population_standardized,joint,standardized_feature,shape,500,500,0,0.033683890789515794,0.015630558276954833,0.0321220723070081
orientation,0.5,power_design-088b6c84c2b4,power_design,population_standardized,methylation,standardized_feature,angle,500,500,0,71.50099872842375,15.179109891469386,65.89509880411673
orientation,0.5,power_design-895944b407af,power_design,population_standardized,methylation,standardized_feature,angle,500,500,0,71.50099872842375,15.179109891469386,65.89509880411673
orientation,0.5,power_design-d890adbeda33,power_design,population_standardized,methylation,standardized_feature,angle,500,500,0,71.16430512255388,14.267621206570189,66.24239716195764
orientation,0.5,power_primary-1d6ba8dd1bf6,power_primary,population_standardized,methylation,standardized_feature,angle,500,500,0,71.16430512255388,14.267621206570189,66.24239716195764
orientation,0.5,power_design-088b6c84c2b4,power_design,population_standardized,methylation,standardized_feature,delta,500,500,0,0.9029386948352268,0.6378047102523352,0.7721511230981442
orientation,0.5,power_design-895944b407af,power_design,population_standardized,methylation,standardized_feature,delta,500,500,0,0.9029386948352268,0.6378047102523352,0.7721511230981442
orientation,0.5,power_design-d890adbeda33,power_design,population_standardized,methylation,standardized_feature,delta,500,500,0,1.0205883995131044,0.695328608300599,0.9504874429348344
orientation,0.5,power_primary-1d6ba8dd1bf6,power_primary,population_standardized,methylation,standardized_feature,delta,500,500,0,1.0205883995131044,0.695328608300599,0.9504874429348344
orientation,0.5,power_design-088b6c84c2b4,power_design,population_standardized,methylation,standardized_feature,path_length[A],500,500,0,30.971474272595923,1.628221244690267,30.983498936298098
orientation,0.5,power_design-895944b407af,power_design,population_standardized,methylation,standardized_feature,path_length[A],500,500,0,30.971474272595923,1.628221244690267,30.983498936298098
orientation,0.5,power_design-d890adbeda33,power_design,population_standardized,methylation,standardized_feature,path_length[A],500,500,0,30.78290185461735,1.602560049111042,30.708441026374196
orientation,0.5,power_primary-1d6ba8dd1bf6,power_primary,population_standardized,methylation,standardized_feature,path_length[A],500,500,0,30.78290185461735,1.602560049111042,30.708441026374196
orientation,0.5,power_design-088b6c84c2b4,power_design,population_standardized,methylation,standardized_feature,path_length[B],500,500,0,31.730153093254813,1.722083797591156,31.721869276342247
orientation,0.5,power_design-895944b407af,power_design,population_standardized,methylation,standardized_feature,path_length[B],500,500,0,31.730153093254813,1.722083797591156,31.721869276342247
orientation,0.5,power_design-d890adbeda33,power_design,population_standardized,methylation,standardized_feature,path_length[B],500,500,0,31.72105357726949,1.6743080492117697,31.655133833972027
orientation,0.5,power_primary-1d6ba8dd1bf6,power_primary,population_standardized,methylation,standardized_feature,path_length[B],500,500,0,31.72105357726949,1.6743080492117697,31.655133833972027
orientation,0.5,power_design-088b6c84c2b4,power_design,population_standardized,methylation,standardized_feature,shape,500,500,0,0.029463899383318316,0.01335001221522182,0.029218922444514066
orientation,0.5,power_design-895944b407af,power_design,population_standardized,methylation,standardized_feature,shape,500,500,0,0.029463899383318316,0.01335001221522182,0.029218922444514066
orientation,0.5,power_design-d890adbeda33,power_design,population_standardized,methylation,standardized_feature,shape,500,500,0,0.03118299600526259,0.013022832791340012,0.030110650425711094
orientation,0.5,power_primary-1d6ba8dd1bf6,power_primary,population_standardized,methylation,standardized_feature,shape,500,500,0,0.03118299600526259,0.013022832791340012,0.030110650425711094
orientation,0.5,power_design-088b6c84c2b4,power_design,population_standardized,proteomics,standardized_feature,angle,500,500,0,76.16751703548884,16.87462558739011,70.14898202985044
orientation,0.5,power_design-d890adbeda33,power_design,population_standardized,proteomics,standardized_feature,angle,500,500,0,76.44696313170869,16.747240459425356,70.21001032434545
orientation,0.5,power_design-088b6c84c2b4,power_design,population_standardized,proteomics,standardized_feature,delta,500,500,0,1.8326651246372616,1.4036327066400356,1.543460288083244
orientation,0.5,power_design-d890adbeda33,power_design,population_standardized,proteomics,standardized_feature,delta,500,500,0,1.8774227395058518,1.3997841608506312,1.6023019895059196
orientation,0.5,power_design-088b6c84c2b4,power_design,population_standardized,proteomics,standardized_feature,path_length[A],500,500,0,29.51472021263739,1.8129800839035946,29.485948940009813
orientation,0.5,power_design-d890adbeda33,power_design,population_standardized,proteomics,standardized_feature,path_length[A],500,500,0,29.401706329378335,1.7683953323753685,29.29858746805302
orientation,0.5,power_design-088b6c84c2b4,power_design,population_standardized,proteomics,standardized_feature,path_length[B],500,500,0,30.198027657285856,1.9571804146731346,30.239149218634424
orientation,0.5,power_design-d890adbeda33,power_design,population_standardized,proteomics,standardized_feature,path_length[B],500,500,0,30.286647528665092,1.9245620962660328,30.3540849555261
orientation,0.5,power_design-088b6c84c2b4,power_design,population_standardized,proteomics,standardized_feature,shape,500,500,0,0.07137785416983936,0.03703645936130225,0.06554139964262504
orientation,0.5,power_design-d890adbeda33,power_design,population_standardized,proteomics,standardized_feature,shape,500,500,0,0.07250305079399758,0.03795359700425489,0.06755653290137842
orientation,0.5,power_design-088b6c84c2b4,power_design,observed_standardized,expression,standardized_feature,angle,500,500,0,76.1965804043307,14.74467906200234,70.59542263693004
orientation,0.5,power_design-895944b407af,power_design,observed_standardized,expression,standardized_feature,angle,500,500,0,76.1965804043307,14.74467906200234,70.59542263693004
orientation,0.5,power_design-d890adbeda33,power_design,observed_standardized,expression,standardized_feature,angle,500,500,0,78.04155015428913,15.986464512338534,71.86758499184937
orientation,0.5,power_primary-1d6ba8dd1bf6,power_primary,observed_standardized,expression,standardized_feature,angle,500,500,0,78.04155015428913,15.986464512338534,71.86758499184937
orientation,0.5,power_design-088b6c84c2b4,power_design,observed_standardized,expression,standardized_feature,delta,500,500,0,1.2699268078918013,0.9789962310261264,1.0500499939982681
orientation,0.5,power_design-895944b407af,power_design,observed_standardized,expression,standardized_feature,delta,500,500,0,1.2699268078918013,0.9789962310261264,1.0500499939982681
orientation,0.5,power_design-d890adbeda33,power_design,observed_standardized,expression,standardized_feature,delta,500,500,0,1.304933733718498,0.9684267032102414,1.0837119072769958
orientation,0.5,power_primary-1d6ba8dd1bf6,power_primary,observed_standardized,expression,standardized_feature,delta,500,500,0,1.304933733718498,0.9684267032102414,1.0837119072769958
orientation,0.5,power_design-088b6c84c2b4,power_design,observed_standardized,expression,standardized_feature,path_length[A],500,500,0,24.246448258125454,1.255608503870786,24.23615659878528
orientation,0.5,power_design-895944b407af,power_design,observed_standardized,expression,standardized_feature,path_length[A],500,500,0,24.246448258125454,1.255608503870786,24.23615659878528
orientation,0.5,power_design-d890adbeda33,power_design,observed_standardized,expression,standardized_feature,path_length[A],500,500,0,24.118065477172287,1.2405455272217152,24.18462251565949
orientation,0.5,power_primary-1d6ba8dd1bf6,power_primary,observed_standardized,expression,standardized_feature,path_length[A],500,500,0,24.118065477172287,1.2405455272217152,24.18462251565949
orientation,0.5,power_design-088b6c84c2b4,power_design,observed_standardized,expression,standardized_feature,path_length[B],500,500,0,24.840951930952805,1.283083405778868,24.863229440956722
orientation,0.5,power_design-895944b407af,power_design,observed_standardized,expression,standardized_feature,path_length[B],500,500,0,24.840951930952805,1.283083405778868,24.863229440956722
orientation,0.5,power_design-d890adbeda33,power_design,observed_standardized,expression,standardized_feature,path_length[B],500,500,0,24.83541697389548,1.2519261988374293,24.921634837931354
orientation,0.5,power_primary-1d6ba8dd1bf6,power_primary,observed_standardized,expression,standardized_feature,path_length[B],500,500,0,24.83541697389548,1.2519261988374293,24.921634837931354
orientation,0.5,power_design-088b6c84c2b4,power_design,observed_standardized,expression,standardized_feature,shape,500,500,0,0.06300350894776294,0.03242190341041992,0.059289796511698065
orientation,0.5,power_design-895944b407af,power_design,observed_standardized,expression,standardized_feature,shape,500,500,0,0.06300350894776294,0.03242190341041992,0.059289796511698065
orientation,0.5,power_design-d890adbeda33,power_design,observed_standardized,expression,standardized_feature,shape,500,500,0,0.0644843633751152,0.032897192017400476,0.06074255333492101
orientation,0.5,power_primary-1d6ba8dd1bf6,power_primary,observed_standardized,expression,standardized_feature,shape,500,500,0,0.0644843633751152,0.032897192017400476,0.06074255333492101
orientation,0.5,power_design-088b6c84c2b4,power_design,observed_standardized,joint,standardized_feature,angle,500,500,0,76.66813786104298,14.12425380196509,71.04208798311026
orientation,0.5,power_design-895944b407af,power_design,observed_standardized,joint,standardized_feature,angle,500,500,0,77.68513360202246,14.1652207155232,71.72667845652815
orientation,0.5,power_design-d890adbeda33,power_design,observed_standardized,joint,standardized_feature,angle,500,500,0,75.96706945803591,13.518750775864401,70.83391662460616
orientation,0.5,power_primary-1d6ba8dd1bf6,power_primary,observed_standardized,joint,standardized_feature,angle,500,500,0,77.16448169598053,14.17483595823866,71.52609314089774
orientation,0.5,power_design-088b6c84c2b4,power_design,observed_standardized,joint,standardized_feature,delta,500,500,0,2.2350284880091436,1.683585616508082,1.8450783201849212
orientation,0.5,power_design-895944b407af,power_design,observed_standardized,joint,standardized_feature,delta,500,500,0,1.8873229320564335,1.4989268681905843,1.619405273521366
orientation,0.5,power_design-d890adbeda33,power_design,observed_standardized,joint,standardized_feature,delta,500,500,0,2.3691160215183187,1.7174785153562262,1.9918971521796252
orientation,0.5,power_primary-1d6ba8dd1bf6,power_primary,observed_standardized,joint,standardized_feature,delta,500,500,0,1.9700458568465444,1.4346670076118315,1.6822930238162748
orientation,0.5,power_design-088b6c84c2b4,power_design,observed_standardized,joint,standardized_feature,path_length[A],500,500,0,51.61901289051811,2.352967512716946,51.4345788872648
orientation,0.5,power_design-895944b407af,power_design,observed_standardized,joint,standardized_feature,path_length[A],500,500,0,41.71590933368075,2.0753199005365013,41.49156859977174
orientation,0.5,power_design-d890adbeda33,power_design,observed_standardized,joint,standardized_feature,path_length[A],500,500,0,51.14259949015651,2.402819083690363,50.98111966086175
orientation,0.5,power_primary-1d6ba8dd1bf6,power_primary,observed_standardized,joint,standardized_feature,path_length[A],500,500,0,41.2720214845685,2.0623197367121286,41.082484243764185
orientation,0.5,power_design-088b6c84c2b4,power_design,observed_standardized,joint,standardized_feature,path_length[B],500,500,0,53.028502008097966,2.4685538944827976,52.896593538100284
orientation,0.5,power_design-895944b407af,power_design,observed_standardized,joint,standardized_feature,path_length[B],500,500,0,42.884669055405496,2.115120512284089,42.706637415522145
orientation,0.5,power_design-d890adbeda33,power_design,observed_standardized,joint,standardized_feature,path_length[B],500,500,0,52.86706296957672,2.360771230570385,52.82185313739194
orientation,0.5,power_primary-1d6ba8dd1bf6,power_primary,observed_standardized,joint,standardized_feature,path_length[B],500,500,0,42.6496966694859,1.9859937408384143,42.554408555494874
orientation,0.5,power_design-088b6c84c2b4,power_design,observed_standardized,joint,standardized_feature,shape,500,500,0,0.051702382083872005,0.02742256116476636,0.04976911446938618
orientation,0.5,power_design-895944b407af,power_design,observed_standardized,joint,standardized_feature,shape,500,500,0,0.05526265520018126,0.03147369264861358,0.04925449573612277
orientation,0.5,power_design-d890adbeda33,power_design,observed_standardized,joint,standardized_feature,shape,500,500,0,0.05293126738942184,0.0276290968430024,0.050037539160445926
orientation,0.5,power_primary-1d6ba8dd1bf6,power_primary,observed_standardized,joint,standardized_feature,shape,500,500,0,0.054796421149398505,0.03140695526881364,0.04856488883365308
orientation,0.5,power_design-088b6c84c2b4,power_design,observed_standardized,methylation,standardized_feature,angle,500,500,0,79.24004687617777,14.4098196778512,73.74382625645377
orientation,0.5,power_design-895944b407af,power_design,observed_standardized,methylation,standardized_feature,angle,500,500,0,79.24004687617777,14.4098196778512,73.74382625645377
orientation,0.5,power_design-d890adbeda33,power_design,observed_standardized,methylation,standardized_feature,angle,500,500,0,77.53723562619145,13.863716828177399,72.52618704426862
orientation,0.5,power_primary-1d6ba8dd1bf6,power_primary,observed_standardized,methylation,standardized_feature,angle,500,500,0,77.53723562619145,13.863716828177399,72.52618704426862
orientation,0.5,power_design-088b6c84c2b4,power_design,observed_standardized,methylation,standardized_feature,delta,500,500,0,1.9422980293140688,1.625822606659379,1.547758326843887
orientation,0.5,power_design-895944b407af,power_design,observed_standardized,methylation,standardized_feature,delta,500,500,0,1.9422980293140688,1.625822606659379,1.547758326843887
orientation,0.5,power_design-d890adbeda33,power_design,observed_standardized,methylation,standardized_feature,delta,500,500,0,1.9450016929474896,1.551956270090158,1.6538298392709123
orientation,0.5,power_primary-1d6ba8dd1bf6,power_primary,observed_standardized,methylation,standardized_feature,delta,500,500,0,1.9450016929474896,1.551956270090158,1.6538298392709123
orientation,0.5,power_design-088b6c84c2b4,power_design,observed_standardized,methylation,standardized_feature,path_length[A],500,500,0,33.90990583332108,2.0971044434697195,33.65300537777322
orientation,0.5,power_design-895944b407af,power_design,observed_standardized,methylation,standardized_feature,path_length[A],500,500,0,33.90990583332108,2.0971044434697195,33.65300537777322
orientation,0.5,power_design-d890adbeda33,power_design,observed_standardized,methylation,standardized_feature,path_length[A],500,500,0,33.459774357172705,2.0264269732841567,33.19775552150402
orientation,0.5,power_primary-1d6ba8dd1bf6,power_primary,observed_standardized,methylation,standardized_feature,path_length[A],500,500,0,33.459774357172705,2.0264269732841567,33.19775552150402
orientation,0.5,power_design-088b6c84c2b4,power_design,observed_standardized,methylation,standardized_feature,path_length[B],500,500,0,34.91850339651733,2.1307733148130232,34.71939134808804
orientation,0.5,power_design-895944b407af,power_design,observed_standardized,methylation,standardized_feature,path_length[B],500,500,0,34.91850339651733,2.1307733148130232,34.71939134808804
orientation,0.5,power_design-d890adbeda33,power_design,observed_standardized,methylation,standardized_feature,path_length[B],500,500,0,34.63727011818496,1.9843881529176894,34.432144532811606
orientation,0.5,power_primary-1d6ba8dd1bf6,power_primary,observed_standardized,methylation,standardized_feature,path_length[B],500,500,0,34.63727011818496,1.9843881529176894,34.432144532811606
orientation,0.5,power_design-088b6c84c2b4,power_design,observed_standardized,methylation,standardized_feature,shape,500,500,0,0.07020492946837217,0.04363388197311794,0.06363983423365166
orientation,0.5,power_design-895944b407af,power_design,observed_standardized,methylation,standardized_feature,shape,500,500,0,0.07020492946837217,0.04363388197311794,0.06363983423365166
orientation,0.5,power_design-d890adbeda33,power_design,observed_standardized,methylation,standardized_feature,shape,500,500,0,0.06916384566290724,0.042158269414055524,0.06002429120670678
orientation,0.5,power_primary-1d6ba8dd1bf6,power_primary,observed_standardized,methylation,standardized_feature,shape,500,500,0,0.06916384566290724,0.042158269414055524,0.06002429120670678
orientation,0.5,power_design-088b6c84c2b4,power_design,observed_standardized,proteomics,standardized_feature,angle,500,500,0,78.36737878304145,16.573360887235673,71.86744372436448
orientation,0.5,power_design-d890adbeda33,power_design,observed_standardized,proteomics,standardized_feature,angle,500,500,0,76.92784509559091,15.25445404443133,71.13416237515635
orientation,0.5,power_design-088b6c84c2b4,power_design,observed_standardized,proteomics,standardized_feature,delta,500,500,0,1.8124359230300122,1.3520345815614296,1.5002651948647507
orientation,0.5,power_design-d890adbeda33,power_design,observed_standardized,proteomics,standardized_feature,delta,500,500,0,1.9177013867629795,1.4406421010823198,1.633554002363173
orientation,0.5,power_design-088b6c84c2b4,power_design,observed_standardized,proteomics,standardized_feature,path_length[A],500,500,0,30.36498134949755,1.6854648561219852,30.341936796459116
orientation,0.5,power_design-d890adbeda33,power_design,observed_standardized,proteomics,standardized_feature,path_length[A],500,500,0,30.168194853953963,1.722708631509304,30.18055156162353
orientation,0.5,power_design-088b6c84c2b4,power_design,observed_standardized,proteomics,standardized_feature,path_length[B],500,500,0,31.148859169156776,1.808749864496661,31.20863270266646
orientation,0.5,power_design-d890adbeda33,power_design,observed_standardized,proteomics,standardized_feature,path_length[B],500,500,0,31.19885928613496,1.824127612907311,31.312354992418815
orientation,0.5,power_design-088b6c84c2b4,power_design,observed_standardized,proteomics,standardized_feature,shape,500,500,0,0.07106431980133487,0.03728541172455785,0.06509109722543956
orientation,0.5,power_design-d890adbeda33,power_design,observed_standardized,proteomics,standardized_feature,shape,500,500,0,0.07232616036175703,0.03687931857861885,0.06878833114614127
orientation,0.5,power_design-088b6c84c2b4,power_design,pls_latent,joint,pls_latent,angle,500,500,0,48.60902124436029,44.62196573767205,32.14019999395585
orientation,0.5,power_design-895944b407af,power_design,pls_latent,joint,pls_latent,angle,500,500,0,41.06995382519031,39.90198915312275,26.96346332657
orientation,0.5,power_design-d890adbeda33,power_design,pls_latent,joint,pls_latent,angle,500,500,0,47.15132921674592,43.49562024042517,30.491077339508035
orientation,0.5,power_primary-1d6ba8dd1bf6,power_primary,pls_latent,joint,pls_latent,angle,500,500,0,40.012606546769454,40.45029434926553,24.777344885649633
orientation,0.5,power_design-088b6c84c2b4,power_design,pls_latent,joint,pls_latent,delta,500,500,0,2.606972114064321,1.8936431655040677,2.246438165599475
orientation,0.5,power_design-895944b407af,power_design,pls_latent,joint,pls_latent,delta,500,500,0,2.16035448889888,1.647767266546718,1.8312641265348972
orientation,0.5,power_design-d890adbeda33,power_design,pls_latent,joint,pls_latent,delta,500,500,0,2.6213336616686798,1.9584893853200425,2.1505007946499717
orientation,0.5,power_primary-1d6ba8dd1bf6,power_primary,pls_latent,joint,pls_latent,delta,500,500,0,2.1121563684883746,1.6496001795255408,1.7413733899773405
orientation,0.5,power_design-088b6c84c2b4,power_design,pls_latent,joint,pls_latent,path_length[A],500,500,0,44.25756633055806,2.50266235259894,44.01036390567809
orientation,0.5,power_design-895944b407af,power_design,pls_latent,joint,pls_latent,path_length[A],500,500,0,38.32883501296025,2.8930745543914753,38.047397361133704
orientation,0.5,power_design-d890adbeda33,power_design,pls_latent,joint,pls_latent,path_length[A],500,500,0,44.193860977288644,2.3771799536447062,43.98313387902224
orientation,0.5,power_primary-1d6ba8dd1bf6,power_primary,pls_latent,joint,pls_latent,path_length[A],500,500,0,38.15528195178034,2.805123252208016,37.87925272250408
orientation,0.5,power_design-088b6c84c2b4,power_design,pls_latent,joint,pls_latent,path_length[B],500,500,0,42.80659640328071,2.805505277186299,42.628207616788686
orientation,0.5,power_design-895944b407af,power_design,pls_latent,joint,pls_latent,path_length[B],500,500,0,37.406533289473614,3.1041259358247086,37.42113678850646
orientation,0.5,power_design-d890adbeda33,power_design,pls_latent,joint,pls_latent,path_length[B],500,500,0,42.30757651233719,2.6574405083965646,42.06205202117596
orientation,0.5,power_primary-1d6ba8dd1bf6,power_primary,pls_latent,joint,pls_latent,path_length[B],500,500,0,36.89944388411178,2.9259927590501125,36.931511494770824
orientation,0.5,power_design-088b6c84c2b4,power_design,pls_latent,joint,pls_latent,shape,500,500,0,0.07054678920010567,0.03597409251692712,0.06777238692035142
orientation,0.5,power_design-895944b407af,power_design,pls_latent,joint,pls_latent,shape,500,500,0,0.07249753783983734,0.035631066349421675,0.07013015331828201
orientation,0.5,power_design-d890adbeda33,power_design,pls_latent,joint,pls_latent,shape,500,500,0,0.07517212075661078,0.036342987318815086,0.07315770501363755
orientation,0.5,power_primary-1d6ba8dd1bf6,power_primary,pls_latent,joint,pls_latent,shape,500,500,0,0.07359322551188059,0.0376019621854997,0.07016992365583362
orientation,0.75,power_design-2a366438977c,power_design,population_native,expression,native_omic_units,angle,500,500,0,81.7091761213926,9.181692544899175,79.64103942304803
orientation,0.75,power_design-95aede9b0dbe,power_design,population_native,expression,native_omic_units,angle,500,500,0,81.7091761213926,9.181692544899175,79.64103942304803
orientation,0.75,power_design-a6686ed3813d,power_design,population_native,expression,native_omic_units,angle,500,500,0,81.7091761213926,9.181692544899175,79.64103942304803
orientation,0.75,power_primary-69ed86aaf613,power_primary,population_native,expression,native_omic_units,angle,500,500,0,81.7091761213926,9.181692544899175,79.64103942304803
orientation,0.75,power_design-2a366438977c,power_design,population_native,expression,native_omic_units,delta,500,500,0,1.1285735411927285,0.8742137251367019,0.9281553423075142
orientation,0.75,power_design-95aede9b0dbe,power_design,population_native,expression,native_omic_units,delta,500,500,0,1.1285735411927285,0.8742137251367019,0.9281553423075142
orientation,0.75,power_design-a6686ed3813d,power_design,population_native,expression,native_omic_units,delta,500,500,0,1.1285735411927285,0.8742137251367019,0.9281553423075142
orientation,0.75,power_primary-69ed86aaf613,power_primary,population_native,expression,native_omic_units,delta,500,500,0,1.1285735411927285,0.8742137251367019,0.9281553423075142
orientation,0.75,power_design-2a366438977c,power_design,population_native,expression,native_omic_units,path_length[A],500,500,0,25.480784886701134,1.2737016299900132,25.581932925595176
orientation,0.75,power_design-95aede9b0dbe,power_design,population_native,expression,native_omic_units,path_length[A],500,500,0,25.480784886701134,1.2737016299900132,25.581932925595176
orientation,0.75,power_design-a6686ed3813d,power_design,population_native,expression,native_omic_units,path_length[A],500,500,0,25.480784886701134,1.2737016299900132,25.581932925595176
orientation,0.75,power_primary-69ed86aaf613,power_primary,population_native,expression,native_omic_units,path_length[A],500,500,0,25.480784886701134,1.2737016299900132,25.581932925595176
orientation,0.75,power_design-2a366438977c,power_design,population_native,expression,native_omic_units,path_length[B],500,500,0,25.4699888122809,1.2808146070898208,25.455359115539217
orientation,0.75,power_design-95aede9b0dbe,power_design,population_native,expression,native_omic_units,path_length[B],500,500,0,25.4699888122809,1.2808146070898208,25.455359115539217
orientation,0.75,power_design-a6686ed3813d,power_design,population_native,expression,native_omic_units,path_length[B],500,500,0,25.4699888122809,1.2808146070898208,25.455359115539217
orientation,0.75,power_primary-69ed86aaf613,power_primary,population_native,expression,native_omic_units,path_length[B],500,500,0,25.4699888122809,1.2808146070898208,25.455359115539217
orientation,0.75,power_design-2a366438977c,power_design,population_native,expression,native_omic_units,shape,500,500,0,0.0604570234136103,0.03311895568112427,0.05577445538001294
orientation,0.75,power_design-95aede9b0dbe,power_design,population_native,expression,native_omic_units,shape,500,500,0,0.0604570234136103,0.03311895568112427,0.05577445538001294
orientation,0.75,power_design-a6686ed3813d,power_design,population_native,expression,native_omic_units,shape,500,500,0,0.0604570234136103,0.03311895568112427,0.05577445538001294
orientation,0.75,power_primary-69ed86aaf613,power_primary,population_native,expression,native_omic_units,shape,500,500,0,0.0604570234136103,0.03311895568112427,0.05577445538001294
orientation,0.75,power_design-2a366438977c,power_design,population_native,methylation,native_omic_units,angle,500,500,0,75.73646213980652,2.179770826987444,75.68794231010318
orientation,0.75,power_design-95aede9b0dbe,power_design,population_native,methylation,native_omic_units,angle,500,500,0,75.73646213980652,2.179770826987444,75.68794231010318
orientation,0.75,power_design-a6686ed3813d,power_design,population_native,methylation,native_omic_units,angle,500,500,0,75.73646213980652,2.179770826987444,75.68794231010318
orientation,0.75,power_primary-69ed86aaf613,power_primary,population_native,methylation,native_omic_units,angle,500,500,0,75.73646213980652,2.179770826987444,75.68794231010318
orientation,0.75,power_design-2a366438977c,power_design,population_native,methylation,native_omic_units,delta,500,500,0,0.0,0.0,0.0
orientation,0.75,power_design-95aede9b0dbe,power_design,population_native,methylation,native_omic_units,delta,500,500,0,0.0,0.0,0.0
orientation,0.75,power_design-a6686ed3813d,power_design,population_native,methylation,native_omic_units,delta,500,500,0,0.0,0.0,0.0
orientation,0.75,power_primary-69ed86aaf613,power_primary,population_native,methylation,native_omic_units,delta,500,500,0,0.0,0.0,0.0
orientation,0.75,power_design-2a366438977c,power_design,population_native,methylation,native_omic_units,path_length[A],500,500,0,32.57812365465419,1.541146180916717,32.607708397069054
orientation,0.75,power_design-95aede9b0dbe,power_design,population_native,methylation,native_omic_units,path_length[A],500,500,0,32.57812365465419,1.541146180916717,32.607708397069054
orientation,0.75,power_design-a6686ed3813d,power_design,population_native,methylation,native_omic_units,path_length[A],500,500,0,32.57812365465419,1.541146180916717,32.607708397069054
orientation,0.75,power_primary-69ed86aaf613,power_primary,population_native,methylation,native_omic_units,path_length[A],500,500,0,32.57812365465419,1.541146180916717,32.607708397069054
orientation,0.75,power_design-2a366438977c,power_design,population_native,methylation,native_omic_units,path_length[B],500,500,0,32.57812365465419,1.541146180916717,32.607708397069054
orientation,0.75,power_design-95aede9b0dbe,power_design,population_native,methylation,native_omic_units,path_length[B],500,500,0,32.57812365465419,1.541146180916717,32.607708397069054
orientation,0.75,power_design-a6686ed3813d,power_design,population_native,methylation,native_omic_units,path_length[B],500,500,0,32.57812365465419,1.541146180916717,32.607708397069054
orientation,0.75,power_primary-69ed86aaf613,power_primary,population_native,methylation,native_omic_units,path_length[B],500,500,0,32.57812365465419,1.541146180916717,32.607708397069054
orientation,0.75,power_design-2a366438977c,power_design,population_native,methylation,native_omic_units,shape,500,500,0,2.0889400544370897e-15,1.1600419158653679e-15,1.6857728420310428e-15
orientation,0.75,power_design-95aede9b0dbe,power_design,population_native,methylation,native_omic_units,shape,500,500,0,2.0889400544370897e-15,1.1600419158653679e-15,1.6857728420310428e-15
orientation,0.75,power_design-a6686ed3813d,power_design,population_native,methylation,native_omic_units,shape,500,500,0,2.0889400544370897e-15,1.1600419158653679e-15,1.6857728420310428e-15
orientation,0.75,power_primary-69ed86aaf613,power_primary,population_native,methylation,native_omic_units,shape,500,500,0,2.0889400544370897e-15,1.1600419158653679e-15,1.6857728420310428e-15
orientation,0.75,power_design-2a366438977c,power_design,population_native,proteomics,native_omic_units,angle,500,500,0,82.18237614440216,9.915665334147082,80.29845049094124
orientation,0.75,power_design-a6686ed3813d,power_design,population_native,proteomics,native_omic_units,angle,500,500,0,82.18237614440216,9.915665334147082,80.29845049094124
orientation,0.75,power_design-2a366438977c,power_design,population_native,proteomics,native_omic_units,delta,500,500,0,1.4163151362757895,1.0329744395572749,1.2217162917835207
orientation,0.75,power_design-a6686ed3813d,power_design,population_native,proteomics,native_omic_units,delta,500,500,0,1.4163151362757895,1.0329744395572749,1.2217162917835207
orientation,0.75,power_design-2a366438977c,power_design,population_native,proteomics,native_omic_units,path_length[A],500,500,0,28.24749964700159,1.4952872096038166,28.233128708517363
orientation,0.75,power_design-a6686ed3813d,power_design,population_native,proteomics,native_omic_units,path_length[A],500,500,0,28.24749964700159,1.4952872096038166,28.233128708517363
orientation,0.75,power_design-2a366438977c,power_design,population_native,proteomics,native_omic_units,path_length[B],500,500,0,28.20550050902545,1.5483351519034965,28.248804839190065
orientation,0.75,power_design-a6686ed3813d,power_design,population_native,proteomics,native_omic_units,path_length[B],500,500,0,28.20550050902545,1.5483351519034965,28.248804839190065
orientation,0.75,power_design-2a366438977c,power_design,population_native,proteomics,native_omic_units,shape,500,500,0,0.0678948083842031,0.0356708663474939,0.06240491333552026
orientation,0.75,power_design-a6686ed3813d,power_design,population_native,proteomics,native_omic_units,shape,500,500,0,0.0678948083842031,0.0356708663474939,0.06240491333552026
orientation,0.75,power_design-2a366438977c,power_design,population_standardized,expression,standardized_feature,angle,500,500,0,82.9437634207194,8.113579985207101,80.6908245063862
orientation,0.75,power_design-95aede9b0dbe,power_design,population_standardized,expression,standardized_feature,angle,500,500,0,82.9437634207194,8.113579985207101,80.6908245063862
orientation,0.75,power_design-a6686ed3813d,power_design,population_standardized,expression,standardized_feature,angle,500,500,0,82.65929212877262,7.874042144918625,80.71727017874446
orientation,0.75,power_primary-69ed86aaf613,power_primary,population_standardized,expression,standardized_feature,angle,500,500,0,82.65929212877262,7.874042144918625,80.71727017874446
orientation,0.75,power_design-2a366438977c,power_design,population_standardized,expression,standardized_feature,delta,500,500,0,1.3754761173515697,1.0879026545601465,1.0978250954196334
orientation,0.75,power_design-95aede9b0dbe,power_design,population_standardized,expression,standardized_feature,delta,500,500,0,1.3754761173515697,1.0879026545601465,1.0978250954196334
orientation,0.75,power_design-a6686ed3813d,power_design,population_standardized,expression,standardized_feature,delta,500,500,0,1.3941803876924546,1.1211075092073433,1.0955547732262971
orientation,0.75,power_primary-69ed86aaf613,power_primary,population_standardized,expression,standardized_feature,delta,500,500,0,1.3941803876924546,1.1211075092073433,1.0955547732262971
orientation,0.75,power_design-2a366438977c,power_design,population_standardized,expression,standardized_feature,path_length[A],500,500,0,23.508426237773477,1.3391354308414318,23.532973287133338
orientation,0.75,power_design-95aede9b0dbe,power_design,population_standardized,expression,standardized_feature,path_length[A],500,500,0,23.508426237773477,1.3391354308414318,23.532973287133338
orientation,0.75,power_design-a6686ed3813d,power_design,population_standardized,expression,standardized_feature,path_length[A],500,500,0,23.42182440930053,1.3152005129375641,23.447516167145483
orientation,0.75,power_primary-69ed86aaf613,power_primary,population_standardized,expression,standardized_feature,path_length[A],500,500,0,23.42182440930053,1.3152005129375641,23.447516167145483
orientation,0.75,power_design-2a366438977c,power_design,population_standardized,expression,standardized_feature,path_length[B],500,500,0,24.06921843211899,1.2999814637242482,24.025166780022595
orientation,0.75,power_design-95aede9b0dbe,power_design,population_standardized,expression,standardized_feature,path_length[B],500,500,0,24.06921843211899,1.2999814637242482,24.025166780022595
orientation,0.75,power_design-a6686ed3813d,power_design,population_standardized,expression,standardized_feature,path_length[B],500,500,0,24.1447325383377,1.284890301020175,24.154734946316232
orientation,0.75,power_primary-69ed86aaf613,power_primary,population_standardized,expression,standardized_feature,path_length[B],500,500,0,24.1447325383377,1.284890301020175,24.154734946316232
orientation,0.75,power_design-2a366438977c,power_design,population_standardized,expression,standardized_feature,shape,500,500,0,0.06913034374637173,0.038119527922550536,0.06690344193332895
orientation,0.75,power_design-95aede9b0dbe,power_design,population_standardized,expression,standardized_feature,shape,500,500,0,0.06913034374637173,0.038119527922550536,0.06690344193332895
orientation,0.75,power_design-a6686ed3813d,power_design,population_standardized,expression,standardized_feature,shape,500,500,0,0.06969063732854879,0.03868634980392645,0.0657150397810829
orientation,0.75,power_primary-69ed86aaf613,power_primary,population_standardized,expression,standardized_feature,shape,500,500,0,0.06969063732854879,0.03868634980392645,0.0657150397810829
orientation,0.75,power_design-2a366438977c,power_design,population_standardized,joint,standardized_feature,angle,500,500,0,82.84712134300885,7.454148693786032,80.19980370649549
orientation,0.75,power_design-95aede9b0dbe,power_design,population_standardized,joint,standardized_feature,angle,500,500,0,82.20237150484203,7.1581813444122675,79.73765275235083
orientation,0.75,power_design-a6686ed3813d,power_design,population_standardized,joint,standardized_feature,angle,500,500,0,82.68222117942346,7.104069716401537,80.16530645904166
orientation,0.75,power_primary-69ed86aaf613,power_primary,population_standardized,joint,standardized_feature,angle,500,500,0,82.26062265827306,7.038032201163661,79.89832034508404
orientation,0.75,power_design-2a366438977c,power_design,population_standardized,joint,standardized_feature,delta,500,500,0,2.192490318333413,1.6570673404208143,1.857594320674579
orientation,0.75,power_design-95aede9b0dbe,power_design,population_standardized,joint,standardized_feature,delta,500,500,0,1.4587445041449467,1.0309422157192079,1.3479962862666959
orientation,0.75,power_design-a6686ed3813d,power_design,population_standardized,joint,standardized_feature,delta,500,500,0,2.3996978013174473,1.770782441628941,2.127465324445623
orientation,0.75,power_primary-69ed86aaf613,power_primary,population_standardized,joint,standardized_feature,delta,500,500,0,1.6805965117508685,1.125891179624749,1.4738770398542265
orientation,0.75,power_design-2a366438977c,power_design,population_standardized,joint,standardized_feature,path_length[A],500,500,0,49.73969532943162,2.417992523696618,49.795652494876066
orientation,0.75,power_design-95aede9b0dbe,power_design,population_standardized,joint,standardized_feature,path_length[A],500,500,0,39.633545566814256,1.8946759054627795,39.58909146559865
orientation,0.75,power_design-a6686ed3813d,power_design,population_standardized,joint,standardized_feature,path_length[A],500,500,0,49.49020790540936,2.386489059020215,49.466819446120695
orientation,0.75,power_primary-69ed86aaf613,power_primary,population_standardized,joint,standardized_feature,path_length[A],500,500,0,39.43312758987821,1.8739542298946361,39.41048647872337
orientation,0.75,power_design-2a366438977c,power_design,population_standardized,joint,standardized_feature,path_length[B],500,500,0,51.19382820549801,2.5026866837684256,51.178328057888294
orientation,0.75,power_design-95aede9b0dbe,power_design,population_standardized,joint,standardized_feature,path_length[B],500,500,0,40.83652027751023,1.981501942110165,40.82149070955642
orientation,0.75,power_design-a6686ed3813d,power_design,population_standardized,joint,standardized_feature,path_length[B],500,500,0,51.38978112816228,2.4890858216163587,51.388883260346105
orientation,0.75,power_primary-69ed86aaf613,power_primary,population_standardized,joint,standardized_feature,path_length[B],500,500,0,40.96441509026538,1.984407251043833,40.90143665021951
orientation,0.75,power_design-2a366438977c,power_design,population_standardized,joint,standardized_feature,shape,500,500,0,0.04919921688540942,0.025209104926620474,0.04540857096197762
orientation,0.75,power_design-95aede9b0dbe,power_design,population_standardized,joint,standardized_feature,shape,500,500,0,0.039446703400527416,0.019177579380823533,0.038501129929185404
orientation,0.75,power_design-a6686ed3813d,power_design,population_standardized,joint,standardized_feature,shape,500,500,0,0.05120677047013769,0.02623329710698414,0.048158487328615524
orientation,0.75,power_primary-69ed86aaf613,power_primary,population_standardized,joint,standardized_feature,shape,500,500,0,0.04162845716983012,0.019568647195699323,0.040550560550860565
orientation,0.75,power_design-2a366438977c,power_design,population_standardized,methylation,standardized_feature,angle,500,500,0,82.13126529189056,7.016591860901989,79.69156238425148
orientation,0.75,power_design-95aede9b0dbe,power_design,population_standardized,methylation,standardized_feature,angle,500,500,0,82.13126529189056,7.016591860901989,79.69156238425148
orientation,0.75,power_design-a6686ed3813d,power_design,population_standardized,methylation,standardized_feature,angle,500,500,0,82.16152876713178,6.875895719529248,79.73066133950387
orientation,0.75,power_primary-69ed86aaf613,power_primary,population_standardized,methylation,standardized_feature,angle,500,500,0,82.16152876713178,6.875895719529248,79.73066133950387
orientation,0.75,power_design-2a366438977c,power_design,population_standardized,methylation,standardized_feature,delta,500,500,0,1.2510919123124062,0.8277069677689083,1.1040706912317972
orientation,0.75,power_design-95aede9b0dbe,power_design,population_standardized,methylation,standardized_feature,delta,500,500,0,1.2510919123124062,0.8277069677689083,1.1040706912317972
orientation,0.75,power_design-a6686ed3813d,power_design,population_standardized,methylation,standardized_feature,delta,500,500,0,1.4875776797656888,0.8796527816687477,1.3704816662088568
orientation,0.75,power_primary-69ed86aaf613,power_primary,population_standardized,methylation,standardized_feature,delta,500,500,0,1.4875776797656888,0.8796527816687477,1.3704816662088568
orientation,0.75,power_design-2a366438977c,power_design,population_standardized,methylation,standardized_feature,path_length[A],500,500,0,31.883131659924047,1.7175377330614143,31.804933384733957
orientation,0.75,power_design-95aede9b0dbe,power_design,population_standardized,methylation,standardized_feature,path_length[A],500,500,0,31.883131659924047,1.7175377330614143,31.804933384733957
orientation,0.75,power_design-a6686ed3813d,power_design,population_standardized,methylation,standardized_feature,path_length[A],500,500,0,31.699731817592333,1.6868038096633775,31.725103689468497
orientation,0.75,power_primary-69ed86aaf613,power_primary,population_standardized,methylation,standardized_feature,path_length[A],500,500,0,31.699731817592333,1.6868038096633775,31.725103689468497
orientation,0.75,power_design-2a366438977c,power_design,population_standardized,methylation,standardized_feature,path_length[B],500,500,0,32.96461864054601,1.8360482365213708,32.92208939905696
orientation,0.75,power_design-95aede9b0dbe,power_design,population_standardized,methylation,standardized_feature,path_length[B],500,500,0,32.96461864054601,1.8360482365213708,32.92208939905696
orientation,0.75,power_design-a6686ed3813d,power_design,population_standardized,methylation,standardized_feature,path_length[B],500,500,0,33.066742919293524,1.8561555752420542,33.06778969577883
orientation,0.75,power_primary-69ed86aaf613,power_primary,population_standardized,methylation,standardized_feature,path_length[B],500,500,0,33.066742919293524,1.8561555752420542,33.06778969577883
orientation,0.75,power_design-2a366438977c,power_design,population_standardized,methylation,standardized_feature,shape,500,500,0,0.039209024234181725,0.016931669107397584,0.03763451980976292
orientation,0.75,power_design-95aede9b0dbe,power_design,population_standardized,methylation,standardized_feature,shape,500,500,0,0.039209024234181725,0.016931669107397584,0.03763451980976292
orientation,0.75,power_design-a6686ed3813d,power_design,population_standardized,methylation,standardized_feature,shape,500,500,0,0.0416798062593048,0.017117369678062704,0.04109320831898694
orientation,0.75,power_primary-69ed86aaf613,power_primary,population_standardized,methylation,standardized_feature,shape,500,500,0,0.0416798062593048,0.017117369678062704,0.04109320831898694
orientation,0.75,power_design-2a366438977c,power_design,population_standardized,proteomics,standardized_feature,angle,500,500,0,83.91874133799185,8.376041625144977,81.44464771848891
orientation,0.75,power_design-a6686ed3813d,power_design,population_standardized,proteomics,standardized_feature,angle,500,500,0,83.84445814856869,8.160947522262376,81.70993788240577
orientation,0.75,power_design-2a366438977c,power_design,population_standardized,proteomics,standardized_feature,delta,500,500,0,2.0965686949911806,1.5752342410897104,1.7861688750136118
orientation,0.75,power_design-a6686ed3813d,power_design,population_standardized,proteomics,standardized_feature,delta,500,500,0,2.1699810525653977,1.6070822793692845,1.8409803666052902
orientation,0.75,power_design-2a366438977c,power_design,population_standardized,proteomics,standardized_feature,path_length[A],500,500,0,30.026472537276558,1.8701381377293416,29.969104862435522
orientation,0.75,power_design-a6686ed3813d,power_design,population_standardized,proteomics,standardized_feature,path_length[A],500,500,0,29.878815675148196,1.8332186282288183,29.83057244976743
orientation,0.75,power_design-2a366438977c,power_design,population_standardized,proteomics,standardized_feature,path_length[B],500,500,0,30.843774264048623,1.9022078781468892,30.789291375729434
orientation,0.75,power_design-a6686ed3813d,power_design,population_standardized,proteomics,standardized_feature,path_length[B],500,500,0,30.998557144492285,1.8859973431997548,30.960273896178933
orientation,0.75,power_design-2a366438977c,power_design,population_standardized,proteomics,standardized_feature,shape,500,500,0,0.07826156628111572,0.04120599094975381,0.07390447662053383
orientation,0.75,power_design-a6686ed3813d,power_design,population_standardized,proteomics,standardized_feature,shape,500,500,0,0.0803256248282179,0.041730910653945144,0.07557796608191741
orientation,0.75,power_design-2a366438977c,power_design,observed_standardized,expression,standardized_feature,angle,500,500,0,84.29198834857796,7.844296025347543,82.15986708783213
orientation,0.75,power_design-95aede9b0dbe,power_design,observed_standardized,expression,standardized_feature,angle,500,500,0,84.29198834857796,7.844296025347543,82.15986708783213
orientation,0.75,power_design-a6686ed3813d,power_design,observed_standardized,expression,standardized_feature,angle,500,500,0,84.01853221580987,7.540447513209731,82.1811063078779
orientation,0.75,power_primary-69ed86aaf613,power_primary,observed_standardized,expression,standardized_feature,angle,500,500,0,84.01853221580987,7.540447513209731,82.1811063078779
orientation,0.75,power_design-2a366438977c,power_design,observed_standardized,expression,standardized_feature,delta,500,500,0,1.3896720985752027,1.093492624254709,1.1226394899773098
orientation,0.75,power_design-95aede9b0dbe,power_design,observed_standardized,expression,standardized_feature,delta,500,500,0,1.3896720985752027,1.093492624254709,1.1226394899773098
orientation,0.75,power_design-a6686ed3813d,power_design,observed_standardized,expression,standardized_feature,delta,500,500,0,1.4797539748391615,1.1255354458542406,1.272283821506342
orientation,0.75,power_primary-69ed86aaf613,power_primary,observed_standardized,expression,standardized_feature,delta,500,500,0,1.4797539748391615,1.1255354458542406,1.272283821506342
orientation,0.75,power_design-2a366438977c,power_design,observed_standardized,expression,standardized_feature,path_length[A],500,500,0,24.42511112021301,1.2574898870180231,24.45060191484393
orientation,0.75,power_design-95aede9b0dbe,power_design,observed_standardized,expression,standardized_feature,path_length[A],500,500,0,24.42511112021301,1.2574898870180231,24.45060191484393
orientation,0.75,power_design-a6686ed3813d,power_design,observed_standardized,expression,standardized_feature,path_length[A],500,500,0,24.243285939402547,1.2299295825252952,24.256216911808803
orientation,0.75,power_primary-69ed86aaf613,power_primary,observed_standardized,expression,standardized_feature,path_length[A],500,500,0,24.243285939402547,1.2299295825252952,24.256216911808803
orientation,0.75,power_design-2a366438977c,power_design,observed_standardized,expression,standardized_feature,path_length[B],500,500,0,25.126715971370313,1.2716750925857065,25.08562866842754
orientation,0.75,power_design-95aede9b0dbe,power_design,observed_standardized,expression,standardized_feature,path_length[B],500,500,0,25.126715971370313,1.2716750925857065,25.08562866842754
orientation,0.75,power_design-a6686ed3813d,power_design,observed_standardized,expression,standardized_feature,path_length[B],500,500,0,25.1877870676771,1.2201406660544731,25.162013262675785
orientation,0.75,power_primary-69ed86aaf613,power_primary,observed_standardized,expression,standardized_feature,path_length[B],500,500,0,25.1877870676771,1.2201406660544731,25.162013262675785
orientation,0.75,power_design-2a366438977c,power_design,observed_standardized,expression,standardized_feature,shape,500,500,0,0.06984050462234528,0.03599749223528327,0.06418967622279542
orientation,0.75,power_design-95aede9b0dbe,power_design,observed_standardized,expression,standardized_feature,shape,500,500,0,0.06984050462234528,0.03599749223528327,0.06418967622279542
orientation,0.75,power_design-a6686ed3813d,power_design,observed_standardized,expression,standardized_feature,shape,500,500,0,0.0707563247603463,0.03707001046209788,0.06761979602666707
orientation,0.75,power_primary-69ed86aaf613,power_primary,observed_standardized,expression,standardized_feature,shape,500,500,0,0.0707563247603463,0.03707001046209788,0.06761979602666707
orientation,0.75,power_design-2a366438977c,power_design,observed_standardized,joint,standardized_feature,angle,500,500,0,84.40357026683486,7.324811149650938,81.97227658748601
orientation,0.75,power_design-95aede9b0dbe,power_design,observed_standardized,joint,standardized_feature,angle,500,500,0,84.68813357480032,7.627541099974256,82.27534586721933
orientation,0.75,power_design-a6686ed3813d,power_design,observed_standardized,joint,standardized_feature,angle,500,500,0,84.03164433060843,6.95807145842389,81.82496972157188
orientation,0.75,power_primary-69ed86aaf613,power_primary,observed_standardized,joint,standardized_feature,angle,500,500,0,83.9711467817743,7.101485705552326,81.75733589010513
orientation,0.75,power_design-2a366438977c,power_design,observed_standardized,joint,standardized_feature,delta,500,500,0,2.5195642035448658,1.863098805020806,2.1633242150551375
orientation,0.75,power_design-95aede9b0dbe,power_design,observed_standardized,joint,standardized_feature,delta,500,500,0,2.0438839038895393,1.5400088364378812,1.7960821468527293
orientation,0.75,power_design-a6686ed3813d,power_design,observed_standardized,joint,standardized_feature,delta,500,500,0,2.8305569577875245,1.9919658118320218,2.5355091368352163
orientation,0.75,power_primary-69ed86aaf613,power_primary,observed_standardized,joint,standardized_feature,delta,500,500,0,2.3352146358490087,1.5582899641128483,2.0463270366566277
orientation,0.75,power_design-2a366438977c,power_design,observed_standardized,joint,standardized_feature,path_length[A],500,500,0,52.30458327801607,2.345598851255283,52.35321632650535
orientation,0.75,power_design-95aede9b0dbe,power_design,observed_standardized,joint,standardized_feature,path_length[A],500,500,0,42.287477966672874,1.9738410364253745,42.37382476394822
orientation,0.75,power_design-a6686ed3813d,power_design,observed_standardized,joint,standardized_feature,path_length[A],500,500,0,51.76230904137693,2.3621633270195854,51.79180157913666
orientation,0.75,power_primary-69ed86aaf613,power_primary,observed_standardized,joint,standardized_feature,path_length[A],500,500,0,41.769890025823216,1.9778660096576188,41.7875786143642
orientation,0.75,power_design-2a366438977c,power_design,observed_standardized,joint,standardized_feature,path_length[B],500,500,0,54.07761845211164,2.476065400154243,53.93282936680259
orientation,0.75,power_design-95aede9b0dbe,power_design,observed_standardized,joint,standardized_feature,path_length[B],500,500,0,43.80088369535462,2.1167981787977883,43.69142809260005
orientation,0.75,power_design-a6686ed3813d,power_design,observed_standardized,joint,standardized_feature,path_length[B],500,500,0,54.12167093120581,2.392542711803289,54.15013652114604
orientation,0.75,power_primary-69ed86aaf613,power_primary,observed_standardized,joint,standardized_feature,path_length[B],500,500,0,43.78451119953289,2.044490314201135,43.72838227463825
orientation,0.75,power_design-2a366438977c,power_design,observed_standardized,joint,standardized_feature,shape,500,500,0,0.05488456697784439,0.028815929589948153,0.052837918089053415
orientation,0.75,power_design-95aede9b0dbe,power_design,observed_standardized,joint,standardized_feature,shape,500,500,0,0.05546897205511658,0.029933848518941812,0.053574241134964236
orientation,0.75,power_design-a6686ed3813d,power_design,observed_standardized,joint,standardized_feature,shape,500,500,0,0.05803513907804772,0.029639725197159114,0.054369473681888714
orientation,0.75,power_primary-69ed86aaf613,power_primary,observed_standardized,joint,standardized_feature,shape,500,500,0,0.05850755540852179,0.02926117029345743,0.05439174783805606
orientation,0.75,power_design-2a366438977c,power_design,observed_standardized,methylation,standardized_feature,angle,500,500,0,84.89847584750758,8.51242013845337,82.6715833720167
orientation,0.75,power_design-95aede9b0dbe,power_design,observed_standardized,methylation,standardized_feature,angle,500,500,0,84.89847584750758,8.51242013845337,82.6715833720167
orientation,0.75,power_design-a6686ed3813d,power_design,observed_standardized,methylation,standardized_feature,angle,500,500,0,84.0364225941582,7.782039657925194,82.13279955728764
orientation,0.75,power_primary-69ed86aaf613,power_primary,observed_standardized,methylation,standardized_feature,angle,500,500,0,84.0364225941582,7.782039657925194,82.13279955728764
orientation,0.75,power_design-2a366438977c,power_design,observed_standardized,methylation,standardized_feature,delta,500,500,0,2.0433010476404663,1.5630092630819337,1.7661161867715123
orientation,0.75,power_design-95aede9b0dbe,power_design,observed_standardized,methylation,standardized_feature,delta,500,500,0,2.0433010476404663,1.5630092630819337,1.7661161867715123
orientation,0.75,power_design-a6686ed3813d,power_design,observed_standardized,methylation,standardized_feature,delta,500,500,0,2.1867153342593406,1.5560598535937118,1.9586725768075972
orientation,0.75,power_primary-69ed86aaf613,power_primary,observed_standardized,methylation,standardized_feature,delta,500,500,0,2.1867153342593406,1.5560598535937118,1.9586725768075972
orientation,0.75,power_design-2a366438977c,power_design,observed_standardized,methylation,standardized_feature,path_length[A],500,500,0,34.48650370520548,1.9781035084674528,34.490631427700166
orientation,0.75,power_design-95aede9b0dbe,power_design,observed_standardized,methylation,standardized_feature,path_length[A],500,500,0,34.48650370520548,1.9781035084674528,34.490631427700166
orientation,0.75,power_design-a6686ed3813d,power_design,observed_standardized,methylation,standardized_feature,path_length[A],500,500,0,33.983605273638936,1.9530368054353133,33.89461484141189
orientation,0.75,power_primary-69ed86aaf613,power_primary,observed_standardized,methylation,standardized_feature,path_length[A],500,500,0,33.983605273638936,1.9530368054353133,33.89461484141189
orientation,0.75,power_design-2a366438977c,power_design,observed_standardized,methylation,standardized_feature,path_length[B],500,500,0,35.84071233956123,2.1361151992438154,35.75721159033384
orientation,0.75,power_design-95aede9b0dbe,power_design,observed_standardized,methylation,standardized_feature,path_length[B],500,500,0,35.84071233956123,2.1361151992438154,35.75721159033384
orientation,0.75,power_design-a6686ed3813d,power_design,observed_standardized,methylation,standardized_feature,path_length[B],500,500,0,35.783060543764584,2.0283632712829016,35.589227128443
orientation,0.75,power_primary-69ed86aaf613,power_primary,observed_standardized,methylation,standardized_feature,path_length[B],500,500,0,35.783060543764584,2.0283632712829016,35.589227128443
orientation,0.75,power_design-2a366438977c,power_design,observed_standardized,methylation,standardized_feature,shape,500,500,0,0.06674681090987539,0.03792069177550383,0.061633565023046046
orientation,0.75,power_design-95aede9b0dbe,power_design,observed_standardized,methylation,standardized_feature,shape,500,500,0,0.06674681090987539,0.03792069177550383,0.061633565023046046
orientation,0.75,power_design-a6686ed3813d,power_design,observed_standardized,methylation,standardized_feature,shape,500,500,0,0.06774863328584982,0.038848601835436966,0.06038813615988843
orientation,0.75,power_primary-69ed86aaf613,power_primary,observed_standardized,methylation,standardized_feature,shape,500,500,0,0.06774863328584982,0.038848601835436966,0.06038813615988843
orientation,0.75,power_design-2a366438977c,power_design,observed_standardized,proteomics,standardized_feature,angle,500,500,0,84.34498162070263,8.196253710320208,81.94482798809346
orientation,0.75,power_design-a6686ed3813d,power_design,observed_standardized,proteomics,standardized_feature,angle,500,500,0,84.21325837378028,7.8893349227435,81.92273363277687
orientation,0.75,power_design-2a366438977c,power_design,observed_standardized,proteomics,standardized_feature,delta,500,500,0,2.082889374719509,1.5231836329603479,1.7702052447193655
orientation,0.75,power_design-a6686ed3813d,power_design,observed_standardized,proteomics,standardized_feature,delta,500,500,0,2.1870587200673652,1.5968657662779397,1.8799660784272927
orientation,0.75,power_design-2a366438977c,power_design,observed_standardized,proteomics,standardized_feature,path_length[A],500,500,0,30.748921809235025,1.7493262798922502,30.71828642596438
orientation,0.75,power_design-a6686ed3813d,power_design,observed_standardized,proteomics,standardized_feature,path_length[A],500,500,0,30.538663514622822,1.7589866667080865,30.508726010978954
orientation,0.75,power_design-2a366438977c,power_design,observed_standardized,proteomics,standardized_feature,path_length[B],500,500,0,31.676550757357916,1.8146225148607837,31.642216426343154
orientation,0.75,power_design-a6686ed3813d,power_design,observed_standardized,proteomics,standardized_feature,path_length[B],500,500,0,31.774456067326394,1.7733897666169371,31.79021842701046
orientation,0.75,power_design-2a366438977c,power_design,observed_standardized,proteomics,standardized_feature,shape,500,500,0,0.07614690254841013,0.040289404828978866,0.07063142106005232
orientation,0.75,power_design-a6686ed3813d,power_design,observed_standardized,proteomics,standardized_feature,shape,500,500,0,0.0781128823830627,0.041634474825972864,0.07164187428979732
orientation,0.75,power_design-2a366438977c,power_design,pls_latent,joint,pls_latent,angle,500,500,0,54.05571986046238,42.505358440212106,41.97698400161032
orientation,0.75,power_design-95aede9b0dbe,power_design,pls_latent,joint,pls_latent,angle,500,500,0,45.400942074725606,40.521240165302565,30.459770918797815
orientation,0.75,power_design-a6686ed3813d,power_design,pls_latent,joint,pls_latent,angle,500,500,0,53.66582943784064,40.424763888443856,43.83955986435489
orientation,0.75,power_primary-69ed86aaf613,power_primary,pls_latent,joint,pls_latent,angle,500,500,0,43.04689044685939,39.73651351237639,28.54292348756899
orientation,0.75,power_design-2a366438977c,power_design,pls_latent,joint,pls_latent,delta,500,500,0,2.9143984758011308,2.0609949488022363,2.5264449896137826
orientation,0.75,power_design-95aede9b0dbe,power_design,pls_latent,joint,pls_latent,delta,500,500,0,2.475171872780884,1.795606407051163,2.0156896436415384
orientation,0.75,power_design-a6686ed3813d,power_design,pls_latent,joint,pls_latent,delta,500,500,0,3.0980600122144666,2.233943671083029,2.669846238897371
orientation,0.75,power_primary-69ed86aaf613,power_primary,pls_latent,joint,pls_latent,delta,500,500,0,2.6941440374388805,1.9533110520043697,2.30387024864309
orientation,0.75,power_design-2a366438977c,power_design,pls_latent,joint,pls_latent,path_length[A],500,500,0,42.78246849770769,2.585380343262674,42.61907672004405
orientation,0.75,power_design-95aede9b0dbe,power_design,pls_latent,joint,pls_latent,path_length[A],500,500,0,36.924795139747616,2.8850045155690847,36.855637553331064
orientation,0.75,power_design-a6686ed3813d,power_design,pls_latent,joint,pls_latent,path_length[A],500,500,0,42.75105740502577,2.5648657293686887,42.684269309700035
orientation,0.75,power_primary-69ed86aaf613,power_primary,pls_latent,joint,pls_latent,path_length[A],500,500,0,36.98502989396136,2.874199349668374,36.88783430288838
orientation,0.75,power_design-2a366438977c,power_design,pls_latent,joint,pls_latent,path_length[B],500,500,0,41.16737963474431,2.980889873744882,40.98524201220174
orientation,0.75,power_design-95aede9b0dbe,power_design,pls_latent,joint,pls_latent,path_length[B],500,500,0,35.81183677556333,2.8978283279988166,35.86732893212766
orientation,0.75,power_design-a6686ed3813d,power_design,pls_latent,joint,pls_latent,path_length[B],500,500,0,40.55032280413424,2.8611260416806843,40.32658530144741
orientation,0.75,power_primary-69ed86aaf613,power_primary,pls_latent,joint,pls_latent,path_length[B],500,500,0,35.23073679096136,2.7327286658292413,35.08668023850939
orientation,0.75,power_design-2a366438977c,power_design,pls_latent,joint,pls_latent,shape,500,500,0,0.09101731505234865,0.04407398430673015,0.08729579107781393
orientation,0.75,power_design-95aede9b0dbe,power_design,pls_latent,joint,pls_latent,shape,500,500,0,0.09189752060501538,0.04419188502326836,0.08881357048469868
orientation,0.75,power_design-a6686ed3813d,power_design,pls_latent,joint,pls_latent,shape,500,500,0,0.09635284173882616,0.045579552671099144,0.09302353851300742
orientation,0.75,power_primary-69ed86aaf613,power_primary,pls_latent,joint,pls_latent,shape,500,500,0,0.09377127757169884,0.044491461871721566,0.09093355798551699
orientation,1.0,power_design-ae8c069a5f50,power_design,population_native,expression,native_omic_units,angle,500,500,0,89.8500728328705,4.575096547013838,89.97325631818163
orientation,1.0,power_design-baac85748783,power_design,population_native,expression,native_omic_units,angle,500,500,0,89.8500728328705,4.575096547013838,89.97325631818163
orientation,1.0,power_design-c3651e18dd66,power_design,population_native,expression,native_omic_units,angle,500,500,0,89.8500728328705,4.575096547013838,89.97325631818163
orientation,1.0,power_primary-d91ecfba4533,power_primary,population_native,expression,native_omic_units,angle,500,500,0,89.8500728328705,4.575096547013838,89.97325631818163
orientation,1.0,power_design-ae8c069a5f50,power_design,population_native,expression,native_omic_units,delta,500,500,0,1.2585933086448802,0.9950516298088857,1.063011264585091
orientation,1.0,power_design-baac85748783,power_design,population_native,expression,native_omic_units,delta,500,500,0,1.2585933086448802,0.9950516298088857,1.063011264585091
orientation,1.0,power_design-c3651e18dd66,power_design,population_native,expression,native_omic_units,delta,500,500,0,1.2585933086448802,0.9950516298088857,1.063011264585091
orientation,1.0,power_primary-d91ecfba4533,power_primary,population_native,expression,native_omic_units,delta,500,500,0,1.2585933086448802,0.9950516298088857,1.063011264585091
orientation,1.0,power_design-ae8c069a5f50,power_design,population_native,expression,native_omic_units,path_length[A],500,500,0,25.480784886701134,1.2737016299900132,25.581932925595176
orientation,1.0,power_design-baac85748783,power_design,population_native,expression,native_omic_units,path_length[A],500,500,0,25.480784886701134,1.2737016299900132,25.581932925595176
orientation,1.0,power_design-c3651e18dd66,power_design,population_native,expression,native_omic_units,path_length[A],500,500,0,25.480784886701134,1.2737016299900132,25.581932925595176
orientation,1.0,power_primary-d91ecfba4533,power_primary,population_native,expression,native_omic_units,path_length[A],500,500,0,25.480784886701134,1.2737016299900132,25.581932925595176
orientation,1.0,power_design-ae8c069a5f50,power_design,population_native,expression,native_omic_units,path_length[B],500,500,0,25.46246100780061,1.3233444191757813,25.451477393612517
orientation,1.0,power_design-baac85748783,power_design,population_native,expression,native_omic_units,path_length[B],500,500,0,25.46246100780061,1.3233444191757813,25.451477393612517
orientation,1.0,power_design-c3651e18dd66,power_design,population_native,expression,native_omic_units,path_length[B],500,500,0,25.46246100780061,1.3233444191757813,25.451477393612517
orientation,1.0,power_primary-d91ecfba4533,power_primary,population_native,expression,native_omic_units,path_length[B],500,500,0,25.46246100780061,1.3233444191757813,25.451477393612517
orientation,1.0,power_design-ae8c069a5f50,power_design,population_native,expression,native_omic_units,shape,500,500,0,0.0635882905106017,0.032625176483726745,0.06026468274612489
orientation,1.0,power_design-baac85748783,power_design,population_native,expression,native_omic_units,shape,500,500,0,0.0635882905106017,0.032625176483726745,0.06026468274612489
orientation,1.0,power_design-c3651e18dd66,power_design,population_native,expression,native_omic_units,shape,500,500,0,0.0635882905106017,0.032625176483726745,0.06026468274612489
orientation,1.0,power_primary-d91ecfba4533,power_primary,population_native,expression,native_omic_units,shape,500,500,0,0.0635882905106017,0.032625176483726745,0.06026468274612489
orientation,1.0,power_design-ae8c069a5f50,power_design,population_native,methylation,native_omic_units,angle,500,500,0,90.0,1.4728289818698568e-14,90.0
orientation,1.0,power_design-baac85748783,power_design,population_native,methylation,native_omic_units,angle,500,500,0,90.0,1.4728289818698568e-14,90.0
orientation,1.0,power_design-c3651e18dd66,power_design,population_native,methylation,native_omic_units,angle,500,500,0,90.0,1.4728289818698568e-14,90.0
orientation,1.0,power_primary-d91ecfba4533,power_primary,population_native,methylation,native_omic_units,angle,500,500,0,90.0,1.4728289818698568e-14,90.0
orientation,1.0,power_design-ae8c069a5f50,power_design,population_native,methylation,native_omic_units,delta,500,500,0,0.0,0.0,0.0
orientation,1.0,power_design-baac85748783,power_design,population_native,methylation,native_omic_units,delta,500,500,0,0.0,0.0,0.0
orientation,1.0,power_design-c3651e18dd66,power_design,population_native,methylation,native_omic_units,delta,500,500,0,0.0,0.0,0.0
orientation,1.0,power_primary-d91ecfba4533,power_primary,population_native,methylation,native_omic_units,delta,500,500,0,0.0,0.0,0.0
orientation,1.0,power_design-ae8c069a5f50,power_design,population_native,methylation,native_omic_units,path_length[A],500,500,0,32.57812365465419,1.541146180916717,32.607708397069054
orientation,1.0,power_design-baac85748783,power_design,population_native,methylation,native_omic_units,path_length[A],500,500,0,32.57812365465419,1.541146180916717,32.607708397069054
orientation,1.0,power_design-c3651e18dd66,power_design,population_native,methylation,native_omic_units,path_length[A],500,500,0,32.57812365465419,1.541146180916717,32.607708397069054
orientation,1.0,power_primary-d91ecfba4533,power_primary,population_native,methylation,native_omic_units,path_length[A],500,500,0,32.57812365465419,1.541146180916717,32.607708397069054
orientation,1.0,power_design-ae8c069a5f50,power_design,population_native,methylation,native_omic_units,path_length[B],500,500,0,32.57812365465419,1.541146180916717,32.607708397069054
orientation,1.0,power_design-baac85748783,power_design,population_native,methylation,native_omic_units,path_length[B],500,500,0,32.57812365465419,1.541146180916717,32.607708397069054
orientation,1.0,power_design-c3651e18dd66,power_design,population_native,methylation,native_omic_units,path_length[B],500,500,0,32.57812365465419,1.541146180916717,32.607708397069054
orientation,1.0,power_primary-d91ecfba4533,power_primary,population_native,methylation,native_omic_units,path_length[B],500,500,0,32.57812365465419,1.541146180916717,32.607708397069054
orientation,1.0,power_design-ae8c069a5f50,power_design,population_native,methylation,native_omic_units,shape,500,500,0,2.165759319127097e-15,1.252701922771676e-15,1.7156332116306682e-15
orientation,1.0,power_design-baac85748783,power_design,population_native,methylation,native_omic_units,shape,500,500,0,2.165759319127097e-15,1.252701922771676e-15,1.7156332116306682e-15
orientation,1.0,power_design-c3651e18dd66,power_design,population_native,methylation,native_omic_units,shape,500,500,0,2.165759319127097e-15,1.252701922771676e-15,1.7156332116306682e-15
orientation,1.0,power_primary-d91ecfba4533,power_primary,population_native,methylation,native_omic_units,shape,500,500,0,2.165759319127097e-15,1.252701922771676e-15,1.7156332116306682e-15
orientation,1.0,power_design-ae8c069a5f50,power_design,population_native,proteomics,native_omic_units,angle,500,500,0,89.97871325138145,5.078413773438301,89.93296818308914
orientation,1.0,power_design-baac85748783,power_design,population_native,proteomics,native_omic_units,angle,500,500,0,89.97871325138145,5.078413773438301,89.93296818308914
orientation,1.0,power_design-ae8c069a5f50,power_design,population_native,proteomics,native_omic_units,delta,500,500,0,1.5288620924395797,1.1903741930759324,1.2948860824051636
orientation,1.0,power_design-baac85748783,power_design,population_native,proteomics,native_omic_units,delta,500,500,0,1.5288620924395797,1.1903741930759324,1.2948860824051636
orientation,1.0,power_design-ae8c069a5f50,power_design,population_native,proteomics,native_omic_units,path_length[A],500,500,0,28.24749964700159,1.4952872096038166,28.233128708517363
orientation,1.0,power_design-baac85748783,power_design,population_native,proteomics,native_omic_units,path_length[A],500,500,0,28.24749964700159,1.4952872096038166,28.233128708517363
orientation,1.0,power_design-ae8c069a5f50,power_design,population_native,proteomics,native_omic_units,path_length[B],500,500,0,28.164080749033626,1.5722633317325918,28.22383731383143
orientation,1.0,power_design-baac85748783,power_design,population_native,proteomics,native_omic_units,path_length[B],500,500,0,28.164080749033626,1.5722633317325918,28.22383731383143
orientation,1.0,power_design-ae8c069a5f50,power_design,population_native,proteomics,native_omic_units,shape,500,500,0,0.07159834848832781,0.03517369842785501,0.06758655419245087
orientation,1.0,power_design-baac85748783,power_design,population_native,proteomics,native_omic_units,shape,500,500,0,0.07159834848832781,0.03517369842785501,0.06758655419245087
orientation,1.0,power_design-ae8c069a5f50,power_design,population_standardized,expression,standardized_feature,angle,500,500,0,89.81338209840033,3.811063053729936,89.8976456764843
orientation,1.0,power_design-baac85748783,power_design,population_standardized,expression,standardized_feature,angle,500,500,0,89.85677142523988,3.792145221540472,89.98603139617032
orientation,1.0,power_design-c3651e18dd66,power_design,population_standardized,expression,standardized_feature,angle,500,500,0,89.85677142523988,3.792145221540472,89.98603139617032
orientation,1.0,power_primary-d91ecfba4533,power_primary,population_standardized,expression,standardized_feature,angle,500,500,0,89.81338209840033,3.811063053729936,89.8976456764843
orientation,1.0,power_design-ae8c069a5f50,power_design,population_standardized,expression,standardized_feature,delta,500,500,0,1.552055881627534,1.2018481962572234,1.3086965575804204
orientation,1.0,power_design-baac85748783,power_design,population_standardized,expression,standardized_feature,delta,500,500,0,1.5211904363696847,1.1858100184786968,1.3126749253401275
orientation,1.0,power_design-c3651e18dd66,power_design,population_standardized,expression,standardized_feature,delta,500,500,0,1.5211904363696847,1.1858100184786968,1.3126749253401275
orientation,1.0,power_primary-d91ecfba4533,power_primary,population_standardized,expression,standardized_feature,delta,500,500,0,1.552055881627534,1.2018481962572234,1.3086965575804204
orientation,1.0,power_design-ae8c069a5f50,power_design,population_standardized,expression,standardized_feature,path_length[A],500,500,0,23.621874143585462,1.311211745046869,23.68050423974227
orientation,1.0,power_design-baac85748783,power_design,population_standardized,expression,standardized_feature,path_length[A],500,500,0,23.67501007315843,1.3198910071633723,23.72260877607888
orientation,1.0,power_design-c3651e18dd66,power_design,population_standardized,expression,standardized_feature,path_length[A],500,500,0,23.67501007315843,1.3198910071633723,23.72260877607888
orientation,1.0,power_primary-d91ecfba4533,power_primary,population_standardized,expression,standardized_feature,path_length[A],500,500,0,23.621874143585462,1.311211745046869,23.68050423974227
orientation,1.0,power_design-ae8c069a5f50,power_design,population_standardized,expression,standardized_feature,path_length[B],500,500,0,24.39564164583646,1.3484596805871112,24.449761947215915
orientation,1.0,power_design-baac85748783,power_design,population_standardized,expression,standardized_feature,path_length[B],500,500,0,24.333803489533157,1.3572027906022701,24.360435085165086
orientation,1.0,power_design-c3651e18dd66,power_design,population_standardized,expression,standardized_feature,path_length[B],500,500,0,24.333803489533157,1.3572027906022701,24.360435085165086
orientation,1.0,power_primary-d91ecfba4533,power_primary,population_standardized,expression,standardized_feature,path_length[B],500,500,0,24.39564164583646,1.3484596805871112,24.449761947215915
orientation,1.0,power_design-ae8c069a5f50,power_design,population_standardized,expression,standardized_feature,shape,500,500,0,0.07561979750972865,0.037426113977267576,0.07407228589673365
orientation,1.0,power_design-baac85748783,power_design,population_standardized,expression,standardized_feature,shape,500,500,0,0.07422674372069764,0.03586064102784154,0.07134039053011484
orientation,1.0,power_design-c3651e18dd66,power_design,population_standardized,expression,standardized_feature,shape,500,500,0,0.07422674372069764,0.03586064102784154,0.07134039053011484
orientation,1.0,power_primary-d91ecfba4533,power_primary,population_standardized,expression,standardized_feature,shape,500,500,0,0.07561979750972865,0.037426113977267576,0.07407228589673365
orientation,1.0,power_design-ae8c069a5f50,power_design,population_standardized,joint,standardized_feature,angle,500,500,0,89.89999515715705,2.189924667723492,89.85291417021656
orientation,1.0,power_design-baac85748783,power_design,population_standardized,joint,standardized_feature,angle,500,500,0,89.91338471266356,2.1830427235945384,89.84169332269514
orientation,1.0,power_design-c3651e18dd66,power_design,population_standardized,joint,standardized_feature,angle,500,500,0,89.93219578442076,1.3086358016929673,89.89122880437176
orientation,1.0,power_primary-d91ecfba4533,power_primary,population_standardized,joint,standardized_feature,angle,500,500,0,89.921951538609,1.3364510723386294,89.86865248282193
orientation,1.0,power_design-ae8c069a5f50,power_design,population_standardized,joint,standardized_feature,delta,500,500,0,2.779929387007813,1.993991433258795,2.5038756075499506
orientation,1.0,power_design-baac85748783,power_design,population_standardized,joint,standardized_feature,delta,500,500,0,2.4837152829629243,1.7923788815699062,2.224321496764766
orientation,1.0,power_design-c3651e18dd66,power_design,population_standardized,joint,standardized_feature,delta,500,500,0,1.7539557036713862,1.1672918420069907,1.628975191590964
orientation,1.0,power_primary-d91ecfba4533,power_primary,population_standardized,joint,standardized_feature,delta,500,500,0,2.020829269117975,1.3198386595631677,1.8947894194713584
orientation,1.0,power_design-ae8c069a5f50,power_design,population_standardized,joint,standardized_feature,path_length[A],500,500,0,50.30209889623405,2.4435870287637536,50.138062790519854
orientation,1.0,power_design-baac85748783,power_design,population_standardized,joint,standardized_feature,path_length[A],500,500,0,50.53864388647024,2.418657597958511,50.4443076795723
orientation,1.0,power_design-c3651e18dd66,power_design,population_standardized,joint,standardized_feature,path_length[A],500,500,0,40.375565487218616,1.952098978876296,40.32514931879501
orientation,1.0,power_primary-d91ecfba4533,power_primary,population_standardized,joint,standardized_feature,path_length[A],500,500,0,40.18147247824846,1.9716890322712544,40.09425120453568
orientation,1.0,power_design-ae8c069a5f50,power_design,population_standardized,joint,standardized_feature,path_length[B],500,500,0,52.61411467301726,2.5827964411186404,52.627114294254646
orientation,1.0,power_design-baac85748783,power_design,population_standardized,joint,standardized_feature,path_length[B],500,500,0,52.36578786804757,2.5853616110590356,52.404826047067644
orientation,1.0,power_design-c3651e18dd66,power_design,population_standardized,joint,standardized_feature,path_length[B],500,500,0,41.91512831302,2.069901270009635,41.8413282938878
orientation,1.0,power_primary-d91ecfba4533,power_primary,population_standardized,joint,standardized_feature,path_length[B],500,500,0,42.06653860288764,2.0631575339280888,42.02935818075373
orientation,1.0,power_design-ae8c069a5f50,power_design,population_standardized,joint,standardized_feature,shape,500,500,0,0.05692314933844478,0.02572913170879494,0.05683103794849955
orientation,1.0,power_design-baac85748783,power_design,population_standardized,joint,standardized_feature,shape,500,500,0,0.05387857037774517,0.02521551882161603,0.05283609002828552
orientation,1.0,power_design-c3651e18dd66,power_design,population_standardized,joint,standardized_feature,shape,500,500,0,0.04503688168656995,0.02050188694261126,0.044105881618914336
orientation,1.0,power_primary-d91ecfba4533,power_primary,population_standardized,joint,standardized_feature,shape,500,500,0,0.04915682271916031,0.020815659843140856,0.04831964970960312
orientation,1.0,power_design-ae8c069a5f50,power_design,population_standardized,methylation,standardized_feature,angle,500,500,0,90.0,7.607429658477228e-15,90.0
orientation,1.0,power_design-baac85748783,power_design,population_standardized,methylation,standardized_feature,angle,500,500,0,90.0,8.487502746034905e-15,90.0
orientation,1.0,power_design-c3651e18dd66,power_design,population_standardized,methylation,standardized_feature,angle,500,500,0,90.0,8.487502746034905e-15,90.0
orientation,1.0,power_primary-d91ecfba4533,power_primary,population_standardized,methylation,standardized_feature,angle,500,500,0,90.0,7.607429658477228e-15,90.0
orientation,1.0,power_design-ae8c069a5f50,power_design,population_standardized,methylation,standardized_feature,delta,500,500,0,1.8743497006914105,1.0918458772029616,1.793336819958224
orientation,1.0,power_design-baac85748783,power_design,population_standardized,methylation,standardized_feature,delta,500,500,0,1.558344038455541,1.014879887968561,1.4318543636857957
orientation,1.0,power_design-c3651e18dd66,power_design,population_standardized,methylation,standardized_feature,delta,500,500,0,1.558344038455541,1.014879887968561,1.4318543636857957
orientation,1.0,power_primary-d91ecfba4533,power_primary,population_standardized,methylation,standardized_feature,delta,500,500,0,1.8743497006914105,1.0918458772029616,1.793336819958224
orientation,1.0,power_design-ae8c069a5f50,power_design,population_standardized,methylation,standardized_feature,path_length[A],500,500,0,32.478078957607224,1.836036006072772,32.375862586610694
orientation,1.0,power_design-baac85748783,power_design,population_standardized,methylation,standardized_feature,path_length[A],500,500,0,32.679051004720534,1.8119475716173166,32.65869355828166
orientation,1.0,power_design-c3651e18dd66,power_design,population_standardized,methylation,standardized_feature,path_length[A],500,500,0,32.679051004720534,1.8119475716173166,32.65869355828166
orientation,1.0,power_primary-d91ecfba4533,power_primary,population_standardized,methylation,standardized_feature,path_length[A],500,500,0,32.478078957607224,1.836036006072772,32.375862586610694
orientation,1.0,power_design-ae8c069a5f50,power_design,population_standardized,methylation,standardized_feature,path_length[B],500,500,0,34.24376902646868,1.9233871777939968,34.15675635742899
orientation,1.0,power_design-baac85748783,power_design,population_standardized,methylation,standardized_feature,path_length[B],500,500,0,34.10193040143602,1.9290247447917859,34.100346770081266
orientation,1.0,power_design-c3651e18dd66,power_design,population_standardized,methylation,standardized_feature,path_length[B],500,500,0,34.10193040143602,1.9290247447917859,34.100346770081266
orientation,1.0,power_primary-d91ecfba4533,power_primary,population_standardized,methylation,standardized_feature,path_length[B],500,500,0,34.24376902646868,1.9233871777939968,34.15675635742899
orientation,1.0,power_design-ae8c069a5f50,power_design,population_standardized,methylation,standardized_feature,shape,500,500,0,0.05119327275754593,0.01978801824206332,0.050656399251081105
orientation,1.0,power_design-baac85748783,power_design,population_standardized,methylation,standardized_feature,shape,500,500,0,0.04654807572275842,0.019120583845139733,0.044676454631908336
orientation,1.0,power_design-c3651e18dd66,power_design,population_standardized,methylation,standardized_feature,shape,500,500,0,0.04654807572275842,0.019120583845139733,0.044676454631908336
orientation,1.0,power_primary-d91ecfba4533,power_primary,population_standardized,methylation,standardized_feature,shape,500,500,0,0.05119327275754593,0.01978801824206332,0.050656399251081105
orientation,1.0,power_design-ae8c069a5f50,power_design,population_standardized,proteomics,standardized_feature,angle,500,500,0,89.80921048025004,3.8733084592355476,89.55074982316727
orientation,1.0,power_design-baac85748783,power_design,population_standardized,proteomics,standardized_feature,angle,500,500,0,89.67304161095865,3.8428536305532517,89.64730588417056
orientation,1.0,power_design-ae8c069a5f50,power_design,population_standardized,proteomics,standardized_feature,delta,500,500,0,2.4103703094284663,1.8112833353208089,2.0977696185715384
orientation,1.0,power_design-baac85748783,power_design,population_standardized,proteomics,standardized_feature,delta,500,500,0,2.2737255975225708,1.7521096174975823,1.9298258473164847
orientation,1.0,power_design-ae8c069a5f50,power_design,population_standardized,proteomics,standardized_feature,path_length[A],500,500,0,30.231725608051764,1.8585589831826776,30.185516451595007
orientation,1.0,power_design-baac85748783,power_design,population_standardized,proteomics,standardized_feature,path_length[A],500,500,0,30.36580282221776,1.871348730353041,30.3287767749914
orientation,1.0,power_design-ae8c069a5f50,power_design,population_standardized,proteomics,standardized_feature,path_length[B],500,500,0,31.569543137910184,1.9570132700939564,31.659111557675764
orientation,1.0,power_design-baac85748783,power_design,population_standardized,proteomics,standardized_feature,path_length[B],500,500,0,31.35773736987502,1.9547458186478959,31.406994715600817
orientation,1.0,power_design-ae8c069a5f50,power_design,population_standardized,proteomics,standardized_feature,shape,500,500,0,0.08455360709598617,0.041284754135885525,0.08150931827282956
orientation,1.0,power_design-baac85748783,power_design,population_standardized,proteomics,standardized_feature,shape,500,500,0,0.08313199857022281,0.0408373984638127,0.07948358060398272
orientation,1.0,power_design-ae8c069a5f50,power_design,observed_standardized,expression,standardized_feature,angle,500,500,0,90.11687129503518,4.0122428575254325,89.92786270379804
orientation,1.0,power_design-baac85748783,power_design,observed_standardized,expression,standardized_feature,angle,500,500,0,89.94877340390418,3.955394377339544,90.09779057632467
orientation,1.0,power_design-c3651e18dd66,power_design,observed_standardized,expression,standardized_feature,angle,500,500,0,89.94877340390418,3.955394377339544,90.09779057632467
orientation,1.0,power_primary-d91ecfba4533,power_primary,observed_standardized,expression,standardized_feature,angle,500,500,0,90.11687129503518,4.0122428575254325,89.92786270379804
orientation,1.0,power_design-ae8c069a5f50,power_design,observed_standardized,expression,standardized_feature,delta,500,500,0,1.6148965328792555,1.2253200696485649,1.421845372876703
orientation,1.0,power_design-baac85748783,power_design,observed_standardized,expression,standardized_feature,delta,500,500,0,1.5019632953133313,1.1906382395738393,1.2917361390330981
orientation,1.0,power_design-c3651e18dd66,power_design,observed_standardized,expression,standardized_feature,delta,500,500,0,1.5019632953133313,1.1906382395738393,1.2917361390330981
orientation,1.0,power_primary-d91ecfba4533,power_primary,observed_standardized,expression,standardized_feature,delta,500,500,0,1.6148965328792555,1.2253200696485649,1.421845372876703
orientation,1.0,power_design-ae8c069a5f50,power_design,observed_standardized,expression,standardized_feature,path_length[A],500,500,0,24.380199964528373,1.2605671926810231,24.428765295060344
orientation,1.0,power_design-baac85748783,power_design,observed_standardized,expression,standardized_feature,path_length[A],500,500,0,24.58453207449707,1.280123945154901,24.634401977405524
orientation,1.0,power_design-c3651e18dd66,power_design,observed_standardized,expression,standardized_feature,path_length[A],500,500,0,24.58453207449707,1.280123945154901,24.634401977405524
orientation,1.0,power_primary-d91ecfba4533,power_primary,observed_standardized,expression,standardized_feature,path_length[A],500,500,0,24.380199964528373,1.2605671926810231,24.428765295060344
orientation,1.0,power_design-ae8c069a5f50,power_design,observed_standardized,expression,standardized_feature,path_length[B],500,500,0,25.35664920671747,1.2745690970409471,25.42498515856208
orientation,1.0,power_design-baac85748783,power_design,observed_standardized,expression,standardized_feature,path_length[B],500,500,0,25.30650859091052,1.2681390955230398,25.341746098807292
orientation,1.0,power_design-c3651e18dd66,power_design,observed_standardized,expression,standardized_feature,path_length[B],500,500,0,25.30650859091052,1.2681390955230398,25.341746098807292
orientation,1.0,power_primary-d91ecfba4533,power_primary,observed_standardized,expression,standardized_feature,path_length[B],500,500,0,25.35664920671747,1.2745690970409471,25.42498515856208
orientation,1.0,power_design-ae8c069a5f50,power_design,observed_standardized,expression,standardized_feature,shape,500,500,0,0.07610085360991144,0.037793044917065075,0.07323723592737674
orientation,1.0,power_design-baac85748783,power_design,observed_standardized,expression,standardized_feature,shape,500,500,0,0.07476097828417008,0.03574633655917179,0.07291244126548091
orientation,1.0,power_design-c3651e18dd66,power_design,observed_standardized,expression,standardized_feature,shape,500,500,0,0.07476097828417008,0.03574633655917179,0.07291244126548091
orientation,1.0,power_primary-d91ecfba4533,power_primary,observed_standardized,expression,standardized_feature,shape,500,500,0,0.07610085360991144,0.037793044917065075,0.07323723592737674
orientation,1.0,power_design-ae8c069a5f50,power_design,observed_standardized,joint,standardized_feature,angle,500,500,0,89.8268962336647,2.836619414092949,89.880319219186
orientation,1.0,power_design-baac85748783,power_design,observed_standardized,joint,standardized_feature,angle,500,500,0,89.78507259810328,2.9424293654925298,89.6865102901869
orientation,1.0,power_design-c3651e18dd66,power_design,observed_standardized,joint,standardized_feature,angle,500,500,0,89.85265720267707,3.4661580478496505,89.81973413619272
orientation,1.0,power_primary-d91ecfba4533,power_primary,observed_standardized,joint,standardized_feature,angle,500,500,0,89.80656864983149,3.355545553468884,89.84173250011506
orientation,1.0,power_design-ae8c069a5f50,power_design,observed_standardized,joint,standardized_feature,delta,500,500,0,3.11862217078979,2.113558236583877,2.8877296786526934
orientation,1.0,power_design-baac85748783,power_design,observed_standardized,joint,standardized_feature,delta,500,500,0,2.689347262737983,1.9850138967264979,2.3219349833467824
orientation,1.0,power_design-c3651e18dd66,power_design,observed_standardized,joint,standardized_feature,delta,500,500,0,2.1739989345055553,1.5873574597546967,1.8101769525695453
orientation,1.0,power_primary-d91ecfba4533,power_primary,observed_standardized,joint,standardized_feature,delta,500,500,0,2.5280286576088074,1.664700979200671,2.2816740111711837
orientation,1.0,power_design-ae8c069a5f50,power_design,observed_standardized,joint,standardized_feature,path_length[A],500,500,0,52.43684671327296,2.3684094709045076,52.33828152589281
orientation,1.0,power_design-baac85748783,power_design,observed_standardized,joint,standardized_feature,path_length[A],500,500,0,52.93477767968228,2.3907954919930097,52.77904877958502
orientation,1.0,power_design-c3651e18dd66,power_design,observed_standardized,joint,standardized_feature,path_length[A],500,500,0,42.88974573646136,2.0369307739779154,42.83342950481894
orientation,1.0,power_primary-d91ecfba4533,power_primary,observed_standardized,joint,standardized_feature,path_length[A],500,500,0,42.41682605435439,2.0034427383523634,42.27020321938725
orientation,1.0,power_design-ae8c069a5f50,power_design,observed_standardized,joint,standardized_feature,path_length[B],500,500,0,55.11102650808797,2.540721940213781,55.10892945988639
orientation,1.0,power_design-baac85748783,power_design,observed_standardized,joint,standardized_feature,path_length[B],500,500,0,54.97349005130727,2.530168472463072,54.875210596318624
orientation,1.0,power_design-c3651e18dd66,power_design,observed_standardized,joint,standardized_feature,path_length[B],500,500,0,44.61454230207218,2.1863955986654373,44.41205657731649
orientation,1.0,power_primary-d91ecfba4533,power_primary,observed_standardized,joint,standardized_feature,path_length[B],500,500,0,44.657580366992256,2.1892288410193976,44.59915522919407
orientation,1.0,power_design-ae8c069a5f50,power_design,observed_standardized,joint,standardized_feature,shape,500,500,0,0.061651730679049985,0.029585496468572014,0.05860785537100342
orientation,1.0,power_design-baac85748783,power_design,observed_standardized,joint,standardized_feature,shape,500,500,0,0.058506161169875844,0.027323186523689563,0.05717972226776877
orientation,1.0,power_design-c3651e18dd66,power_design,observed_standardized,joint,standardized_feature,shape,500,500,0,0.05860057401196849,0.02914798969713259,0.05608178138922655
orientation,1.0,power_primary-d91ecfba4533,power_primary,observed_standardized,joint,standardized_feature,shape,500,500,0,0.061723583404331754,0.03151374035240181,0.05873847082178632
orientation,1.0,power_design-ae8c069a5f50,power_design,observed_standardized,methylation,standardized_feature,angle,500,500,0,89.92831036315467,4.690770184446626,89.87912405215732
orientation,1.0,power_design-baac85748783,power_design,observed_standardized,methylation,standardized_feature,angle,500,500,0,89.93531126875617,4.7414647987856045,89.84846752445844
orientation,1.0,power_design-c3651e18dd66,power_design,observed_standardized,methylation,standardized_feature,angle,500,500,0,89.93531126875617,4.7414647987856045,89.84846752445844
orientation,1.0,power_primary-d91ecfba4533,power_primary,observed_standardized,methylation,standardized_feature,angle,500,500,0,89.92831036315467,4.690770184446626,89.87912405215732
orientation,1.0,power_design-ae8c069a5f50,power_design,observed_standardized,methylation,standardized_feature,delta,500,500,0,2.4093203878026634,1.6860382682865955,2.2210768309622217
orientation,1.0,power_design-baac85748783,power_design,observed_standardized,methylation,standardized_feature,delta,500,500,0,2.1645518978766303,1.665021523831434,1.8691273941899027
orientation,1.0,power_design-c3651e18dd66,power_design,observed_standardized,methylation,standardized_feature,delta,500,500,0,2.1645518978766303,1.665021523831434,1.8691273941899027
orientation,1.0,power_primary-d91ecfba4533,power_primary,observed_standardized,methylation,standardized_feature,delta,500,500,0,2.4093203878026634,1.6860382682865955,2.2210768309622217
orientation,1.0,power_design-ae8c069a5f50,power_design,observed_standardized,methylation,standardized_feature,path_length[A],500,500,0,34.6766964403743,1.9904454519141808,34.565502673580895
orientation,1.0,power_design-baac85748783,power_design,observed_standardized,methylation,standardized_feature,path_length[A],500,500,0,35.10991492666732,2.0215082937517335,34.99255681270063
orientation,1.0,power_design-c3651e18dd66,power_design,observed_standardized,methylation,standardized_feature,path_length[A],500,500,0,35.10991492666732,2.0215082937517335,34.99255681270063
orientation,1.0,power_primary-d91ecfba4533,power_primary,observed_standardized,methylation,standardized_feature,path_length[A],500,500,0,34.6766964403743,1.9904454519141808,34.565502673580895
orientation,1.0,power_design-ae8c069a5f50,power_design,observed_standardized,methylation,standardized_feature,path_length[B],500,500,0,36.727080024945174,2.182822643049763,36.528731144939954
orientation,1.0,power_design-baac85748783,power_design,observed_standardized,methylation,standardized_feature,path_length[B],500,500,0,36.706614339263766,2.238143398035521,36.51605692690539
orientation,1.0,power_design-c3651e18dd66,power_design,observed_standardized,methylation,standardized_feature,path_length[B],500,500,0,36.706614339263766,2.238143398035521,36.51605692690539
orientation,1.0,power_primary-d91ecfba4533,power_primary,observed_standardized,methylation,standardized_feature,path_length[B],500,500,0,36.727080024945174,2.182822643049763,36.528731144939954
orientation,1.0,power_design-ae8c069a5f50,power_design,observed_standardized,methylation,standardized_feature,shape,500,500,0,0.07259221746333662,0.040136892557995345,0.06635995901728009
orientation,1.0,power_design-baac85748783,power_design,observed_standardized,methylation,standardized_feature,shape,500,500,0,0.06959522709410472,0.035992997043819926,0.06441434927286263
orientation,1.0,power_design-c3651e18dd66,power_design,observed_standardized,methylation,standardized_feature,shape,500,500,0,0.06959522709410472,0.035992997043819926,0.06441434927286263
orientation,1.0,power_primary-d91ecfba4533,power_primary,observed_standardized,methylation,standardized_feature,shape,500,500,0,0.07259221746333662,0.040136892557995345,0.06635995901728009
orientation,1.0,power_design-ae8c069a5f50,power_design,observed_standardized,proteomics,standardized_feature,angle,500,500,0,89.78024189984556,3.9378090465272324,89.75031689292996
orientation,1.0,power_design-baac85748783,power_design,observed_standardized,proteomics,standardized_feature,angle,500,500,0,89.86449812141734,3.9001598405707916,89.74124236188315
orientation,1.0,power_design-ae8c069a5f50,power_design,observed_standardized,proteomics,standardized_feature,delta,500,500,0,2.3891900245981614,1.8024709318998315,2.009353045700035
orientation,1.0,power_design-baac85748783,power_design,observed_standardized,proteomics,standardized_feature,delta,500,500,0,2.2851142509398583,1.7439368501853136,1.9372961598892626
orientation,1.0,power_design-ae8c069a5f50,power_design,observed_standardized,proteomics,standardized_feature,path_length[A],500,500,0,30.793895556934764,1.773779013626215,30.75414054486551
orientation,1.0,power_design-baac85748783,power_design,observed_standardized,proteomics,standardized_feature,path_length[A],500,500,0,30.98790230645183,1.7965714841765692,30.981556962031508
orientation,1.0,power_design-ae8c069a5f50,power_design,observed_standardized,proteomics,standardized_feature,path_length[B],500,500,0,32.25464747500406,1.841884773317225,32.336543270779366
orientation,1.0,power_design-baac85748783,power_design,observed_standardized,proteomics,standardized_feature,path_length[B],500,500,0,32.07541214089228,1.8877290963984932,32.15904652169817
orientation,1.0,power_design-ae8c069a5f50,power_design,observed_standardized,proteomics,standardized_feature,shape,500,500,0,0.08303867898152541,0.04067029598730831,0.08041228155369934
orientation,1.0,power_design-baac85748783,power_design,observed_standardized,proteomics,standardized_feature,shape,500,500,0,0.08130293152485785,0.039915789230538866,0.0791158473574203
orientation,1.0,power_design-ae8c069a5f50,power_design,pls_latent,joint,pls_latent,angle,500,500,0,65.02921224306499,31.509045010103044,66.83816577177917
orientation,1.0,power_design-baac85748783,power_design,pls_latent,joint,pls_latent,angle,500,500,0,57.39319814215129,35.949594204367216,53.46778789581328
orientation,1.0,power_design-c3651e18dd66,power_design,pls_latent,joint,pls_latent,angle,500,500,0,46.41183327843677,37.72269693189389,33.69100490010742
orientation,1.0,power_primary-d91ecfba4533,power_primary,pls_latent,joint,pls_latent,angle,500,500,0,61.84950975585592,33.82300865178937,66.29592732551879
orientation,1.0,power_design-ae8c069a5f50,power_design,pls_latent,joint,pls_latent,delta,500,500,0,3.934139696103507,2.6941410318356374,3.779915382558702
orientation,1.0,power_design-baac85748783,power_design,pls_latent,joint,pls_latent,delta,500,500,0,3.2604489973465247,2.3960739007895584,2.7741511372029564
orientation,1.0,power_design-c3651e18dd66,power_design,pls_latent,joint,pls_latent,delta,500,500,0,2.945803692401131,2.343608325042544,2.4162408304333773
orientation,1.0,power_primary-d91ecfba4533,power_primary,pls_latent,joint,pls_latent,delta,500,500,0,3.431595604053528,2.344613810996145,2.973943196226571
orientation,1.0,power_design-ae8c069a5f50,power_design,pls_latent,joint,pls_latent,path_length[A],500,500,0,42.33320312425837,3.237388623716753,42.138449775064714
orientation,1.0,power_design-baac85748783,power_design,pls_latent,joint,pls_latent,path_length[A],500,500,0,41.417984746891804,2.8358314077857254,41.1533908041178
orientation,1.0,power_design-c3651e18dd66,power_design,pls_latent,joint,pls_latent,path_length[A],500,500,0,35.913741202613856,3.099537268310812,35.858709768387605
orientation,1.0,power_primary-d91ecfba4533,power_primary,pls_latent,joint,pls_latent,path_length[A],500,500,0,36.59717129702881,3.1394264899275424,36.78711352274531
orientation,1.0,power_design-ae8c069a5f50,power_design,pls_latent,joint,pls_latent,path_length[B],500,500,0,43.401376241198605,5.745337320502343,42.03387609924418
orientation,1.0,power_design-baac85748783,power_design,pls_latent,joint,pls_latent,path_length[B],500,500,0,40.576033540966584,3.4855176746768564,40.34054179228798
orientation,1.0,power_design-c3651e18dd66,power_design,pls_latent,joint,pls_latent,path_length[B],500,500,0,34.81682849448079,3.4071417427075628,34.463158130196526
orientation,1.0,power_primary-d91ecfba4533,power_primary,pls_latent,joint,pls_latent,path_length[B],500,500,0,37.51902386533988,4.610055539435124,37.1518566654056
orientation,1.0,power_design-ae8c069a5f50,power_design,pls_latent,joint,pls_latent,shape,500,500,0,0.11397043897601454,0.0495153148532431,0.11383446675124098
orientation,1.0,power_design-baac85748783,power_design,pls_latent,joint,pls_latent,shape,500,500,0,0.11073094816557885,0.053716399738574595,0.10354198630893323
orientation,1.0,power_design-c3651e18dd66,power_design,pls_latent,joint,pls_latent,shape,500,500,0,0.11565461627749739,0.055130386215328536,0.11191840626475182
orientation,1.0,power_primary-d91ecfba4533,power_primary,pls_latent,joint,pls_latent,shape,500,500,0,0.11650747061487852,0.052780564133984575,0.11180514949270182
shape,0.25,power_design-3714546112cf,power_design,population_native,expression,native_omic_units,angle,500,500,0,38.5960897287656,34.68296357425262,30.372370748877962
shape,0.25,power_design-b7a5a2869388,power_design,population_native,expression,native_omic_units,angle,500,500,0,38.5960897287656,34.68296357425262,30.372370748877962
shape,0.25,power_design-ec0099de5902,power_design,population_native,expression,native_omic_units,angle,500,500,0,38.5960897287656,34.68296357425262,30.372370748877962
shape,0.25,power_primary-42c2c5bda573,power_primary,population_native,expression,native_omic_units,angle,500,500,0,38.5960897287656,34.68296357425262,30.372370748877962
shape,0.25,power_design-3714546112cf,power_design,population_native,expression,native_omic_units,delta,500,500,0,0.6624040142473844,0.5236750844998425,0.6104965174611117
shape,0.25,power_design-b7a5a2869388,power_design,population_native,expression,native_omic_units,delta,500,500,0,0.6624040142473844,0.5236750844998425,0.6104965174611117
shape,0.25,power_design-ec0099de5902,power_design,population_native,expression,native_omic_units,delta,500,500,0,0.6624040142473844,0.5236750844998425,0.6104965174611117
shape,0.25,power_primary-42c2c5bda573,power_primary,population_native,expression,native_omic_units,delta,500,500,0,0.6624040142473844,0.5236750844998425,0.6104965174611117
shape,0.25,power_design-3714546112cf,power_design,population_native,expression,native_omic_units,path_length[A],500,500,0,25.480784886701134,1.2737016299900132,25.581932925595176
shape,0.25,power_design-b7a5a2869388,power_design,population_native,expression,native_omic_units,path_length[A],500,500,0,25.480784886701134,1.2737016299900132,25.581932925595176
shape,0.25,power_design-ec0099de5902,power_design,population_native,expression,native_omic_units,path_length[A],500,500,0,25.480784886701134,1.2737016299900132,25.581932925595176
shape,0.25,power_primary-42c2c5bda573,power_primary,population_native,expression,native_omic_units,path_length[A],500,500,0,25.480784886701134,1.2737016299900132,25.581932925595176
shape,0.25,power_design-3714546112cf,power_design,population_native,expression,native_omic_units,path_length[B],500,500,0,25.81410266501021,1.2622849078096023,25.89348797218849
shape,0.25,power_design-b7a5a2869388,power_design,population_native,expression,native_omic_units,path_length[B],500,500,0,25.81410266501021,1.2622849078096023,25.89348797218849
shape,0.25,power_design-ec0099de5902,power_design,population_native,expression,native_omic_units,path_length[B],500,500,0,25.81410266501021,1.2622849078096023,25.89348797218849
shape,0.25,power_primary-42c2c5bda573,power_primary,population_native,expression,native_omic_units,path_length[B],500,500,0,25.81410266501021,1.2622849078096023,25.89348797218849
shape,0.25,power_design-3714546112cf,power_design,population_native,expression,native_omic_units,shape,500,500,0,0.029893713311794343,0.016599491119108797,0.027968276098980543
shape,0.25,power_design-b7a5a2869388,power_design,population_native,expression,native_omic_units,shape,500,500,0,0.029893713311794343,0.016599491119108797,0.027968276098980543
shape,0.25,power_design-ec0099de5902,power_design,population_native,expression,native_omic_units,shape,500,500,0,0.029893713311794343,0.016599491119108797,0.027968276098980543
shape,0.25,power_primary-42c2c5bda573,power_primary,population_native,expression,native_omic_units,shape,500,500,0,0.029893713311794343,0.016599491119108797,0.027968276098980543
shape,0.25,power_design-3714546112cf,power_design,population_native,methylation,native_omic_units,angle,500,500,0,29.363587500456457,24.028304224303703,26.962445528116668
shape,0.25,power_design-b7a5a2869388,power_design,population_native,methylation,native_omic_units,angle,500,500,0,29.363587500456457,24.028304224303703,26.962445528116668
shape,0.25,power_design-ec0099de5902,power_design,population_native,methylation,native_omic_units,angle,500,500,0,29.363587500456457,24.028304224303703,26.962445528116668
shape,0.25,power_primary-42c2c5bda573,power_primary,population_native,methylation,native_omic_units,angle,500,500,0,29.363587500456457,24.028304224303703,26.962445528116668
shape,0.25,power_design-3714546112cf,power_design,population_native,methylation,native_omic_units,delta,500,500,0,0.4362869118841135,0.33394556320241103,0.4632251548092725
shape,0.25,power_design-b7a5a2869388,power_design,population_native,methylation,native_omic_units,delta,500,500,0,0.4362869118841135,0.33394556320241103,0.4632251548092725
shape,0.25,power_design-ec0099de5902,power_design,population_native,methylation,native_omic_units,delta,500,500,0,0.4362869118841135,0.33394556320241103,0.4632251548092725
shape,0.25,power_primary-42c2c5bda573,power_primary,population_native,methylation,native_omic_units,delta,500,500,0,0.4362869118841135,0.33394556320241103,0.4632251548092725
shape,0.25,power_design-3714546112cf,power_design,population_native,methylation,native_omic_units,path_length[A],500,500,0,32.57812365465419,1.541146180916717,32.607708397069054
shape,0.25,power_design-b7a5a2869388,power_design,population_native,methylation,native_omic_units,path_length[A],500,500,0,32.57812365465419,1.541146180916717,32.607708397069054
shape,0.25,power_design-ec0099de5902,power_design,population_native,methylation,native_omic_units,path_length[A],500,500,0,32.57812365465419,1.541146180916717,32.607708397069054
shape,0.25,power_primary-42c2c5bda573,power_primary,population_native,methylation,native_omic_units,path_length[A],500,500,0,32.57812365465419,1.541146180916717,32.607708397069054
shape,0.25,power_design-3714546112cf,power_design,population_native,methylation,native_omic_units,path_length[B],500,500,0,33.01441056653826,1.5394684888652512,32.98261530476724
shape,0.25,power_design-b7a5a2869388,power_design,population_native,methylation,native_omic_units,path_length[B],500,500,0,33.01441056653826,1.5394684888652512,32.98261530476724
shape,0.25,power_design-ec0099de5902,power_design,population_native,methylation,native_omic_units,path_length[B],500,500,0,33.01441056653826,1.5394684888652512,32.98261530476724
shape,0.25,power_primary-42c2c5bda573,power_primary,population_native,methylation,native_omic_units,path_length[B],500,500,0,33.01441056653826,1.5394684888652512,32.98261530476724
shape,0.25,power_design-3714546112cf,power_design,population_native,methylation,native_omic_units,shape,500,500,0,0.012710313588027983,0.008990681563669294,0.010594121554042654
shape,0.25,power_design-b7a5a2869388,power_design,population_native,methylation,native_omic_units,shape,500,500,0,0.012710313588027983,0.008990681563669294,0.010594121554042654
shape,0.25,power_design-ec0099de5902,power_design,population_native,methylation,native_omic_units,shape,500,500,0,0.012710313588027983,0.008990681563669294,0.010594121554042654
shape,0.25,power_primary-42c2c5bda573,power_primary,population_native,methylation,native_omic_units,shape,500,500,0,0.012710313588027983,0.008990681563669294,0.010594121554042654
shape,0.25,power_design-3714546112cf,power_design,population_native,proteomics,native_omic_units,angle,500,500,0,36.24249848971188,30.974768365437473,29.3039475144273
shape,0.25,power_design-b7a5a2869388,power_design,population_native,proteomics,native_omic_units,angle,500,500,0,36.24249848971188,30.974768365437473,29.3039475144273
shape,0.25,power_design-3714546112cf,power_design,population_native,proteomics,native_omic_units,delta,500,500,0,0.8053480069789294,0.6457479461860454,0.6006660931378818
shape,0.25,power_design-b7a5a2869388,power_design,population_native,proteomics,native_omic_units,delta,500,500,0,0.8053480069789294,0.6457479461860454,0.6006660931378818
shape,0.25,power_design-3714546112cf,power_design,population_native,proteomics,native_omic_units,path_length[A],500,500,0,28.24749964700159,1.4952872096038166,28.233128708517363
shape,0.25,power_design-b7a5a2869388,power_design,population_native,proteomics,native_omic_units,path_length[A],500,500,0,28.24749964700159,1.4952872096038166,28.233128708517363
shape,0.25,power_design-3714546112cf,power_design,population_native,proteomics,native_omic_units,path_length[B],500,500,0,28.619680319571028,1.5074065873977245,28.688803434742344
shape,0.25,power_design-b7a5a2869388,power_design,population_native,proteomics,native_omic_units,path_length[B],500,500,0,28.619680319571028,1.5074065873977245,28.688803434742344
shape,0.25,power_design-3714546112cf,power_design,population_native,proteomics,native_omic_units,shape,500,500,0,0.03229541016189219,0.018173849728930054,0.029465598037929117
shape,0.25,power_design-b7a5a2869388,power_design,population_native,proteomics,native_omic_units,shape,500,500,0,0.03229541016189219,0.018173849728930054,0.029465598037929117
shape,0.25,power_design-3714546112cf,power_design,population_standardized,expression,standardized_feature,angle,500,500,0,45.31871308969834,32.107432494030455,37.15913012247501
shape,0.25,power_design-b7a5a2869388,power_design,population_standardized,expression,standardized_feature,angle,500,500,0,43.959391657390064,30.87382530426006,36.66582022609604
shape,0.25,power_design-ec0099de5902,power_design,population_standardized,expression,standardized_feature,angle,500,500,0,45.31871308969834,32.107432494030455,37.15913012247501
shape,0.25,power_primary-42c2c5bda573,power_primary,population_standardized,expression,standardized_feature,angle,500,500,0,43.959391657390064,30.87382530426006,36.66582022609604
shape,0.25,power_design-3714546112cf,power_design,population_standardized,expression,standardized_feature,delta,500,500,0,0.8907304799787438,0.6947852787732326,0.7321769048064173
shape,0.25,power_design-b7a5a2869388,power_design,population_standardized,expression,standardized_feature,delta,500,500,0,0.8803889091250982,0.6768349950919527,0.7587094316927434
shape,0.25,power_design-ec0099de5902,power_design,population_standardized,expression,standardized_feature,delta,500,500,0,0.8907304799787438,0.6947852787732326,0.7321769048064173
shape,0.25,power_primary-42c2c5bda573,power_primary,population_standardized,expression,standardized_feature,delta,500,500,0,0.8803889091250982,0.6768349950919527,0.7587094316927434
shape,0.25,power_design-3714546112cf,power_design,population_standardized,expression,standardized_feature,path_length[A],500,500,0,22.853053956761308,1.2929836768230483,22.888409737190017
shape,0.25,power_design-b7a5a2869388,power_design,population_standardized,expression,standardized_feature,path_length[A],500,500,0,22.801286620470353,1.2767576935406797,22.846304355392135
shape,0.25,power_design-ec0099de5902,power_design,population_standardized,expression,standardized_feature,path_length[A],500,500,0,22.853053956761308,1.2929836768230483,22.888409737190017
shape,0.25,power_primary-42c2c5bda573,power_primary,population_standardized,expression,standardized_feature,path_length[A],500,500,0,22.801286620470353,1.2767576935406797,22.846304355392135
shape,0.25,power_design-3714546112cf,power_design,population_standardized,expression,standardized_feature,path_length[B],500,500,0,23.29294010360401,1.3121089654370977,23.27300207059042
shape,0.25,power_design-b7a5a2869388,power_design,population_standardized,expression,standardized_feature,path_length[B],500,500,0,23.22884811872357,1.2865442307977355,23.227669524777294
shape,0.25,power_design-ec0099de5902,power_design,population_standardized,expression,standardized_feature,path_length[B],500,500,0,23.29294010360401,1.3121089654370977,23.27300207059042
shape,0.25,power_primary-42c2c5bda573,power_primary,population_standardized,expression,standardized_feature,path_length[B],500,500,0,23.22884811872357,1.2865442307977355,23.227669524777294
shape,0.25,power_design-3714546112cf,power_design,population_standardized,expression,standardized_feature,shape,500,500,0,0.03438378634261811,0.01923918282702179,0.03197571443244075
shape,0.25,power_design-b7a5a2869388,power_design,population_standardized,expression,standardized_feature,shape,500,500,0,0.03431022825248189,0.018982256087621843,0.03175029616139466
shape,0.25,power_design-ec0099de5902,power_design,population_standardized,expression,standardized_feature,shape,500,500,0,0.03438378634261811,0.01923918282702179,0.03197571443244075
shape,0.25,power_primary-42c2c5bda573,power_primary,population_standardized,expression,standardized_feature,shape,500,500,0,0.03431022825248189,0.018982256087621843,0.03175029616139466
shape,0.25,power_design-3714546112cf,power_design,population_standardized,joint,standardized_feature,angle,500,500,0,45.38948773244173,30.42896121323205,38.032485277289155
shape,0.25,power_design-b7a5a2869388,power_design,population_standardized,joint,standardized_feature,angle,500,500,0,44.261631409234845,29.818742081089102,37.55571459401232
shape,0.25,power_design-ec0099de5902,power_design,population_standardized,joint,standardized_feature,angle,500,500,0,43.43587138044552,28.98143413180464,37.6501672547888
shape,0.25,power_primary-42c2c5bda573,power_primary,population_standardized,joint,standardized_feature,angle,500,500,0,42.42834184125185,28.561753274430878,37.26543999411042
shape,0.25,power_design-3714546112cf,power_design,population_standardized,joint,standardized_feature,delta,500,500,0,1.456589319251686,1.1094164153801334,1.1772786877300838
shape,0.25,power_design-b7a5a2869388,power_design,population_standardized,joint,standardized_feature,delta,500,500,0,1.4217850184658527,1.0896516654540445,1.1468612555702933
shape,0.25,power_design-ec0099de5902,power_design,population_standardized,joint,standardized_feature,delta,500,500,0,0.912557721199514,0.6901734775298798,0.7749569181739098
shape,0.25,power_primary-42c2c5bda573,power_primary,population_standardized,joint,standardized_feature,delta,500,500,0,0.8849678034279161,0.6834697280446133,0.7241572817280186
shape,0.25,power_design-3714546112cf,power_design,population_standardized,joint,standardized_feature,path_length[A],500,500,0,47.27948869184245,2.337748556357232,47.20907013202989
shape,0.25,power_design-b7a5a2869388,power_design,population_standardized,joint,standardized_feature,path_length[A],500,500,0,47.155884891755825,2.3188806294166358,47.116777216453045
shape,0.25,power_design-ec0099de5902,power_design,population_standardized,joint,standardized_feature,path_length[A],500,500,0,37.51451103946415,1.8099503807673991,37.43824920070975
shape,0.25,power_primary-42c2c5bda573,power_primary,population_standardized,joint,standardized_feature,path_length[A],500,500,0,37.41025880632299,1.79451513278125,37.36248687234014
shape,0.25,power_design-3714546112cf,power_design,population_standardized,joint,standardized_feature,path_length[B],500,500,0,48.232158113478924,2.3591906417028503,48.26518527737521
shape,0.25,power_design-b7a5a2869388,power_design,population_standardized,joint,standardized_feature,path_length[B],500,500,0,48.07016040837379,2.3302180022086287,48.19920959653354
shape,0.25,power_design-ec0099de5902,power_design,population_standardized,joint,standardized_feature,path_length[B],500,500,0,38.23290776211093,1.8058933841941567,38.215423773415225
shape,0.25,power_primary-42c2c5bda573,power_primary,population_standardized,joint,standardized_feature,path_length[B],500,500,0,38.10105634043538,1.7905937132314167,38.04392370032738
shape,0.25,power_design-3714546112cf,power_design,population_standardized,joint,standardized_feature,shape,500,500,0,0.025501429392092934,0.014229125994290688,0.023262152869597458
shape,0.25,power_design-b7a5a2869388,power_design,population_standardized,joint,standardized_feature,shape,500,500,0,0.025168601877491696,0.014148156641113466,0.022808792103930015
shape,0.25,power_design-ec0099de5902,power_design,population_standardized,joint,standardized_feature,shape,500,500,0,0.019952117581246123,0.011434016544444247,0.018268896757730496
shape,0.25,power_primary-42c2c5bda573,power_primary,population_standardized,joint,standardized_feature,shape,500,500,0,0.01968116158778327,0.011352435433754844,0.017869270113198
shape,0.25,power_design-3714546112cf,power_design,population_standardized,methylation,standardized_feature,angle,500,500,0,39.61520317599757,23.38897963324141,37.40590939844991
shape,0.25,power_design-b7a5a2869388,power_design,population_standardized,methylation,standardized_feature,angle,500,500,0,40.567187204442945,26.81065099230349,36.87511232088909
shape,0.25,power_design-ec0099de5902,power_design,population_standardized,methylation,standardized_feature,angle,500,500,0,39.61520317599757,23.38897963324141,37.40590939844991
shape,0.25,power_primary-42c2c5bda573,power_primary,population_standardized,methylation,standardized_feature,angle,500,500,0,40.567187204442945,26.81065099230349,36.87511232088909
shape,0.25,power_design-3714546112cf,power_design,population_standardized,methylation,standardized_feature,delta,500,500,0,0.6848769845419549,0.5054531433803874,0.603120137498955
shape,0.25,power_design-b7a5a2869388,power_design,population_standardized,methylation,standardized_feature,delta,500,500,0,0.6650154961704907,0.4945354097559945,0.586547785713277
shape,0.25,power_design-ec0099de5902,power_design,population_standardized,methylation,standardized_feature,delta,500,500,0,0.6848769845419549,0.5054531433803874,0.603120137498955
shape,0.25,power_primary-42c2c5bda573,power_primary,population_standardized,methylation,standardized_feature,delta,500,500,0,0.6650154961704907,0.4945354097559945,0.586547785713277
shape,0.25,power_design-3714546112cf,power_design,population_standardized,methylation,standardized_feature,path_length[A],500,500,0,29.729166958776393,1.5783156207558293,29.682470951805623
shape,0.25,power_design-b7a5a2869388,power_design,population_standardized,methylation,standardized_feature,path_length[A],500,500,0,29.637330904617514,1.5728740840663125,29.638357865534964
shape,0.25,power_design-ec0099de5902,power_design,population_standardized,methylation,standardized_feature,path_length[A],500,500,0,29.729166958776393,1.5783156207558293,29.682470951805623
shape,0.25,power_primary-42c2c5bda573,power_primary,population_standardized,methylation,standardized_feature,path_length[A],500,500,0,29.637330904617514,1.5728740840663125,29.638357865534964
shape,0.25,power_design-3714546112cf,power_design,population_standardized,methylation,standardized_feature,path_length[B],500,500,0,30.296582186031127,1.5775633099395001,30.227566750287203
shape,0.25,power_design-b7a5a2869388,power_design,population_standardized,methylation,standardized_feature,path_length[B],500,500,0,30.180109057358532,1.5645246996236757,30.129536415371106
shape,0.25,power_design-ec0099de5902,power_design,population_standardized,methylation,standardized_feature,path_length[B],500,500,0,30.296582186031127,1.5775633099395001,30.227566750287203
shape,0.25,power_primary-42c2c5bda573,power_primary,population_standardized,methylation,standardized_feature,path_length[B],500,500,0,30.180109057358532,1.5645246996236757,30.129536415371106
shape,0.25,power_design-3714546112cf,power_design,population_standardized,methylation,standardized_feature,shape,500,500,0,0.017488926775761044,0.011215996909468716,0.015148070453937384
shape,0.25,power_design-b7a5a2869388,power_design,population_standardized,methylation,standardized_feature,shape,500,500,0,0.017269617285154255,0.010945491186036611,0.014778920741262119
shape,0.25,power_design-ec0099de5902,power_design,population_standardized,methylation,standardized_feature,shape,500,500,0,0.017488926775761044,0.011215996909468716,0.015148070453937384
shape,0.25,power_primary-42c2c5bda573,power_primary,population_standardized,methylation,standardized_feature,shape,500,500,0,0.017269617285154255,0.010945491186036611,0.014778920741262119
shape,0.25,power_design-3714546112cf,power_design,population_standardized,proteomics,standardized_feature,angle,500,500,0,47.678680845421376,32.08446513353755,39.15759310400002
shape,0.25,power_design-b7a5a2869388,power_design,population_standardized,proteomics,standardized_feature,angle,500,500,0,46.83959210741571,31.969658447618187,38.48948774012848
shape,0.25,power_design-3714546112cf,power_design,population_standardized,proteomics,standardized_feature,delta,500,500,0,1.3551053445383783,1.0691420764373132,1.1507304545343278
shape,0.25,power_design-b7a5a2869388,power_design,population_standardized,proteomics,standardized_feature,delta,500,500,0,1.3269136687083825,1.0442216563432272,1.1192205100101393
shape,0.25,power_design-3714546112cf,power_design,population_standardized,proteomics,standardized_feature,path_length[A],500,500,0,28.75294314738134,1.7733733281537323,28.640460398865272
shape,0.25,power_design-b7a5a2869388,power_design,population_standardized,proteomics,standardized_feature,path_length[A],500,500,0,28.686592270395096,1.752170439595221,28.611483128987835
shape,0.25,power_design-3714546112cf,power_design,population_standardized,proteomics,standardized_feature,path_length[B],500,500,0,29.38111495313287,1.8164725528898338,29.48385580412743
shape,0.25,power_design-b7a5a2869388,power_design,population_standardized,proteomics,standardized_feature,path_length[B],500,500,0,29.286299906429413,1.8007966387108283,29.373725131886374
shape,0.25,power_design-3714546112cf,power_design,population_standardized,proteomics,standardized_feature,shape,500,500,0,0.03889373551008651,0.02255192679331112,0.03514057012497414
shape,0.25,power_design-b7a5a2869388,power_design,population_standardized,proteomics,standardized_feature,shape,500,500,0,0.038378779010715375,0.022244314465352143,0.03473848340982025
shape,0.25,power_design-3714546112cf,power_design,observed_standardized,expression,standardized_feature,angle,500,500,0,58.03356439347958,31.311396581326832,46.12441506478701
shape,0.25,power_design-b7a5a2869388,power_design,observed_standardized,expression,standardized_feature,angle,500,500,0,55.971035057901,30.831929799584326,44.86632450307228
shape,0.25,power_design-ec0099de5902,power_design,observed_standardized,expression,standardized_feature,angle,500,500,0,58.03356439347958,31.311396581326832,46.12441506478701
shape,0.25,power_primary-42c2c5bda573,power_primary,observed_standardized,expression,standardized_feature,angle,500,500,0,55.971035057901,30.831929799584326,44.86632450307228
shape,0.25,power_design-3714546112cf,power_design,observed_standardized,expression,standardized_feature,delta,500,500,0,1.0123809776729662,0.7741598910858214,0.885159353674533
shape,0.25,power_design-b7a5a2869388,power_design,observed_standardized,expression,standardized_feature,delta,500,500,0,1.0359200210448343,0.7864330998679563,0.8444343284371794
shape,0.25,power_design-ec0099de5902,power_design,observed_standardized,expression,standardized_feature,delta,500,500,0,1.0123809776729662,0.7741598910858214,0.885159353674533
shape,0.25,power_primary-42c2c5bda573,power_primary,observed_standardized,expression,standardized_feature,delta,500,500,0,1.0359200210448343,0.7864330998679563,0.8444343284371794
shape,0.25,power_design-3714546112cf,power_design,observed_standardized,expression,standardized_feature,path_length[A],500,500,0,24.058858310421286,1.2185100426631983,24.085637348318553
shape,0.25,power_design-b7a5a2869388,power_design,observed_standardized,expression,standardized_feature,path_length[A],500,500,0,23.886274718456345,1.216821976032259,23.912743419412983
shape,0.25,power_design-ec0099de5902,power_design,observed_standardized,expression,standardized_feature,path_length[A],500,500,0,24.058858310421286,1.2185100426631983,24.085637348318553
shape,0.25,power_primary-42c2c5bda573,power_primary,observed_standardized,expression,standardized_feature,path_length[A],500,500,0,23.886274718456345,1.216821976032259,23.912743419412983
shape,0.25,power_design-3714546112cf,power_design,observed_standardized,expression,standardized_feature,path_length[B],500,500,0,24.67725158436512,1.219616577543069,24.663505813046633
shape,0.25,power_design-b7a5a2869388,power_design,observed_standardized,expression,standardized_feature,path_length[B],500,500,0,24.556984021969495,1.1931397679535922,24.601330755147888
shape,0.25,power_design-ec0099de5902,power_design,observed_standardized,expression,standardized_feature,path_length[B],500,500,0,24.67725158436512,1.219616577543069,24.663505813046633
shape,0.25,power_primary-42c2c5bda573,power_primary,observed_standardized,expression,standardized_feature,path_length[B],500,500,0,24.556984021969495,1.1931397679535922,24.601330755147888
shape,0.25,power_design-3714546112cf,power_design,observed_standardized,expression,standardized_feature,shape,500,500,0,0.040257357196963675,0.022506063358982777,0.038861501101030343
shape,0.25,power_design-b7a5a2869388,power_design,observed_standardized,expression,standardized_feature,shape,500,500,0,0.038490249233557323,0.021206945793496353,0.03477981529406078
shape,0.25,power_design-ec0099de5902,power_design,observed_standardized,expression,standardized_feature,shape,500,500,0,0.040257357196963675,0.022506063358982777,0.038861501101030343
shape,0.25,power_primary-42c2c5bda573,power_primary,observed_standardized,expression,standardized_feature,shape,500,500,0,0.038490249233557323,0.021206945793496353,0.03477981529406078
shape,0.25,power_design-3714546112cf,power_design,observed_standardized,joint,standardized_feature,angle,500,500,0,61.1427821926873,29.991130744239776,48.725433739507025
shape,0.25,power_design-b7a5a2869388,power_design,observed_standardized,joint,standardized_feature,angle,500,500,0,57.36673383788932,27.683381039618062,47.00704263961568
shape,0.25,power_design-ec0099de5902,power_design,observed_standardized,joint,standardized_feature,angle,500,500,0,64.85365997098948,29.69545904447514,51.08607355462459
shape,0.25,power_primary-42c2c5bda573,power_primary,observed_standardized,joint,standardized_feature,angle,500,500,0,60.94858840114081,27.585889019865665,49.898167779930745
shape,0.25,power_design-3714546112cf,power_design,observed_standardized,joint,standardized_feature,delta,500,500,0,1.9625158653456976,1.525026388775656,1.6443249132098678
shape,0.25,power_design-b7a5a2869388,power_design,observed_standardized,joint,standardized_feature,delta,500,500,0,2.0558994215556377,1.5701828415787422,1.7280544687518997
shape,0.25,power_design-ec0099de5902,power_design,observed_standardized,joint,standardized_feature,delta,500,500,0,1.7801951975498767,1.5090763138515733,1.4021556515935991
shape,0.25,power_primary-42c2c5bda573,power_primary,observed_standardized,joint,standardized_feature,delta,500,500,0,1.8820259862241266,1.4723589011135447,1.6098431890413352
shape,0.25,power_design-3714546112cf,power_design,observed_standardized,joint,standardized_feature,path_length[A],500,500,0,50.50216429042354,2.361373173017236,50.36922536527074
shape,0.25,power_design-b7a5a2869388,power_design,observed_standardized,joint,standardized_feature,path_length[A],500,500,0,50.086249367332194,2.2956991945388068,49.89869416123106
shape,0.25,power_design-ec0099de5902,power_design,observed_standardized,joint,standardized_feature,path_length[A],500,500,0,40.69959445053667,2.0649017233230778,40.52899770806964
shape,0.25,power_primary-42c2c5bda573,power_primary,observed_standardized,joint,standardized_feature,path_length[A],500,500,0,40.348620723957296,1.983260652288863,40.17251993246144
shape,0.25,power_design-3714546112cf,power_design,observed_standardized,joint,standardized_feature,path_length[B],500,500,0,51.86650748709268,2.2782368076746815,51.76879758409527
shape,0.25,power_design-b7a5a2869388,power_design,observed_standardized,joint,standardized_feature,path_length[B],500,500,0,51.599095994192474,2.2513692926794366,51.57157876035264
shape,0.25,power_design-ec0099de5902,power_design,observed_standardized,joint,standardized_feature,path_length[B],500,500,0,41.86439678523723,2.0135106546919603,41.768806473215335
shape,0.25,power_primary-42c2c5bda573,power_primary,observed_standardized,joint,standardized_feature,path_length[B],500,500,0,41.60654158219386,1.9578778911843158,41.51802534677002
shape,0.25,power_design-3714546112cf,power_design,observed_standardized,joint,standardized_feature,shape,500,500,0,0.038756827764377375,0.024698913247732386,0.03351666773121954
shape,0.25,power_design-b7a5a2869388,power_design,observed_standardized,joint,standardized_feature,shape,500,500,0,0.03693216903637901,0.02172180392499524,0.03310570281227068
shape,0.25,power_design-ec0099de5902,power_design,observed_standardized,joint,standardized_feature,shape,500,500,0,0.04958346039322356,0.03391727653686024,0.04084573726778639
shape,0.25,power_primary-42c2c5bda573,power_primary,observed_standardized,joint,standardized_feature,shape,500,500,0,0.04700750977223985,0.02924593364720844,0.04173475493155991
shape,0.25,power_design-3714546112cf,power_design,observed_standardized,methylation,standardized_feature,angle,500,500,0,67.40031066584794,28.587654861685277,55.17894105553094
shape,0.25,power_design-b7a5a2869388,power_design,observed_standardized,methylation,standardized_feature,angle,500,500,0,63.91319045617078,26.187587529566777,54.294688360768745
shape,0.25,power_design-ec0099de5902,power_design,observed_standardized,methylation,standardized_feature,angle,500,500,0,67.40031066584794,28.587654861685277,55.17894105553094
shape,0.25,power_primary-42c2c5bda573,power_primary,observed_standardized,methylation,standardized_feature,angle,500,500,0,63.91319045617078,26.187587529566777,54.294688360768745
shape,0.25,power_design-3714546112cf,power_design,observed_standardized,methylation,standardized_feature,delta,500,500,0,1.8379479547769757,1.7556140391083852,1.3365075713075214
shape,0.25,power_design-b7a5a2869388,power_design,observed_standardized,methylation,standardized_feature,delta,500,500,0,1.9155319062166183,1.6329312948232517,1.488277087159421
shape,0.25,power_design-ec0099de5902,power_design,observed_standardized,methylation,standardized_feature,delta,500,500,0,1.8379479547769757,1.7556140391083852,1.3365075713075214
shape,0.25,power_primary-42c2c5bda573,power_primary,observed_standardized,methylation,standardized_feature,delta,500,500,0,1.9155319062166183,1.6329312948232517,1.488277087159421
shape,0.25,power_design-3714546112cf,power_design,observed_standardized,methylation,standardized_feature,path_length[A],500,500,0,32.79072804461772,2.0824599324179554,32.705315998530985
shape,0.25,power_design-b7a5a2869388,power_design,observed_standardized,methylation,standardized_feature,path_length[A],500,500,0,32.48443332433556,1.9885657933299548,32.30890672952358
shape,0.25,power_design-ec0099de5902,power_design,observed_standardized,methylation,standardized_feature,path_length[A],500,500,0,32.79072804461772,2.0824599324179554,32.705315998530985
shape,0.25,power_primary-42c2c5bda573,power_primary,observed_standardized,methylation,standardized_feature,path_length[A],500,500,0,32.48443332433556,1.9885657933299548,32.30890672952358
shape,0.25,power_design-3714546112cf,power_design,observed_standardized,methylation,standardized_feature,path_length[B],500,500,0,33.77625857850364,2.12456795519592,33.56611343876772
shape,0.25,power_design-b7a5a2869388,power_design,observed_standardized,methylation,standardized_feature,path_length[B],500,500,0,33.550036547827915,1.9879289380387677,33.41665717934665
shape,0.25,power_design-ec0099de5902,power_design,observed_standardized,methylation,standardized_feature,path_length[B],500,500,0,33.77625857850364,2.12456795519592,33.56611343876772
shape,0.25,power_primary-42c2c5bda573,power_primary,observed_standardized,methylation,standardized_feature,path_length[B],500,500,0,33.550036547827915,1.9879289380387677,33.41665717934665
shape,0.25,power_design-3714546112cf,power_design,observed_standardized,methylation,standardized_feature,shape,500,500,0,0.06904706138837695,0.04848154263433141,0.0566987089857781
shape,0.25,power_design-b7a5a2869388,power_design,observed_standardized,methylation,standardized_feature,shape,500,500,0,0.06639515736979969,0.04259570679020412,0.05809300874858719
shape,0.25,power_design-ec0099de5902,power_design,observed_standardized,methylation,standardized_feature,shape,500,500,0,0.06904706138837695,0.04848154263433141,0.0566987089857781
shape,0.25,power_primary-42c2c5bda573,power_primary,observed_standardized,methylation,standardized_feature,shape,500,500,0,0.06639515736979969,0.04259570679020412,0.05809300874858719
shape,0.25,power_design-3714546112cf,power_design,observed_standardized,proteomics,standardized_feature,angle,500,500,0,53.35141734208736,28.339234374014893,44.85636160541932
shape,0.25,power_design-b7a5a2869388,power_design,observed_standardized,proteomics,standardized_feature,angle,500,500,0,52.76288625761146,29.336085580701074,43.592663539496044
shape,0.25,power_design-3714546112cf,power_design,observed_standardized,proteomics,standardized_feature,delta,500,500,0,1.3960185508152017,1.0819071882639566,1.1490701287886704
shape,0.25,power_design-b7a5a2869388,power_design,observed_standardized,proteomics,standardized_feature,delta,500,500,0,1.4060951336840204,1.0730440022327372,1.20968425534776
shape,0.25,power_design-3714546112cf,power_design,observed_standardized,proteomics,standardized_feature,path_length[A],500,500,0,29.865793880542686,1.655641991308741,29.81351449599993
shape,0.25,power_design-b7a5a2869388,power_design,observed_standardized,proteomics,standardized_feature,path_length[A],500,500,0,29.643202040931087,1.6424681566466846,29.573263936253028
shape,0.25,power_design-3714546112cf,power_design,observed_standardized,proteomics,standardized_feature,path_length[B],500,500,0,30.577099534232648,1.7147111292305899,30.569181391940646
shape,0.25,power_design-b7a5a2869388,power_design,observed_standardized,proteomics,standardized_feature,path_length[B],500,500,0,30.481258084411742,1.647087483633943,30.47924051115064
shape,0.25,power_design-3714546112cf,power_design,observed_standardized,proteomics,standardized_feature,shape,500,500,0,0.040549274628642516,0.02229076631225967,0.037683302108419324
shape,0.25,power_design-b7a5a2869388,power_design,observed_standardized,proteomics,standardized_feature,shape,500,500,0,0.03926993822439334,0.021639395932456982,0.036309468718742716
shape,0.25,power_design-3714546112cf,power_design,pls_latent,joint,pls_latent,angle,500,500,0,39.051928787908125,45.02397649292635,21.119373096843645
shape,0.25,power_design-b7a5a2869388,power_design,pls_latent,joint,pls_latent,angle,500,500,0,36.39208610483356,44.22988263665514,18.219979184895223
shape,0.25,power_design-ec0099de5902,power_design,pls_latent,joint,pls_latent,angle,500,500,0,33.93325316165453,37.129175116080624,21.936774565782635
shape,0.25,power_primary-42c2c5bda573,power_primary,pls_latent,joint,pls_latent,angle,500,500,0,34.855285956826044,37.75662369264823,21.309882065226155
shape,0.25,power_design-3714546112cf,power_design,pls_latent,joint,pls_latent,delta,500,500,0,1.8375071293224743,1.587305262301186,1.4800808291449812
shape,0.25,power_design-b7a5a2869388,power_design,pls_latent,joint,pls_latent,delta,500,500,0,1.9110146036800681,1.5169169914255896,1.4806741088612796
shape,0.25,power_design-ec0099de5902,power_design,pls_latent,joint,pls_latent,delta,500,500,0,1.6198747892055994,1.315447450458361,1.3171088835408078
shape,0.25,power_primary-42c2c5bda573,power_primary,pls_latent,joint,pls_latent,delta,500,500,0,1.6687850675958882,1.4139993119221506,1.361182965460202
shape,0.25,power_design-3714546112cf,power_design,pls_latent,joint,pls_latent,path_length[A],500,500,0,46.47367515255326,2.283658091829096,46.346244312940506
shape,0.25,power_design-b7a5a2869388,power_design,pls_latent,joint,pls_latent,path_length[A],500,500,0,46.201258009644675,2.180186476787265,46.07401256431082
shape,0.25,power_design-ec0099de5902,power_design,pls_latent,joint,pls_latent,path_length[A],500,500,0,39.34508507503514,2.8638371969261907,39.0172967788086
shape,0.25,power_primary-42c2c5bda573,power_primary,pls_latent,joint,pls_latent,path_length[A],500,500,0,39.08196431418578,2.6947053919113593,38.76090034371002
shape,0.25,power_design-3714546112cf,power_design,pls_latent,joint,pls_latent,path_length[B],500,500,0,47.397918024208735,2.2869861096439768,47.4131039886846
shape,0.25,power_design-b7a5a2869388,power_design,pls_latent,joint,pls_latent,path_length[B],500,500,0,47.17511081271453,2.220799647724375,47.12086928431944
shape,0.25,power_design-ec0099de5902,power_design,pls_latent,joint,pls_latent,path_length[B],500,500,0,40.18003431189363,2.8818573035136144,39.74030288574313
shape,0.25,power_primary-42c2c5bda573,power_primary,pls_latent,joint,pls_latent,path_length[B],500,500,0,39.95996657176267,2.7670446415578147,39.55788297269093
shape,0.25,power_design-3714546112cf,power_design,pls_latent,joint,pls_latent,shape,500,500,0,0.04433320918284528,0.02722490659436716,0.039397475641181096
shape,0.25,power_design-b7a5a2869388,power_design,pls_latent,joint,pls_latent,shape,500,500,0,0.041515169317669146,0.024202686873809744,0.037740315941893726
shape,0.25,power_design-ec0099de5902,power_design,pls_latent,joint,pls_latent,shape,500,500,0,0.04498382330388994,0.02529298429789469,0.04138810389960547
shape,0.25,power_primary-42c2c5bda573,power_primary,pls_latent,joint,pls_latent,shape,500,500,0,0.046235885688162635,0.02608510245214542,0.04221594605588681
shape,0.5,power_design-d2a9eb4750f4,power_design,population_native,expression,native_omic_units,angle,500,500,0,51.06670524990689,32.64576150299778,44.25381068133902
shape,0.5,power_design-e0197c33eabc,power_design,population_native,expression,native_omic_units,angle,500,500,0,51.06670524990689,32.64576150299778,44.25381068133902
shape,0.5,power_design-e6e277aa982c,power_design,population_native,expression,native_omic_units,angle,500,500,0,51.06670524990689,32.64576150299778,44.25381068133902
shape,0.5,power_primary-e60446c3f904,power_primary,population_native,expression,native_omic_units,angle,500,500,0,51.06670524990689,32.64576150299778,44.25381068133902
shape,0.5,power_design-d2a9eb4750f4,power_design,population_native,expression,native_omic_units,delta,500,500,0,0.9977162512979731,0.8131068146629191,0.7205530405763252
shape,0.5,power_design-e0197c33eabc,power_design,population_native,expression,native_omic_units,delta,500,500,0,0.9977162512979731,0.8131068146629191,0.7205530405763252
shape,0.5,power_design-e6e277aa982c,power_design,population_native,expression,native_omic_units,delta,500,500,0,0.9977162512979731,0.8131068146629191,0.7205530405763252
shape,0.5,power_primary-e60446c3f904,power_primary,population_native,expression,native_omic_units,delta,500,500,0,0.9977162512979731,0.8131068146629191,0.7205530405763252
shape,0.5,power_design-d2a9eb4750f4,power_design,population_native,expression,native_omic_units,path_length[A],500,500,0,25.480784886701134,1.2737016299900132,25.581932925595176
shape,0.5,power_design-e0197c33eabc,power_design,population_native,expression,native_omic_units,path_length[A],500,500,0,25.480784886701134,1.2737016299900132,25.581932925595176
shape,0.5,power_design-e6e277aa982c,power_design,population_native,expression,native_omic_units,path_length[A],500,500,0,25.480784886701134,1.2737016299900132,25.581932925595176
shape,0.5,power_primary-e60446c3f904,power_primary,population_native,expression,native_omic_units,path_length[A],500,500,0,25.480784886701134,1.2737016299900132,25.581932925595176
shape,0.5,power_design-d2a9eb4750f4,power_design,population_native,expression,native_omic_units,path_length[B],500,500,0,26.103413470901323,1.3392290324951046,26.07635844541972
shape,0.5,power_design-e0197c33eabc,power_design,population_native,expression,native_omic_units,path_length[B],500,500,0,26.103413470901323,1.3392290324951046,26.07635844541972
shape,0.5,power_design-e6e277aa982c,power_design,population_native,expression,native_omic_units,path_length[B],500,500,0,26.103413470901323,1.3392290324951046,26.07635844541972
shape,0.5,power_primary-e60446c3f904,power_primary,population_native,expression,native_omic_units,path_length[B],500,500,0,26.103413470901323,1.3392290324951046,26.07635844541972
shape,0.5,power_design-d2a9eb4750f4,power_design,population_native,expression,native_omic_units,shape,500,500,0,0.04405411061824103,0.024656434698887997,0.04049614757230688
shape,0.5,power_design-e0197c33eabc,power_design,population_native,expression,native_omic_units,shape,500,500,0,0.04405411061824103,0.024656434698887997,0.04049614757230688
shape,0.5,power_design-e6e277aa982c,power_design,population_native,expression,native_omic_units,shape,500,500,0,0.04405411061824103,0.024656434698887997,0.04049614757230688
shape,0.5,power_primary-e60446c3f904,power_primary,population_native,expression,native_omic_units,shape,500,500,0,0.04405411061824103,0.024656434698887997,0.04049614757230688
shape,0.5,power_design-d2a9eb4750f4,power_design,population_native,methylation,native_omic_units,angle,500,500,0,43.6208173480761,27.924406266488845,42.238906577220106
shape,0.5,power_design-e0197c33eabc,power_design,population_native,methylation,native_omic_units,angle,500,500,0,43.6208173480761,27.924406266488845,42.238906577220106
shape,0.5,power_design-e6e277aa982c,power_design,population_native,methylation,native_omic_units,angle,500,500,0,43.6208173480761,27.924406266488845,42.238906577220106
shape,0.5,power_primary-e60446c3f904,power_primary,population_native,methylation,native_omic_units,angle,500,500,0,43.6208173480761,27.924406266488845,42.238906577220106
shape,0.5,power_design-d2a9eb4750f4,power_design,population_native,methylation,native_omic_units,delta,500,500,0,0.8955991310345154,0.4739478508327334,0.8717446819437455
shape,0.5,power_design-e0197c33eabc,power_design,population_native,methylation,native_omic_units,delta,500,500,0,0.8955991310345154,0.4739478508327334,0.8717446819437455
shape,0.5,power_design-e6e277aa982c,power_design,population_native,methylation,native_omic_units,delta,500,500,0,0.8955991310345154,0.4739478508327334,0.8717446819437455
shape,0.5,power_primary-e60446c3f904,power_primary,population_native,methylation,native_omic_units,delta,500,500,0,0.8955991310345154,0.4739478508327334,0.8717446819437455
shape,0.5,power_design-d2a9eb4750f4,power_design,population_native,methylation,native_omic_units,path_length[A],500,500,0,32.57812365465419,1.541146180916717,32.607708397069054
shape,0.5,power_design-e0197c33eabc,power_design,population_native,methylation,native_omic_units,path_length[A],500,500,0,32.57812365465419,1.541146180916717,32.607708397069054
shape,0.5,power_design-e6e277aa982c,power_design,population_native,methylation,native_omic_units,path_length[A],500,500,0,32.57812365465419,1.541146180916717,32.607708397069054
shape,0.5,power_primary-e60446c3f904,power_primary,population_native,methylation,native_omic_units,path_length[A],500,500,0,32.57812365465419,1.541146180916717,32.607708397069054
shape,0.5,power_design-d2a9eb4750f4,power_design,population_native,methylation,native_omic_units,path_length[B],500,500,0,33.47372278568865,1.6089909406988818,33.452727343357175
shape,0.5,power_design-e0197c33eabc,power_design,population_native,methylation,native_omic_units,path_length[B],500,500,0,33.47372278568865,1.6089909406988818,33.452727343357175
shape,0.5,power_design-e6e277aa982c,power_design,population_native,methylation,native_omic_units,path_length[B],500,500,0,33.47372278568865,1.6089909406988818,33.452727343357175
shape,0.5,power_primary-e60446c3f904,power_primary,population_native,methylation,native_omic_units,path_length[B],500,500,0,33.47372278568865,1.6089909406988818,33.452727343357175
shape,0.5,power_design-d2a9eb4750f4,power_design,population_native,methylation,native_omic_units,shape,500,500,0,0.02288068351575628,0.011156740277831412,0.021587207782394497
shape,0.5,power_design-e0197c33eabc,power_design,population_native,methylation,native_omic_units,shape,500,500,0,0.02288068351575628,0.011156740277831412,0.021587207782394497
shape,0.5,power_design-e6e277aa982c,power_design,population_native,methylation,native_omic_units,shape,500,500,0,0.02288068351575628,0.011156740277831412,0.021587207782394497
shape,0.5,power_primary-e60446c3f904,power_primary,population_native,methylation,native_omic_units,shape,500,500,0,0.02288068351575628,0.011156740277831412,0.021587207782394497
shape,0.5,power_design-d2a9eb4750f4,power_design,population_native,proteomics,native_omic_units,angle,500,500,0,49.479928428215736,30.667637998001766,43.45155041776647
shape,0.5,power_design-e6e277aa982c,power_design,population_native,proteomics,native_omic_units,angle,500,500,0,49.479928428215736,30.667637998001766,43.45155041776647
shape,0.5,power_design-d2a9eb4750f4,power_design,population_native,proteomics,native_omic_units,delta,500,500,0,1.19421074286905,0.9601283586534605,0.9530014080305076
shape,0.5,power_design-e6e277aa982c,power_design,population_native,proteomics,native_omic_units,delta,500,500,0,1.19421074286905,0.9601283586534605,0.9530014080305076
shape,0.5,power_design-d2a9eb4750f4,power_design,population_native,proteomics,native_omic_units,path_length[A],500,500,0,28.24749964700159,1.4952872096038166,28.233128708517363
shape,0.5,power_design-e6e277aa982c,power_design,population_native,proteomics,native_omic_units,path_length[A],500,500,0,28.24749964700159,1.4952872096038166,28.233128708517363
shape,0.5,power_design-d2a9eb4750f4,power_design,population_native,proteomics,native_omic_units,path_length[B],500,500,0,28.940935101807206,1.6000658368309169,28.974532597922277
shape,0.5,power_design-e6e277aa982c,power_design,population_native,proteomics,native_omic_units,path_length[B],500,500,0,28.940935101807206,1.6000658368309169,28.974532597922277
shape,0.5,power_design-d2a9eb4750f4,power_design,population_native,proteomics,native_omic_units,shape,500,500,0,0.047258266577789705,0.02701432313812206,0.044268182740041934
shape,0.5,power_design-e6e277aa982c,power_design,population_native,proteomics,native_omic_units,shape,500,500,0,0.047258266577789705,0.02701432313812206,0.044268182740041934
shape,0.5,power_design-d2a9eb4750f4,power_design,population_standardized,expression,standardized_feature,angle,500,500,0,62.15481843440387,29.23040006733437,53.812835559611926
shape,0.5,power_design-e0197c33eabc,power_design,population_standardized,expression,standardized_feature,angle,500,500,0,64.28376228680747,30.037799175992077,54.48589548094433
shape,0.5,power_design-e6e277aa982c,power_design,population_standardized,expression,standardized_feature,angle,500,500,0,64.28376228680747,30.037799175992077,54.48589548094433
shape,0.5,power_primary-e60446c3f904,power_primary,population_standardized,expression,standardized_feature,angle,500,500,0,62.15481843440387,29.23040006733437,53.812835559611926
shape,0.5,power_design-d2a9eb4750f4,power_design,population_standardized,expression,standardized_feature,delta,500,500,0,1.2988149207484747,1.0270118968805013,1.0330580472426991
shape,0.5,power_design-e0197c33eabc,power_design,population_standardized,expression,standardized_feature,delta,500,500,0,1.3180072213950194,1.031157922365102,1.0475777600295704
shape,0.5,power_design-e6e277aa982c,power_design,population_standardized,expression,standardized_feature,delta,500,500,0,1.3180072213950194,1.031157922365102,1.0475777600295704
shape,0.5,power_primary-e60446c3f904,power_primary,population_standardized,expression,standardized_feature,delta,500,500,0,1.2988149207484747,1.0270118968805013,1.0330580472426991
shape,0.5,power_design-d2a9eb4750f4,power_design,population_standardized,expression,standardized_feature,path_length[A],500,500,0,23.159871806775932,1.3468492399260266,23.14013172750495
shape,0.5,power_design-e0197c33eabc,power_design,population_standardized,expression,standardized_feature,path_length[A],500,500,0,23.228709099182268,1.3653824482671588,23.175102615296268
shape,0.5,power_design-e6e277aa982c,power_design,population_standardized,expression,standardized_feature,path_length[A],500,500,0,23.228709099182268,1.3653824482671588,23.175102615296268
shape,0.5,power_primary-e60446c3f904,power_primary,population_standardized,expression,standardized_feature,path_length[A],500,500,0,23.159871806775932,1.3468492399260266,23.14013172750495
shape,0.5,power_design-d2a9eb4750f4,power_design,population_standardized,expression,standardized_feature,path_length[B],500,500,0,23.92526267830471,1.3920330256353086,23.99277681579734
shape,0.5,power_design-e0197c33eabc,power_design,population_standardized,expression,standardized_feature,path_length[B],500,500,0,24.012369512335617,1.4147736058005185,23.99187909370022
shape,0.5,power_design-e6e277aa982c,power_design,population_standardized,expression,standardized_feature,path_length[B],500,500,0,24.012369512335617,1.4147736058005185,23.99187909370022
shape,0.5,power_primary-e60446c3f904,power_primary,population_standardized,expression,standardized_feature,path_length[B],500,500,0,23.92526267830471,1.3920330256353086,23.99277681579734
shape,0.5,power_design-d2a9eb4750f4,power_design,population_standardized,expression,standardized_feature,shape,500,500,0,0.048597683381783156,0.02765799267396445,0.04381596274191581
shape,0.5,power_design-e0197c33eabc,power_design,population_standardized,expression,standardized_feature,shape,500,500,0,0.04877066851677371,0.027249935649208502,0.04432282730160901
shape,0.5,power_design-e6e277aa982c,power_design,population_standardized,expression,standardized_feature,shape,500,500,0,0.04877066851677371,0.027249935649208502,0.04432282730160901
shape,0.5,power_primary-e60446c3f904,power_primary,population_standardized,expression,standardized_feature,shape,500,500,0,0.048597683381783156,0.02765799267396445,0.04381596274191581
shape,0.5,power_design-d2a9eb4750f4,power_design,population_standardized,joint,standardized_feature,angle,500,500,0,61.40539946768131,25.534145134075615,54.70536470832285
shape,0.5,power_design-e0197c33eabc,power_design,population_standardized,joint,standardized_feature,angle,500,500,0,60.852461444026446,25.47522960383453,54.035283698327675
shape,0.5,power_design-e6e277aa982c,power_design,population_standardized,joint,standardized_feature,angle,500,500,0,62.69805730230162,25.793861004178414,55.04989053067692
shape,0.5,power_primary-e60446c3f904,power_primary,population_standardized,joint,standardized_feature,angle,500,500,0,59.983221042136115,25.436233993739627,53.851546801053665
shape,0.5,power_design-d2a9eb4750f4,power_design,population_standardized,joint,standardized_feature,delta,500,500,0,2.235641680653687,1.6921969495660711,1.8654687793712768
shape,0.5,power_design-e0197c33eabc,power_design,population_standardized,joint,standardized_feature,delta,500,500,0,1.5193454652089742,1.085898317461712,1.288614904177173
shape,0.5,power_design-e6e277aa982c,power_design,population_standardized,joint,standardized_feature,delta,500,500,0,2.255945150941972,1.719473112967776,1.756378289640022
shape,0.5,power_primary-e60446c3f904,power_primary,population_standardized,joint,standardized_feature,delta,500,500,0,1.5129481777721652,1.03804825380337,1.3806193691176176
shape,0.5,power_design-d2a9eb4750f4,power_design,population_standardized,joint,standardized_feature,path_length[A],500,500,0,48.09897546461063,2.398192928965467,48.06841259599843
shape,0.5,power_design-e0197c33eabc,power_design,population_standardized,joint,standardized_feature,path_length[A],500,500,0,38.20407906135329,1.9302094154493143,38.19584972093877
shape,0.5,power_design-e6e277aa982c,power_design,population_standardized,joint,standardized_feature,path_length[A],500,500,0,48.2532529964516,2.4708949582266193,48.18017940886111
shape,0.5,power_primary-e60446c3f904,power_primary,population_standardized,joint,standardized_feature,path_length[A],500,500,0,38.093270630776026,1.8417869292882612,37.9680391244043
shape,0.5,power_design-d2a9eb4750f4,power_design,population_standardized,joint,standardized_feature,path_length[B],500,500,0,49.82972847380797,2.5542117163859137,49.79082125148925
shape,0.5,power_design-e0197c33eabc,power_design,population_standardized,joint,standardized_feature,path_length[B],500,500,0,39.572260855150624,1.9741760040805048,39.58998296592436
shape,0.5,power_design-e6e277aa982c,power_design,population_standardized,joint,standardized_feature,path_length[B],500,500,0,49.995171641078784,2.597388338914633,49.964851669719316
shape,0.5,power_primary-e60446c3f904,power_primary,population_standardized,joint,standardized_feature,path_length[B],500,500,0,39.440287203567614,1.9255816652545932,39.43573562516073
shape,0.5,power_design-d2a9eb4750f4,power_design,population_standardized,joint,standardized_feature,shape,500,500,0,0.03695707989701122,0.02130638189353638,0.032235055645112934
shape,0.5,power_design-e0197c33eabc,power_design,population_standardized,joint,standardized_feature,shape,500,500,0,0.030438927546393046,0.017306087246207625,0.02738238446934064
shape,0.5,power_design-e6e277aa982c,power_design,population_standardized,joint,standardized_feature,shape,500,500,0,0.03692489318248164,0.02139608613178216,0.032092822395416706
shape,0.5,power_primary-e60446c3f904,power_primary,population_standardized,joint,standardized_feature,shape,500,500,0,0.03039556152499293,0.016779828970528113,0.02778951754007821
shape,0.5,power_design-d2a9eb4750f4,power_design,population_standardized,methylation,standardized_feature,angle,500,500,0,57.02830783613993,22.54654383845197,53.72429267089839
shape,0.5,power_design-e0197c33eabc,power_design,population_standardized,methylation,standardized_feature,angle,500,500,0,57.63080027793176,21.68299163876819,54.290890500468336
shape,0.5,power_design-e6e277aa982c,power_design,population_standardized,methylation,standardized_feature,angle,500,500,0,57.63080027793176,21.68299163876819,54.290890500468336
shape,0.5,power_primary-e60446c3f904,power_primary,population_standardized,methylation,standardized_feature,angle,500,500,0,57.02830783613993,22.54654383845197,53.72429267089839
shape,0.5,power_design-d2a9eb4750f4,power_design,population_standardized,methylation,standardized_feature,delta,500,500,0,1.2014819053601646,0.7425550717862399,1.137341320482287
shape,0.5,power_design-e0197c33eabc,power_design,population_standardized,methylation,standardized_feature,delta,500,500,0,1.2023791260026093,0.7499814681596794,1.1207359814898012
shape,0.5,power_design-e6e277aa982c,power_design,population_standardized,methylation,standardized_feature,delta,500,500,0,1.2023791260026093,0.7499814681596794,1.1207359814898012
shape,0.5,power_primary-e60446c3f904,power_primary,population_standardized,methylation,standardized_feature,delta,500,500,0,1.2014819053601646,0.7425550717862399,1.137341320482287
shape,0.5,power_design-d2a9eb4750f4,power_design,population_standardized,methylation,standardized_feature,path_length[A],500,500,0,30.221601572733896,1.609652781603369,30.14492182404742
shape,0.5,power_design-e0197c33eabc,power_design,population_standardized,methylation,standardized_feature,path_length[A],500,500,0,30.30814777529763,1.6995415030882999,30.235424339249853
shape,0.5,power_design-e6e277aa982c,power_design,population_standardized,methylation,standardized_feature,path_length[A],500,500,0,30.30814777529763,1.6995415030882999,30.235424339249853
shape,0.5,power_primary-e60446c3f904,power_primary,population_standardized,methylation,standardized_feature,path_length[A],500,500,0,30.221601572733896,1.609652781603369,30.14492182404742
shape,0.5,power_design-d2a9eb4750f4,power_design,population_standardized,methylation,standardized_feature,path_length[B],500,500,0,31.330862663309933,1.7057858841665139,31.320945688947784
shape,0.5,power_design-e0197c33eabc,power_design,population_standardized,methylation,standardized_feature,path_length[B],500,500,0,31.42953261994269,1.7614076493750694,31.308769525332316
shape,0.5,power_design-e6e277aa982c,power_design,population_standardized,methylation,standardized_feature,path_length[B],500,500,0,31.42953261994269,1.7614076493750694,31.308769525332316
shape,0.5,power_primary-e60446c3f904,power_primary,population_standardized,methylation,standardized_feature,path_length[B],500,500,0,31.330862663309933,1.7057858841665139,31.320945688947784
shape,0.5,power_design-d2a9eb4750f4,power_design,population_standardized,methylation,standardized_feature,shape,500,500,0,0.02829771543538355,0.014872539047426928,0.026522506622960206
shape,0.5,power_design-e0197c33eabc,power_design,population_standardized,methylation,standardized_feature,shape,500,500,0,0.028197696524924924,0.01491436377314014,0.02626758373928012
shape,0.5,power_design-e6e277aa982c,power_design,population_standardized,methylation,standardized_feature,shape,500,500,0,0.028197696524924924,0.01491436377314014,0.02626758373928012
shape,0.5,power_primary-e60446c3f904,power_primary,population_standardized,methylation,standardized_feature,shape,500,500,0,0.02829771543538355,0.014872539047426928,0.026522506622960206
shape,0.5,power_design-d2a9eb4750f4,power_design,population_standardized,proteomics,standardized_feature,angle,500,500,0,63.96764187660489,27.248894208056978,55.650956835045164
shape,0.5,power_design-e6e277aa982c,power_design,population_standardized,proteomics,standardized_feature,angle,500,500,0,65.53883489364122,27.947888387796635,56.28150178318862
shape,0.5,power_design-d2a9eb4750f4,power_design,population_standardized,proteomics,standardized_feature,delta,500,500,0,1.9685566373795895,1.5443804400898191,1.5918405493042034
shape,0.5,power_design-e6e277aa982c,power_design,population_standardized,proteomics,standardized_feature,delta,500,500,0,1.9867287766448585,1.5629923297690465,1.6357471699138646
shape,0.5,power_design-d2a9eb4750f4,power_design,population_standardized,proteomics,standardized_feature,path_length[A],500,500,0,29.34287205688908,1.8608787123937038,29.36467046610789
shape,0.5,power_design-e6e277aa982c,power_design,population_standardized,proteomics,standardized_feature,path_length[A],500,500,0,29.45087236047341,1.8844346017634872,29.44458840991723
shape,0.5,power_design-d2a9eb4750f4,power_design,population_standardized,proteomics,standardized_feature,path_length[B],500,500,0,30.429580873996635,2.005879170068297,30.57609351593986
shape,0.5,power_design-e6e277aa982c,power_design,population_standardized,proteomics,standardized_feature,path_length[B],500,500,0,30.52897415785586,2.0217548601211464,30.651605889149124
shape,0.5,power_design-d2a9eb4750f4,power_design,population_standardized,proteomics,standardized_feature,shape,500,500,0,0.054614909102866024,0.03143623598507745,0.047117832786847114
shape,0.5,power_design-e6e277aa982c,power_design,population_standardized,proteomics,standardized_feature,shape,500,500,0,0.054594749759076966,0.031112607616936676,0.047680182721711026
shape,0.5,power_design-d2a9eb4750f4,power_design,observed_standardized,expression,standardized_feature,angle,500,500,0,66.72664290191688,25.13635668002079,57.77834698170532
shape,0.5,power_design-e0197c33eabc,power_design,observed_standardized,expression,standardized_feature,angle,500,500,0,67.55113778362897,25.139534244953662,58.17878436917951
shape,0.5,power_design-e6e277aa982c,power_design,observed_standardized,expression,standardized_feature,angle,500,500,0,67.55113778362897,25.139534244953662,58.17878436917951
shape,0.5,power_primary-e60446c3f904,power_primary,observed_standardized,expression,standardized_feature,angle,500,500,0,66.72664290191688,25.13635668002079,57.77834698170532
shape,0.5,power_design-d2a9eb4750f4,power_design,observed_standardized,expression,standardized_feature,delta,500,500,0,1.3916358752825948,1.043073877635911,1.1414384265504864
shape,0.5,power_design-e0197c33eabc,power_design,observed_standardized,expression,standardized_feature,delta,500,500,0,1.3792602417960511,1.0757592103280997,1.147955583207544
shape,0.5,power_design-e6e277aa982c,power_design,observed_standardized,expression,standardized_feature,delta,500,500,0,1.3792602417960511,1.0757592103280997,1.147955583207544
shape,0.5,power_primary-e60446c3f904,power_primary,observed_standardized,expression,standardized_feature,delta,500,500,0,1.3916358752825948,1.043073877635911,1.1414384265504864
shape,0.5,power_design-d2a9eb4750f4,power_design,observed_standardized,expression,standardized_feature,path_length[A],500,500,0,24.214754600563705,1.2600013222628383,24.201116857347728
shape,0.5,power_design-e0197c33eabc,power_design,observed_standardized,expression,standardized_feature,path_length[A],500,500,0,24.380100161722357,1.2857724280562715,24.386824933013898
shape,0.5,power_design-e6e277aa982c,power_design,observed_standardized,expression,standardized_feature,path_length[A],500,500,0,24.380100161722357,1.2857724280562715,24.386824933013898
shape,0.5,power_primary-e60446c3f904,power_primary,observed_standardized,expression,standardized_feature,path_length[A],500,500,0,24.214754600563705,1.2600013222628383,24.201116857347728
shape,0.5,power_design-d2a9eb4750f4,power_design,observed_standardized,expression,standardized_feature,path_length[B],500,500,0,25.165461992678768,1.3439575289809864,25.227927396007104
shape,0.5,power_design-e0197c33eabc,power_design,observed_standardized,expression,standardized_feature,path_length[B],500,500,0,25.279241208390303,1.3154888476073563,25.296178002703357
shape,0.5,power_design-e6e277aa982c,power_design,observed_standardized,expression,standardized_feature,path_length[B],500,500,0,25.279241208390303,1.3154888476073563,25.296178002703357
shape,0.5,power_primary-e60446c3f904,power_primary,observed_standardized,expression,standardized_feature,path_length[B],500,500,0,25.165461992678768,1.3439575289809864,25.227927396007104
shape,0.5,power_design-d2a9eb4750f4,power_design,observed_standardized,expression,standardized_feature,shape,500,500,0,0.049907034031383614,0.02594793769567453,0.04657983245192975
shape,0.5,power_design-e0197c33eabc,power_design,observed_standardized,expression,standardized_feature,shape,500,500,0,0.049480524038762075,0.026813794847335915,0.04635427641154129
shape,0.5,power_design-e6e277aa982c,power_design,observed_standardized,expression,standardized_feature,shape,500,500,0,0.049480524038762075,0.026813794847335915,0.04635427641154129
shape,0.5,power_primary-e60446c3f904,power_primary,observed_standardized,expression,standardized_feature,shape,500,500,0,0.049907034031383614,0.02594793769567453,0.04657983245192975
shape,0.5,power_design-d2a9eb4750f4,power_design,observed_standardized,joint,standardized_feature,angle,500,500,0,69.59366817291021,24.417618612407026,60.095087858040955
shape,0.5,power_design-e0197c33eabc,power_design,observed_standardized,joint,standardized_feature,angle,500,500,0,70.45515980767954,23.009296428102534,60.89565767168445
shape,0.5,power_design-e6e277aa982c,power_design,observed_standardized,joint,standardized_feature,angle,500,500,0,68.54843844108319,23.13218072462508,59.97974359763309
shape,0.5,power_primary-e60446c3f904,power_primary,observed_standardized,joint,standardized_feature,angle,500,500,0,69.69307310792975,22.6624653237982,60.271953623395916
shape,0.5,power_design-d2a9eb4750f4,power_design,observed_standardized,joint,standardized_feature,delta,500,500,0,2.862410600837255,2.044569084995143,2.448882234065991
shape,0.5,power_design-e0197c33eabc,power_design,observed_standardized,joint,standardized_feature,delta,500,500,0,2.3009731390668313,1.7325456635409666,1.9426898101256356
shape,0.5,power_design-e6e277aa982c,power_design,observed_standardized,joint,standardized_feature,delta,500,500,0,2.789541946000307,1.9981477784433161,2.399589599862594
shape,0.5,power_primary-e60446c3f904,power_primary,observed_standardized,joint,standardized_feature,delta,500,500,0,2.3653004209931687,1.824095976153029,2.1008523814508173
shape,0.5,power_design-d2a9eb4750f4,power_design,observed_standardized,joint,standardized_feature,path_length[A],500,500,0,50.899474121706874,2.3557697740274977,50.8871469888407
shape,0.5,power_design-e0197c33eabc,power_design,observed_standardized,joint,standardized_feature,path_length[A],500,500,0,41.21966776823068,2.0926205316326896,40.98630304725114
shape,0.5,power_design-e6e277aa982c,power_design,observed_standardized,joint,standardized_feature,path_length[A],500,500,0,51.26068658528182,2.4492570607989093,51.13161383831455
shape,0.5,power_primary-e60446c3f904,power_primary,observed_standardized,joint,standardized_feature,path_length[A],500,500,0,40.91890836159616,1.952207811622147,40.84086501241141
shape,0.5,power_design-d2a9eb4750f4,power_design,observed_standardized,joint,standardized_feature,path_length[B],500,500,0,53.24158755954399,2.6056927287592297,53.13846866963637
shape,0.5,power_design-e0197c33eabc,power_design,observed_standardized,joint,standardized_feature,path_length[B],500,500,0,42.977381006086596,2.150378767661602,42.85844528387014
shape,0.5,power_design-e6e277aa982c,power_design,observed_standardized,joint,standardized_feature,path_length[B],500,500,0,53.4100891454155,2.5505256208421243,53.397902865654345
shape,0.5,power_primary-e60446c3f904,power_primary,observed_standardized,joint,standardized_feature,path_length[B],500,500,0,42.89053211835373,2.247911117059266,42.84238322665214
shape,0.5,power_design-d2a9eb4750f4,power_design,observed_standardized,joint,standardized_feature,shape,500,500,0,0.04268294486043915,0.024023757301501247,0.039811178575905874
shape,0.5,power_design-e0197c33eabc,power_design,observed_standardized,joint,standardized_feature,shape,500,500,0,0.047161740315605445,0.02833551086798343,0.04327430670625393
shape,0.5,power_design-e6e277aa982c,power_design,observed_standardized,joint,standardized_feature,shape,500,500,0,0.04124044352916108,0.023785304290782787,0.03686768680083248
shape,0.5,power_primary-e60446c3f904,power_primary,observed_standardized,joint,standardized_feature,shape,500,500,0,0.04876257273919464,0.030201723146902074,0.043246542780706554
shape,0.5,power_design-d2a9eb4750f4,power_design,observed_standardized,methylation,standardized_feature,angle,500,500,0,71.56253084038205,22.37148051519455,62.59089033689112
shape,0.5,power_design-e0197c33eabc,power_design,observed_standardized,methylation,standardized_feature,angle,500,500,0,70.78983680306361,21.400347583785116,62.98520388173207
shape,0.5,power_design-e6e277aa982c,power_design,observed_standardized,methylation,standardized_feature,angle,500,500,0,70.78983680306361,21.400347583785116,62.98520388173207
shape,0.5,power_primary-e60446c3f904,power_primary,observed_standardized,methylation,standardized_feature,angle,500,500,0,71.56253084038205,22.37148051519455,62.59089033689112
shape,0.5,power_design-d2a9eb4750f4,power_design,observed_standardized,methylation,standardized_feature,delta,500,500,0,2.290285592496885,1.9348015691609053,1.892632074729672
shape,0.5,power_design-e0197c33eabc,power_design,observed_standardized,methylation,standardized_feature,delta,500,500,0,2.2428186759966757,1.7376441531166922,1.826383245401388
shape,0.5,power_design-e6e277aa982c,power_design,observed_standardized,methylation,standardized_feature,delta,500,500,0,2.2428186759966757,1.7376441531166922,1.826383245401388
shape,0.5,power_primary-e60446c3f904,power_primary,observed_standardized,methylation,standardized_feature,delta,500,500,0,2.290285592496885,1.9348015691609053,1.892632074729672
shape,0.5,power_design-d2a9eb4750f4,power_design,observed_standardized,methylation,standardized_feature,path_length[A],500,500,0,32.95355184017908,1.8948733198530079,32.85888544406849
shape,0.5,power_design-e0197c33eabc,power_design,observed_standardized,methylation,standardized_feature,path_length[A],500,500,0,33.20301065474387,2.0562270304456063,32.992537179563016
shape,0.5,power_design-e6e277aa982c,power_design,observed_standardized,methylation,standardized_feature,path_length[A],500,500,0,33.20301065474387,2.0562270304456063,32.992537179563016
shape,0.5,power_primary-e60446c3f904,power_primary,observed_standardized,methylation,standardized_feature,path_length[A],500,500,0,32.95355184017908,1.8948733198530079,32.85888544406849
shape,0.5,power_design-d2a9eb4750f4,power_design,observed_standardized,methylation,standardized_feature,path_length[B],500,500,0,34.68950297018046,2.2834886734084883,34.50113140539674
shape,0.5,power_design-e0197c33eabc,power_design,observed_standardized,methylation,standardized_feature,path_length[B],500,500,0,34.71841649578561,2.168469904118242,34.596659733137514
shape,0.5,power_design-e6e277aa982c,power_design,observed_standardized,methylation,standardized_feature,path_length[B],500,500,0,34.71841649578561,2.168469904118242,34.596659733137514
shape,0.5,power_primary-e60446c3f904,power_primary,observed_standardized,methylation,standardized_feature,path_length[B],500,500,0,34.68950297018046,2.2834886734084883,34.50113140539674
shape,0.5,power_design-d2a9eb4750f4,power_design,observed_standardized,methylation,standardized_feature,shape,500,500,0,0.0667449505914187,0.042967775007924994,0.05797744865062103
shape,0.5,power_design-e0197c33eabc,power_design,observed_standardized,methylation,standardized_feature,shape,500,500,0,0.06435470215050633,0.03975560882896688,0.05720205209337238
shape,0.5,power_design-e6e277aa982c,power_design,observed_standardized,methylation,standardized_feature,shape,500,500,0,0.06435470215050633,0.03975560882896688,0.05720205209337238
shape,0.5,power_primary-e60446c3f904,power_primary,observed_standardized,methylation,standardized_feature,shape,500,500,0,0.0667449505914187,0.042967775007924994,0.05797744865062103
shape,0.5,power_design-d2a9eb4750f4,power_design,observed_standardized,proteomics,standardized_feature,angle,500,500,0,66.794558935114,25.396601769307,58.48862800710933
shape,0.5,power_design-e6e277aa982c,power_design,observed_standardized,proteomics,standardized_feature,angle,500,500,0,68.4055357219173,25.586500116885333,58.83926633624069
shape,0.5,power_design-d2a9eb4750f4,power_design,observed_standardized,proteomics,standardized_feature,delta,500,500,0,1.9984510948159815,1.5220226290232388,1.6688464577756825
shape,0.5,power_design-e6e277aa982c,power_design,observed_standardized,proteomics,standardized_feature,delta,500,500,0,2.016469367712205,1.566217784210301,1.640279243268104
shape,0.5,power_design-d2a9eb4750f4,power_design,observed_standardized,proteomics,standardized_feature,path_length[A],500,500,0,30.240636367108515,1.7473751444376617,30.17788596197186
shape,0.5,power_design-e6e277aa982c,power_design,observed_standardized,proteomics,standardized_feature,path_length[A],500,500,0,30.438579437807594,1.758820761455741,30.415942209866884
shape,0.5,power_design-d2a9eb4750f4,power_design,observed_standardized,proteomics,standardized_feature,path_length[B],500,500,0,31.503655568536896,1.8875754967495793,31.540621583466027
shape,0.5,power_design-e6e277aa982c,power_design,observed_standardized,proteomics,standardized_feature,path_length[B],500,500,0,31.67145985672882,1.9242025072129236,31.671989265267904
shape,0.5,power_design-d2a9eb4750f4,power_design,observed_standardized,proteomics,standardized_feature,shape,500,500,0,0.05224903692907166,0.02987054617988125,0.04743639850477546
shape,0.5,power_design-e6e277aa982c,power_design,observed_standardized,proteomics,standardized_feature,shape,500,500,0,0.05357554031689956,0.02942388344275537,0.04929214066685401
shape,0.5,power_design-d2a9eb4750f4,power_design,pls_latent,joint,pls_latent,angle,500,500,0,38.26967480905764,36.306971907931576,25.95912246052669
shape,0.5,power_design-e0197c33eabc,power_design,pls_latent,joint,pls_latent,angle,500,500,0,37.651104862622034,37.67979080193996,25.096657980223505
shape,0.5,power_design-e6e277aa982c,power_design,pls_latent,joint,pls_latent,angle,500,500,0,38.59134516723808,36.80488355092483,26.44861717383148
shape,0.5,power_primary-e60446c3f904,power_primary,pls_latent,joint,pls_latent,angle,500,500,0,33.8854264893008,33.53419537739798,22.63783547014336
shape,0.5,power_design-d2a9eb4750f4,power_design,pls_latent,joint,pls_latent,delta,500,500,0,2.7222242910570995,2.0291806149257083,2.3273512767652065
shape,0.5,power_design-e0197c33eabc,power_design,pls_latent,joint,pls_latent,delta,500,500,0,2.149055610026949,1.6445671215855366,1.7706907969242955
shape,0.5,power_design-e6e277aa982c,power_design,pls_latent,joint,pls_latent,delta,500,500,0,2.782701651831488,2.1109229255731767,2.3676545287709487
shape,0.5,power_primary-e60446c3f904,power_primary,pls_latent,joint,pls_latent,delta,500,500,0,2.1664169386252357,1.5827891721980476,1.950752152587505
shape,0.5,power_design-d2a9eb4750f4,power_design,pls_latent,joint,pls_latent,path_length[A],500,500,0,45.13458131049192,2.2587136681006084,45.06088245618052
shape,0.5,power_design-e0197c33eabc,power_design,pls_latent,joint,pls_latent,path_length[A],500,500,0,38.60802975652805,2.9626181240460614,38.15939437771968
shape,0.5,power_design-e6e277aa982c,power_design,pls_latent,joint,pls_latent,path_length[A],500,500,0,45.22119238109916,2.37071836733136,45.17220652417333
shape,0.5,power_primary-e60446c3f904,power_primary,pls_latent,joint,pls_latent,path_length[A],500,500,0,38.74553510117551,3.0448139553357625,38.22284048557475
shape,0.5,power_design-d2a9eb4750f4,power_design,pls_latent,joint,pls_latent,path_length[B],500,500,0,47.092244539067735,2.544404921741378,46.87339188301277
shape,0.5,power_design-e0197c33eabc,power_design,pls_latent,joint,pls_latent,path_length[B],500,500,0,40.14124710257447,3.0661510026241867,39.60482144706003
shape,0.5,power_design-e6e277aa982c,power_design,pls_latent,joint,pls_latent,path_length[B],500,500,0,47.0619769762652,2.5627525862684823,46.95718662809974
shape,0.5,power_primary-e60446c3f904,power_primary,pls_latent,joint,pls_latent,path_length[B],500,500,0,40.178427314101455,3.1062358104528003,39.57845715254684
shape,0.5,power_design-d2a9eb4750f4,power_design,pls_latent,joint,pls_latent,shape,500,500,0,0.0549295257591187,0.031162159346518305,0.050107175252676286
shape,0.5,power_design-e0197c33eabc,power_design,pls_latent,joint,pls_latent,shape,500,500,0,0.05286429976554835,0.028227878370436745,0.0491159508761376
shape,0.5,power_design-e6e277aa982c,power_design,pls_latent,joint,pls_latent,shape,500,500,0,0.053390007586692795,0.030467833674589464,0.04935196644132929
shape,0.5,power_primary-e60446c3f904,power_primary,pls_latent,joint,pls_latent,shape,500,500,0,0.05182635709932651,0.028527810359849897,0.04739417339964302
shape,0.75,power_design-3781c7499d0e,power_design,population_native,expression,native_omic_units,angle,500,500,0,58.26919310892889,29.238777786228624,55.636161287659476
shape,0.75,power_design-391cee844a97,power_design,population_native,expression,native_omic_units,angle,500,500,0,58.26919310892889,29.238777786228624,55.636161287659476
shape,0.75,power_design-fa8fb7600022,power_design,population_native,expression,native_omic_units,angle,500,500,0,58.26919310892889,29.238777786228624,55.636161287659476
shape,0.75,power_primary-ac4360280beb,power_primary,population_native,expression,native_omic_units,angle,500,500,0,58.26919310892889,29.238777786228624,55.636161287659476
shape,0.75,power_design-3781c7499d0e,power_design,population_native,expression,native_omic_units,delta,500,500,0,1.2492207015585626,0.9187361403205986,1.129428707524772
shape,0.75,power_design-391cee844a97,power_design,population_native,expression,native_omic_units,delta,500,500,0,1.2492207015585626,0.9187361403205986,1.129428707524772
shape,0.75,power_design-fa8fb7600022,power_design,population_native,expression,native_omic_units,delta,500,500,0,1.2492207015585626,0.9187361403205986,1.129428707524772
shape,0.75,power_primary-ac4360280beb,power_primary,population_native,expression,native_omic_units,delta,500,500,0,1.2492207015585626,0.9187361403205986,1.129428707524772
shape,0.75,power_design-3781c7499d0e,power_design,population_native,expression,native_omic_units,path_length[A],500,500,0,25.480784886701134,1.2737016299900132,25.581932925595176
shape,0.75,power_design-391cee844a97,power_design,population_native,expression,native_omic_units,path_length[A],500,500,0,25.480784886701134,1.2737016299900132,25.581932925595176
shape,0.75,power_design-fa8fb7600022,power_design,population_native,expression,native_omic_units,path_length[A],500,500,0,25.480784886701134,1.2737016299900132,25.581932925595176
shape,0.75,power_primary-ac4360280beb,power_primary,population_native,expression,native_omic_units,path_length[A],500,500,0,25.480784886701134,1.2737016299900132,25.581932925595176
shape,0.75,power_design-3781c7499d0e,power_design,population_native,expression,native_omic_units,path_length[B],500,500,0,26.46528293744173,1.291060218319498,26.370908441116235
shape,0.75,power_design-391cee844a97,power_design,population_native,expression,native_omic_units,path_length[B],500,500,0,26.46528293744173,1.291060218319498,26.370908441116235
shape,0.75,power_design-fa8fb7600022,power_design,population_native,expression,native_omic_units,path_length[B],500,500,0,26.46528293744173,1.291060218319498,26.370908441116235
shape,0.75,power_primary-ac4360280beb,power_primary,population_native,expression,native_omic_units,path_length[B],500,500,0,26.46528293744173,1.291060218319498,26.370908441116235
shape,0.75,power_design-3781c7499d0e,power_design,population_native,expression,native_omic_units,shape,500,500,0,0.05184918724135168,0.027760396778648874,0.047335029346685466
shape,0.75,power_design-391cee844a97,power_design,population_native,expression,native_omic_units,shape,500,500,0,0.05184918724135168,0.027760396778648874,0.047335029346685466
shape,0.75,power_design-fa8fb7600022,power_design,population_native,expression,native_omic_units,shape,500,500,0,0.05184918724135168,0.027760396778648874,0.047335029346685466
shape,0.75,power_primary-ac4360280beb,power_primary,population_native,expression,native_omic_units,shape,500,500,0,0.05184918724135168,0.027760396778648874,0.047335029346685466
shape,0.75,power_design-3781c7499d0e,power_design,population_native,methylation,native_omic_units,angle,500,500,0,54.394565699693004,25.690548928876503,55.24675441813086
shape,0.75,power_design-391cee844a97,power_design,population_native,methylation,native_omic_units,angle,500,500,0,54.394565699693004,25.690548928876503,55.24675441813086
shape,0.75,power_design-fa8fb7600022,power_design,population_native,methylation,native_omic_units,angle,500,500,0,54.394565699693004,25.690548928876503,55.24675441813086
shape,0.75,power_primary-ac4360280beb,power_primary,population_native,methylation,native_omic_units,angle,500,500,0,54.394565699693004,25.690548928876503,55.24675441813086
shape,0.75,power_design-3781c7499d0e,power_design,population_native,methylation,native_omic_units,delta,500,500,0,1.3387461289943774,0.5682295279454673,1.279942982053388
shape,0.75,power_design-391cee844a97,power_design,population_native,methylation,native_omic_units,delta,500,500,0,1.3387461289943774,0.5682295279454673,1.279942982053388
shape,0.75,power_design-fa8fb7600022,power_design,population_native,methylation,native_omic_units,delta,500,500,0,1.3387461289943774,0.5682295279454673,1.279942982053388
shape,0.75,power_primary-ac4360280beb,power_primary,population_native,methylation,native_omic_units,delta,500,500,0,1.3387461289943774,0.5682295279454673,1.279942982053388
shape,0.75,power_design-3781c7499d0e,power_design,population_native,methylation,native_omic_units,path_length[A],500,500,0,32.57812365465419,1.541146180916717,32.607708397069054
shape,0.75,power_design-391cee844a97,power_design,population_native,methylation,native_omic_units,path_length[A],500,500,0,32.57812365465419,1.541146180916717,32.607708397069054
shape,0.75,power_design-fa8fb7600022,power_design,population_native,methylation,native_omic_units,path_length[A],500,500,0,32.57812365465419,1.541146180916717,32.607708397069054
shape,0.75,power_primary-ac4360280beb,power_primary,population_native,methylation,native_omic_units,path_length[A],500,500,0,32.57812365465419,1.541146180916717,32.607708397069054
shape,0.75,power_design-3781c7499d0e,power_design,population_native,methylation,native_omic_units,path_length[B],500,500,0,33.91686978364856,1.626327634972261,33.92801827663334
shape,0.75,power_design-391cee844a97,power_design,population_native,methylation,native_omic_units,path_length[B],500,500,0,33.91686978364856,1.626327634972261,33.92801827663334
shape,0.75,power_design-fa8fb7600022,power_design,population_native,methylation,native_omic_units,path_length[B],500,500,0,33.91686978364856,1.626327634972261,33.92801827663334
shape,0.75,power_primary-ac4360280beb,power_primary,population_native,methylation,native_omic_units,path_length[B],500,500,0,33.91686978364856,1.626327634972261,33.92801827663334
shape,0.75,power_design-3781c7499d0e,power_design,population_native,methylation,native_omic_units,shape,500,500,0,0.03173837731270915,0.012974564466415919,0.030583719400207446
shape,0.75,power_design-391cee844a97,power_design,population_native,methylation,native_omic_units,shape,500,500,0,0.03173837731270915,0.012974564466415919,0.030583719400207446
shape,0.75,power_design-fa8fb7600022,power_design,population_native,methylation,native_omic_units,shape,500,500,0,0.03173837731270915,0.012974564466415919,0.030583719400207446
shape,0.75,power_primary-ac4360280beb,power_primary,population_native,methylation,native_omic_units,shape,500,500,0,0.03173837731270915,0.012974564466415919,0.030583719400207446
shape,0.75,power_design-391cee844a97,power_design,population_native,proteomics,native_omic_units,angle,500,500,0,56.94998203390171,28.530099183221513,54.71431175178215
shape,0.75,power_design-fa8fb7600022,power_design,population_native,proteomics,native_omic_units,angle,500,500,0,56.94998203390171,28.530099183221513,54.71431175178215
shape,0.75,power_design-391cee844a97,power_design,population_native,proteomics,native_omic_units,delta,500,500,0,1.466498723191992,1.0816290147486227,1.2443650233309302
shape,0.75,power_design-fa8fb7600022,power_design,population_native,proteomics,native_omic_units,delta,500,500,0,1.466498723191992,1.0816290147486227,1.2443650233309302
shape,0.75,power_design-391cee844a97,power_design,population_native,proteomics,native_omic_units,path_length[A],500,500,0,28.24749964700159,1.4952872096038166,28.233128708517363
shape,0.75,power_design-fa8fb7600022,power_design,population_native,proteomics,native_omic_units,path_length[A],500,500,0,28.24749964700159,1.4952872096038166,28.233128708517363
shape,0.75,power_design-391cee844a97,power_design,population_native,proteomics,native_omic_units,path_length[B],500,500,0,29.319213503514828,1.5377501107798486,29.254602076047284
shape,0.75,power_design-fa8fb7600022,power_design,population_native,proteomics,native_omic_units,path_length[B],500,500,0,29.319213503514828,1.5377501107798486,29.254602076047284
shape,0.75,power_design-391cee844a97,power_design,population_native,proteomics,native_omic_units,shape,500,500,0,0.056165414865197105,0.029191416458536356,0.051401801274717836
shape,0.75,power_design-fa8fb7600022,power_design,population_native,proteomics,native_omic_units,shape,500,500,0,0.056165414865197105,0.029191416458536356,0.051401801274717836
shape,0.75,power_design-3781c7499d0e,power_design,population_standardized,expression,standardized_feature,angle,500,500,0,72.0237831994304,22.637924411846836,65.70201885328986
shape,0.75,power_design-391cee844a97,power_design,population_standardized,expression,standardized_feature,angle,500,500,0,71.35208980372872,22.423853729583108,65.0152380712504
shape,0.75,power_design-fa8fb7600022,power_design,population_standardized,expression,standardized_feature,angle,500,500,0,72.0237831994304,22.637924411846836,65.70201885328986
shape,0.75,power_primary-ac4360280beb,power_primary,population_standardized,expression,standardized_feature,angle,500,500,0,71.35208980372872,22.423853729583108,65.0152380712504
shape,0.75,power_design-3781c7499d0e,power_design,population_standardized,expression,standardized_feature,delta,500,500,0,1.593810131160645,1.1936160883897406,1.3461888671240612
shape,0.75,power_design-391cee844a97,power_design,population_standardized,expression,standardized_feature,delta,500,500,0,1.563398769721832,1.1469250927710088,1.3865194053288121
shape,0.75,power_design-fa8fb7600022,power_design,population_standardized,expression,standardized_feature,delta,500,500,0,1.593810131160645,1.1936160883897406,1.3461888671240612
shape,0.75,power_primary-ac4360280beb,power_primary,population_standardized,expression,standardized_feature,delta,500,500,0,1.563398769721832,1.1469250927710088,1.3865194053288121
shape,0.75,power_design-3781c7499d0e,power_design,population_standardized,expression,standardized_feature,path_length[A],500,500,0,23.55170009703487,1.369833266286264,23.5009552705195
shape,0.75,power_design-391cee844a97,power_design,population_standardized,expression,standardized_feature,path_length[A],500,500,0,23.49889325310991,1.3765396080275465,23.542107520001366
shape,0.75,power_design-fa8fb7600022,power_design,population_standardized,expression,standardized_feature,path_length[A],500,500,0,23.55170009703487,1.369833266286264,23.5009552705195
shape,0.75,power_primary-ac4360280beb,power_primary,population_standardized,expression,standardized_feature,path_length[A],500,500,0,23.49889325310991,1.3765396080275465,23.542107520001366
shape,0.75,power_design-3781c7499d0e,power_design,population_standardized,expression,standardized_feature,path_length[B],500,500,0,24.75969048555226,1.4385888916355272,24.739402697557715
shape,0.75,power_design-391cee844a97,power_design,population_standardized,expression,standardized_feature,path_length[B],500,500,0,24.657496349428953,1.3949555574224946,24.660505643118775
shape,0.75,power_design-fa8fb7600022,power_design,population_standardized,expression,standardized_feature,path_length[B],500,500,0,24.75969048555226,1.4385888916355272,24.739402697557715
shape,0.75,power_primary-ac4360280beb,power_primary,population_standardized,expression,standardized_feature,path_length[B],500,500,0,24.657496349428953,1.3949555574224946,24.660505643118775
shape,0.75,power_design-3781c7499d0e,power_design,population_standardized,expression,standardized_feature,shape,500,500,0,0.05569075263088807,0.03103503295288475,0.04932730088203345
shape,0.75,power_design-391cee844a97,power_design,population_standardized,expression,standardized_feature,shape,500,500,0,0.055341853623808016,0.030372958609816453,0.04944806708033041
shape,0.75,power_design-fa8fb7600022,power_design,population_standardized,expression,standardized_feature,shape,500,500,0,0.05569075263088807,0.03103503295288475,0.04932730088203345
shape,0.75,power_primary-ac4360280beb,power_primary,population_standardized,expression,standardized_feature,shape,500,500,0,0.055341853623808016,0.030372958609816453,0.04944806708033041
shape,0.75,power_design-3781c7499d0e,power_design,population_standardized,joint,standardized_feature,angle,500,500,0,69.54640237371395,17.632857503271374,65.33263715658258
shape,0.75,power_design-391cee844a97,power_design,population_standardized,joint,standardized_feature,angle,500,500,0,71.24799228549463,19.131824585102017,65.67193241955684
shape,0.75,power_design-fa8fb7600022,power_design,population_standardized,joint,standardized_feature,angle,500,500,0,72.24256804159408,19.520258701436937,65.94476867938162
shape,0.75,power_primary-ac4360280beb,power_primary,population_standardized,joint,standardized_feature,angle,500,500,0,68.9012380840767,17.529820553010943,65.24519091418986
shape,0.75,power_design-3781c7499d0e,power_design,population_standardized,joint,standardized_feature,delta,500,500,0,2.1697399275144895,1.2841837320162937,2.000310105444793
shape,0.75,power_design-391cee844a97,power_design,population_standardized,joint,standardized_feature,delta,500,500,0,2.9163759792731967,1.9240988755859536,2.684465684535553
shape,0.75,power_design-fa8fb7600022,power_design,population_standardized,joint,standardized_feature,delta,500,500,0,2.9463483448420047,1.9596044712084668,2.7276326631118835
shape,0.75,power_primary-ac4360280beb,power_primary,population_standardized,joint,standardized_feature,delta,500,500,0,2.1364819153435777,1.2951804975611467,2.043953170400272
shape,0.75,power_design-3781c7499d0e,power_design,population_standardized,joint,standardized_feature,path_length[A],500,500,0,38.884803644053925,1.9583354668788513,38.865782614018215
shape,0.75,power_design-391cee844a97,power_design,population_standardized,joint,standardized_feature,path_length[A],500,500,0,49.025862144224305,2.458881107567322,48.99983031438836
shape,0.75,power_design-fa8fb7600022,power_design,population_standardized,joint,standardized_feature,path_length[A],500,500,0,49.1810158104117,2.5114133339948346,49.236707900554144
shape,0.75,power_primary-ac4360280beb,power_primary,population_standardized,joint,standardized_feature,path_length[A],500,500,0,38.79258750261565,1.9096832613751833,38.70173173610154
shape,0.75,power_design-3781c7499d0e,power_design,population_standardized,joint,standardized_feature,path_length[B],500,500,0,40.96243347311441,2.102672728039736,40.95122879724539
shape,0.75,power_design-391cee844a97,power_design,population_standardized,joint,standardized_feature,path_length[B],500,500,0,51.62341580350011,2.6881348346270517,51.54475704131724
shape,0.75,power_design-fa8fb7600022,power_design,population_standardized,joint,standardized_feature,path_length[B],500,500,0,51.816000888166435,2.725837648647341,51.81043944423882
shape,0.75,power_primary-ac4360280beb,power_primary,population_standardized,joint,standardized_feature,path_length[B],500,500,0,40.83955004426813,2.0928951874046198,40.759549629591106
shape,0.75,power_design-3781c7499d0e,power_design,population_standardized,joint,standardized_feature,shape,500,500,0,0.03923381941995876,0.019703162721564554,0.03664094793183902
shape,0.75,power_design-391cee844a97,power_design,population_standardized,joint,standardized_feature,shape,500,500,0,0.044246971308575994,0.023158167728692093,0.04109644037373419
shape,0.75,power_design-fa8fb7600022,power_design,population_standardized,joint,standardized_feature,shape,500,500,0,0.04423645971274413,0.023347495075613338,0.04136831497904253
shape,0.75,power_primary-ac4360280beb,power_primary,population_standardized,joint,standardized_feature,shape,500,500,0,0.03909343710879899,0.01970778337923355,0.03670147233621797
shape,0.75,power_design-3781c7499d0e,power_design,population_standardized,methylation,standardized_feature,angle,500,500,0,67.64409499182315,15.578621482911686,65.69347320747809
shape,0.75,power_design-391cee844a97,power_design,population_standardized,methylation,standardized_feature,angle,500,500,0,68.7482479896725,17.87819022623365,65.68525714814052
shape,0.75,power_design-fa8fb7600022,power_design,population_standardized,methylation,standardized_feature,angle,500,500,0,67.64409499182315,15.578621482911686,65.69347320747809
shape,0.75,power_primary-ac4360280beb,power_primary,population_standardized,methylation,standardized_feature,angle,500,500,0,68.7482479896725,17.87819022623365,65.68525714814052
shape,0.75,power_design-3781c7499d0e,power_design,population_standardized,methylation,standardized_feature,delta,500,500,0,1.761641178035648,1.006482859727169,1.7143220456763775
shape,0.75,power_design-391cee844a97,power_design,population_standardized,methylation,standardized_feature,delta,500,500,0,1.7760953209572854,1.050099210969387,1.678085663318356
shape,0.75,power_design-fa8fb7600022,power_design,population_standardized,methylation,standardized_feature,delta,500,500,0,1.761641178035648,1.006482859727169,1.7143220456763775
shape,0.75,power_primary-ac4360280beb,power_primary,population_standardized,methylation,standardized_feature,delta,500,500,0,1.7760953209572854,1.050099210969387,1.678085663318356
shape,0.75,power_design-3781c7499d0e,power_design,population_standardized,methylation,standardized_feature,path_length[A],500,500,0,30.917492981574377,1.754007236976019,30.882227354410677
shape,0.75,power_design-391cee844a97,power_design,population_standardized,methylation,standardized_feature,path_length[A],500,500,0,30.8415687602066,1.693358873835371,30.719360442508183
shape,0.75,power_design-fa8fb7600022,power_design,population_standardized,methylation,standardized_feature,path_length[A],500,500,0,30.917492981574377,1.754007236976019,30.882227354410677
shape,0.75,power_primary-ac4360280beb,power_primary,population_standardized,methylation,standardized_feature,path_length[A],500,500,0,30.8415687602066,1.693358873835371,30.719360442508183
shape,0.75,power_design-3781c7499d0e,power_design,population_standardized,methylation,standardized_feature,path_length[B],500,500,0,32.611459849888504,1.847051061806214,32.59988924038933
shape,0.75,power_design-391cee844a97,power_design,population_standardized,methylation,standardized_feature,path_length[B],500,500,0,32.53487472385284,1.864220916734918,32.56285478938205
shape,0.75,power_design-fa8fb7600022,power_design,population_standardized,methylation,standardized_feature,path_length[B],500,500,0,32.611459849888504,1.847051061806214,32.59988924038933
shape,0.75,power_primary-ac4360280beb,power_primary,population_standardized,methylation,standardized_feature,path_length[B],500,500,0,32.53487472385284,1.864220916734918,32.56285478938205
shape,0.75,power_design-3781c7499d0e,power_design,population_standardized,methylation,standardized_feature,shape,500,500,0,0.03818788729526009,0.019137397255391677,0.03647688938147032
shape,0.75,power_design-391cee844a97,power_design,population_standardized,methylation,standardized_feature,shape,500,500,0,0.03873379356861723,0.019474610566804062,0.03703332660505408
shape,0.75,power_design-fa8fb7600022,power_design,population_standardized,methylation,standardized_feature,shape,500,500,0,0.03818788729526009,0.019137397255391677,0.03647688938147032
shape,0.75,power_primary-ac4360280beb,power_primary,population_standardized,methylation,standardized_feature,shape,500,500,0,0.03873379356861723,0.019474610566804062,0.03703332660505408
shape,0.75,power_design-391cee844a97,power_design,population_standardized,proteomics,standardized_feature,angle,500,500,0,73.2805516389854,21.072012929341597,66.54559572614883
shape,0.75,power_design-fa8fb7600022,power_design,population_standardized,proteomics,standardized_feature,angle,500,500,0,73.85122203684561,20.868156570121016,67.12251208618258
shape,0.75,power_design-391cee844a97,power_design,population_standardized,proteomics,standardized_feature,delta,500,500,0,2.320813233679562,1.6660856200269436,1.9557719613515054
shape,0.75,power_design-fa8fb7600022,power_design,population_standardized,proteomics,standardized_feature,delta,500,500,0,2.3507234122496716,1.686265848601448,2.0149524370634175
shape,0.75,power_design-391cee844a97,power_design,population_standardized,proteomics,standardized_feature,path_length[A],500,500,0,29.95267550312115,1.9027357793088266,29.947538119474544
shape,0.75,power_design-fa8fb7600022,power_design,population_standardized,proteomics,standardized_feature,path_length[A],500,500,0,30.086930624366907,1.925456544001701,30.065452531690383
shape,0.75,power_design-391cee844a97,power_design,population_standardized,proteomics,standardized_feature,path_length[B],500,500,0,31.55347939827563,2.012930031068372,31.524874250210733
shape,0.75,power_design-fa8fb7600022,power_design,population_standardized,proteomics,standardized_feature,path_length[B],500,500,0,31.70882164785267,2.0643266483920604,31.71062207288532
shape,0.75,power_design-391cee844a97,power_design,population_standardized,proteomics,standardized_feature,shape,500,500,0,0.06105145038753203,0.03293506821100405,0.05450119711650883
shape,0.75,power_design-fa8fb7600022,power_design,population_standardized,proteomics,standardized_feature,shape,500,500,0,0.06079341233241441,0.032889700019954296,0.054689964986263245
shape,0.75,power_design-3781c7499d0e,power_design,observed_standardized,expression,standardized_feature,angle,500,500,0,74.80484185059896,19.610533453568905,68.21163700508308
shape,0.75,power_design-391cee844a97,power_design,observed_standardized,expression,standardized_feature,angle,500,500,0,75.03282480801835,20.94826054690685,67.90888867871806
shape,0.75,power_design-fa8fb7600022,power_design,observed_standardized,expression,standardized_feature,angle,500,500,0,74.80484185059896,19.610533453568905,68.21163700508308
shape,0.75,power_primary-ac4360280beb,power_primary,observed_standardized,expression,standardized_feature,angle,500,500,0,75.03282480801835,20.94826054690685,67.90888867871806
shape,0.75,power_design-3781c7499d0e,power_design,observed_standardized,expression,standardized_feature,delta,500,500,0,1.6800941651557781,1.2399046759822172,1.4209179198816368
shape,0.75,power_design-391cee844a97,power_design,observed_standardized,expression,standardized_feature,delta,500,500,0,1.7350193798630933,1.2039671947536041,1.5541006221299885
shape,0.75,power_design-fa8fb7600022,power_design,observed_standardized,expression,standardized_feature,delta,500,500,0,1.6800941651557781,1.2399046759822172,1.4209179198816368
shape,0.75,power_primary-ac4360280beb,power_primary,observed_standardized,expression,standardized_feature,delta,500,500,0,1.7350193798630933,1.2039671947536041,1.5541006221299885
shape,0.75,power_design-3781c7499d0e,power_design,observed_standardized,expression,standardized_feature,path_length[A],500,500,0,24.645628476327595,1.289180122094288,24.64204273099976
shape,0.75,power_design-391cee844a97,power_design,observed_standardized,expression,standardized_feature,path_length[A],500,500,0,24.467947190735995,1.2965350721276452,24.473536170357914
shape,0.75,power_design-fa8fb7600022,power_design,observed_standardized,expression,standardized_feature,path_length[A],500,500,0,24.645628476327595,1.289180122094288,24.64204273099976
shape,0.75,power_primary-ac4360280beb,power_primary,observed_standardized,expression,standardized_feature,path_length[A],500,500,0,24.467947190735995,1.2965350721276452,24.473536170357914
shape,0.75,power_design-3781c7499d0e,power_design,observed_standardized,expression,standardized_feature,path_length[B],500,500,0,25.978640066559265,1.3787516272646008,25.91680938004619
shape,0.75,power_design-391cee844a97,power_design,observed_standardized,expression,standardized_feature,path_length[B],500,500,0,25.834784096107246,1.3546747017134875,25.83550864571371
shape,0.75,power_design-fa8fb7600022,power_design,observed_standardized,expression,standardized_feature,path_length[B],500,500,0,25.978640066559265,1.3787516272646008,25.91680938004619
shape,0.75,power_primary-ac4360280beb,power_primary,observed_standardized,expression,standardized_feature,path_length[B],500,500,0,25.834784096107246,1.3546747017134875,25.83550864571371
shape,0.75,power_design-3781c7499d0e,power_design,observed_standardized,expression,standardized_feature,shape,500,500,0,0.054283241914421215,0.028163311863975415,0.05144135929245903
shape,0.75,power_design-391cee844a97,power_design,observed_standardized,expression,standardized_feature,shape,500,500,0,0.055184422035852033,0.028660635742014877,0.0516794023106425
shape,0.75,power_design-fa8fb7600022,power_design,observed_standardized,expression,standardized_feature,shape,500,500,0,0.054283241914421215,0.028163311863975415,0.05144135929245903
shape,0.75,power_primary-ac4360280beb,power_primary,observed_standardized,expression,standardized_feature,shape,500,500,0,0.055184422035852033,0.028660635742014877,0.0516794023106425
shape,0.75,power_design-3781c7499d0e,power_design,observed_standardized,joint,standardized_feature,angle,500,500,0,76.0648283009472,18.000363676909338,69.33217551972693
shape,0.75,power_design-391cee844a97,power_design,observed_standardized,joint,standardized_feature,angle,500,500,0,74.54132936886819,17.640780674406077,68.59962560398895
shape,0.75,power_design-fa8fb7600022,power_design,observed_standardized,joint,standardized_feature,angle,500,500,0,75.16497156749142,17.680660826736254,68.95007235992071
shape,0.75,power_primary-ac4360280beb,power_primary,observed_standardized,joint,standardized_feature,angle,500,500,0,75.25384632952178,17.50161623300719,69.26186449252083
shape,0.75,power_design-3781c7499d0e,power_design,observed_standardized,joint,standardized_feature,delta,500,500,0,2.84505241959303,1.9273065799783713,2.554174879488368
shape,0.75,power_design-391cee844a97,power_design,observed_standardized,joint,standardized_feature,delta,500,500,0,3.3754979252355928,2.1751787424800457,3.2394140765779014
shape,0.75,power_design-fa8fb7600022,power_design,observed_standardized,joint,standardized_feature,delta,500,500,0,3.400522229670259,2.2722435236091525,3.150235433142594
shape,0.75,power_primary-ac4360280beb,power_primary,observed_standardized,joint,standardized_feature,delta,500,500,0,2.7529593748364083,1.7748603468931075,2.4905755850721043
shape,0.75,power_design-3781c7499d0e,power_design,observed_standardized,joint,standardized_feature,path_length[A],500,500,0,41.89488257654827,2.2313460628671353,41.66141773935486
shape,0.75,power_design-391cee844a97,power_design,observed_standardized,joint,standardized_feature,path_length[A],500,500,0,51.697104738893586,2.451160969346396,51.65472381616266
shape,0.75,power_design-fa8fb7600022,power_design,observed_standardized,joint,standardized_feature,path_length[A],500,500,0,52.136802457735634,2.5491886045287355,52.05567305837329
shape,0.75,power_primary-ac4360280beb,power_primary,observed_standardized,joint,standardized_feature,path_length[A],500,500,0,41.52968471173001,2.0662150606131524,41.42719115779124
shape,0.75,power_design-3781c7499d0e,power_design,observed_standardized,joint,standardized_feature,path_length[B],500,500,0,44.31930361167253,2.387956269486515,44.15942291821508
shape,0.75,power_design-391cee844a97,power_design,observed_standardized,joint,standardized_feature,path_length[B],500,500,0,54.716845222024524,2.687647738674925,54.565189613856404
shape,0.75,power_design-fa8fb7600022,power_design,observed_standardized,joint,standardized_feature,path_length[B],500,500,0,55.11797392922923,2.7687902413742167,54.991608279557326
shape,0.75,power_primary-ac4360280beb,power_primary,observed_standardized,joint,standardized_feature,path_length[B],500,500,0,43.957915019897314,2.2828298734107344,43.96437971953309
shape,0.75,power_design-3781c7499d0e,power_design,observed_standardized,joint,standardized_feature,shape,500,500,0,0.051816011142599136,0.03050875314168973,0.045341648269317913
shape,0.75,power_design-391cee844a97,power_design,observed_standardized,joint,standardized_feature,shape,500,500,0,0.04522934770581623,0.024389324847546322,0.042816276056514134
shape,0.75,power_design-fa8fb7600022,power_design,observed_standardized,joint,standardized_feature,shape,500,500,0,0.04579296891972775,0.02486218640871461,0.0427288906608179
shape,0.75,power_primary-ac4360280beb,power_primary,observed_standardized,joint,standardized_feature,shape,500,500,0,0.05023585396778137,0.02802038178729212,0.045989486361536214
shape,0.75,power_design-3781c7499d0e,power_design,observed_standardized,methylation,standardized_feature,angle,500,500,0,77.29875300971403,18.012648466162055,70.99526860008885
shape,0.75,power_design-391cee844a97,power_design,observed_standardized,methylation,standardized_feature,angle,500,500,0,76.5673294477593,18.213888967279452,70.89410448293606
shape,0.75,power_design-fa8fb7600022,power_design,observed_standardized,methylation,standardized_feature,angle,500,500,0,77.29875300971403,18.012648466162055,70.99526860008885
shape,0.75,power_primary-ac4360280beb,power_primary,observed_standardized,methylation,standardized_feature,angle,500,500,0,76.5673294477593,18.213888967279452,70.89410448293606
shape,0.75,power_design-3781c7499d0e,power_design,observed_standardized,methylation,standardized_feature,delta,500,500,0,2.634975805929349,1.9294311613477666,2.3034726614052623
shape,0.75,power_design-391cee844a97,power_design,observed_standardized,methylation,standardized_feature,delta,500,500,0,2.4745134843256955,1.7558764925042576,2.1859086509647057
shape,0.75,power_design-fa8fb7600022,power_design,observed_standardized,methylation,standardized_feature,delta,500,500,0,2.634975805929349,1.9294311613477666,2.3034726614052623
shape,0.75,power_primary-ac4360280beb,power_primary,observed_standardized,methylation,standardized_feature,delta,500,500,0,2.4745134843256955,1.7558764925042576,2.1859086509647057
shape,0.75,power_design-3781c7499d0e,power_design,observed_standardized,methylation,standardized_feature,path_length[A],500,500,0,33.84198287510069,2.241783473877457,33.70939477040784
shape,0.75,power_design-391cee844a97,power_design,observed_standardized,methylation,standardized_feature,path_length[A],500,500,0,33.52279831021606,2.0357851224926056,33.42809041630004
shape,0.75,power_design-fa8fb7600022,power_design,observed_standardized,methylation,standardized_feature,path_length[A],500,500,0,33.84198287510069,2.241783473877457,33.70939477040784
shape,0.75,power_primary-ac4360280beb,power_primary,observed_standardized,methylation,standardized_feature,path_length[A],500,500,0,33.52279831021606,2.0357851224926056,33.42809041630004
shape,0.75,power_design-3781c7499d0e,power_design,observed_standardized,methylation,standardized_feature,path_length[B],500,500,0,35.87032227437946,2.362203556746007,35.655330420420455
shape,0.75,power_design-391cee844a97,power_design,observed_standardized,methylation,standardized_feature,path_length[B],500,500,0,35.531160153824715,2.2440857999915322,35.44314397562862
shape,0.75,power_design-fa8fb7600022,power_design,observed_standardized,methylation,standardized_feature,path_length[B],500,500,0,35.87032227437946,2.362203556746007,35.655330420420455
shape,0.75,power_primary-ac4360280beb,power_primary,observed_standardized,methylation,standardized_feature,path_length[B],500,500,0,35.531160153824715,2.2440857999915322,35.44314397562862
shape,0.75,power_design-3781c7499d0e,power_design,observed_standardized,methylation,standardized_feature,shape,500,500,0,0.06869683530867114,0.04280197680011137,0.061228627907428834
shape,0.75,power_design-391cee844a97,power_design,observed_standardized,methylation,standardized_feature,shape,500,500,0,0.06523629111601649,0.03737169320101324,0.05783090665199971
shape,0.75,power_design-fa8fb7600022,power_design,observed_standardized,methylation,standardized_feature,shape,500,500,0,0.06869683530867114,0.04280197680011137,0.061228627907428834
shape,0.75,power_primary-ac4360280beb,power_primary,observed_standardized,methylation,standardized_feature,shape,500,500,0,0.06523629111601649,0.03737169320101324,0.05783090665199971
shape,0.75,power_design-391cee844a97,power_design,observed_standardized,proteomics,standardized_feature,angle,500,500,0,74.39716459733994,19.53144499500648,67.78126223170283
shape,0.75,power_design-fa8fb7600022,power_design,observed_standardized,proteomics,standardized_feature,angle,500,500,0,74.7374951200662,19.160197399511752,68.39750814624495
shape,0.75,power_design-391cee844a97,power_design,observed_standardized,proteomics,standardized_feature,delta,500,500,0,2.4041491814629943,1.6665211955264192,2.12461451625836
shape,0.75,power_design-fa8fb7600022,power_design,observed_standardized,proteomics,standardized_feature,delta,500,500,0,2.3981837880510346,1.7032666269276358,2.046073364911223
shape,0.75,power_design-391cee844a97,power_design,observed_standardized,proteomics,standardized_feature,path_length[A],500,500,0,30.753259688868408,1.80865206390061,30.703171587713523
shape,0.75,power_design-fa8fb7600022,power_design,observed_standardized,proteomics,standardized_feature,path_length[A],500,500,0,30.99331411454274,1.8434494915313122,30.979531466629325
shape,0.75,power_design-391cee844a97,power_design,observed_standardized,proteomics,standardized_feature,path_length[B],500,500,0,32.54765235964415,1.913528239422197,32.57736146602862
shape,0.75,power_design-fa8fb7600022,power_design,observed_standardized,proteomics,standardized_feature,path_length[B],500,500,0,32.73032438008709,1.9483997678714484,32.711745307700056
shape,0.75,power_design-391cee844a97,power_design,observed_standardized,proteomics,standardized_feature,shape,500,500,0,0.05823820514860043,0.030858526443492018,0.05284275115024707
shape,0.75,power_design-fa8fb7600022,power_design,observed_standardized,proteomics,standardized_feature,shape,500,500,0,0.05821033367514996,0.031547931196675434,0.05184003297529425
shape,0.75,power_design-3781c7499d0e,power_design,pls_latent,joint,pls_latent,angle,500,500,0,36.80383945380402,32.63124737311582,27.43155502874957
shape,0.75,power_design-391cee844a97,power_design,pls_latent,joint,pls_latent,angle,500,500,0,41.854959776882374,33.94998712996257,33.18219634083391
shape,0.75,power_design-fa8fb7600022,power_design,pls_latent,joint,pls_latent,angle,500,500,0,41.23178448628972,35.446835614836935,33.05100731600162
shape,0.75,power_primary-ac4360280beb,power_primary,pls_latent,joint,pls_latent,angle,500,500,0,36.484737386082976,32.70673221207244,26.13994866388751
shape,0.75,power_design-3781c7499d0e,power_design,pls_latent,joint,pls_latent,delta,500,500,0,2.8021221454829934,1.962966888042687,2.5251533407606424
shape,0.75,power_design-391cee844a97,power_design,pls_latent,joint,pls_latent,delta,500,500,0,3.43687255522411,2.291690888278702,3.146867593397232
shape,0.75,power_design-fa8fb7600022,power_design,pls_latent,joint,pls_latent,delta,500,500,0,3.420326458833591,2.3552486921619544,3.0622827715771876
shape,0.75,power_primary-ac4360280beb,power_primary,pls_latent,joint,pls_latent,delta,500,500,0,2.715689956453568,1.8451173608777514,2.4539715399862203
shape,0.75,power_design-3781c7499d0e,power_design,pls_latent,joint,pls_latent,path_length[A],500,500,0,38.40270029121249,3.203304116352979,37.87705503729777
shape,0.75,power_design-391cee844a97,power_design,pls_latent,joint,pls_latent,path_length[A],500,500,0,43.97240328412529,2.441998260386972,43.81727309496309
shape,0.75,power_design-fa8fb7600022,power_design,pls_latent,joint,pls_latent,path_length[A],500,500,0,44.42956467539983,2.6570275151949168,44.21166109530151
shape,0.75,power_primary-ac4360280beb,power_primary,pls_latent,joint,pls_latent,path_length[A],500,500,0,37.89845300176258,3.035046207952899,37.54366619833151
shape,0.75,power_design-3781c7499d0e,power_design,pls_latent,joint,pls_latent,path_length[B],500,500,0,40.58810325784016,3.3233328883639106,40.12324938744781
shape,0.75,power_design-391cee844a97,power_design,pls_latent,joint,pls_latent,path_length[B],500,500,0,46.78821000084773,2.6497727855955024,46.62820123563959
shape,0.75,power_design-fa8fb7600022,power_design,pls_latent,joint,pls_latent,path_length[B],500,500,0,47.17942067482741,2.7520711660946997,47.07395881749888
shape,0.75,power_primary-ac4360280beb,power_primary,pls_latent,joint,pls_latent,path_length[B],500,500,0,40.10145753025766,3.1239828034841373,39.880094323661126
shape,0.75,power_design-3781c7499d0e,power_design,pls_latent,joint,pls_latent,shape,500,500,0,0.061801173047302725,0.032772918486461015,0.05694268037199088
shape,0.75,power_design-391cee844a97,power_design,pls_latent,joint,pls_latent,shape,500,500,0,0.06688648068756149,0.03391936519949003,0.06258449700015767
shape,0.75,power_design-fa8fb7600022,power_design,pls_latent,joint,pls_latent,shape,500,500,0,0.06372016142463917,0.03485146106224179,0.05730714902466491
shape,0.75,power_primary-ac4360280beb,power_primary,pls_latent,joint,pls_latent,shape,500,500,0,0.06256697931264942,0.03257606893409252,0.05879365872066549
shape,1.0,power_design-20f263893fe6,power_design,population_native,expression,native_omic_units,angle,500,500,0,62.98944332904708,25.13874150154842,64.56614238339714
shape,1.0,power_design-444eff36a0ce,power_design,population_native,expression,native_omic_units,angle,500,500,0,62.98944332904708,25.13874150154842,64.56614238339714
shape,1.0,power_design-6fab355f418b,power_design,population_native,expression,native_omic_units,angle,500,500,0,62.98944332904708,25.13874150154842,64.56614238339714
shape,1.0,power_primary-d7a0a64df6b3,power_primary,population_native,expression,native_omic_units,angle,500,500,0,62.98944332904708,25.13874150154842,64.56614238339714
shape,1.0,power_design-20f263893fe6,power_design,population_native,expression,native_omic_units,delta,500,500,0,1.5337170885865574,1.0842458355309288,1.3863830999004847
shape,1.0,power_design-444eff36a0ce,power_design,population_native,expression,native_omic_units,delta,500,500,0,1.5337170885865574,1.0842458355309288,1.3863830999004847
shape,1.0,power_design-6fab355f418b,power_design,population_native,expression,native_omic_units,delta,500,500,0,1.5337170885865574,1.0842458355309288,1.3863830999004847
shape,1.0,power_primary-d7a0a64df6b3,power_primary,population_native,expression,native_omic_units,delta,500,500,0,1.5337170885865574,1.0842458355309288,1.3863830999004847
shape,1.0,power_design-20f263893fe6,power_design,population_native,expression,native_omic_units,path_length[A],500,500,0,25.480784886701134,1.2737016299900132,25.581932925595176
shape,1.0,power_design-444eff36a0ce,power_design,population_native,expression,native_omic_units,path_length[A],500,500,0,25.480784886701134,1.2737016299900132,25.581932925595176
shape,1.0,power_design-6fab355f418b,power_design,population_native,expression,native_omic_units,path_length[A],500,500,0,25.480784886701134,1.2737016299900132,25.581932925595176
shape,1.0,power_primary-d7a0a64df6b3,power_primary,population_native,expression,native_omic_units,path_length[A],500,500,0,25.480784886701134,1.2737016299900132,25.581932925595176
shape,1.0,power_design-20f263893fe6,power_design,population_native,expression,native_omic_units,path_length[B],500,500,0,26.668170968810667,1.3632831188286993,26.67279059761781
shape,1.0,power_design-444eff36a0ce,power_design,population_native,expression,native_omic_units,path_length[B],500,500,0,26.668170968810667,1.3632831188286993,26.67279059761781
shape,1.0,power_design-6fab355f418b,power_design,population_native,expression,native_omic_units,path_length[B],500,500,0,26.668170968810667,1.3632831188286993,26.67279059761781
shape,1.0,power_primary-d7a0a64df6b3,power_primary,population_native,expression,native_omic_units,path_length[B],500,500,0,26.668170968810667,1.3632831188286993,26.67279059761781
shape,1.0,power_design-20f263893fe6,power_design,population_native,expression,native_omic_units,shape,500,500,0,0.061327230158611384,0.031589960971705924,0.05785218936284786
shape,1.0,power_design-444eff36a0ce,power_design,population_native,expression,native_omic_units,shape,500,500,0,0.061327230158611384,0.031589960971705924,0.05785218936284786
shape,1.0,power_design-6fab355f418b,power_design,population_native,expression,native_omic_units,shape,500,500,0,0.061327230158611384,0.031589960971705924,0.05785218936284786
shape,1.0,power_primary-d7a0a64df6b3,power_primary,population_native,expression,native_omic_units,shape,500,500,0,0.061327230158611384,0.031589960971705924,0.05785218936284786
shape,1.0,power_design-20f263893fe6,power_design,population_native,methylation,native_omic_units,angle,500,500,0,62.31628042283633,22.851708819392957,66.0824475290527
shape,1.0,power_design-444eff36a0ce,power_design,population_native,methylation,native_omic_units,angle,500,500,0,62.31628042283633,22.851708819392957,66.0824475290527
shape,1.0,power_design-6fab355f418b,power_design,population_native,methylation,native_omic_units,angle,500,500,0,62.31628042283633,22.851708819392957,66.0824475290527
shape,1.0,power_primary-d7a0a64df6b3,power_primary,population_native,methylation,native_omic_units,angle,500,500,0,62.31628042283633,22.851708819392957,66.0824475290527
shape,1.0,power_design-20f263893fe6,power_design,population_native,methylation,native_omic_units,delta,500,500,0,1.7673735654397442,0.651577391940108,1.7258324498011
shape,1.0,power_design-444eff36a0ce,power_design,population_native,methylation,native_omic_units,delta,500,500,0,1.7673735654397442,0.651577391940108,1.7258324498011
shape,1.0,power_design-6fab355f418b,power_design,population_native,methylation,native_omic_units,delta,500,500,0,1.7673735654397442,0.651577391940108,1.7258324498011
shape,1.0,power_primary-d7a0a64df6b3,power_primary,population_native,methylation,native_omic_units,delta,500,500,0,1.7673735654397442,0.651577391940108,1.7258324498011
shape,1.0,power_design-20f263893fe6,power_design,population_native,methylation,native_omic_units,path_length[A],500,500,0,32.57812365465419,1.541146180916717,32.607708397069054
shape,1.0,power_design-444eff36a0ce,power_design,population_native,methylation,native_omic_units,path_length[A],500,500,0,32.57812365465419,1.541146180916717,32.607708397069054
shape,1.0,power_design-6fab355f418b,power_design,population_native,methylation,native_omic_units,path_length[A],500,500,0,32.57812365465419,1.541146180916717,32.607708397069054
shape,1.0,power_primary-d7a0a64df6b3,power_primary,population_native,methylation,native_omic_units,path_length[A],500,500,0,32.57812365465419,1.541146180916717,32.607708397069054
shape,1.0,power_design-20f263893fe6,power_design,population_native,methylation,native_omic_units,path_length[B],500,500,0,34.345497220093925,1.6646107827878267,34.279949381978795
shape,1.0,power_design-444eff36a0ce,power_design,population_native,methylation,native_omic_units,path_length[B],500,500,0,34.345497220093925,1.6646107827878267,34.279949381978795
shape,1.0,power_design-6fab355f418b,power_design,population_native,methylation,native_omic_units,path_length[B],500,500,0,34.345497220093925,1.6646107827878267,34.279949381978795
shape,1.0,power_primary-d7a0a64df6b3,power_primary,population_native,methylation,native_omic_units,path_length[B],500,500,0,34.345497220093925,1.6646107827878267,34.279949381978795
shape,1.0,power_design-20f263893fe6,power_design,population_native,methylation,native_omic_units,shape,500,500,0,0.039864154707164326,0.014328531302671003,0.03867026976135594
shape,1.0,power_design-444eff36a0ce,power_design,population_native,methylation,native_omic_units,shape,500,500,0,0.039864154707164326,0.014328531302671003,0.03867026976135594
shape,1.0,power_design-6fab355f418b,power_design,population_native,methylation,native_omic_units,shape,500,500,0,0.039864154707164326,0.014328531302671003,0.03867026976135594
shape,1.0,power_primary-d7a0a64df6b3,power_primary,population_native,methylation,native_omic_units,shape,500,500,0,0.039864154707164326,0.014328531302671003,0.03867026976135594
shape,1.0,power_design-20f263893fe6,power_design,population_native,proteomics,native_omic_units,angle,500,500,0,62.19458882699589,25.585716869955547,63.39831636585356
shape,1.0,power_design-444eff36a0ce,power_design,population_native,proteomics,native_omic_units,angle,500,500,0,62.19458882699589,25.585716869955547,63.39831636585356
shape,1.0,power_design-20f263893fe6,power_design,population_native,proteomics,native_omic_units,delta,500,500,0,1.7688571616100586,1.2954667636737116,1.585650234162781
shape,1.0,power_design-444eff36a0ce,power_design,population_native,proteomics,native_omic_units,delta,500,500,0,1.7688571616100586,1.2954667636737116,1.585650234162781
shape,1.0,power_design-20f263893fe6,power_design,population_native,proteomics,native_omic_units,path_length[A],500,500,0,28.24749964700159,1.4952872096038166,28.233128708517363
shape,1.0,power_design-444eff36a0ce,power_design,population_native,proteomics,native_omic_units,path_length[A],500,500,0,28.24749964700159,1.4952872096038166,28.233128708517363
shape,1.0,power_design-20f263893fe6,power_design,population_native,proteomics,native_omic_units,path_length[B],500,500,0,29.5069359949884,1.619248367649984,29.484419598596997
shape,1.0,power_design-444eff36a0ce,power_design,population_native,proteomics,native_omic_units,path_length[B],500,500,0,29.5069359949884,1.619248367649984,29.484419598596997
shape,1.0,power_design-20f263893fe6,power_design,population_native,proteomics,native_omic_units,shape,500,500,0,0.06468959959427642,0.034190586132327935,0.06214211374327104
shape,1.0,power_design-444eff36a0ce,power_design,population_native,proteomics,native_omic_units,shape,500,500,0,0.06468959959427642,0.034190586132327935,0.06214211374327104
shape,1.0,power_design-20f263893fe6,power_design,population_standardized,expression,standardized_feature,angle,500,500,0,78.9591083243886,16.91864646625032,74.77781025324988
shape,1.0,power_design-444eff36a0ce,power_design,population_standardized,expression,standardized_feature,angle,500,500,0,78.40954404697217,17.170293730063708,74.22199339962076
shape,1.0,power_design-6fab355f418b,power_design,population_standardized,expression,standardized_feature,angle,500,500,0,78.9591083243886,16.91864646625032,74.77781025324988
shape,1.0,power_primary-d7a0a64df6b3,power_primary,population_standardized,expression,standardized_feature,angle,500,500,0,78.40954404697217,17.170293730063708,74.22199339962076
shape,1.0,power_design-20f263893fe6,power_design,population_standardized,expression,standardized_feature,delta,500,500,0,1.9409280127703836,1.3977362841686698,1.7138812750115555
shape,1.0,power_design-444eff36a0ce,power_design,population_standardized,expression,standardized_feature,delta,500,500,0,1.9014600777654482,1.3912700899741348,1.6932709355710962
shape,1.0,power_design-6fab355f418b,power_design,population_standardized,expression,standardized_feature,delta,500,500,0,1.9409280127703836,1.3977362841686698,1.7138812750115555
shape,1.0,power_primary-d7a0a64df6b3,power_primary,population_standardized,expression,standardized_feature,delta,500,500,0,1.9014600777654482,1.3912700899741348,1.6932709355710962
shape,1.0,power_design-20f263893fe6,power_design,population_standardized,expression,standardized_feature,path_length[A],500,500,0,23.872986384070554,1.448681919283494,23.878196900268406
shape,1.0,power_design-444eff36a0ce,power_design,population_standardized,expression,standardized_feature,path_length[A],500,500,0,23.785592832600503,1.446665680700738,23.76262981180557
shape,1.0,power_design-6fab355f418b,power_design,population_standardized,expression,standardized_feature,path_length[A],500,500,0,23.872986384070554,1.448681919283494,23.878196900268406
shape,1.0,power_primary-d7a0a64df6b3,power_primary,population_standardized,expression,standardized_feature,path_length[A],500,500,0,23.785592832600503,1.446665680700738,23.76262981180557
shape,1.0,power_design-20f263893fe6,power_design,population_standardized,expression,standardized_feature,path_length[B],500,500,0,25.341137480768992,1.5269484825079247,25.359317911367082
shape,1.0,power_design-444eff36a0ce,power_design,population_standardized,expression,standardized_feature,path_length[B],500,500,0,25.215108721458865,1.5120105299198219,25.231572374465017
shape,1.0,power_design-6fab355f418b,power_design,population_standardized,expression,standardized_feature,path_length[B],500,500,0,25.341137480768992,1.5269484825079247,25.359317911367082
shape,1.0,power_primary-d7a0a64df6b3,power_primary,population_standardized,expression,standardized_feature,path_length[B],500,500,0,25.215108721458865,1.5120105299198219,25.231572374465017
shape,1.0,power_design-20f263893fe6,power_design,population_standardized,expression,standardized_feature,shape,500,500,0,0.06533161284165467,0.03450300064144605,0.06251054202408185
shape,1.0,power_design-444eff36a0ce,power_design,population_standardized,expression,standardized_feature,shape,500,500,0,0.06470639806875919,0.03481968328904416,0.060409360660971786
shape,1.0,power_design-6fab355f418b,power_design,population_standardized,expression,standardized_feature,shape,500,500,0,0.06533161284165467,0.03450300064144605,0.06251054202408185
shape,1.0,power_primary-d7a0a64df6b3,power_primary,population_standardized,expression,standardized_feature,shape,500,500,0,0.06470639806875919,0.03481968328904416,0.060409360660971786
shape,1.0,power_design-20f263893fe6,power_design,population_standardized,joint,standardized_feature,angle,500,500,0,79.7565975447887,13.790060727340599,75.22586665838817
shape,1.0,power_design-444eff36a0ce,power_design,population_standardized,joint,standardized_feature,angle,500,500,0,79.34910867238214,13.963914735562312,74.88371022660606
shape,1.0,power_design-6fab355f418b,power_design,population_standardized,joint,standardized_feature,angle,500,500,0,78.31346800483536,13.138371398769232,74.9027093981336
shape,1.0,power_primary-d7a0a64df6b3,power_primary,population_standardized,joint,standardized_feature,angle,500,500,0,78.56542311914882,13.618957053576047,75.0172659285132
shape,1.0,power_design-20f263893fe6,power_design,population_standardized,joint,standardized_feature,delta,500,500,0,3.555148606871952,2.395740453786407,3.283622435656202
shape,1.0,power_design-444eff36a0ce,power_design,population_standardized,joint,standardized_feature,delta,500,500,0,3.4920090122553344,2.392433356890137,3.284165776347656
shape,1.0,power_design-6fab355f418b,power_design,population_standardized,joint,standardized_feature,delta,500,500,0,2.68044467873787,1.5580231022893052,2.5103642757882625
shape,1.0,power_primary-d7a0a64df6b3,power_primary,population_standardized,joint,standardized_feature,delta,500,500,0,2.649166430076801,1.586142065020554,2.5258346761580412
shape,1.0,power_design-20f263893fe6,power_design,population_standardized,joint,standardized_feature,path_length[A],500,500,0,50.05372177087802,2.6468675430145048,49.99117963972748
shape,1.0,power_design-444eff36a0ce,power_design,population_standardized,joint,standardized_feature,path_length[A],500,500,0,49.865988582518995,2.5869229646774086,49.72100797523216
shape,1.0,power_design-6fab355f418b,power_design,population_standardized,joint,standardized_feature,path_length[A],500,500,0,39.5749230967325,2.075469108055034,39.53781612812846
shape,1.0,power_primary-d7a0a64df6b3,power_primary,population_standardized,joint,standardized_feature,path_length[A],500,500,0,39.43928710548447,2.0147963027651214,39.34000211703092
shape,1.0,power_design-20f263893fe6,power_design,population_standardized,joint,standardized_feature,path_length[B],500,500,0,53.225656584696836,2.8979599261723337,53.129712060927915
shape,1.0,power_design-444eff36a0ce,power_design,population_standardized,joint,standardized_feature,path_length[B],500,500,0,53.01626233544208,2.8582273391475743,53.02738994024154
shape,1.0,power_design-6fab355f418b,power_design,population_standardized,joint,standardized_feature,path_length[B],500,500,0,42.137515546559655,2.2184713906052145,42.083428268451186
shape,1.0,power_primary-d7a0a64df6b3,power_primary,population_standardized,joint,standardized_feature,path_length[B],500,500,0,41.99893654837633,2.190726561462251,42.007618042266884
shape,1.0,power_design-20f263893fe6,power_design,population_standardized,joint,standardized_feature,shape,500,500,0,0.051150815201666644,0.026897202582112728,0.048095764610219305
shape,1.0,power_design-444eff36a0ce,power_design,population_standardized,joint,standardized_feature,shape,500,500,0,0.050748294462180404,0.027156766322592858,0.04953070384956554
shape,1.0,power_design-6fab355f418b,power_design,population_standardized,joint,standardized_feature,shape,500,500,0,0.046128142801141574,0.02265316463266665,0.0439746420825597
shape,1.0,power_primary-d7a0a64df6b3,power_primary,population_standardized,joint,standardized_feature,shape,500,500,0,0.04595596344781978,0.023057851160071915,0.04428409967405321
shape,1.0,power_design-20f263893fe6,power_design,population_standardized,methylation,standardized_feature,angle,500,500,0,76.96585481031782,12.541785187300238,75.0937861701011
shape,1.0,power_design-444eff36a0ce,power_design,population_standardized,methylation,standardized_feature,angle,500,500,0,76.03573123653675,11.278248314765001,74.85277878241862
shape,1.0,power_design-6fab355f418b,power_design,population_standardized,methylation,standardized_feature,angle,500,500,0,76.96585481031782,12.541785187300238,75.0937861701011
shape,1.0,power_primary-d7a0a64df6b3,power_primary,population_standardized,methylation,standardized_feature,angle,500,500,0,76.03573123653675,11.278248314765001,74.85277878241862
shape,1.0,power_design-20f263893fe6,power_design,population_standardized,methylation,standardized_feature,delta,500,500,0,2.1996394223286946,1.2366294314399344,2.130026974132978
shape,1.0,power_design-444eff36a0ce,power_design,population_standardized,methylation,standardized_feature,delta,500,500,0,2.192197235782805,1.292466930524028,2.094873591716931
shape,1.0,power_design-6fab355f418b,power_design,population_standardized,methylation,standardized_feature,delta,500,500,0,2.1996394223286946,1.2366294314399344,2.130026974132978
shape,1.0,power_primary-d7a0a64df6b3,power_primary,population_standardized,methylation,standardized_feature,delta,500,500,0,2.192197235782805,1.292466930524028,2.094873591716931
shape,1.0,power_design-20f263893fe6,power_design,population_standardized,methylation,standardized_feature,path_length[A],500,500,0,31.538130387462893,1.8643744747637,31.5190591318391
shape,1.0,power_design-444eff36a0ce,power_design,population_standardized,methylation,standardized_feature,path_length[A],500,500,0,31.43406515002608,1.7972485684111201,31.33980465428977
shape,1.0,power_design-6fab355f418b,power_design,population_standardized,methylation,standardized_feature,path_length[A],500,500,0,31.538130387462893,1.8643744747637,31.5190591318391
shape,1.0,power_primary-d7a0a64df6b3,power_primary,population_standardized,methylation,standardized_feature,path_length[A],500,500,0,31.43406515002608,1.7972485684111201,31.33980465428977
shape,1.0,power_design-20f263893fe6,power_design,population_standardized,methylation,standardized_feature,path_length[B],500,500,0,33.640043547364854,1.9887229903358925,33.553699429207455
shape,1.0,power_design-444eff36a0ce,power_design,population_standardized,methylation,standardized_feature,path_length[B],500,500,0,33.5619888814711,1.9585543933023575,33.54567045495044
shape,1.0,power_design-6fab355f418b,power_design,population_standardized,methylation,standardized_feature,path_length[B],500,500,0,33.640043547364854,1.9887229903358925,33.553699429207455
shape,1.0,power_primary-d7a0a64df6b3,power_primary,population_standardized,methylation,standardized_feature,path_length[B],500,500,0,33.5619888814711,1.9585543933023575,33.54567045495044
shape,1.0,power_design-20f263893fe6,power_design,population_standardized,methylation,standardized_feature,shape,500,500,0,0.044992936298898306,0.022062183421098315,0.043421306548725606
shape,1.0,power_design-444eff36a0ce,power_design,population_standardized,methylation,standardized_feature,shape,500,500,0,0.04510773334198562,0.02288460887047048,0.0433877231291704
shape,1.0,power_design-6fab355f418b,power_design,population_standardized,methylation,standardized_feature,shape,500,500,0,0.044992936298898306,0.022062183421098315,0.043421306548725606
shape,1.0,power_primary-d7a0a64df6b3,power_primary,population_standardized,methylation,standardized_feature,shape,500,500,0,0.04510773334198562,0.02288460887047048,0.0433877231291704
shape,1.0,power_design-20f263893fe6,power_design,population_standardized,proteomics,standardized_feature,angle,500,500,0,80.32646528464885,14.617762062889469,75.7570159235602
shape,1.0,power_design-444eff36a0ce,power_design,population_standardized,proteomics,standardized_feature,angle,500,500,0,80.12009518110615,15.033753639028754,75.80580056145624
shape,1.0,power_design-20f263893fe6,power_design,population_standardized,proteomics,standardized_feature,delta,500,500,0,2.798222372081864,2.050762395547837,2.520620934278792
shape,1.0,power_design-444eff36a0ce,power_design,population_standardized,proteomics,standardized_feature,delta,500,500,0,2.7277345463194216,2.010518449341754,2.434718292796166
shape,1.0,power_design-20f263893fe6,power_design,population_standardized,proteomics,standardized_feature,path_length[A],500,500,0,30.618240596198536,2.036459912104654,30.603935570751254
shape,1.0,power_design-444eff36a0ce,power_design,population_standardized,proteomics,standardized_feature,path_length[A],500,500,0,30.48893766985761,1.9839695839558844,30.4846737189361
shape,1.0,power_design-20f263893fe6,power_design,population_standardized,proteomics,standardized_feature,path_length[B],500,500,0,32.48870871703192,2.2466170771464418,32.45470690271853
shape,1.0,power_design-444eff36a0ce,power_design,population_standardized,proteomics,standardized_feature,path_length[B],500,500,0,32.3265210986126,2.204464480318647,32.239752314642146
shape,1.0,power_design-20f263893fe6,power_design,population_standardized,proteomics,standardized_feature,shape,500,500,0,0.06939632178919333,0.03773473970672256,0.06609265786290926
shape,1.0,power_design-444eff36a0ce,power_design,population_standardized,proteomics,standardized_feature,shape,500,500,0,0.068769210141195,0.03743391769672876,0.06532148615897218
shape,1.0,power_design-20f263893fe6,power_design,observed_standardized,expression,standardized_feature,angle,500,500,0,80.27592962373872,14.608449916763295,75.86709963790784
shape,1.0,power_design-444eff36a0ce,power_design,observed_standardized,expression,standardized_feature,angle,500,500,0,79.1734960449712,15.811199634148883,75.42551570618528
shape,1.0,power_design-6fab355f418b,power_design,observed_standardized,expression,standardized_feature,angle,500,500,0,80.27592962373872,14.608449916763295,75.86709963790784
shape,1.0,power_primary-d7a0a64df6b3,power_primary,observed_standardized,expression,standardized_feature,angle,500,500,0,79.1734960449712,15.811199634148883,75.42551570618528
shape,1.0,power_design-20f263893fe6,power_design,observed_standardized,expression,standardized_feature,delta,500,500,0,1.9435660855262844,1.3591185767139888,1.7199078723241357
shape,1.0,power_design-444eff36a0ce,power_design,observed_standardized,expression,standardized_feature,delta,500,500,0,1.9342756172029738,1.3398192738367858,1.7393109847503219
shape,1.0,power_design-6fab355f418b,power_design,observed_standardized,expression,standardized_feature,delta,500,500,0,1.9435660855262844,1.3591185767139888,1.7199078723241357
shape,1.0,power_primary-d7a0a64df6b3,power_primary,observed_standardized,expression,standardized_feature,delta,500,500,0,1.9342756172029738,1.3398192738367858,1.7393109847503219
shape,1.0,power_design-20f263893fe6,power_design,observed_standardized,expression,standardized_feature,path_length[A],500,500,0,24.937248875530127,1.3669976002157398,24.904574129887557
shape,1.0,power_design-444eff36a0ce,power_design,observed_standardized,expression,standardized_feature,path_length[A],500,500,0,24.705220013872637,1.380811528942664,24.631435809109202
shape,1.0,power_design-6fab355f418b,power_design,observed_standardized,expression,standardized_feature,path_length[A],500,500,0,24.937248875530127,1.3669976002157398,24.904574129887557
shape,1.0,power_primary-d7a0a64df6b3,power_primary,observed_standardized,expression,standardized_feature,path_length[A],500,500,0,24.705220013872637,1.380811528942664,24.631435809109202
shape,1.0,power_design-20f263893fe6,power_design,observed_standardized,expression,standardized_feature,path_length[B],500,500,0,26.4259320430874,1.4312159117118062,26.44367082633148
shape,1.0,power_design-444eff36a0ce,power_design,observed_standardized,expression,standardized_feature,path_length[B],500,500,0,26.28646015520246,1.3864110477934941,26.278625205735572
shape,1.0,power_design-6fab355f418b,power_design,observed_standardized,expression,standardized_feature,path_length[B],500,500,0,26.4259320430874,1.4312159117118062,26.44367082633148
shape,1.0,power_primary-d7a0a64df6b3,power_primary,observed_standardized,expression,standardized_feature,path_length[B],500,500,0,26.28646015520246,1.3864110477934941,26.278625205735572
shape,1.0,power_design-20f263893fe6,power_design,observed_standardized,expression,standardized_feature,shape,500,500,0,0.0631745044503183,0.032113881006055896,0.058221028189807324
shape,1.0,power_design-444eff36a0ce,power_design,observed_standardized,expression,standardized_feature,shape,500,500,0,0.05989001946092403,0.03316397711845808,0.05620664903879645
shape,1.0,power_design-6fab355f418b,power_design,observed_standardized,expression,standardized_feature,shape,500,500,0,0.0631745044503183,0.032113881006055896,0.058221028189807324
shape,1.0,power_primary-d7a0a64df6b3,power_primary,observed_standardized,expression,standardized_feature,shape,500,500,0,0.05989001946092403,0.03316397711845808,0.05620664903879645
shape,1.0,power_design-20f263893fe6,power_design,observed_standardized,joint,standardized_feature,angle,500,500,0,80.84378019858045,12.30173534338057,76.86114261512978
shape,1.0,power_design-444eff36a0ce,power_design,observed_standardized,joint,standardized_feature,angle,500,500,0,80.75859358982821,12.993888467710295,76.8173158566604
shape,1.0,power_design-6fab355f418b,power_design,observed_standardized,joint,standardized_feature,angle,500,500,0,81.37221951500922,12.76400022660625,77.37025319606822
shape,1.0,power_primary-d7a0a64df6b3,power_primary,observed_standardized,joint,standardized_feature,angle,500,500,0,80.80160570363599,12.876376971961164,77.29065851962055
shape,1.0,power_design-20f263893fe6,power_design,observed_standardized,joint,standardized_feature,delta,500,500,0,3.8473333065652464,2.491782594747713,3.466385346625515
shape,1.0,power_design-444eff36a0ce,power_design,observed_standardized,joint,standardized_feature,delta,500,500,0,3.889791787942901,2.5457588021434034,3.675278612657305
shape,1.0,power_design-6fab355f418b,power_design,observed_standardized,joint,standardized_feature,delta,500,500,0,3.1201104458628066,1.923575029124106,2.81300559496761
shape,1.0,power_primary-d7a0a64df6b3,power_primary,observed_standardized,joint,standardized_feature,delta,500,500,0,3.2074180916489685,1.966777838468417,2.9779930538318737
shape,1.0,power_design-20f263893fe6,power_design,observed_standardized,joint,standardized_feature,path_length[A],500,500,0,52.83552146768035,2.59384348231349,52.834987859688695
shape,1.0,power_design-444eff36a0ce,power_design,observed_standardized,joint,standardized_feature,path_length[A],500,500,0,52.39070861126017,2.577395015699109,52.4130546530467
shape,1.0,power_design-6fab355f418b,power_design,observed_standardized,joint,standardized_feature,path_length[A],500,500,0,42.410492677286335,2.1942216179215976,42.27291306459555
shape,1.0,power_primary-d7a0a64df6b3,power_primary,observed_standardized,joint,standardized_feature,path_length[A],500,500,0,42.03254713797035,2.1792456134645075,42.013888948894575
shape,1.0,power_design-20f263893fe6,power_design,observed_standardized,joint,standardized_feature,path_length[B],500,500,0,56.27523747018945,2.799575458539072,56.20283715714143
shape,1.0,power_design-444eff36a0ce,power_design,observed_standardized,joint,standardized_feature,path_length[B],500,500,0,55.95753521756978,2.796711183959389,55.89397464030466
shape,1.0,power_design-6fab355f418b,power_design,observed_standardized,joint,standardized_feature,path_length[B],500,500,0,45.224861920530444,2.3072366238866246,45.092678442808094
shape,1.0,power_primary-d7a0a64df6b3,power_primary,observed_standardized,joint,standardized_feature,path_length[B],500,500,0,45.00504662825886,2.320032714389928,44.894973061526024
shape,1.0,power_design-20f263893fe6,power_design,observed_standardized,joint,standardized_feature,shape,500,500,0,0.04952758847077753,0.026374622705139034,0.04642615404668545
shape,1.0,power_design-444eff36a0ce,power_design,observed_standardized,joint,standardized_feature,shape,500,500,0,0.049014710211602946,0.02621059323370903,0.04611863393560632
shape,1.0,power_design-6fab355f418b,power_design,observed_standardized,joint,standardized_feature,shape,500,500,0,0.053147430142287864,0.029158047367984007,0.04762984080119487
shape,1.0,power_primary-d7a0a64df6b3,power_primary,observed_standardized,joint,standardized_feature,shape,500,500,0,0.05262128265655205,0.028213963522046897,0.04883553101558463
shape,1.0,power_design-20f263893fe6,power_design,observed_standardized,methylation,standardized_feature,angle,500,500,0,81.99046688730056,13.109105852159464,78.89119503537967
shape,1.0,power_design-444eff36a0ce,power_design,observed_standardized,methylation,standardized_feature,angle,500,500,0,81.05437710225772,13.218000966875122,78.33436889115293
shape,1.0,power_design-6fab355f418b,power_design,observed_standardized,methylation,standardized_feature,angle,500,500,0,81.99046688730056,13.109105852159464,78.89119503537967
shape,1.0,power_primary-d7a0a64df6b3,power_primary,observed_standardized,methylation,standardized_feature,angle,500,500,0,81.05437710225772,13.218000966875122,78.33436889115293
shape,1.0,power_design-20f263893fe6,power_design,observed_standardized,methylation,standardized_feature,delta,500,500,0,2.8239764007819215,1.8504872660888514,2.48525937999095
shape,1.0,power_design-444eff36a0ce,power_design,observed_standardized,methylation,standardized_feature,delta,500,500,0,2.9184202022806875,1.8968470495522518,2.7367537321555098
shape,1.0,power_design-6fab355f418b,power_design,observed_standardized,methylation,standardized_feature,delta,500,500,0,2.8239764007819215,1.8504872660888514,2.48525937999095
shape,1.0,power_primary-d7a0a64df6b3,power_primary,observed_standardized,methylation,standardized_feature,delta,500,500,0,2.9184202022806875,1.8968470495522518,2.7367537321555098
shape,1.0,power_design-20f263893fe6,power_design,observed_standardized,methylation,standardized_feature,path_length[A],500,500,0,34.268217127736676,2.1887893332825756,34.03172421623023
shape,1.0,power_design-444eff36a0ce,power_design,observed_standardized,methylation,standardized_feature,path_length[A],500,500,0,33.9712191597583,2.144744001961632,33.88375220314626
shape,1.0,power_design-6fab355f418b,power_design,observed_standardized,methylation,standardized_feature,path_length[A],500,500,0,34.268217127736676,2.1887893332825756,34.03172421623023
shape,1.0,power_primary-d7a0a64df6b3,power_primary,observed_standardized,methylation,standardized_feature,path_length[A],500,500,0,33.9712191597583,2.144744001961632,33.88375220314626
shape,1.0,power_design-20f263893fe6,power_design,observed_standardized,methylation,standardized_feature,path_length[B],500,500,0,36.665247451828705,2.2432442984329484,36.38727983753988
shape,1.0,power_design-444eff36a0ce,power_design,observed_standardized,methylation,standardized_feature,path_length[B],500,500,0,36.49473345124505,2.2873395552437867,36.3419843887839
shape,1.0,power_design-6fab355f418b,power_design,observed_standardized,methylation,standardized_feature,path_length[B],500,500,0,36.665247451828705,2.2432442984329484,36.38727983753988
shape,1.0,power_primary-d7a0a64df6b3,power_primary,observed_standardized,methylation,standardized_feature,path_length[B],500,500,0,36.49473345124505,2.2873395552437867,36.3419843887839
shape,1.0,power_design-20f263893fe6,power_design,observed_standardized,methylation,standardized_feature,shape,500,500,0,0.06671783237206129,0.03962552742745088,0.05827164973063266
shape,1.0,power_design-444eff36a0ce,power_design,observed_standardized,methylation,standardized_feature,shape,500,500,0,0.0665307923649551,0.03882484636224606,0.058499617031803286
shape,1.0,power_design-6fab355f418b,power_design,observed_standardized,methylation,standardized_feature,shape,500,500,0,0.06671783237206129,0.03962552742745088,0.05827164973063266
shape,1.0,power_primary-d7a0a64df6b3,power_primary,observed_standardized,methylation,standardized_feature,shape,500,500,0,0.0665307923649551,0.03882484636224606,0.058499617031803286
shape,1.0,power_design-20f263893fe6,power_design,observed_standardized,proteomics,standardized_feature,angle,500,500,0,80.95074756836993,13.859179409542715,76.79782090395801
shape,1.0,power_design-444eff36a0ce,power_design,observed_standardized,proteomics,standardized_feature,angle,500,500,0,80.9414688311544,14.169865800500464,76.8421336464115
shape,1.0,power_design-20f263893fe6,power_design,observed_standardized,proteomics,standardized_feature,delta,500,500,0,2.75513624445869,2.0231783525462155,2.388111418215992
shape,1.0,power_design-444eff36a0ce,power_design,observed_standardized,proteomics,standardized_feature,delta,500,500,0,2.749083257651588,2.0116730478861915,2.428622364355821
shape,1.0,power_design-20f263893fe6,power_design,observed_standardized,proteomics,standardized_feature,path_length[A],500,500,0,31.475580099279558,1.9125989169620021,31.504612421820717
shape,1.0,power_design-444eff36a0ce,power_design,observed_standardized,proteomics,standardized_feature,path_length[A],500,500,0,31.237690671161385,1.9171863512942742,31.159528072697768
shape,1.0,power_design-20f263893fe6,power_design,observed_standardized,proteomics,standardized_feature,path_length[B],500,500,0,33.45260188736827,2.1000472520879554,33.422179357787996
shape,1.0,power_design-444eff36a0ce,power_design,observed_standardized,proteomics,standardized_feature,path_length[B],500,500,0,33.21463238661139,2.0836098462021835,33.176233999813185
shape,1.0,power_design-20f263893fe6,power_design,observed_standardized,proteomics,standardized_feature,shape,500,500,0,0.06520043911506518,0.0355183643677488,0.061120579703113145
shape,1.0,power_design-444eff36a0ce,power_design,observed_standardized,proteomics,standardized_feature,shape,500,500,0,0.06520447007975254,0.03510803041273009,0.060320245250879666
shape,1.0,power_design-20f263893fe6,power_design,pls_latent,joint,pls_latent,angle,500,500,0,45.100138437504356,32.17199527199847,40.1359812114484
shape,1.0,power_design-444eff36a0ce,power_design,pls_latent,joint,pls_latent,angle,500,500,0,42.05982147991792,30.964048081952438,36.103274257933464
shape,1.0,power_design-6fab355f418b,power_design,pls_latent,joint,pls_latent,angle,500,500,0,40.5982228481654,33.484289265586035,29.428791438041948
shape,1.0,power_primary-d7a0a64df6b3,power_primary,pls_latent,joint,pls_latent,angle,500,500,0,38.08052795382526,30.429028574026212,29.57600047987203
shape,1.0,power_design-20f263893fe6,power_design,pls_latent,joint,pls_latent,delta,500,500,0,3.9428272253704666,2.7622106287454424,3.355600132959367
shape,1.0,power_design-444eff36a0ce,power_design,pls_latent,joint,pls_latent,delta,500,500,0,4.068515328194157,2.7091822289592122,3.7857321266693162
shape,1.0,power_design-6fab355f418b,power_design,pls_latent,joint,pls_latent,delta,500,500,0,2.9740571271911334,2.1282307464365853,2.5418656598248255
shape,1.0,power_primary-d7a0a64df6b3,power_primary,pls_latent,joint,pls_latent,delta,500,500,0,3.1707523090771415,2.0789035669177505,2.9018500150130144
shape,1.0,power_design-20f263893fe6,power_design,pls_latent,joint,pls_latent,path_length[A],500,500,0,43.537665971964,2.7922895586759835,43.36232637610721
shape,1.0,power_design-444eff36a0ce,power_design,pls_latent,joint,pls_latent,path_length[A],500,500,0,43.08845716549434,2.6850068370381956,42.872416521338124
shape,1.0,power_design-6fab355f418b,power_design,pls_latent,joint,pls_latent,path_length[A],500,500,0,37.85151907659728,3.1387919088793708,37.58830591253625
shape,1.0,power_primary-d7a0a64df6b3,power_primary,pls_latent,joint,pls_latent,path_length[A],500,500,0,37.286139086296984,3.16249698533228,37.10783782980339
shape,1.0,power_design-20f263893fe6,power_design,pls_latent,joint,pls_latent,path_length[B],500,500,0,46.85818240430391,2.7711855184266025,46.76247393768527
shape,1.0,power_design-444eff36a0ce,power_design,pls_latent,joint,pls_latent,path_length[B],500,500,0,46.612984830226054,2.810662771303903,46.54821571812253
shape,1.0,power_design-6fab355f418b,power_design,pls_latent,joint,pls_latent,path_length[B],500,500,0,40.19095247167991,3.0226796505741413,40.02590999492266
shape,1.0,power_primary-d7a0a64df6b3,power_primary,pls_latent,joint,pls_latent,path_length[B],500,500,0,39.82706036851096,3.241101995870937,39.305341246811125
shape,1.0,power_design-20f263893fe6,power_design,pls_latent,joint,pls_latent,shape,500,500,0,0.07336114870306967,0.03919325408364982,0.06767939112919356
shape,1.0,power_design-444eff36a0ce,power_design,pls_latent,joint,pls_latent,shape,500,500,0,0.07445043005557911,0.04090742887331718,0.07014863727320456
shape,1.0,power_design-6fab355f418b,power_design,pls_latent,joint,pls_latent,shape,500,500,0,0.06639534551380427,0.03764643122113517,0.06143239957539063
shape,1.0,power_primary-d7a0a64df6b3,power_primary,pls_latent,joint,pls_latent,shape,500,500,0,0.07089989146517328,0.03723134190561295,0.06639953291000325
translation,0.25,power_design-adc9a21c773a,power_design,population_native,expression,native_omic_units,angle,500,500,0,5.110819286568636e-07,6.607002766973034e-07,0.0
translation,0.25,power_design-d259ad9a396c,power_design,population_native,expression,native_omic_units,angle,500,500,0,5.110819286568636e-07,6.607002766973034e-07,0.0
translation,0.25,power_design-fbad952ae5de,power_design,population_native,expression,native_omic_units,angle,500,500,0,5.110819286568636e-07,6.607002766973034e-07,0.0
translation,0.25,power_primary-c15d63dd7033,power_primary,population_native,expression,native_omic_units,angle,500,500,0,5.110819286568636e-07,6.607002766973034e-07,0.0
translation,0.25,power_design-adc9a21c773a,power_design,population_native,expression,native_omic_units,delta,500,500,0,0.0,0.0,0.0
translation,0.25,power_design-d259ad9a396c,power_design,population_native,expression,native_omic_units,delta,500,500,0,0.0,0.0,0.0
translation,0.25,power_design-fbad952ae5de,power_design,population_native,expression,native_omic_units,delta,500,500,0,0.0,0.0,0.0
translation,0.25,power_primary-c15d63dd7033,power_primary,population_native,expression,native_omic_units,delta,500,500,0,0.0,0.0,0.0
translation,0.25,power_design-adc9a21c773a,power_design,population_native,expression,native_omic_units,path_length[A],500,500,0,25.480784886701134,1.2737016299900132,25.581932925595176
translation,0.25,power_design-d259ad9a396c,power_design,population_native,expression,native_omic_units,path_length[A],500,500,0,25.480784886701134,1.2737016299900132,25.581932925595176
translation,0.25,power_design-fbad952ae5de,power_design,population_native,expression,native_omic_units,path_length[A],500,500,0,25.480784886701134,1.2737016299900132,25.581932925595176
translation,0.25,power_primary-c15d63dd7033,power_primary,population_native,expression,native_omic_units,path_length[A],500,500,0,25.480784886701134,1.2737016299900132,25.581932925595176
translation,0.25,power_design-adc9a21c773a,power_design,population_native,expression,native_omic_units,path_length[B],500,500,0,25.480784886701134,1.2737016299900132,25.581932925595176
translation,0.25,power_design-d259ad9a396c,power_design,population_native,expression,native_omic_units,path_length[B],500,500,0,25.480784886701134,1.2737016299900132,25.581932925595176
translation,0.25,power_design-fbad952ae5de,power_design,population_native,expression,native_omic_units,path_length[B],500,500,0,25.480784886701134,1.2737016299900132,25.581932925595176
translation,0.25,power_primary-c15d63dd7033,power_primary,population_native,expression,native_omic_units,path_length[B],500,500,0,25.480784886701134,1.2737016299900132,25.581932925595176
translation,0.25,power_design-adc9a21c773a,power_design,population_native,expression,native_omic_units,shape,500,500,0,1.295231534981862e-15,5.319577009756701e-16,1.220962712171122e-15
translation,0.25,power_design-d259ad9a396c,power_design,population_native,expression,native_omic_units,shape,500,500,0,1.295231534981862e-15,5.319577009756701e-16,1.220962712171122e-15
translation,0.25,power_design-fbad952ae5de,power_design,population_native,expression,native_omic_units,shape,500,500,0,1.295231534981862e-15,5.319577009756701e-16,1.220962712171122e-15
translation,0.25,power_primary-c15d63dd7033,power_primary,population_native,expression,native_omic_units,shape,500,500,0,1.295231534981862e-15,5.319577009756701e-16,1.220962712171122e-15
translation,0.25,power_design-adc9a21c773a,power_design,population_native,methylation,native_omic_units,angle,500,500,0,4.943387513220607e-07,6.904817265765667e-07,0.0
translation,0.25,power_design-d259ad9a396c,power_design,population_native,methylation,native_omic_units,angle,500,500,0,4.943387513220607e-07,6.904817265765667e-07,0.0
translation,0.25,power_design-fbad952ae5de,power_design,population_native,methylation,native_omic_units,angle,500,500,0,4.943387513220607e-07,6.904817265765667e-07,0.0
translation,0.25,power_primary-c15d63dd7033,power_primary,population_native,methylation,native_omic_units,angle,500,500,0,4.943387513220607e-07,6.904817265765667e-07,0.0
translation,0.25,power_design-adc9a21c773a,power_design,population_native,methylation,native_omic_units,delta,500,500,0,0.0,0.0,0.0
translation,0.25,power_design-d259ad9a396c,power_design,population_native,methylation,native_omic_units,delta,500,500,0,0.0,0.0,0.0
translation,0.25,power_design-fbad952ae5de,power_design,population_native,methylation,native_omic_units,delta,500,500,0,0.0,0.0,0.0
translation,0.25,power_primary-c15d63dd7033,power_primary,population_native,methylation,native_omic_units,delta,500,500,0,0.0,0.0,0.0
translation,0.25,power_design-adc9a21c773a,power_design,population_native,methylation,native_omic_units,path_length[A],500,500,0,32.57812365465419,1.541146180916717,32.607708397069054
translation,0.25,power_design-d259ad9a396c,power_design,population_native,methylation,native_omic_units,path_length[A],500,500,0,32.57812365465419,1.541146180916717,32.607708397069054
translation,0.25,power_design-fbad952ae5de,power_design,population_native,methylation,native_omic_units,path_length[A],500,500,0,32.57812365465419,1.541146180916717,32.607708397069054
translation,0.25,power_primary-c15d63dd7033,power_primary,population_native,methylation,native_omic_units,path_length[A],500,500,0,32.57812365465419,1.541146180916717,32.607708397069054
translation,0.25,power_design-adc9a21c773a,power_design,population_native,methylation,native_omic_units,path_length[B],500,500,0,32.57812365465419,1.541146180916717,32.607708397069054
translation,0.25,power_design-d259ad9a396c,power_design,population_native,methylation,native_omic_units,path_length[B],500,500,0,32.57812365465419,1.541146180916717,32.607708397069054
translation,0.25,power_design-fbad952ae5de,power_design,population_native,methylation,native_omic_units,path_length[B],500,500,0,32.57812365465419,1.541146180916717,32.607708397069054
translation,0.25,power_primary-c15d63dd7033,power_primary,population_native,methylation,native_omic_units,path_length[B],500,500,0,32.57812365465419,1.541146180916717,32.607708397069054
translation,0.25,power_design-adc9a21c773a,power_design,population_native,methylation,native_omic_units,shape,500,500,0,2.1448232389829858e-15,1.269052266803253e-15,1.7080792039847846e-15
translation,0.25,power_design-d259ad9a396c,power_design,population_native,methylation,native_omic_units,shape,500,500,0,2.1448232389829858e-15,1.269052266803253e-15,1.7080792039847846e-15
translation,0.25,power_design-fbad952ae5de,power_design,population_native,methylation,native_omic_units,shape,500,500,0,2.1448232389829858e-15,1.269052266803253e-15,1.7080792039847846e-15
translation,0.25,power_primary-c15d63dd7033,power_primary,population_native,methylation,native_omic_units,shape,500,500,0,2.1448232389829858e-15,1.269052266803253e-15,1.7080792039847846e-15
translation,0.25,power_design-adc9a21c773a,power_design,population_native,proteomics,native_omic_units,angle,500,500,0,4.963647635901164e-07,6.542238461069246e-07,0.0
translation,0.25,power_design-fbad952ae5de,power_design,population_native,proteomics,native_omic_units,angle,500,500,0,4.963647635901164e-07,6.542238461069246e-07,0.0
translation,0.25,power_design-adc9a21c773a,power_design,population_native,proteomics,native_omic_units,delta,500,500,0,0.0,0.0,0.0
translation,0.25,power_design-fbad952ae5de,power_design,population_native,proteomics,native_omic_units,delta,500,500,0,0.0,0.0,0.0
translation,0.25,power_design-adc9a21c773a,power_design,population_native,proteomics,native_omic_units,path_length[A],500,500,0,28.24749964700159,1.4952872096038166,28.233128708517363
translation,0.25,power_design-fbad952ae5de,power_design,population_native,proteomics,native_omic_units,path_length[A],500,500,0,28.24749964700159,1.4952872096038166,28.233128708517363
translation,0.25,power_design-adc9a21c773a,power_design,population_native,proteomics,native_omic_units,path_length[B],500,500,0,28.24749964700159,1.4952872096038166,28.233128708517363
translation,0.25,power_design-fbad952ae5de,power_design,population_native,proteomics,native_omic_units,path_length[B],500,500,0,28.24749964700159,1.4952872096038166,28.233128708517363
translation,0.25,power_design-adc9a21c773a,power_design,population_native,proteomics,native_omic_units,shape,500,500,0,1.5945462043836785e-15,7.894285394042986e-16,1.4050481848254968e-15
translation,0.25,power_design-fbad952ae5de,power_design,population_native,proteomics,native_omic_units,shape,500,500,0,1.5945462043836785e-15,7.894285394042986e-16,1.4050481848254968e-15
translation,0.25,power_design-adc9a21c773a,power_design,population_standardized,expression,standardized_feature,angle,500,500,0,4.884504558160817e-07,6.4900753976584e-07,0.0
translation,0.25,power_design-d259ad9a396c,power_design,population_standardized,expression,standardized_feature,angle,500,500,0,4.975829709711372e-07,6.093323585256599e-07,0.0
translation,0.25,power_design-fbad952ae5de,power_design,population_standardized,expression,standardized_feature,angle,500,500,0,4.975829709711372e-07,6.093323585256599e-07,0.0
translation,0.25,power_primary-c15d63dd7033,power_primary,population_standardized,expression,standardized_feature,angle,500,500,0,4.884504558160817e-07,6.4900753976584e-07,0.0
translation,0.25,power_design-adc9a21c773a,power_design,population_standardized,expression,standardized_feature,delta,500,500,0,0.0,0.0,0.0
translation,0.25,power_design-d259ad9a396c,power_design,population_standardized,expression,standardized_feature,delta,500,500,0,0.0,0.0,0.0
translation,0.25,power_design-fbad952ae5de,power_design,population_standardized,expression,standardized_feature,delta,500,500,0,0.0,0.0,0.0
translation,0.25,power_primary-c15d63dd7033,power_primary,population_standardized,expression,standardized_feature,delta,500,500,0,0.0,0.0,0.0
translation,0.25,power_design-adc9a21c773a,power_design,population_standardized,expression,standardized_feature,path_length[A],500,500,0,22.418646742427992,1.2242600970879793,22.43271318012515
translation,0.25,power_design-d259ad9a396c,power_design,population_standardized,expression,standardized_feature,path_length[A],500,500,0,22.46584108800197,1.2246417396198852,22.48614309093783
translation,0.25,power_design-fbad952ae5de,power_design,population_standardized,expression,standardized_feature,path_length[A],500,500,0,22.46584108800197,1.2246417396198852,22.48614309093783
translation,0.25,power_primary-c15d63dd7033,power_primary,population_standardized,expression,standardized_feature,path_length[A],500,500,0,22.418646742427992,1.2242600970879793,22.43271318012515
translation,0.25,power_design-adc9a21c773a,power_design,population_standardized,expression,standardized_feature,path_length[B],500,500,0,22.418646742427992,1.2242600970879793,22.43271318012515
translation,0.25,power_design-d259ad9a396c,power_design,population_standardized,expression,standardized_feature,path_length[B],500,500,0,22.46584108800197,1.2246417396198852,22.48614309093783
translation,0.25,power_design-fbad952ae5de,power_design,population_standardized,expression,standardized_feature,path_length[B],500,500,0,22.46584108800197,1.2246417396198852,22.48614309093783
translation,0.25,power_primary-c15d63dd7033,power_primary,population_standardized,expression,standardized_feature,path_length[B],500,500,0,22.418646742427992,1.2242600970879793,22.43271318012515
translation,0.25,power_design-adc9a21c773a,power_design,population_standardized,expression,standardized_feature,shape,500,500,0,1.0465517746470306e-15,6.641979058045544e-16,9.015784175867438e-16
translation,0.25,power_design-d259ad9a396c,power_design,population_standardized,expression,standardized_feature,shape,500,500,0,1.034507895247509e-15,6.544272813669504e-16,8.994484621419403e-16
translation,0.25,power_design-fbad952ae5de,power_design,population_standardized,expression,standardized_feature,shape,500,500,0,1.034507895247509e-15,6.544272813669504e-16,8.994484621419403e-16
translation,0.25,power_primary-c15d63dd7033,power_primary,population_standardized,expression,standardized_feature,shape,500,500,0,1.0465517746470306e-15,6.641979058045544e-16,9.015784175867438e-16
translation,0.25,power_design-adc9a21c773a,power_design,population_standardized,joint,standardized_feature,angle,500,500,0,4.799566675962171e-07,6.115088379309065e-07,0.0
translation,0.25,power_design-d259ad9a396c,power_design,population_standardized,joint,standardized_feature,angle,500,500,0,4.6668165254785064e-07,6.264008319054485e-07,0.0
translation,0.25,power_design-fbad952ae5de,power_design,population_standardized,joint,standardized_feature,angle,500,500,0,4.7462475212041985e-07,6.389511835703031e-07,0.0
translation,0.25,power_primary-c15d63dd7033,power_primary,population_standardized,joint,standardized_feature,angle,500,500,0,4.771495389611446e-07,6.30147672741058e-07,0.0
translation,0.25,power_design-adc9a21c773a,power_design,population_standardized,joint,standardized_feature,delta,500,500,0,0.0,0.0,0.0
translation,0.25,power_design-d259ad9a396c,power_design,population_standardized,joint,standardized_feature,delta,500,500,0,0.0,0.0,0.0
translation,0.25,power_design-fbad952ae5de,power_design,population_standardized,joint,standardized_feature,delta,500,500,0,0.0,0.0,0.0
translation,0.25,power_primary-c15d63dd7033,power_primary,population_standardized,joint,standardized_feature,delta,500,500,0,0.0,0.0,0.0
translation,0.25,power_design-adc9a21c773a,power_design,population_standardized,joint,standardized_feature,path_length[A],500,500,0,46.16110035311332,2.1812070852994463,46.12132215950972
translation,0.25,power_design-d259ad9a396c,power_design,population_standardized,joint,standardized_feature,path_length[A],500,500,0,36.76195912948761,1.712001002881384,36.71253371122412
translation,0.25,power_design-fbad952ae5de,power_design,population_standardized,joint,standardized_feature,path_length[A],500,500,0,46.28242051649002,2.1832818976139032,46.29409771694251
translation,0.25,power_primary-c15d63dd7033,power_primary,population_standardized,joint,standardized_feature,path_length[A],500,500,0,36.66996239937906,1.7040006467447049,36.63295815558775
translation,0.25,power_design-adc9a21c773a,power_design,population_standardized,joint,standardized_feature,path_length[B],500,500,0,46.16110035311332,2.1812070852994463,46.12132215950972
translation,0.25,power_design-d259ad9a396c,power_design,population_standardized,joint,standardized_feature,path_length[B],500,500,0,36.76195912948761,1.712001002881384,36.71253371122412
translation,0.25,power_design-fbad952ae5de,power_design,population_standardized,joint,standardized_feature,path_length[B],500,500,0,46.28242051649002,2.1832818976139032,46.29409771694251
translation,0.25,power_primary-c15d63dd7033,power_primary,population_standardized,joint,standardized_feature,path_length[B],500,500,0,36.66996239937906,1.7040006467447049,36.63295815558775
translation,0.25,power_design-adc9a21c773a,power_design,population_standardized,joint,standardized_feature,shape,500,500,0,1.2908842479345618e-15,9.325636462646238e-16,1.0338343627851873e-15
translation,0.25,power_design-d259ad9a396c,power_design,population_standardized,joint,standardized_feature,shape,500,500,0,1.2451743313486038e-15,9.036531140584285e-16,1.0061355610678102e-15
translation,0.25,power_design-fbad952ae5de,power_design,population_standardized,joint,standardized_feature,shape,500,500,0,1.2973654766231614e-15,9.241516476446975e-16,1.0302179262834723e-15
translation,0.25,power_primary-c15d63dd7033,power_primary,population_standardized,joint,standardized_feature,shape,500,500,0,1.2731685237676738e-15,9.421920698482354e-16,1.0101084658145435e-15
translation,0.25,power_design-adc9a21c773a,power_design,population_standardized,methylation,standardized_feature,angle,500,500,0,4.922874219506933e-07,6.53961505383278e-07,0.0
translation,0.25,power_design-d259ad9a396c,power_design,population_standardized,methylation,standardized_feature,angle,500,500,0,5.27653203672146e-07,6.486431801840219e-07,0.0
translation,0.25,power_design-fbad952ae5de,power_design,population_standardized,methylation,standardized_feature,angle,500,500,0,5.27653203672146e-07,6.486431801840219e-07,0.0
translation,0.25,power_primary-c15d63dd7033,power_primary,population_standardized,methylation,standardized_feature,angle,500,500,0,4.922874219506933e-07,6.53961505383278e-07,0.0
translation,0.25,power_design-adc9a21c773a,power_design,population_standardized,methylation,standardized_feature,delta,500,500,0,0.0,0.0,0.0
translation,0.25,power_design-d259ad9a396c,power_design,population_standardized,methylation,standardized_feature,delta,500,500,0,0.0,0.0,0.0
translation,0.25,power_design-fbad952ae5de,power_design,population_standardized,methylation,standardized_feature,delta,500,500,0,0.0,0.0,0.0
translation,0.25,power_primary-c15d63dd7033,power_primary,population_standardized,methylation,standardized_feature,delta,500,500,0,0.0,0.0,0.0
translation,0.25,power_design-adc9a21c773a,power_design,population_standardized,methylation,standardized_feature,path_length[A],500,500,0,28.997900881718955,1.4864329959434732,28.958235269501202
translation,0.25,power_design-d259ad9a396c,power_design,population_standardized,methylation,standardized_feature,path_length[A],500,500,0,29.077431302637248,1.505484717767602,28.995594220431478
translation,0.25,power_design-fbad952ae5de,power_design,population_standardized,methylation,standardized_feature,path_length[A],500,500,0,29.077431302637248,1.505484717767602,28.995594220431478
translation,0.25,power_primary-c15d63dd7033,power_primary,population_standardized,methylation,standardized_feature,path_length[A],500,500,0,28.997900881718955,1.4864329959434732,28.958235269501202
translation,0.25,power_design-adc9a21c773a,power_design,population_standardized,methylation,standardized_feature,path_length[B],500,500,0,28.997900881718955,1.4864329959434732,28.958235269501202
translation,0.25,power_design-d259ad9a396c,power_design,population_standardized,methylation,standardized_feature,path_length[B],500,500,0,29.077431302637248,1.505484717767602,28.995594220431478
translation,0.25,power_design-fbad952ae5de,power_design,population_standardized,methylation,standardized_feature,path_length[B],500,500,0,29.077431302637248,1.505484717767602,28.995594220431478
translation,0.25,power_primary-c15d63dd7033,power_primary,population_standardized,methylation,standardized_feature,path_length[B],500,500,0,28.997900881718955,1.4864329959434732,28.958235269501202
translation,0.25,power_design-adc9a21c773a,power_design,population_standardized,methylation,standardized_feature,shape,500,500,0,1.2412616576680259e-15,1.0801674138458638e-15,9.00720578250258e-16
translation,0.25,power_design-d259ad9a396c,power_design,population_standardized,methylation,standardized_feature,shape,500,500,0,1.249707499276653e-15,1.0707326647389394e-15,9.02134429934711e-16
translation,0.25,power_design-fbad952ae5de,power_design,population_standardized,methylation,standardized_feature,shape,500,500,0,1.249707499276653e-15,1.0707326647389394e-15,9.02134429934711e-16
translation,0.25,power_primary-c15d63dd7033,power_primary,population_standardized,methylation,standardized_feature,shape,500,500,0,1.2412616576680259e-15,1.0801674138458638e-15,9.00720578250258e-16
translation,0.25,power_design-adc9a21c773a,power_design,population_standardized,proteomics,standardized_feature,angle,500,500,0,4.5530635796905406e-07,6.301141035398708e-07,0.0
translation,0.25,power_design-fbad952ae5de,power_design,population_standardized,proteomics,standardized_feature,angle,500,500,0,4.822543091984664e-07,6.377981992283645e-07,0.0
translation,0.25,power_design-adc9a21c773a,power_design,population_standardized,proteomics,standardized_feature,delta,500,500,0,0.0,0.0,0.0
translation,0.25,power_design-fbad952ae5de,power_design,population_standardized,proteomics,standardized_feature,delta,500,500,0,0.0,0.0,0.0
translation,0.25,power_design-adc9a21c773a,power_design,population_standardized,proteomics,standardized_feature,path_length[A],500,500,0,28.018149383970464,1.6223896927835768,27.98473479360571
translation,0.25,power_design-fbad952ae5de,power_design,population_standardized,proteomics,standardized_feature,path_length[A],500,500,0,28.097059552940646,1.6264305509839478,28.07070435372096
translation,0.25,power_design-adc9a21c773a,power_design,population_standardized,proteomics,standardized_feature,path_length[B],500,500,0,28.018149383970464,1.6223896927835768,27.98473479360571
translation,0.25,power_design-fbad952ae5de,power_design,population_standardized,proteomics,standardized_feature,path_length[B],500,500,0,28.097059552940646,1.6264305509839478,28.07070435372096
translation,0.25,power_design-adc9a21c773a,power_design,population_standardized,proteomics,standardized_feature,shape,500,500,0,1.2226477378303665e-15,8.758338040676177e-16,9.871816381430872e-16
translation,0.25,power_design-fbad952ae5de,power_design,population_standardized,proteomics,standardized_feature,shape,500,500,0,1.1387559281292906e-15,7.223369137926554e-16,9.738101357860627e-16
translation,0.25,power_design-adc9a21c773a,power_design,observed_standardized,expression,standardized_feature,angle,500,500,0,41.21562306851851,34.25435803535345,29.207216303065017
translation,0.25,power_design-d259ad9a396c,power_design,observed_standardized,expression,standardized_feature,angle,500,500,0,44.25627552683502,36.64500383388868,30.350886673556936
translation,0.25,power_design-fbad952ae5de,power_design,observed_standardized,expression,standardized_feature,angle,500,500,0,44.25627552683502,36.64500383388868,30.350886673556936
translation,0.25,power_primary-c15d63dd7033,power_primary,observed_standardized,expression,standardized_feature,angle,500,500,0,41.21562306851851,34.25435803535345,29.207216303065017
translation,0.25,power_design-adc9a21c773a,power_design,observed_standardized,expression,standardized_feature,delta,500,500,0,0.5636311430983629,0.4280308443437656,0.478826608203363
translation,0.25,power_design-d259ad9a396c,power_design,observed_standardized,expression,standardized_feature,delta,500,500,0,0.5595244092896433,0.432586761776951,0.46392274411502576
translation,0.25,power_design-fbad952ae5de,power_design,observed_standardized,expression,standardized_feature,delta,500,500,0,0.5595244092896433,0.432586761776951,0.46392274411502576
translation,0.25,power_primary-c15d63dd7033,power_primary,observed_standardized,expression,standardized_feature,delta,500,500,0,0.5636311430983629,0.4280308443437656,0.478826608203363
translation,0.25,power_design-adc9a21c773a,power_design,observed_standardized,expression,standardized_feature,path_length[A],500,500,0,23.490726554538636,1.1270512185742023,23.519466894454624
translation,0.25,power_design-d259ad9a396c,power_design,observed_standardized,expression,standardized_feature,path_length[A],500,500,0,23.66040714350419,1.1728508567461615,23.64858299764007
translation,0.25,power_design-fbad952ae5de,power_design,observed_standardized,expression,standardized_feature,path_length[A],500,500,0,23.66040714350419,1.1728508567461615,23.64858299764007
translation,0.25,power_primary-c15d63dd7033,power_primary,observed_standardized,expression,standardized_feature,path_length[A],500,500,0,23.490726554538636,1.1270512185742023,23.519466894454624
translation,0.25,power_design-adc9a21c773a,power_design,observed_standardized,expression,standardized_feature,path_length[B],500,500,0,23.773026319198976,1.1606381832704447,23.778905431816145
translation,0.25,power_design-d259ad9a396c,power_design,observed_standardized,expression,standardized_feature,path_length[B],500,500,0,23.840459494523888,1.1562075325939156,23.828255106923194
translation,0.25,power_design-fbad952ae5de,power_design,observed_standardized,expression,standardized_feature,path_length[B],500,500,0,23.840459494523888,1.1562075325939156,23.828255106923194
translation,0.25,power_primary-c15d63dd7033,power_primary,observed_standardized,expression,standardized_feature,path_length[B],500,500,0,23.773026319198976,1.1606381832704447,23.778905431816145
translation,0.25,power_design-adc9a21c773a,power_design,observed_standardized,expression,standardized_feature,shape,500,500,0,0.030628741387524458,0.014999018059015894,0.02929004480107198
translation,0.25,power_design-d259ad9a396c,power_design,observed_standardized,expression,standardized_feature,shape,500,500,0,0.03265156336696074,0.016633072289870963,0.03165863785106643
translation,0.25,power_design-fbad952ae5de,power_design,observed_standardized,expression,standardized_feature,shape,500,500,0,0.03265156336696074,0.016633072289870963,0.03165863785106643
translation,0.25,power_primary-c15d63dd7033,power_primary,observed_standardized,expression,standardized_feature,shape,500,500,0,0.030628741387524458,0.014999018059015894,0.02929004480107198
translation,0.25,power_design-adc9a21c773a,power_design,observed_standardized,joint,standardized_feature,angle,500,500,0,44.96349310732785,31.84900442854292,33.36222010638832
translation,0.25,power_design-d259ad9a396c,power_design,observed_standardized,joint,standardized_feature,angle,500,500,0,55.92610507399627,34.46643245826951,41.96694574813319
translation,0.25,power_design-fbad952ae5de,power_design,observed_standardized,joint,standardized_feature,angle,500,500,0,44.831538568929076,30.138274963564132,34.16601997900838
translation,0.25,power_primary-c15d63dd7033,power_primary,observed_standardized,joint,standardized_feature,angle,500,500,0,53.721827976774954,33.03724868834996,40.68730689272056
translation,0.25,power_design-adc9a21c773a,power_design,observed_standardized,joint,standardized_feature,delta,500,500,0,1.2784140635285177,1.1364315981872934,1.0205419168465255
translation,0.25,power_design-d259ad9a396c,power_design,observed_standardized,joint,standardized_feature,delta,500,500,0,1.57812439245571,1.5342845388605502,1.1373394038719127
translation,0.25,power_design-fbad952ae5de,power_design,observed_standardized,joint,standardized_feature,delta,500,500,0,1.3455340748755198,1.3056271821205752,0.9798501417239649
translation,0.25,power_primary-c15d63dd7033,power_primary,observed_standardized,joint,standardized_feature,delta,500,500,0,1.5101940291294997,1.3495081072299489,1.1108016756528762
translation,0.25,power_design-adc9a21c773a,power_design,observed_standardized,joint,standardized_feature,path_length[A],500,500,0,49.19572915446195,2.2298919158563337,49.055737786633024
translation,0.25,power_design-d259ad9a396c,power_design,observed_standardized,joint,standardized_feature,path_length[A],500,500,0,40.090692605164456,2.033767029184797,39.952158980771216
translation,0.25,power_design-fbad952ae5de,power_design,observed_standardized,joint,standardized_feature,path_length[A],500,500,0,49.59042405569112,2.2559659955469966,49.47742782672044
translation,0.25,power_primary-c15d63dd7033,power_primary,observed_standardized,joint,standardized_feature,path_length[A],500,500,0,39.72171421854829,1.9904447665091884,39.5413471598106
translation,0.25,power_design-adc9a21c773a,power_design,observed_standardized,joint,standardized_feature,path_length[B],500,500,0,49.74170716791697,2.1477288582519973,49.61342947020152
translation,0.25,power_design-d259ad9a396c,power_design,observed_standardized,joint,standardized_feature,path_length[B],500,500,0,40.57957035153147,2.155793449054752,40.41585171208479
translation,0.25,power_design-fbad952ae5de,power_design,observed_standardized,joint,standardized_feature,path_length[B],500,500,0,50.08646525926436,2.3165296219221236,50.05372818820548
translation,0.25,power_primary-c15d63dd7033,power_primary,observed_standardized,joint,standardized_feature,path_length[B],500,500,0,40.24388490963962,1.9181067106765828,40.10843736706069
translation,0.25,power_design-adc9a21c773a,power_design,observed_standardized,joint,standardized_feature,shape,500,500,0,0.03397278774284406,0.02128866263527468,0.029825130957673102
translation,0.25,power_design-d259ad9a396c,power_design,observed_standardized,joint,standardized_feature,shape,500,500,0,0.05145404906423009,0.03273679807087001,0.04474149385051801
translation,0.25,power_design-fbad952ae5de,power_design,observed_standardized,joint,standardized_feature,shape,500,500,0,0.03543356808198418,0.02313029243149677,0.030627871683882008
translation,0.25,power_primary-c15d63dd7033,power_primary,observed_standardized,joint,standardized_feature,shape,500,500,0,0.04913610771346635,0.03102475049845552,0.04310188582581956
translation,0.25,power_design-adc9a21c773a,power_design,observed_standardized,methylation,standardized_feature,angle,500,500,0,57.85008471115836,31.076321814121616,47.09731965703611
translation,0.25,power_design-d259ad9a396c,power_design,observed_standardized,methylation,standardized_feature,angle,500,500,0,63.360653376774756,34.758997487216945,49.3658224637751
translation,0.25,power_design-fbad952ae5de,power_design,observed_standardized,methylation,standardized_feature,angle,500,500,0,63.360653376774756,34.758997487216945,49.3658224637751
translation,0.25,power_primary-c15d63dd7033,power_primary,observed_standardized,methylation,standardized_feature,angle,500,500,0,57.85008471115836,31.076321814121616,47.09731965703611
translation,0.25,power_design-adc9a21c773a,power_design,observed_standardized,methylation,standardized_feature,delta,500,500,0,1.7686788677233305,1.6261579521947906,1.2596817942853509
translation,0.25,power_design-d259ad9a396c,power_design,observed_standardized,methylation,standardized_feature,delta,500,500,0,1.8377983997325722,1.7772674679393967,1.3288710503944063
translation,0.25,power_design-fbad952ae5de,power_design,observed_standardized,methylation,standardized_feature,delta,500,500,0,1.8377983997325722,1.7772674679393967,1.3288710503944063
translation,0.25,power_primary-c15d63dd7033,power_primary,observed_standardized,methylation,standardized_feature,delta,500,500,0,1.7686788677233305,1.6261579521947906,1.2596817942853509
translation,0.25,power_design-adc9a21c773a,power_design,observed_standardized,methylation,standardized_feature,path_length[A],500,500,0,31.99664758393022,2.037394712078528,31.77460833276677
translation,0.25,power_design-d259ad9a396c,power_design,observed_standardized,methylation,standardized_feature,path_length[A],500,500,0,32.32796503246197,2.081529834386189,32.11476237017731
translation,0.25,power_design-fbad952ae5de,power_design,observed_standardized,methylation,standardized_feature,path_length[A],500,500,0,32.32796503246197,2.081529834386189,32.11476237017731
translation,0.25,power_primary-c15d63dd7033,power_primary,observed_standardized,methylation,standardized_feature,path_length[A],500,500,0,31.99664758393022,2.037394712078528,31.77460833276677
translation,0.25,power_design-adc9a21c773a,power_design,observed_standardized,methylation,standardized_feature,path_length[B],500,500,0,32.43226237934904,1.9852312307641942,32.33597210984498
translation,0.25,power_design-d259ad9a396c,power_design,observed_standardized,methylation,standardized_feature,path_length[B],500,500,0,32.79530909376201,2.2495338189335534,32.5743404830629
translation,0.25,power_design-fbad952ae5de,power_design,observed_standardized,methylation,standardized_feature,path_length[B],500,500,0,32.79530909376201,2.2495338189335534,32.5743404830629
translation,0.25,power_primary-c15d63dd7033,power_primary,observed_standardized,methylation,standardized_feature,path_length[B],500,500,0,32.43226237934904,1.9852312307641942,32.33597210984498
translation,0.25,power_design-adc9a21c773a,power_design,observed_standardized,methylation,standardized_feature,shape,500,500,0,0.07100056637011937,0.045048827494695715,0.06272509896705877
translation,0.25,power_design-d259ad9a396c,power_design,observed_standardized,methylation,standardized_feature,shape,500,500,0,0.07404701417811325,0.046575917146054024,0.0650166575905296
translation,0.25,power_design-fbad952ae5de,power_design,observed_standardized,methylation,standardized_feature,shape,500,500,0,0.07404701417811325,0.046575917146054024,0.0650166575905296
translation,0.25,power_primary-c15d63dd7033,power_primary,observed_standardized,methylation,standardized_feature,shape,500,500,0,0.07100056637011937,0.045048827494695715,0.06272509896705877
translation,0.25,power_design-adc9a21c773a,power_design,observed_standardized,proteomics,standardized_feature,angle,500,500,0,31.457054758222917,29.201857716163403,23.268229151690658
translation,0.25,power_design-fbad952ae5de,power_design,observed_standardized,proteomics,standardized_feature,angle,500,500,0,34.25098628741602,32.80426842846481,24.41058633942848
translation,0.25,power_design-adc9a21c773a,power_design,observed_standardized,proteomics,standardized_feature,delta,500,500,0,0.45875637338449093,0.33311310594770593,0.3823194677205297
translation,0.25,power_design-fbad952ae5de,power_design,observed_standardized,proteomics,standardized_feature,delta,500,500,0,0.46393854351471314,0.33706395152005864,0.40327394019938545
translation,0.25,power_design-adc9a21c773a,power_design,observed_standardized,proteomics,standardized_feature,path_length[A],500,500,0,28.991204793400975,1.5329461453592423,28.941429922216347
translation,0.25,power_design-fbad952ae5de,power_design,observed_standardized,proteomics,standardized_feature,path_length[A],500,500,0,29.153391649103334,1.528123078011202,29.147379955810685
translation,0.25,power_design-adc9a21c773a,power_design,observed_standardized,proteomics,standardized_feature,path_length[B],500,500,0,29.20041127688073,1.481906421762568,29.18453400553426
translation,0.25,power_design-fbad952ae5de,power_design,observed_standardized,proteomics,standardized_feature,path_length[B],500,500,0,29.316925285941515,1.5215873983764399,29.237135076330926
translation,0.25,power_design-adc9a21c773a,power_design,observed_standardized,proteomics,standardized_feature,shape,500,500,0,0.020529781684160208,0.01110294492174083,0.018741077271762708
translation,0.25,power_design-fbad952ae5de,power_design,observed_standardized,proteomics,standardized_feature,shape,500,500,0,0.020869867967401885,0.011279702704158992,0.01905285676644609
translation,0.25,power_design-adc9a21c773a,power_design,pls_latent,joint,pls_latent,angle,500,500,0,30.495147441167976,44.15585145760047,12.811947937941065
translation,0.25,power_design-d259ad9a396c,power_design,pls_latent,joint,pls_latent,angle,500,500,0,38.093910141111905,45.54692703029659,19.95896499777991
translation,0.25,power_design-fbad952ae5de,power_design,pls_latent,joint,pls_latent,angle,500,500,0,32.13226184094539,44.847996299176245,14.18590242297445
translation,0.25,power_primary-c15d63dd7033,power_primary,pls_latent,joint,pls_latent,angle,500,500,0,33.63698167636136,39.87158538877814,19.19986176928956
translation,0.25,power_design-adc9a21c773a,power_design,pls_latent,joint,pls_latent,delta,500,500,0,1.1588127171676539,1.0919486047642004,0.7935210670123212
translation,0.25,power_design-d259ad9a396c,power_design,pls_latent,joint,pls_latent,delta,500,500,0,1.3430289634337678,1.2443294493766388,0.9697547414470087
translation,0.25,power_design-fbad952ae5de,power_design,pls_latent,joint,pls_latent,delta,500,500,0,1.315418992195955,1.2993493002247103,0.9334955112649084
translation,0.25,power_primary-c15d63dd7033,power_primary,pls_latent,joint,pls_latent,delta,500,500,0,1.314842278570747,1.1453134783464614,0.9867567885164021
translation,0.25,power_design-adc9a21c773a,power_design,pls_latent,joint,pls_latent,path_length[A],500,500,0,47.30578486269737,2.163996218643704,47.17955813411314
translation,0.25,power_design-d259ad9a396c,power_design,pls_latent,joint,pls_latent,path_length[A],500,500,0,39.96812294556404,2.7372382385339717,39.78025275292569
translation,0.25,power_design-fbad952ae5de,power_design,pls_latent,joint,pls_latent,path_length[A],500,500,0,47.58127908168945,2.2382317495192736,47.49927542882596
translation,0.25,power_primary-c15d63dd7033,power_primary,pls_latent,joint,pls_latent,path_length[A],500,500,0,39.468350280181085,2.6394650024751307,38.95713369651573
translation,0.25,power_design-adc9a21c773a,power_design,pls_latent,joint,pls_latent,path_length[B],500,500,0,47.24801007182443,2.1679770203085043,47.20083713420144
translation,0.25,power_design-d259ad9a396c,power_design,pls_latent,joint,pls_latent,path_length[B],500,500,0,40.08750073835934,2.9345917397694383,39.7097460405876
translation,0.25,power_design-fbad952ae5de,power_design,pls_latent,joint,pls_latent,path_length[B],500,500,0,47.537670421463375,2.2996411786673696,47.456707481344225
translation,0.25,power_primary-c15d63dd7033,power_primary,pls_latent,joint,pls_latent,path_length[B],500,500,0,39.55329869823693,2.6258273519932,39.07799355060605
translation,0.25,power_design-adc9a21c773a,power_design,pls_latent,joint,pls_latent,shape,500,500,0,0.033027699328511205,0.021227613391396057,0.028002493375522842
translation,0.25,power_design-d259ad9a396c,power_design,pls_latent,joint,pls_latent,shape,500,500,0,0.04221250030991042,0.026389768235942426,0.03709127696925914
translation,0.25,power_design-fbad952ae5de,power_design,pls_latent,joint,pls_latent,shape,500,500,0,0.03557842549434101,0.023881542547285018,0.03014287749085052
translation,0.25,power_primary-c15d63dd7033,power_primary,pls_latent,joint,pls_latent,shape,500,500,0,0.041848233426603404,0.024628139875239843,0.037012532506034077
translation,0.5,power_design-5a4f27035a1f,power_design,population_native,expression,native_omic_units,angle,500,500,0,0.18000050364085965,4.0249223369310325,0.0
translation,0.5,power_design-97a10b30c1d2,power_design,population_native,expression,native_omic_units,angle,500,500,0,0.18000050364085965,4.0249223369310325,0.0
translation,0.5,power_design-dc1af200f380,power_design,population_native,expression,native_omic_units,angle,500,500,0,0.18000050364085965,4.0249223369310325,0.0
translation,0.5,power_primary-6362cb90f244,power_primary,population_native,expression,native_omic_units,angle,500,500,0,0.18000050364085965,4.0249223369310325,0.0
translation,0.5,power_design-5a4f27035a1f,power_design,population_native,expression,native_omic_units,delta,500,500,0,0.0,0.0,0.0
translation,0.5,power_design-97a10b30c1d2,power_design,population_native,expression,native_omic_units,delta,500,500,0,0.0,0.0,0.0
translation,0.5,power_design-dc1af200f380,power_design,population_native,expression,native_omic_units,delta,500,500,0,0.0,0.0,0.0
translation,0.5,power_primary-6362cb90f244,power_primary,population_native,expression,native_omic_units,delta,500,500,0,0.0,0.0,0.0
translation,0.5,power_design-5a4f27035a1f,power_design,population_native,expression,native_omic_units,path_length[A],500,500,0,25.480784886701134,1.2737016299900132,25.581932925595176
translation,0.5,power_design-97a10b30c1d2,power_design,population_native,expression,native_omic_units,path_length[A],500,500,0,25.480784886701134,1.2737016299900132,25.581932925595176
translation,0.5,power_design-dc1af200f380,power_design,population_native,expression,native_omic_units,path_length[A],500,500,0,25.480784886701134,1.2737016299900132,25.581932925595176
translation,0.5,power_primary-6362cb90f244,power_primary,population_native,expression,native_omic_units,path_length[A],500,500,0,25.480784886701134,1.2737016299900132,25.581932925595176
translation,0.5,power_design-5a4f27035a1f,power_design,population_native,expression,native_omic_units,path_length[B],500,500,0,25.480784886701134,1.2737016299900132,25.581932925595176
translation,0.5,power_design-97a10b30c1d2,power_design,population_native,expression,native_omic_units,path_length[B],500,500,0,25.480784886701134,1.2737016299900132,25.581932925595176
translation,0.5,power_design-dc1af200f380,power_design,population_native,expression,native_omic_units,path_length[B],500,500,0,25.480784886701134,1.2737016299900132,25.581932925595176
translation,0.5,power_primary-6362cb90f244,power_primary,population_native,expression,native_omic_units,path_length[B],500,500,0,25.480784886701134,1.2737016299900132,25.581932925595176
translation,0.5,power_design-5a4f27035a1f,power_design,population_native,expression,native_omic_units,shape,500,500,0,1.279379097713653e-15,4.754970754648155e-16,1.2116807366211749e-15
translation,0.5,power_design-97a10b30c1d2,power_design,population_native,expression,native_omic_units,shape,500,500,0,1.279379097713653e-15,4.754970754648155e-16,1.2116807366211749e-15
translation,0.5,power_design-dc1af200f380,power_design,population_native,expression,native_omic_units,shape,500,500,0,1.279379097713653e-15,4.754970754648155e-16,1.2116807366211749e-15
translation,0.5,power_primary-6362cb90f244,power_primary,population_native,expression,native_omic_units,shape,500,500,0,1.279379097713653e-15,4.754970754648155e-16,1.2116807366211749e-15
translation,0.5,power_design-5a4f27035a1f,power_design,population_native,methylation,native_omic_units,angle,500,500,0,4.932670343176417e-07,6.891327948098568e-07,0.0
translation,0.5,power_design-97a10b30c1d2,power_design,population_native,methylation,native_omic_units,angle,500,500,0,4.932670343176417e-07,6.891327948098568e-07,0.0
translation,0.5,power_design-dc1af200f380,power_design,population_native,methylation,native_omic_units,angle,500,500,0,4.932670343176417e-07,6.891327948098568e-07,0.0
translation,0.5,power_primary-6362cb90f244,power_primary,population_native,methylation,native_omic_units,angle,500,500,0,4.932670343176417e-07,6.891327948098568e-07,0.0
translation,0.5,power_design-5a4f27035a1f,power_design,population_native,methylation,native_omic_units,delta,500,500,0,0.0,0.0,0.0
translation,0.5,power_design-97a10b30c1d2,power_design,population_native,methylation,native_omic_units,delta,500,500,0,0.0,0.0,0.0
translation,0.5,power_design-dc1af200f380,power_design,population_native,methylation,native_omic_units,delta,500,500,0,0.0,0.0,0.0
translation,0.5,power_primary-6362cb90f244,power_primary,population_native,methylation,native_omic_units,delta,500,500,0,0.0,0.0,0.0
translation,0.5,power_design-5a4f27035a1f,power_design,population_native,methylation,native_omic_units,path_length[A],500,500,0,32.57812365465419,1.541146180916717,32.607708397069054
translation,0.5,power_design-97a10b30c1d2,power_design,population_native,methylation,native_omic_units,path_length[A],500,500,0,32.57812365465419,1.541146180916717,32.607708397069054
translation,0.5,power_design-dc1af200f380,power_design,population_native,methylation,native_omic_units,path_length[A],500,500,0,32.57812365465419,1.541146180916717,32.607708397069054
translation,0.5,power_primary-6362cb90f244,power_primary,population_native,methylation,native_omic_units,path_length[A],500,500,0,32.57812365465419,1.541146180916717,32.607708397069054
translation,0.5,power_design-5a4f27035a1f,power_design,population_native,methylation,native_omic_units,path_length[B],500,500,0,32.57812365465419,1.541146180916717,32.607708397069054
translation,0.5,power_design-97a10b30c1d2,power_design,population_native,methylation,native_omic_units,path_length[B],500,500,0,32.57812365465419,1.541146180916717,32.607708397069054
translation,0.5,power_design-dc1af200f380,power_design,population_native,methylation,native_omic_units,path_length[B],500,500,0,32.57812365465419,1.541146180916717,32.607708397069054
translation,0.5,power_primary-6362cb90f244,power_primary,population_native,methylation,native_omic_units,path_length[B],500,500,0,32.57812365465419,1.541146180916717,32.607708397069054
translation,0.5,power_design-5a4f27035a1f,power_design,population_native,methylation,native_omic_units,shape,500,500,0,2.1039229494604696e-15,1.2099627968861086e-15,1.7128239097161497e-15
translation,0.5,power_design-97a10b30c1d2,power_design,population_native,methylation,native_omic_units,shape,500,500,0,2.1039229494604696e-15,1.2099627968861086e-15,1.7128239097161497e-15
translation,0.5,power_design-dc1af200f380,power_design,population_native,methylation,native_omic_units,shape,500,500,0,2.1039229494604696e-15,1.2099627968861086e-15,1.7128239097161497e-15
translation,0.5,power_primary-6362cb90f244,power_primary,population_native,methylation,native_omic_units,shape,500,500,0,2.1039229494604696e-15,1.2099627968861086e-15,1.7128239097161497e-15
translation,0.5,power_design-97a10b30c1d2,power_design,population_native,proteomics,native_omic_units,angle,500,500,0,4.98461689103168e-07,6.537425821905735e-07,0.0
translation,0.5,power_design-dc1af200f380,power_design,population_native,proteomics,native_omic_units,angle,500,500,0,4.98461689103168e-07,6.537425821905735e-07,0.0
translation,0.5,power_design-97a10b30c1d2,power_design,population_native,proteomics,native_omic_units,delta,500,500,0,0.0,0.0,0.0
translation,0.5,power_design-dc1af200f380,power_design,population_native,proteomics,native_omic_units,delta,500,500,0,0.0,0.0,0.0
translation,0.5,power_design-97a10b30c1d2,power_design,population_native,proteomics,native_omic_units,path_length[A],500,500,0,28.24749964700159,1.4952872096038166,28.233128708517363
translation,0.5,power_design-dc1af200f380,power_design,population_native,proteomics,native_omic_units,path_length[A],500,500,0,28.24749964700159,1.4952872096038166,28.233128708517363
translation,0.5,power_design-97a10b30c1d2,power_design,population_native,proteomics,native_omic_units,path_length[B],500,500,0,28.24749964700159,1.4952872096038166,28.233128708517363
translation,0.5,power_design-dc1af200f380,power_design,population_native,proteomics,native_omic_units,path_length[B],500,500,0,28.24749964700159,1.4952872096038166,28.233128708517363
translation,0.5,power_design-97a10b30c1d2,power_design,population_native,proteomics,native_omic_units,shape,500,500,0,1.5696662108640382e-15,7.720320392607482e-16,1.3821345510402352e-15
translation,0.5,power_design-dc1af200f380,power_design,population_native,proteomics,native_omic_units,shape,500,500,0,1.5696662108640382e-15,7.720320392607482e-16,1.3821345510402352e-15
translation,0.5,power_design-5a4f27035a1f,power_design,population_standardized,expression,standardized_feature,angle,500,500,0,5.394349021720777e-07,6.3656822837426e-07,0.0
translation,0.5,power_design-97a10b30c1d2,power_design,population_standardized,expression,standardized_feature,angle,500,500,0,5.394349021720777e-07,6.3656822837426e-07,0.0
translation,0.5,power_design-dc1af200f380,power_design,population_standardized,expression,standardized_feature,angle,500,500,0,4.893955169432202e-07,6.253552604116157e-07,0.0
translation,0.5,power_primary-6362cb90f244,power_primary,population_standardized,expression,standardized_feature,angle,500,500,0,4.893955169432202e-07,6.253552604116157e-07,0.0
translation,0.5,power_design-5a4f27035a1f,power_design,population_standardized,expression,standardized_feature,delta,500,500,0,0.0,0.0,0.0
translation,0.5,power_design-97a10b30c1d2,power_design,population_standardized,expression,standardized_feature,delta,500,500,0,0.0,0.0,0.0
translation,0.5,power_design-dc1af200f380,power_design,population_standardized,expression,standardized_feature,delta,500,500,0,0.0,0.0,0.0
translation,0.5,power_primary-6362cb90f244,power_primary,population_standardized,expression,standardized_feature,delta,500,500,0,0.0,0.0,0.0
translation,0.5,power_design-5a4f27035a1f,power_design,population_standardized,expression,standardized_feature,path_length[A],500,500,0,22.4743904686818,1.2362899175718054,22.53319043842611
translation,0.5,power_design-97a10b30c1d2,power_design,population_standardized,expression,standardized_feature,path_length[A],500,500,0,22.4743904686818,1.2362899175718054,22.53319043842611
translation,0.5,power_design-dc1af200f380,power_design,population_standardized,expression,standardized_feature,path_length[A],500,500,0,22.438365968835697,1.211315844483265,22.449914555368366
translation,0.5,power_primary-6362cb90f244,power_primary,population_standardized,expression,standardized_feature,path_length[A],500,500,0,22.438365968835697,1.211315844483265,22.449914555368366
translation,0.5,power_design-5a4f27035a1f,power_design,population_standardized,expression,standardized_feature,path_length[B],500,500,0,22.4743904686818,1.2362899175718054,22.53319043842611
translation,0.5,power_design-97a10b30c1d2,power_design,population_standardized,expression,standardized_feature,path_length[B],500,500,0,22.4743904686818,1.2362899175718054,22.53319043842611
translation,0.5,power_design-dc1af200f380,power_design,population_standardized,expression,standardized_feature,path_length[B],500,500,0,22.438365968835697,1.211315844483265,22.449914555368366
translation,0.5,power_primary-6362cb90f244,power_primary,population_standardized,expression,standardized_feature,path_length[B],500,500,0,22.438365968835697,1.211315844483265,22.449914555368366
translation,0.5,power_design-5a4f27035a1f,power_design,population_standardized,expression,standardized_feature,shape,500,500,0,1.0921226354562549e-15,8.122197641619186e-16,9.103599058749687e-16
translation,0.5,power_design-97a10b30c1d2,power_design,population_standardized,expression,standardized_feature,shape,500,500,0,1.0921226354562549e-15,8.122197641619186e-16,9.103599058749687e-16
translation,0.5,power_design-dc1af200f380,power_design,population_standardized,expression,standardized_feature,shape,500,500,0,1.0698365312725503e-15,7.0551502350834625e-16,9.110280362393349e-16
translation,0.5,power_primary-6362cb90f244,power_primary,population_standardized,expression,standardized_feature,shape,500,500,0,1.0698365312725503e-15,7.0551502350834625e-16,9.110280362393349e-16
translation,0.5,power_design-5a4f27035a1f,power_design,population_standardized,joint,standardized_feature,angle,500,500,0,4.366687597072946e-07,6.081759279948466e-07,0.0
translation,0.5,power_design-97a10b30c1d2,power_design,population_standardized,joint,standardized_feature,angle,500,500,0,4.444888721026683e-07,5.963803286135368e-07,0.0
translation,0.5,power_design-dc1af200f380,power_design,population_standardized,joint,standardized_feature,angle,500,500,0,4.785853045720428e-07,6.348346481659079e-07,0.0
translation,0.5,power_primary-6362cb90f244,power_primary,population_standardized,joint,standardized_feature,angle,500,500,0,5.15550195492956e-07,6.471331953205578e-07,0.0
translation,0.5,power_design-5a4f27035a1f,power_design,population_standardized,joint,standardized_feature,delta,500,500,0,0.0,0.0,0.0
translation,0.5,power_design-97a10b30c1d2,power_design,population_standardized,joint,standardized_feature,delta,500,500,0,0.0,0.0,0.0
translation,0.5,power_design-dc1af200f380,power_design,population_standardized,joint,standardized_feature,delta,500,500,0,0.0,0.0,0.0
translation,0.5,power_primary-6362cb90f244,power_primary,population_standardized,joint,standardized_feature,delta,500,500,0,0.0,0.0,0.0
translation,0.5,power_design-5a4f27035a1f,power_design,population_standardized,joint,standardized_feature,path_length[A],500,500,0,36.74406510803565,1.7521049705328553,36.64452417244608
translation,0.5,power_design-97a10b30c1d2,power_design,population_standardized,joint,standardized_feature,path_length[A],500,500,0,46.26622198789614,2.212483578421735,46.25011474640728
translation,0.5,power_design-dc1af200f380,power_design,population_standardized,joint,standardized_feature,path_length[A],500,500,0,46.20777497318889,2.198058637668328,46.20324609755396
translation,0.5,power_primary-6362cb90f244,power_primary,population_standardized,joint,standardized_feature,path_length[A],500,500,0,36.715618491291806,1.7274364075562383,36.667998703886504
translation,0.5,power_design-5a4f27035a1f,power_design,population_standardized,joint,standardized_feature,path_length[B],500,500,0,36.74406510803565,1.7521049705328553,36.64452417244608
translation,0.5,power_design-97a10b30c1d2,power_design,population_standardized,joint,standardized_feature,path_length[B],500,500,0,46.26622198789614,2.212483578421735,46.25011474640728
translation,0.5,power_design-dc1af200f380,power_design,population_standardized,joint,standardized_feature,path_length[B],500,500,0,46.20777497318889,2.198058637668328,46.20324609755396
translation,0.5,power_primary-6362cb90f244,power_primary,population_standardized,joint,standardized_feature,path_length[B],500,500,0,36.715618491291806,1.7274364075562383,36.667998703886504
translation,0.5,power_design-5a4f27035a1f,power_design,population_standardized,joint,standardized_feature,shape,500,500,0,1.209549044521948e-15,7.476389927874595e-16,1.0077936429038935e-15
translation,0.5,power_design-97a10b30c1d2,power_design,population_standardized,joint,standardized_feature,shape,500,500,0,1.2522904767142555e-15,8.617986847735314e-16,1.0347839465493176e-15
translation,0.5,power_design-dc1af200f380,power_design,population_standardized,joint,standardized_feature,shape,500,500,0,1.255216446857539e-15,8.500200256231169e-16,1.043953136841377e-15
translation,0.5,power_primary-6362cb90f244,power_primary,population_standardized,joint,standardized_feature,shape,500,500,0,1.273839395950183e-15,9.232699681186785e-16,1.0124379465751313e-15
translation,0.5,power_design-5a4f27035a1f,power_design,population_standardized,methylation,standardized_feature,angle,500,500,0,5.018933795497653e-07,6.443406650415675e-07,0.0
translation,0.5,power_design-97a10b30c1d2,power_design,population_standardized,methylation,standardized_feature,angle,500,500,0,5.018933795497653e-07,6.443406650415675e-07,0.0
translation,0.5,power_design-dc1af200f380,power_design,population_standardized,methylation,standardized_feature,angle,500,500,0,5.041559387105421e-07,6.322555345420425e-07,0.0
translation,0.5,power_primary-6362cb90f244,power_primary,population_standardized,methylation,standardized_feature,angle,500,500,0,5.041559387105421e-07,6.322555345420425e-07,0.0
translation,0.5,power_design-5a4f27035a1f,power_design,population_standardized,methylation,standardized_feature,delta,500,500,0,0.0,0.0,0.0
translation,0.5,power_design-97a10b30c1d2,power_design,population_standardized,methylation,standardized_feature,delta,500,500,0,0.0,0.0,0.0
translation,0.5,power_design-dc1af200f380,power_design,population_standardized,methylation,standardized_feature,delta,500,500,0,0.0,0.0,0.0
translation,0.5,power_primary-6362cb90f244,power_primary,population_standardized,methylation,standardized_feature,delta,500,500,0,0.0,0.0,0.0
translation,0.5,power_design-5a4f27035a1f,power_design,population_standardized,methylation,standardized_feature,path_length[A],500,500,0,29.04926616173188,1.52724812097141,28.94540042650977
translation,0.5,power_design-97a10b30c1d2,power_design,population_standardized,methylation,standardized_feature,path_length[A],500,500,0,29.04926616173188,1.52724812097141,28.94540042650977
translation,0.5,power_design-dc1af200f380,power_design,population_standardized,methylation,standardized_feature,path_length[A],500,500,0,29.040650919242047,1.5205998068597646,29.04481524062301
translation,0.5,power_primary-6362cb90f244,power_primary,population_standardized,methylation,standardized_feature,path_length[A],500,500,0,29.040650919242047,1.5205998068597646,29.04481524062301
translation,0.5,power_design-5a4f27035a1f,power_design,population_standardized,methylation,standardized_feature,path_length[B],500,500,0,29.04926616173188,1.52724812097141,28.94540042650977
translation,0.5,power_design-97a10b30c1d2,power_design,population_standardized,methylation,standardized_feature,path_length[B],500,500,0,29.04926616173188,1.52724812097141,28.94540042650977
translation,0.5,power_design-dc1af200f380,power_design,population_standardized,methylation,standardized_feature,path_length[B],500,500,0,29.040650919242047,1.5205998068597646,29.04481524062301
translation,0.5,power_primary-6362cb90f244,power_primary,population_standardized,methylation,standardized_feature,path_length[B],500,500,0,29.040650919242047,1.5205998068597646,29.04481524062301
translation,0.5,power_design-5a4f27035a1f,power_design,population_standardized,methylation,standardized_feature,shape,500,500,0,1.103815258941323e-15,8.011740390879925e-16,9.115951029183737e-16
translation,0.5,power_design-97a10b30c1d2,power_design,population_standardized,methylation,standardized_feature,shape,500,500,0,1.103815258941323e-15,8.011740390879925e-16,9.115951029183737e-16
translation,0.5,power_design-dc1af200f380,power_design,population_standardized,methylation,standardized_feature,shape,500,500,0,1.148907307127682e-15,9.156102889816617e-16,9.066825925760763e-16
translation,0.5,power_primary-6362cb90f244,power_primary,population_standardized,methylation,standardized_feature,shape,500,500,0,1.148907307127682e-15,9.156102889816617e-16,9.066825925760763e-16
translation,0.5,power_design-97a10b30c1d2,power_design,population_standardized,proteomics,standardized_feature,angle,500,500,0,4.7138698886909267e-07,6.228605206734199e-07,0.0
translation,0.5,power_design-dc1af200f380,power_design,population_standardized,proteomics,standardized_feature,angle,500,500,0,5.011994836664316e-07,6.369041265651714e-07,0.0
translation,0.5,power_design-97a10b30c1d2,power_design,population_standardized,proteomics,standardized_feature,delta,500,500,0,0.0,0.0,0.0
translation,0.5,power_design-dc1af200f380,power_design,population_standardized,proteomics,standardized_feature,delta,500,500,0,0.0,0.0,0.0
translation,0.5,power_design-97a10b30c1d2,power_design,population_standardized,proteomics,standardized_feature,path_length[A],500,500,0,28.09390170814549,1.6263258696983944,28.04432083660196
translation,0.5,power_design-dc1af200f380,power_design,population_standardized,proteomics,standardized_feature,path_length[A],500,500,0,28.035754930987473,1.6133276596691617,27.94031428756549
translation,0.5,power_design-97a10b30c1d2,power_design,population_standardized,proteomics,standardized_feature,path_length[B],500,500,0,28.09390170814549,1.6263258696983944,28.04432083660196
translation,0.5,power_design-dc1af200f380,power_design,population_standardized,proteomics,standardized_feature,path_length[B],500,500,0,28.035754930987473,1.6133276596691617,27.94031428756549
translation,0.5,power_design-97a10b30c1d2,power_design,population_standardized,proteomics,standardized_feature,shape,500,500,0,1.1993545003283026e-15,8.876610479108147e-16,9.901845301504916e-16
translation,0.5,power_design-dc1af200f380,power_design,population_standardized,proteomics,standardized_feature,shape,500,500,0,1.1275505449034589e-15,5.951662506637237e-16,9.828120046601496e-16
translation,0.5,power_design-5a4f27035a1f,power_design,observed_standardized,expression,standardized_feature,angle,500,500,0,39.55982482565711,30.938906798772862,29.632438256386926
translation,0.5,power_design-97a10b30c1d2,power_design,observed_standardized,expression,standardized_feature,angle,500,500,0,39.55982482565711,30.938906798772862,29.632438256386926
translation,0.5,power_design-dc1af200f380,power_design,observed_standardized,expression,standardized_feature,angle,500,500,0,36.4336166091297,28.123151758463354,28.06789285228546
translation,0.5,power_primary-6362cb90f244,power_primary,observed_standardized,expression,standardized_feature,angle,500,500,0,36.4336166091297,28.123151758463354,28.06789285228546
translation,0.5,power_design-5a4f27035a1f,power_design,observed_standardized,expression,standardized_feature,delta,500,500,0,0.5785371777148343,0.43437312086318897,0.4970673367662073
translation,0.5,power_design-97a10b30c1d2,power_design,observed_standardized,expression,standardized_feature,delta,500,500,0,0.5785371777148343,0.43437312086318897,0.4970673367662073
translation,0.5,power_design-dc1af200f380,power_design,observed_standardized,expression,standardized_feature,delta,500,500,0,0.5164223071544913,0.38990893212400934,0.43413403068849377
translation,0.5,power_primary-6362cb90f244,power_primary,observed_standardized,expression,standardized_feature,delta,500,500,0,0.5164223071544913,0.38990893212400934,0.43413403068849377
translation,0.5,power_design-5a4f27035a1f,power_design,observed_standardized,expression,standardized_feature,path_length[A],500,500,0,23.58491019071885,1.150574653538716,23.57868173008851
translation,0.5,power_design-97a10b30c1d2,power_design,observed_standardized,expression,standardized_feature,path_length[A],500,500,0,23.58491019071885,1.150574653538716,23.57868173008851
translation,0.5,power_design-dc1af200f380,power_design,observed_standardized,expression,standardized_feature,path_length[A],500,500,0,23.45409378238431,1.1566804929590666,23.42550208204292
translation,0.5,power_primary-6362cb90f244,power_primary,observed_standardized,expression,standardized_feature,path_length[A],500,500,0,23.45409378238431,1.1566804929590666,23.42550208204292
translation,0.5,power_design-5a4f27035a1f,power_design,observed_standardized,expression,standardized_feature,path_length[B],500,500,0,23.768775812491334,1.1790916877523936,23.76826413569345
translation,0.5,power_design-97a10b30c1d2,power_design,observed_standardized,expression,standardized_feature,path_length[B],500,500,0,23.768775812491334,1.1790916877523936,23.76826413569345
translation,0.5,power_design-dc1af200f380,power_design,observed_standardized,expression,standardized_feature,path_length[B],500,500,0,23.627872604036686,1.1456198989528898,23.64378659916751
translation,0.5,power_primary-6362cb90f244,power_primary,observed_standardized,expression,standardized_feature,path_length[B],500,500,0,23.627872604036686,1.1456198989528898,23.64378659916751
translation,0.5,power_design-5a4f27035a1f,power_design,observed_standardized,expression,standardized_feature,shape,500,500,0,0.03090723889061304,0.01652253006063401,0.02881478217494873
translation,0.5,power_design-97a10b30c1d2,power_design,observed_standardized,expression,standardized_feature,shape,500,500,0,0.03090723889061304,0.01652253006063401,0.02881478217494873
translation,0.5,power_design-dc1af200f380,power_design,observed_standardized,expression,standardized_feature,shape,500,500,0,0.029927048763501753,0.015686032609111077,0.027778254475844665
translation,0.5,power_primary-6362cb90f244,power_primary,observed_standardized,expression,standardized_feature,shape,500,500,0,0.029927048763501753,0.015686032609111077,0.027778254475844665
translation,0.5,power_design-5a4f27035a1f,power_design,observed_standardized,joint,standardized_feature,angle,500,500,0,51.36045595212306,31.21672084036874,40.07231906605276
translation,0.5,power_design-97a10b30c1d2,power_design,observed_standardized,joint,standardized_feature,angle,500,500,0,44.38544221936781,30.853562817040515,33.29737778382628
translation,0.5,power_design-dc1af200f380,power_design,observed_standardized,joint,standardized_feature,angle,500,500,0,43.370681378417075,31.845034797980713,31.576428411915757
translation,0.5,power_primary-6362cb90f244,power_primary,observed_standardized,joint,standardized_feature,angle,500,500,0,51.810316834192655,33.189219965917175,38.24428749199781
translation,0.5,power_design-5a4f27035a1f,power_design,observed_standardized,joint,standardized_feature,delta,500,500,0,1.436316883652555,1.3228940648432561,1.0496269862934362
translation,0.5,power_design-97a10b30c1d2,power_design,observed_standardized,joint,standardized_feature,delta,500,500,0,1.2350073208394285,1.0918660308412984,0.9252170879393375
translation,0.5,power_design-dc1af200f380,power_design,observed_standardized,joint,standardized_feature,delta,500,500,0,1.2484979261549611,1.1494910265950655,0.9958842958021528
translation,0.5,power_primary-6362cb90f244,power_primary,observed_standardized,joint,standardized_feature,delta,500,500,0,1.449219285098176,1.36948201144805,1.071486614487828
translation,0.5,power_design-5a4f27035a1f,power_design,observed_standardized,joint,standardized_feature,path_length[A],500,500,0,39.88607888271552,1.9366035443430576,39.66702848841143
translation,0.5,power_design-97a10b30c1d2,power_design,observed_standardized,joint,standardized_feature,path_length[A],500,500,0,49.374034471192616,2.1643400750443496,49.144900615270586
translation,0.5,power_design-dc1af200f380,power_design,observed_standardized,joint,standardized_feature,path_length[A],500,500,0,49.031219711369516,2.192090357823649,48.9671298413357
translation,0.5,power_primary-6362cb90f244,power_primary,observed_standardized,joint,standardized_feature,path_length[A],500,500,0,39.605907216082024,1.9374303377305038,39.47279049562256
translation,0.5,power_design-5a4f27035a1f,power_design,observed_standardized,joint,standardized_feature,path_length[B],500,500,0,40.32907784590052,1.9608911672263656,40.1228180245096
translation,0.5,power_design-97a10b30c1d2,power_design,observed_standardized,joint,standardized_feature,path_length[B],500,500,0,49.82320171802579,2.184819644509888,49.6874407738432
translation,0.5,power_design-dc1af200f380,power_design,observed_standardized,joint,standardized_feature,path_length[B],500,500,0,49.629281064655196,2.205655980303435,49.522013790295425
translation,0.5,power_primary-6362cb90f244,power_primary,observed_standardized,joint,standardized_feature,path_length[B],500,500,0,40.19354038424489,2.0269921334319303,39.98782889722493
translation,0.5,power_design-5a4f27035a1f,power_design,observed_standardized,joint,standardized_feature,shape,500,500,0,0.046906047002882804,0.02954419372316882,0.041574548870438
translation,0.5,power_design-97a10b30c1d2,power_design,observed_standardized,joint,standardized_feature,shape,500,500,0,0.0329361124922737,0.020431232076984218,0.028297881261645064
translation,0.5,power_design-dc1af200f380,power_design,observed_standardized,joint,standardized_feature,shape,500,500,0,0.03225981404826422,0.021627069531662158,0.027469780780416543
translation,0.5,power_primary-6362cb90f244,power_primary,observed_standardized,joint,standardized_feature,shape,500,500,0,0.0466146826781896,0.03075530759808268,0.04073511739526754
translation,0.5,power_design-5a4f27035a1f,power_design,observed_standardized,methylation,standardized_feature,angle,500,500,0,59.90530906899755,34.08123329247775,46.50601048155116
translation,0.5,power_design-97a10b30c1d2,power_design,observed_standardized,methylation,standardized_feature,angle,500,500,0,59.90530906899755,34.08123329247775,46.50601048155116
translation,0.5,power_design-dc1af200f380,power_design,observed_standardized,methylation,standardized_feature,angle,500,500,0,56.16322397770296,31.011322938656257,45.13500026815745
translation,0.5,power_primary-6362cb90f244,power_primary,observed_standardized,methylation,standardized_feature,angle,500,500,0,56.16322397770296,31.011322938656257,45.13500026815745
translation,0.5,power_design-5a4f27035a1f,power_design,observed_standardized,methylation,standardized_feature,delta,500,500,0,1.6695478691429793,1.6057191336674057,1.1788348808023148
translation,0.5,power_design-97a10b30c1d2,power_design,observed_standardized,methylation,standardized_feature,delta,500,500,0,1.6695478691429793,1.6057191336674057,1.1788348808023148
translation,0.5,power_design-dc1af200f380,power_design,observed_standardized,methylation,standardized_feature,delta,500,500,0,1.6525806652261126,1.5949621750050544,1.1924725214788126
translation,0.5,power_primary-6362cb90f244,power_primary,observed_standardized,methylation,standardized_feature,delta,500,500,0,1.6525806652261126,1.5949621750050544,1.1924725214788126
translation,0.5,power_design-5a4f27035a1f,power_design,observed_standardized,methylation,standardized_feature,path_length[A],500,500,0,32.1321529346853,1.9541854749611876,31.996814987130573
translation,0.5,power_design-97a10b30c1d2,power_design,observed_standardized,methylation,standardized_feature,path_length[A],500,500,0,32.1321529346853,1.9541854749611876,31.996814987130573
translation,0.5,power_design-dc1af200f380,power_design,observed_standardized,methylation,standardized_feature,path_length[A],500,500,0,31.88048129528507,1.9565009306438113,31.746181861283304
translation,0.5,power_primary-6362cb90f244,power_primary,observed_standardized,methylation,standardized_feature,path_length[A],500,500,0,31.88048129528507,1.9565009306438113,31.746181861283304
translation,0.5,power_design-5a4f27035a1f,power_design,observed_standardized,methylation,standardized_feature,path_length[B],500,500,0,32.541393918399464,2.0320601841113635,32.32485096339849
translation,0.5,power_design-97a10b30c1d2,power_design,observed_standardized,methylation,standardized_feature,path_length[B],500,500,0,32.541393918399464,2.0320601841113635,32.32485096339849
translation,0.5,power_design-dc1af200f380,power_design,observed_standardized,methylation,standardized_feature,path_length[B],500,500,0,32.47835759039021,2.079532831064873,32.18715247214537
translation,0.5,power_primary-6362cb90f244,power_primary,observed_standardized,methylation,standardized_feature,path_length[B],500,500,0,32.47835759039021,2.079532831064873,32.18715247214537
translation,0.5,power_design-5a4f27035a1f,power_design,observed_standardized,methylation,standardized_feature,shape,500,500,0,0.06789177260496884,0.04252378379621339,0.05988563581358034
translation,0.5,power_design-97a10b30c1d2,power_design,observed_standardized,methylation,standardized_feature,shape,500,500,0,0.06789177260496884,0.04252378379621339,0.05988563581358034
translation,0.5,power_design-dc1af200f380,power_design,observed_standardized,methylation,standardized_feature,shape,500,500,0,0.06653432583077505,0.04379064192275812,0.05729329015883662
translation,0.5,power_primary-6362cb90f244,power_primary,observed_standardized,methylation,standardized_feature,shape,500,500,0,0.06653432583077505,0.04379064192275812,0.05729329015883662
translation,0.5,power_design-97a10b30c1d2,power_design,observed_standardized,proteomics,standardized_feature,angle,500,500,0,31.057253058938674,29.08150165314673,23.36330376745049
translation,0.5,power_design-dc1af200f380,power_design,observed_standardized,proteomics,standardized_feature,angle,500,500,0,29.66215075534644,28.940564381792345,22.09874241206984
translation,0.5,power_design-97a10b30c1d2,power_design,observed_standardized,proteomics,standardized_feature,delta,500,500,0,0.45383818141102444,0.33802562428840366,0.384435374607623
translation,0.5,power_design-dc1af200f380,power_design,observed_standardized,proteomics,standardized_feature,delta,500,500,0,0.4309611394949884,0.3371052697640128,0.3615027370384176
translation,0.5,power_design-97a10b30c1d2,power_design,observed_standardized,proteomics,standardized_feature,path_length[A],500,500,0,29.066951726298885,1.5185316525679644,29.086067388230017
translation,0.5,power_design-dc1af200f380,power_design,observed_standardized,proteomics,standardized_feature,path_length[A],500,500,0,28.86997459096567,1.5439497135909426,28.80442036976318
translation,0.5,power_design-97a10b30c1d2,power_design,observed_standardized,proteomics,standardized_feature,path_length[B],500,500,0,29.22010042316167,1.5165417152108915,29.188252646771055
translation,0.5,power_design-dc1af200f380,power_design,observed_standardized,proteomics,standardized_feature,path_length[B],500,500,0,29.076400292339276,1.4661639026467648,28.970707760109487
translation,0.5,power_design-97a10b30c1d2,power_design,observed_standardized,proteomics,standardized_feature,shape,500,500,0,0.020730706642609186,0.011013645074620933,0.01922899600747053
translation,0.5,power_design-dc1af200f380,power_design,observed_standardized,proteomics,standardized_feature,shape,500,500,0,0.019155854552822434,0.011100185298801182,0.01756690054197526
translation,0.5,power_design-5a4f27035a1f,power_design,pls_latent,joint,pls_latent,angle,500,500,0,33.64654088917813,42.57778545881498,18.19372439580748
translation,0.5,power_design-97a10b30c1d2,power_design,pls_latent,joint,pls_latent,angle,500,500,0,30.23980063759947,44.2974725605271,12.178466464693422
translation,0.5,power_design-dc1af200f380,power_design,pls_latent,joint,pls_latent,angle,500,500,0,25.312415657129986,38.828839259718876,10.635871014587952
translation,0.5,power_primary-6362cb90f244,power_primary,pls_latent,joint,pls_latent,angle,500,500,0,32.84205998762112,41.96792205941856,17.837162685249197
translation,0.5,power_design-5a4f27035a1f,power_design,pls_latent,joint,pls_latent,delta,500,500,0,1.288405550393767,1.1314375738468108,0.9244043646040723
translation,0.5,power_design-97a10b30c1d2,power_design,pls_latent,joint,pls_latent,delta,500,500,0,1.1321930665569944,1.1104898527321523,0.7637572610454448
translation,0.5,power_design-dc1af200f380,power_design,pls_latent,joint,pls_latent,delta,500,500,0,1.1495586466912935,1.0981391530416351,0.8491924361313892
translation,0.5,power_primary-6362cb90f244,power_primary,pls_latent,joint,pls_latent,delta,500,500,0,1.2724357199742498,1.2112741851609379,0.9478103060415677
translation,0.5,power_design-5a4f27035a1f,power_design,pls_latent,joint,pls_latent,path_length[A],500,500,0,39.48351664901252,2.6037860737818286,39.046409922958446
translation,0.5,power_design-97a10b30c1d2,power_design,pls_latent,joint,pls_latent,path_length[A],500,500,0,47.3944266211696,2.1358765084158984,47.294594224567085
translation,0.5,power_design-dc1af200f380,power_design,pls_latent,joint,pls_latent,path_length[A],500,500,0,47.09115726395437,2.191241120386955,47.014998451254314
translation,0.5,power_primary-6362cb90f244,power_primary,pls_latent,joint,pls_latent,path_length[A],500,500,0,39.170777761057394,2.6210640102642024,38.61076935927959
translation,0.5,power_design-5a4f27035a1f,power_design,pls_latent,joint,pls_latent,path_length[B],500,500,0,39.79837596498021,2.7434536456339313,39.48569148469807
translation,0.5,power_design-97a10b30c1d2,power_design,pls_latent,joint,pls_latent,path_length[B],500,500,0,47.33001169697024,2.246890777629691,47.26708168312357
translation,0.5,power_design-dc1af200f380,power_design,pls_latent,joint,pls_latent,path_length[B],500,500,0,47.07313761509476,2.255164912746987,46.98436950345419
translation,0.5,power_primary-6362cb90f244,power_primary,pls_latent,joint,pls_latent,path_length[B],500,500,0,39.356100214758,2.7661397837676853,39.00473533222247
translation,0.5,power_design-5a4f27035a1f,power_design,pls_latent,joint,pls_latent,shape,500,500,0,0.040063264872998265,0.02516543747233848,0.035474213153224785
translation,0.5,power_design-97a10b30c1d2,power_design,pls_latent,joint,pls_latent,shape,500,500,0,0.03256017024529512,0.02160588635121732,0.028494776666349107
translation,0.5,power_design-dc1af200f380,power_design,pls_latent,joint,pls_latent,shape,500,500,0,0.032142641182592344,0.02211751835668813,0.026524942263721867
translation,0.5,power_primary-6362cb90f244,power_primary,pls_latent,joint,pls_latent,shape,500,500,0,0.04068862368547517,0.026441938249364957,0.03562757858059383
translation,0.75,power_design-1a8906b75514,power_design,population_native,expression,native_omic_units,angle,500,500,0,5.039338202251666e-07,6.617792052264849e-07,0.0
translation,0.75,power_design-4cbd98422959,power_design,population_native,expression,native_omic_units,angle,500,500,0,5.039338202251666e-07,6.617792052264849e-07,0.0
translation,0.75,power_design-982f82b2675d,power_design,population_native,expression,native_omic_units,angle,500,500,0,5.039338202251666e-07,6.617792052264849e-07,0.0
translation,0.75,power_primary-3826507dca97,power_primary,population_native,expression,native_omic_units,angle,500,500,0,5.039338202251666e-07,6.617792052264849e-07,0.0
translation,0.75,power_design-1a8906b75514,power_design,population_native,expression,native_omic_units,delta,500,500,0,0.0,0.0,0.0
translation,0.75,power_design-4cbd98422959,power_design,population_native,expression,native_omic_units,delta,500,500,0,0.0,0.0,0.0
translation,0.75,power_design-982f82b2675d,power_design,population_native,expression,native_omic_units,delta,500,500,0,0.0,0.0,0.0
translation,0.75,power_primary-3826507dca97,power_primary,population_native,expression,native_omic_units,delta,500,500,0,0.0,0.0,0.0
translation,0.75,power_design-1a8906b75514,power_design,population_native,expression,native_omic_units,path_length[A],500,500,0,25.480784886701134,1.2737016299900132,25.581932925595176
translation,0.75,power_design-4cbd98422959,power_design,population_native,expression,native_omic_units,path_length[A],500,500,0,25.480784886701134,1.2737016299900132,25.581932925595176
translation,0.75,power_design-982f82b2675d,power_design,population_native,expression,native_omic_units,path_length[A],500,500,0,25.480784886701134,1.2737016299900132,25.581932925595176
translation,0.75,power_primary-3826507dca97,power_primary,population_native,expression,native_omic_units,path_length[A],500,500,0,25.480784886701134,1.2737016299900132,25.581932925595176
translation,0.75,power_design-1a8906b75514,power_design,population_native,expression,native_omic_units,path_length[B],500,500,0,25.480784886701134,1.2737016299900132,25.581932925595176
translation,0.75,power_design-4cbd98422959,power_design,population_native,expression,native_omic_units,path_length[B],500,500,0,25.480784886701134,1.2737016299900132,25.581932925595176
translation,0.75,power_design-982f82b2675d,power_design,population_native,expression,native_omic_units,path_length[B],500,500,0,25.480784886701134,1.2737016299900132,25.581932925595176
translation,0.75,power_primary-3826507dca97,power_primary,population_native,expression,native_omic_units,path_length[B],500,500,0,25.480784886701134,1.2737016299900132,25.581932925595176
translation,0.75,power_design-1a8906b75514,power_design,population_native,expression,native_omic_units,shape,500,500,0,1.2768344987726285e-15,5.055995528943132e-16,1.2076238633947601e-15
translation,0.75,power_design-4cbd98422959,power_design,population_native,expression,native_omic_units,shape,500,500,0,1.2768344987726285e-15,5.055995528943132e-16,1.2076238633947601e-15
translation,0.75,power_design-982f82b2675d,power_design,population_native,expression,native_omic_units,shape,500,500,0,1.2768344987726285e-15,5.055995528943132e-16,1.2076238633947601e-15
translation,0.75,power_primary-3826507dca97,power_primary,population_native,expression,native_omic_units,shape,500,500,0,1.2768344987726285e-15,5.055995528943132e-16,1.2076238633947601e-15
translation,0.75,power_design-1a8906b75514,power_design,population_native,methylation,native_omic_units,angle,500,500,0,4.980115211871181e-07,6.878321282140275e-07,0.0
translation,0.75,power_design-4cbd98422959,power_design,population_native,methylation,native_omic_units,angle,500,500,0,4.980115211871181e-07,6.878321282140275e-07,0.0
translation,0.75,power_design-982f82b2675d,power_design,population_native,methylation,native_omic_units,angle,500,500,0,4.980115211871181e-07,6.878321282140275e-07,0.0
translation,0.75,power_primary-3826507dca97,power_primary,population_native,methylation,native_omic_units,angle,500,500,0,4.980115211871181e-07,6.878321282140275e-07,0.0
translation,0.75,power_design-1a8906b75514,power_design,population_native,methylation,native_omic_units,delta,500,500,0,0.0,0.0,0.0
translation,0.75,power_design-4cbd98422959,power_design,population_native,methylation,native_omic_units,delta,500,500,0,0.0,0.0,0.0
translation,0.75,power_design-982f82b2675d,power_design,population_native,methylation,native_omic_units,delta,500,500,0,0.0,0.0,0.0
translation,0.75,power_primary-3826507dca97,power_primary,population_native,methylation,native_omic_units,delta,500,500,0,0.0,0.0,0.0
translation,0.75,power_design-1a8906b75514,power_design,population_native,methylation,native_omic_units,path_length[A],500,500,0,32.57812365465419,1.541146180916717,32.607708397069054
translation,0.75,power_design-4cbd98422959,power_design,population_native,methylation,native_omic_units,path_length[A],500,500,0,32.57812365465419,1.541146180916717,32.607708397069054
translation,0.75,power_design-982f82b2675d,power_design,population_native,methylation,native_omic_units,path_length[A],500,500,0,32.57812365465419,1.541146180916717,32.607708397069054
translation,0.75,power_primary-3826507dca97,power_primary,population_native,methylation,native_omic_units,path_length[A],500,500,0,32.57812365465419,1.541146180916717,32.607708397069054
translation,0.75,power_design-1a8906b75514,power_design,population_native,methylation,native_omic_units,path_length[B],500,500,0,32.57812365465419,1.541146180916717,32.607708397069054
translation,0.75,power_design-4cbd98422959,power_design,population_native,methylation,native_omic_units,path_length[B],500,500,0,32.57812365465419,1.541146180916717,32.607708397069054
translation,0.75,power_design-982f82b2675d,power_design,population_native,methylation,native_omic_units,path_length[B],500,500,0,32.57812365465419,1.541146180916717,32.607708397069054
translation,0.75,power_primary-3826507dca97,power_primary,population_native,methylation,native_omic_units,path_length[B],500,500,0,32.57812365465419,1.541146180916717,32.607708397069054
translation,0.75,power_design-1a8906b75514,power_design,population_native,methylation,native_omic_units,shape,500,500,0,2.1375345110994767e-15,1.2448792891259902e-15,1.6939108785652253e-15
translation,0.75,power_design-4cbd98422959,power_design,population_native,methylation,native_omic_units,shape,500,500,0,2.1375345110994767e-15,1.2448792891259902e-15,1.6939108785652253e-15
translation,0.75,power_design-982f82b2675d,power_design,population_native,methylation,native_omic_units,shape,500,500,0,2.1375345110994767e-15,1.2448792891259902e-15,1.6939108785652253e-15
translation,0.75,power_primary-3826507dca97,power_primary,population_native,methylation,native_omic_units,shape,500,500,0,2.1375345110994767e-15,1.2448792891259902e-15,1.6939108785652253e-15
translation,0.75,power_design-1a8906b75514,power_design,population_native,proteomics,native_omic_units,angle,500,500,0,4.88435411149844e-07,6.501432868886865e-07,0.0
translation,0.75,power_design-982f82b2675d,power_design,population_native,proteomics,native_omic_units,angle,500,500,0,4.88435411149844e-07,6.501432868886865e-07,0.0
translation,0.75,power_design-1a8906b75514,power_design,population_native,proteomics,native_omic_units,delta,500,500,0,0.0,0.0,0.0
translation,0.75,power_design-982f82b2675d,power_design,population_native,proteomics,native_omic_units,delta,500,500,0,0.0,0.0,0.0
translation,0.75,power_design-1a8906b75514,power_design,population_native,proteomics,native_omic_units,path_length[A],500,500,0,28.24749964700159,1.4952872096038166,28.233128708517363
translation,0.75,power_design-982f82b2675d,power_design,population_native,proteomics,native_omic_units,path_length[A],500,500,0,28.24749964700159,1.4952872096038166,28.233128708517363
translation,0.75,power_design-1a8906b75514,power_design,population_native,proteomics,native_omic_units,path_length[B],500,500,0,28.24749964700159,1.4952872096038166,28.233128708517363
translation,0.75,power_design-982f82b2675d,power_design,population_native,proteomics,native_omic_units,path_length[B],500,500,0,28.24749964700159,1.4952872096038166,28.233128708517363
translation,0.75,power_design-1a8906b75514,power_design,population_native,proteomics,native_omic_units,shape,500,500,0,1.5400253910078897e-15,6.736905084251181e-16,1.3778411400240144e-15
translation,0.75,power_design-982f82b2675d,power_design,population_native,proteomics,native_omic_units,shape,500,500,0,1.5400253910078897e-15,6.736905084251181e-16,1.3778411400240144e-15
translation,0.75,power_design-1a8906b75514,power_design,population_standardized,expression,standardized_feature,angle,500,500,0,4.6038277933274897e-07,6.170087524423229e-07,0.0
translation,0.75,power_design-4cbd98422959,power_design,population_standardized,expression,standardized_feature,angle,500,500,0,4.6038277933274897e-07,6.170087524423229e-07,0.0
translation,0.75,power_design-982f82b2675d,power_design,population_standardized,expression,standardized_feature,angle,500,500,0,4.648243582049845e-07,6.370226005907478e-07,0.0
translation,0.75,power_primary-3826507dca97,power_primary,population_standardized,expression,standardized_feature,angle,500,500,0,4.648243582049845e-07,6.370226005907478e-07,0.0
translation,0.75,power_design-1a8906b75514,power_design,population_standardized,expression,standardized_feature,delta,500,500,0,0.0,0.0,0.0
translation,0.75,power_design-4cbd98422959,power_design,population_standardized,expression,standardized_feature,delta,500,500,0,0.0,0.0,0.0
translation,0.75,power_design-982f82b2675d,power_design,population_standardized,expression,standardized_feature,delta,500,500,0,0.0,0.0,0.0
translation,0.75,power_primary-3826507dca97,power_primary,population_standardized,expression,standardized_feature,delta,500,500,0,0.0,0.0,0.0
translation,0.75,power_design-1a8906b75514,power_design,population_standardized,expression,standardized_feature,path_length[A],500,500,0,22.46331658934184,1.2379002450050898,22.445242813326796
translation,0.75,power_design-4cbd98422959,power_design,population_standardized,expression,standardized_feature,path_length[A],500,500,0,22.46331658934184,1.2379002450050898,22.445242813326796
translation,0.75,power_design-982f82b2675d,power_design,population_standardized,expression,standardized_feature,path_length[A],500,500,0,22.425125671337437,1.2226594807916358,22.42892287538674
translation,0.75,power_primary-3826507dca97,power_primary,population_standardized,expression,standardized_feature,path_length[A],500,500,0,22.425125671337437,1.2226594807916358,22.42892287538674
translation,0.75,power_design-1a8906b75514,power_design,population_standardized,expression,standardized_feature,path_length[B],500,500,0,22.46331658934184,1.2379002450050898,22.445242813326796
translation,0.75,power_design-4cbd98422959,power_design,population_standardized,expression,standardized_feature,path_length[B],500,500,0,22.46331658934184,1.2379002450050898,22.445242813326796
translation,0.75,power_design-982f82b2675d,power_design,population_standardized,expression,standardized_feature,path_length[B],500,500,0,22.425125671337437,1.2226594807916358,22.42892287538674
translation,0.75,power_primary-3826507dca97,power_primary,population_standardized,expression,standardized_feature,path_length[B],500,500,0,22.425125671337437,1.2226594807916358,22.42892287538674
translation,0.75,power_design-1a8906b75514,power_design,population_standardized,expression,standardized_feature,shape,500,500,0,1.1114398817256098e-15,8.072897758783548e-16,9.066947579644396e-16
translation,0.75,power_design-4cbd98422959,power_design,population_standardized,expression,standardized_feature,shape,500,500,0,1.1114398817256098e-15,8.072897758783548e-16,9.066947579644396e-16
translation,0.75,power_design-982f82b2675d,power_design,population_standardized,expression,standardized_feature,shape,500,500,0,1.0598980796098307e-15,7.144158253245204e-16,9.133370777134864e-16
translation,0.75,power_primary-3826507dca97,power_primary,population_standardized,expression,standardized_feature,shape,500,500,0,1.0598980796098307e-15,7.144158253245204e-16,9.133370777134864e-16
translation,0.75,power_design-1a8906b75514,power_design,population_standardized,joint,standardized_feature,angle,500,500,0,5.346082156539045e-07,6.417743748140314e-07,0.0
translation,0.75,power_design-4cbd98422959,power_design,population_standardized,joint,standardized_feature,angle,500,500,0,4.457309532906563e-07,6.276962856573669e-07,0.0
translation,0.75,power_design-982f82b2675d,power_design,population_standardized,joint,standardized_feature,angle,500,500,0,4.718762271154022e-07,6.294898772777334e-07,0.0
translation,0.75,power_primary-3826507dca97,power_primary,population_standardized,joint,standardized_feature,angle,500,500,0,4.885323715159982e-07,6.260311392260537e-07,0.0
translation,0.75,power_design-1a8906b75514,power_design,population_standardized,joint,standardized_feature,delta,500,500,0,0.0,0.0,0.0
translation,0.75,power_design-4cbd98422959,power_design,population_standardized,joint,standardized_feature,delta,500,500,0,0.0,0.0,0.0
translation,0.75,power_design-982f82b2675d,power_design,population_standardized,joint,standardized_feature,delta,500,500,0,0.0,0.0,0.0
translation,0.75,power_primary-3826507dca97,power_primary,population_standardized,joint,standardized_feature,delta,500,500,0,0.0,0.0,0.0
translation,0.75,power_design-1a8906b75514,power_design,population_standardized,joint,standardized_feature,path_length[A],500,500,0,46.30747466097754,2.1931827751982267,46.24911298531717
translation,0.75,power_design-4cbd98422959,power_design,population_standardized,joint,standardized_feature,path_length[A],500,500,0,36.79564858535858,1.7277893727329159,36.69737624762412
translation,0.75,power_design-982f82b2675d,power_design,population_standardized,joint,standardized_feature,path_length[A],500,500,0,46.17748083870651,2.154199240409363,46.15308719730111
translation,0.75,power_primary-3826507dca97,power_primary,population_standardized,joint,standardized_feature,path_length[A],500,500,0,36.697463663582376,1.701275558694827,36.6379182633209
translation,0.75,power_design-1a8906b75514,power_design,population_standardized,joint,standardized_feature,path_length[B],500,500,0,46.30747466097754,2.1931827751982267,46.24911298531717
translation,0.75,power_design-4cbd98422959,power_design,population_standardized,joint,standardized_feature,path_length[B],500,500,0,36.79564858535858,1.7277893727329159,36.69737624762412
translation,0.75,power_design-982f82b2675d,power_design,population_standardized,joint,standardized_feature,path_length[B],500,500,0,46.17748083870651,2.154199240409363,46.15308719730111
translation,0.75,power_primary-3826507dca97,power_primary,population_standardized,joint,standardized_feature,path_length[B],500,500,0,36.697463663582376,1.701275558694827,36.6379182633209
translation,0.75,power_design-1a8906b75514,power_design,population_standardized,joint,standardized_feature,shape,500,500,0,1.2395904248839203e-15,8.558881415092549e-16,1.0291476214943434e-15
translation,0.75,power_design-4cbd98422959,power_design,population_standardized,joint,standardized_feature,shape,500,500,0,1.2181995739847585e-15,8.085645536731209e-16,1.007597251067148e-15
translation,0.75,power_design-982f82b2675d,power_design,population_standardized,joint,standardized_feature,shape,500,500,0,1.2820020629735804e-15,9.049579929266152e-16,1.034334228806885e-15
translation,0.75,power_primary-3826507dca97,power_primary,population_standardized,joint,standardized_feature,shape,500,500,0,1.2687467808021587e-15,9.876329716659678e-16,1.0178588443579455e-15
translation,0.75,power_design-1a8906b75514,power_design,population_standardized,methylation,standardized_feature,angle,500,500,0,4.744254487693446e-07,6.425188590570604e-07,0.0
translation,0.75,power_design-4cbd98422959,power_design,population_standardized,methylation,standardized_feature,angle,500,500,0,4.744254487693446e-07,6.425188590570604e-07,0.0
translation,0.75,power_design-982f82b2675d,power_design,population_standardized,methylation,standardized_feature,angle,500,500,0,4.938765460465445e-07,6.380479820028493e-07,0.0
translation,0.75,power_primary-3826507dca97,power_primary,population_standardized,methylation,standardized_feature,angle,500,500,0,4.938765460465445e-07,6.380479820028493e-07,0.0
translation,0.75,power_design-1a8906b75514,power_design,population_standardized,methylation,standardized_feature,delta,500,500,0,0.0,0.0,0.0
translation,0.75,power_design-4cbd98422959,power_design,population_standardized,methylation,standardized_feature,delta,500,500,0,0.0,0.0,0.0
translation,0.75,power_design-982f82b2675d,power_design,population_standardized,methylation,standardized_feature,delta,500,500,0,0.0,0.0,0.0
translation,0.75,power_primary-3826507dca97,power_primary,population_standardized,methylation,standardized_feature,delta,500,500,0,0.0,0.0,0.0
translation,0.75,power_design-1a8906b75514,power_design,population_standardized,methylation,standardized_feature,path_length[A],500,500,0,29.122138521487106,1.5179906094994728,29.05213221203532
translation,0.75,power_design-4cbd98422959,power_design,population_standardized,methylation,standardized_feature,path_length[A],500,500,0,29.122138521487106,1.5179906094994728,29.05213221203532
translation,0.75,power_design-982f82b2675d,power_design,population_standardized,methylation,standardized_feature,path_length[A],500,500,0,29.027969442458907,1.4853771127689654,28.993046540096593
translation,0.75,power_primary-3826507dca97,power_primary,population_standardized,methylation,standardized_feature,path_length[A],500,500,0,29.027969442458907,1.4853771127689654,28.993046540096593
translation,0.75,power_design-1a8906b75514,power_design,population_standardized,methylation,standardized_feature,path_length[B],500,500,0,29.122138521487106,1.5179906094994728,29.05213221203532
translation,0.75,power_design-4cbd98422959,power_design,population_standardized,methylation,standardized_feature,path_length[B],500,500,0,29.122138521487106,1.5179906094994728,29.05213221203532
translation,0.75,power_design-982f82b2675d,power_design,population_standardized,methylation,standardized_feature,path_length[B],500,500,0,29.027969442458907,1.4853771127689654,28.993046540096593
translation,0.75,power_primary-3826507dca97,power_primary,population_standardized,methylation,standardized_feature,path_length[B],500,500,0,29.027969442458907,1.4853771127689654,28.993046540096593
translation,0.75,power_design-1a8906b75514,power_design,population_standardized,methylation,standardized_feature,shape,500,500,0,1.1248857446690831e-15,8.89200921456114e-16,8.95296146104438e-16
translation,0.75,power_design-4cbd98422959,power_design,population_standardized,methylation,standardized_feature,shape,500,500,0,1.1248857446690831e-15,8.89200921456114e-16,8.95296146104438e-16
translation,0.75,power_design-982f82b2675d,power_design,population_standardized,methylation,standardized_feature,shape,500,500,0,1.1208731297716108e-15,8.872847380844152e-16,8.936532743289526e-16
translation,0.75,power_primary-3826507dca97,power_primary,population_standardized,methylation,standardized_feature,shape,500,500,0,1.1208731297716108e-15,8.872847380844152e-16,8.936532743289526e-16
translation,0.75,power_design-1a8906b75514,power_design,population_standardized,proteomics,standardized_feature,angle,500,500,0,4.52104147358975e-07,6.517580790255314e-07,0.0
translation,0.75,power_design-982f82b2675d,power_design,population_standardized,proteomics,standardized_feature,angle,500,500,0,4.670095537031978e-07,6.400004652419986e-07,0.0
translation,0.75,power_design-1a8906b75514,power_design,population_standardized,proteomics,standardized_feature,delta,500,500,0,0.0,0.0,0.0
translation,0.75,power_design-982f82b2675d,power_design,population_standardized,proteomics,standardized_feature,delta,500,500,0,0.0,0.0,0.0
translation,0.75,power_design-1a8906b75514,power_design,population_standardized,proteomics,standardized_feature,path_length[A],500,500,0,28.09413559900362,1.630372564329949,28.03178312322631
translation,0.75,power_design-982f82b2675d,power_design,population_standardized,proteomics,standardized_feature,path_length[A],500,500,0,28.009865096132568,1.583796429068291,27.921100857459013
translation,0.75,power_design-1a8906b75514,power_design,population_standardized,proteomics,standardized_feature,path_length[B],500,500,0,28.09413559900362,1.630372564329949,28.03178312322631
translation,0.75,power_design-982f82b2675d,power_design,population_standardized,proteomics,standardized_feature,path_length[B],500,500,0,28.009865096132568,1.583796429068291,27.921100857459013
translation,0.75,power_design-1a8906b75514,power_design,population_standardized,proteomics,standardized_feature,shape,500,500,0,1.1582465257891744e-15,7.833588194728041e-16,9.827507838229898e-16
translation,0.75,power_design-982f82b2675d,power_design,population_standardized,proteomics,standardized_feature,shape,500,500,0,1.2204613487212185e-15,9.302790904286143e-16,9.90435399142634e-16
translation,0.75,power_design-1a8906b75514,power_design,observed_standardized,expression,standardized_feature,angle,500,500,0,40.258316231500366,33.00937312656971,28.719015914984
translation,0.75,power_design-4cbd98422959,power_design,observed_standardized,expression,standardized_feature,angle,500,500,0,40.258316231500366,33.00937312656971,28.719015914984
translation,0.75,power_design-982f82b2675d,power_design,observed_standardized,expression,standardized_feature,angle,500,500,0,37.157610905912236,31.34845291237248,27.57477646792576
translation,0.75,power_primary-3826507dca97,power_primary,observed_standardized,expression,standardized_feature,angle,500,500,0,37.157610905912236,31.34845291237248,27.57477646792576
translation,0.75,power_design-1a8906b75514,power_design,observed_standardized,expression,standardized_feature,delta,500,500,0,0.5713285069748182,0.43692135227746637,0.4756021920297151
translation,0.75,power_design-4cbd98422959,power_design,observed_standardized,expression,standardized_feature,delta,500,500,0,0.5713285069748182,0.43692135227746637,0.4756021920297151
translation,0.75,power_design-982f82b2675d,power_design,observed_standardized,expression,standardized_feature,delta,500,500,0,0.5079278160714843,0.38753139901274936,0.42253273507637523
translation,0.75,power_primary-3826507dca97,power_primary,observed_standardized,expression,standardized_feature,delta,500,500,0,0.5079278160714843,0.38753139901274936,0.42253273507637523
translation,0.75,power_design-1a8906b75514,power_design,observed_standardized,expression,standardized_feature,path_length[A],500,500,0,23.49002321515595,1.1745582189800816,23.483489998201428
translation,0.75,power_design-4cbd98422959,power_design,observed_standardized,expression,standardized_feature,path_length[A],500,500,0,23.49002321515595,1.1745582189800816,23.483489998201428
translation,0.75,power_design-982f82b2675d,power_design,observed_standardized,expression,standardized_feature,path_length[A],500,500,0,23.339984137052383,1.1829899601852463,23.35276793804467
translation,0.75,power_primary-3826507dca97,power_primary,observed_standardized,expression,standardized_feature,path_length[A],500,500,0,23.339984137052383,1.1829899601852463,23.35276793804467
translation,0.75,power_design-1a8906b75514,power_design,observed_standardized,expression,standardized_feature,path_length[B],500,500,0,23.687481566844063,1.19788966635431,23.744529391657483
translation,0.75,power_design-4cbd98422959,power_design,observed_standardized,expression,standardized_feature,path_length[B],500,500,0,23.687481566844063,1.19788966635431,23.744529391657483
translation,0.75,power_design-982f82b2675d,power_design,observed_standardized,expression,standardized_feature,path_length[B],500,500,0,23.58091863626979,1.1441245354759673,23.61958092450772
translation,0.75,power_primary-3826507dca97,power_primary,observed_standardized,expression,standardized_feature,path_length[B],500,500,0,23.58091863626979,1.1441245354759673,23.61958092450772
translation,0.75,power_design-1a8906b75514,power_design,observed_standardized,expression,standardized_feature,shape,500,500,0,0.030516796111910847,0.017026336676690103,0.027999249686178375
translation,0.75,power_design-4cbd98422959,power_design,observed_standardized,expression,standardized_feature,shape,500,500,0,0.030516796111910847,0.017026336676690103,0.027999249686178375
translation,0.75,power_design-982f82b2675d,power_design,observed_standardized,expression,standardized_feature,shape,500,500,0,0.02931127210963531,0.014746016881898008,0.027757228498753554
translation,0.75,power_primary-3826507dca97,power_primary,observed_standardized,expression,standardized_feature,shape,500,500,0,0.02931127210963531,0.014746016881898008,0.027757228498753554
translation,0.75,power_design-1a8906b75514,power_design,observed_standardized,joint,standardized_feature,angle,500,500,0,44.981133824678565,32.88895318793706,32.57216732617216
translation,0.75,power_design-4cbd98422959,power_design,observed_standardized,joint,standardized_feature,angle,500,500,0,54.16372899097168,34.768097112890054,39.453192408394756
translation,0.75,power_design-982f82b2675d,power_design,observed_standardized,joint,standardized_feature,angle,500,500,0,43.27840725197365,31.638735867619946,31.181934564403107
translation,0.75,power_primary-3826507dca97,power_primary,observed_standardized,joint,standardized_feature,angle,500,500,0,50.9798605611175,31.556328451209566,38.04776792411559
translation,0.75,power_design-1a8906b75514,power_design,observed_standardized,joint,standardized_feature,delta,500,500,0,1.2276560510859473,1.2225027350016393,0.9283138233521093
translation,0.75,power_design-4cbd98422959,power_design,observed_standardized,joint,standardized_feature,delta,500,500,0,1.438028153072242,1.482116564872579,0.939198495104602
translation,0.75,power_design-982f82b2675d,power_design,observed_standardized,joint,standardized_feature,delta,500,500,0,1.2635499111353967,1.2071886170255168,0.9105724807793649
translation,0.75,power_primary-3826507dca97,power_primary,observed_standardized,joint,standardized_feature,delta,500,500,0,1.451771480483556,1.4451714204763966,1.0327867932971557
translation,0.75,power_design-1a8906b75514,power_design,observed_standardized,joint,standardized_feature,path_length[A],500,500,0,49.319922220463056,2.25137586242522,49.27826829012153
translation,0.75,power_design-4cbd98422959,power_design,observed_standardized,joint,standardized_feature,path_length[A],500,500,0,39.90515082255814,2.053413728768958,39.78352369843165
translation,0.75,power_design-982f82b2675d,power_design,observed_standardized,joint,standardized_feature,path_length[A],500,500,0,48.91124164354003,2.202108772273994,48.81007861510523
translation,0.75,power_primary-3826507dca97,power_primary,observed_standardized,joint,standardized_feature,path_length[A],500,500,0,39.519985381149105,1.9533582919651227,39.38951634022476
translation,0.75,power_design-1a8906b75514,power_design,observed_standardized,joint,standardized_feature,path_length[B],500,500,0,49.73974438538076,2.210434252638063,49.80900807082426
translation,0.75,power_design-4cbd98422959,power_design,observed_standardized,joint,standardized_feature,path_length[B],500,500,0,40.315640464085256,2.012208485862828,40.21575547190829
translation,0.75,power_design-982f82b2675d,power_design,observed_standardized,joint,standardized_feature,path_length[B],500,500,0,49.51272369116515,2.1623716446312766,49.404954621629386
translation,0.75,power_primary-3826507dca97,power_primary,observed_standardized,joint,standardized_feature,path_length[B],500,500,0,40.1177009389603,1.9577645518185738,40.04666919162035
translation,0.75,power_design-1a8906b75514,power_design,observed_standardized,joint,standardized_feature,shape,500,500,0,0.03301252443595594,0.021503689612160835,0.02870813488557132
translation,0.75,power_design-4cbd98422959,power_design,observed_standardized,joint,standardized_feature,shape,500,500,0,0.0474928560072927,0.030862311514672898,0.04096088909821395
translation,0.75,power_design-982f82b2675d,power_design,observed_standardized,joint,standardized_feature,shape,500,500,0,0.033596995329000415,0.021834206563237802,0.028863015231515805
translation,0.75,power_primary-3826507dca97,power_primary,observed_standardized,joint,standardized_feature,shape,500,500,0,0.04817814161550056,0.03176345659437535,0.04198011341646653
translation,0.75,power_design-1a8906b75514,power_design,observed_standardized,methylation,standardized_feature,angle,500,500,0,59.459564580216366,32.68113787146673,46.76346741863209
translation,0.75,power_design-4cbd98422959,power_design,observed_standardized,methylation,standardized_feature,angle,500,500,0,59.459564580216366,32.68113787146673,46.76346741863209
translation,0.75,power_design-982f82b2675d,power_design,observed_standardized,methylation,standardized_feature,angle,500,500,0,59.1173696948342,33.3487893197784,46.28309189846294
translation,0.75,power_primary-3826507dca97,power_primary,observed_standardized,methylation,standardized_feature,angle,500,500,0,59.1173696948342,33.3487893197784,46.28309189846294
translation,0.75,power_design-1a8906b75514,power_design,observed_standardized,methylation,standardized_feature,delta,500,500,0,1.705165538320065,1.754496012127026,1.1100337773740563
translation,0.75,power_design-4cbd98422959,power_design,observed_standardized,methylation,standardized_feature,delta,500,500,0,1.705165538320065,1.754496012127026,1.1100337773740563
translation,0.75,power_design-982f82b2675d,power_design,observed_standardized,methylation,standardized_feature,delta,500,500,0,1.6916571809438303,1.6883520756799157,1.1538086429271264
translation,0.75,power_primary-3826507dca97,power_primary,observed_standardized,methylation,standardized_feature,delta,500,500,0,1.6916571809438303,1.6883520756799157,1.1538086429271264
translation,0.75,power_design-1a8906b75514,power_design,observed_standardized,methylation,standardized_feature,path_length[A],500,500,0,32.22143183281773,2.1282977586659073,32.112974411805205
translation,0.75,power_design-4cbd98422959,power_design,observed_standardized,methylation,standardized_feature,path_length[A],500,500,0,32.22143183281773,2.1282977586659073,32.112974411805205
translation,0.75,power_design-982f82b2675d,power_design,observed_standardized,methylation,standardized_feature,path_length[A],500,500,0,31.856748258756948,1.978324406868293,31.639203447940183
translation,0.75,power_primary-3826507dca97,power_primary,observed_standardized,methylation,standardized_feature,path_length[A],500,500,0,31.856748258756948,1.978324406868293,31.639203447940183
translation,0.75,power_design-1a8906b75514,power_design,observed_standardized,methylation,standardized_feature,path_length[B],500,500,0,32.583238921199694,2.0821942756596123,32.378646846990996
translation,0.75,power_design-4cbd98422959,power_design,observed_standardized,methylation,standardized_feature,path_length[B],500,500,0,32.583238921199694,2.0821942756596123,32.378646846990996
translation,0.75,power_design-982f82b2675d,power_design,observed_standardized,methylation,standardized_feature,path_length[B],500,500,0,32.41903842646563,1.9945349341180831,32.26271441013857
translation,0.75,power_primary-3826507dca97,power_primary,observed_standardized,methylation,standardized_feature,path_length[B],500,500,0,32.41903842646563,1.9945349341180831,32.26271441013857
translation,0.75,power_design-1a8906b75514,power_design,observed_standardized,methylation,standardized_feature,shape,500,500,0,0.06785649857287429,0.04403906940346682,0.05793628176577085
translation,0.75,power_design-4cbd98422959,power_design,observed_standardized,methylation,standardized_feature,shape,500,500,0,0.06785649857287429,0.04403906940346682,0.05793628176577085
translation,0.75,power_design-982f82b2675d,power_design,observed_standardized,methylation,standardized_feature,shape,500,500,0,0.06890211885828572,0.04503699179927466,0.05936403739154593
translation,0.75,power_primary-3826507dca97,power_primary,observed_standardized,methylation,standardized_feature,shape,500,500,0,0.06890211885828572,0.04503699179927466,0.05936403739154593
translation,0.75,power_design-1a8906b75514,power_design,observed_standardized,proteomics,standardized_feature,angle,500,500,0,28.63375895443264,27.714243589653183,21.837280447397443
translation,0.75,power_design-982f82b2675d,power_design,observed_standardized,proteomics,standardized_feature,angle,500,500,0,29.319074682683368,29.836578568903214,21.336965888891505
translation,0.75,power_design-1a8906b75514,power_design,observed_standardized,proteomics,standardized_feature,delta,500,500,0,0.4272121042057816,0.32634115788101575,0.3503755492254612
translation,0.75,power_design-982f82b2675d,power_design,observed_standardized,proteomics,standardized_feature,delta,500,500,0,0.4296053731130145,0.33522658326785815,0.3766579202004543
translation,0.75,power_design-1a8906b75514,power_design,observed_standardized,proteomics,standardized_feature,path_length[A],500,500,0,28.947611086219144,1.5241969794661998,28.9008513294224
translation,0.75,power_design-982f82b2675d,power_design,observed_standardized,proteomics,standardized_feature,path_length[A],500,500,0,28.785459732094672,1.5270259963627628,28.692022325892275
translation,0.75,power_design-1a8906b75514,power_design,observed_standardized,proteomics,standardized_feature,path_length[B],500,500,0,29.094419884173927,1.5128282427630952,29.083279438157316
translation,0.75,power_design-982f82b2675d,power_design,observed_standardized,proteomics,standardized_feature,path_length[B],500,500,0,28.982204472414537,1.487436277311767,28.908165407472488
translation,0.75,power_design-1a8906b75514,power_design,observed_standardized,proteomics,standardized_feature,shape,500,500,0,0.01945363157917734,0.010298209164182516,0.018121559093037296
translation,0.75,power_design-982f82b2675d,power_design,observed_standardized,proteomics,standardized_feature,shape,500,500,0,0.01838540029010935,0.009820695596997825,0.016785107915413953
translation,0.75,power_design-1a8906b75514,power_design,pls_latent,joint,pls_latent,angle,500,500,0,28.353126390260826,43.31275952667103,10.734306403667748
translation,0.75,power_design-4cbd98422959,power_design,pls_latent,joint,pls_latent,angle,500,500,0,30.016648661557987,37.04261748405622,16.840567577073685
translation,0.75,power_design-982f82b2675d,power_design,pls_latent,joint,pls_latent,angle,500,500,0,23.981511068461568,36.8616452342915,10.536092958793958
translation,0.75,power_primary-3826507dca97,power_primary,pls_latent,joint,pls_latent,angle,500,500,0,31.31395217294447,40.17152329862124,17.000143773004893
translation,0.75,power_design-1a8906b75514,power_design,pls_latent,joint,pls_latent,delta,500,500,0,1.2373623412548391,1.270208959322127,0.8446221252552881
translation,0.75,power_design-4cbd98422959,power_design,pls_latent,joint,pls_latent,delta,500,500,0,1.2828006359135384,1.1786079413730304,0.9340288804730648
translation,0.75,power_design-982f82b2675d,power_design,pls_latent,joint,pls_latent,delta,500,500,0,1.1317154818633584,1.1852161589294732,0.7869391114457649
translation,0.75,power_primary-3826507dca97,power_primary,pls_latent,joint,pls_latent,delta,500,500,0,1.2661964941058224,1.2083323937798232,0.9519133774165667
translation,0.75,power_design-1a8906b75514,power_design,pls_latent,joint,pls_latent,path_length[A],500,500,0,47.202359959669735,2.2020549670559086,47.24529956185273
translation,0.75,power_design-4cbd98422959,power_design,pls_latent,joint,pls_latent,path_length[A],500,500,0,39.300937608852294,2.465093932309959,39.06224688055361
translation,0.75,power_design-982f82b2675d,power_design,pls_latent,joint,pls_latent,path_length[A],500,500,0,46.894037687341644,2.2013711312470092,46.81778082294616
translation,0.75,power_primary-3826507dca97,power_primary,pls_latent,joint,pls_latent,path_length[A],500,500,0,39.023411284549404,2.4224342989439833,38.692148794926055
translation,0.75,power_design-1a8906b75514,power_design,pls_latent,joint,pls_latent,path_length[B],500,500,0,47.186461031376545,2.196891895715653,47.20901439583335
translation,0.75,power_design-4cbd98422959,power_design,pls_latent,joint,pls_latent,path_length[B],500,500,0,39.308460173258986,2.6632183084555474,38.97239230803679
translation,0.75,power_design-982f82b2675d,power_design,pls_latent,joint,pls_latent,path_length[B],500,500,0,46.906204197250034,2.162609535756576,46.786915207871075
translation,0.75,power_primary-3826507dca97,power_primary,pls_latent,joint,pls_latent,path_length[B],500,500,0,39.085207372712645,2.5378499961995287,38.79811835220856
translation,0.75,power_design-1a8906b75514,power_design,pls_latent,joint,pls_latent,shape,500,500,0,0.033826917064243164,0.02372231540590806,0.028281736212442954
translation,0.75,power_design-4cbd98422959,power_design,pls_latent,joint,pls_latent,shape,500,500,0,0.04024392213645636,0.02546400314445519,0.035440779240852066
translation,0.75,power_design-982f82b2675d,power_design,pls_latent,joint,pls_latent,shape,500,500,0,0.03272494001393776,0.022645135022946086,0.027040177520474676
translation,0.75,power_primary-3826507dca97,power_primary,pls_latent,joint,pls_latent,shape,500,500,0,0.041397349777727466,0.02777240885861396,0.03605100056286549
translation,1.0,power_design-373e521b860e,power_design,population_native,expression,native_omic_units,angle,500,500,0,5.067924736674042e-07,6.551438684002165e-07,0.0
translation,1.0,power_design-c6cf18ad1af8,power_design,population_native,expression,native_omic_units,angle,500,500,0,5.067924736674042e-07,6.551438684002165e-07,0.0
translation,1.0,power_design-ef636b920946,power_design,population_native,expression,native_omic_units,angle,500,500,0,5.067924736674042e-07,6.551438684002165e-07,0.0
translation,1.0,power_primary-532b91e432f9,power_primary,population_native,expression,native_omic_units,angle,500,500,0,5.067924736674042e-07,6.551438684002165e-07,0.0
translation,1.0,type_i_baseline-74c0457435ca,type_i_baseline,population_native,expression,native_omic_units,angle,500,500,0,4.3639269939229913e-07,6.36536087389974e-07,0.0
translation,1.0,power_design-373e521b860e,power_design,population_native,expression,native_omic_units,delta,500,500,0,0.0,0.0,0.0
translation,1.0,power_design-c6cf18ad1af8,power_design,population_native,expression,native_omic_units,delta,500,500,0,0.0,0.0,0.0
translation,1.0,power_design-ef636b920946,power_design,population_native,expression,native_omic_units,delta,500,500,0,0.0,0.0,0.0
translation,1.0,power_primary-532b91e432f9,power_primary,population_native,expression,native_omic_units,delta,500,500,0,0.0,0.0,0.0
translation,1.0,type_i_baseline-74c0457435ca,type_i_baseline,population_native,expression,native_omic_units,delta,500,500,0,0.0,0.0,0.0
translation,1.0,power_design-373e521b860e,power_design,population_native,expression,native_omic_units,path_length[A],500,500,0,25.480784886701134,1.2737016299900132,25.581932925595176
translation,1.0,power_design-c6cf18ad1af8,power_design,population_native,expression,native_omic_units,path_length[A],500,500,0,25.480784886701134,1.2737016299900132,25.581932925595176
translation,1.0,power_design-ef636b920946,power_design,population_native,expression,native_omic_units,path_length[A],500,500,0,25.480784886701134,1.2737016299900132,25.581932925595176
translation,1.0,power_primary-532b91e432f9,power_primary,population_native,expression,native_omic_units,path_length[A],500,500,0,25.480784886701134,1.2737016299900132,25.581932925595176
translation,1.0,type_i_baseline-74c0457435ca,type_i_baseline,population_native,expression,native_omic_units,path_length[A],500,500,0,25.530291766556157,1.296534148975658,25.581932925595176
translation,1.0,power_design-373e521b860e,power_design,population_native,expression,native_omic_units,path_length[B],500,500,0,25.480784886701134,1.2737016299900132,25.581932925595176
translation,1.0,power_design-c6cf18ad1af8,power_design,population_native,expression,native_omic_units,path_length[B],500,500,0,25.480784886701134,1.2737016299900132,25.581932925595176
translation,1.0,power_design-ef636b920946,power_design,population_native,expression,native_omic_units,path_length[B],500,500,0,25.480784886701134,1.2737016299900132,25.581932925595176
translation,1.0,power_primary-532b91e432f9,power_primary,population_native,expression,native_omic_units,path_length[B],500,500,0,25.480784886701134,1.2737016299900132,25.581932925595176
translation,1.0,type_i_baseline-74c0457435ca,type_i_baseline,population_native,expression,native_omic_units,path_length[B],500,500,0,25.530291766556157,1.296534148975658,25.581932925595176
translation,1.0,power_design-373e521b860e,power_design,population_native,expression,native_omic_units,shape,500,500,0,1.2768498307818283e-15,5.302844422941188e-16,1.2088995153922393e-15
translation,1.0,power_design-c6cf18ad1af8,power_design,population_native,expression,native_omic_units,shape,500,500,0,1.2768498307818283e-15,5.302844422941188e-16,1.2088995153922393e-15
translation,1.0,power_design-ef636b920946,power_design,population_native,expression,native_omic_units,shape,500,500,0,1.2768498307818283e-15,5.302844422941188e-16,1.2088995153922393e-15
translation,1.0,power_primary-532b91e432f9,power_primary,population_native,expression,native_omic_units,shape,500,500,0,1.2768498307818283e-15,5.302844422941188e-16,1.2088995153922393e-15
translation,1.0,type_i_baseline-74c0457435ca,type_i_baseline,population_native,expression,native_omic_units,shape,500,500,0,1.2776116377978908e-15,4.644801992158327e-16,1.2076602158926702e-15
translation,1.0,power_design-373e521b860e,power_design,population_native,methylation,native_omic_units,angle,500,500,0,4.929241728281642e-07,6.872563223426457e-07,0.0
translation,1.0,power_design-c6cf18ad1af8,power_design,population_native,methylation,native_omic_units,angle,500,500,0,4.929241728281642e-07,6.872563223426457e-07,0.0
translation,1.0,power_design-ef636b920946,power_design,population_native,methylation,native_omic_units,angle,500,500,0,4.929241728281642e-07,6.872563223426457e-07,0.0
translation,1.0,power_primary-532b91e432f9,power_primary,population_native,methylation,native_omic_units,angle,500,500,0,4.929241728281642e-07,6.872563223426457e-07,0.0
translation,1.0,type_i_baseline-74c0457435ca,type_i_baseline,population_native,methylation,native_omic_units,angle,500,500,0,5.45019868545338e-07,6.88222442798837e-07,0.0
translation,1.0,power_design-373e521b860e,power_design,population_native,methylation,native_omic_units,delta,500,500,0,0.0,0.0,0.0
translation,1.0,power_design-c6cf18ad1af8,power_design,population_native,methylation,native_omic_units,delta,500,500,0,0.0,0.0,0.0
translation,1.0,power_design-ef636b920946,power_design,population_native,methylation,native_omic_units,delta,500,500,0,0.0,0.0,0.0
translation,1.0,power_primary-532b91e432f9,power_primary,population_native,methylation,native_omic_units,delta,500,500,0,0.0,0.0,0.0
translation,1.0,type_i_baseline-74c0457435ca,type_i_baseline,population_native,methylation,native_omic_units,delta,500,500,0,0.0,0.0,0.0
translation,1.0,power_design-373e521b860e,power_design,population_native,methylation,native_omic_units,path_length[A],500,500,0,32.57812365465419,1.541146180916717,32.607708397069054
translation,1.0,power_design-c6cf18ad1af8,power_design,population_native,methylation,native_omic_units,path_length[A],500,500,0,32.57812365465419,1.541146180916717,32.607708397069054
translation,1.0,power_design-ef636b920946,power_design,population_native,methylation,native_omic_units,path_length[A],500,500,0,32.57812365465419,1.541146180916717,32.607708397069054
translation,1.0,power_primary-532b91e432f9,power_primary,population_native,methylation,native_omic_units,path_length[A],500,500,0,32.57812365465419,1.541146180916717,32.607708397069054
translation,1.0,type_i_baseline-74c0457435ca,type_i_baseline,population_native,methylation,native_omic_units,path_length[A],500,500,0,32.44885265778485,1.463467856024145,32.495221040342
translation,1.0,power_design-373e521b860e,power_design,population_native,methylation,native_omic_units,path_length[B],500,500,0,32.57812365465419,1.541146180916717,32.607708397069054
translation,1.0,power_design-c6cf18ad1af8,power_design,population_native,methylation,native_omic_units,path_length[B],500,500,0,32.57812365465419,1.541146180916717,32.607708397069054
translation,1.0,power_design-ef636b920946,power_design,population_native,methylation,native_omic_units,path_length[B],500,500,0,32.57812365465419,1.541146180916717,32.607708397069054
translation,1.0,power_primary-532b91e432f9,power_primary,population_native,methylation,native_omic_units,path_length[B],500,500,0,32.57812365465419,1.541146180916717,32.607708397069054
translation,1.0,type_i_baseline-74c0457435ca,type_i_baseline,population_native,methylation,native_omic_units,path_length[B],500,500,0,32.44885265778485,1.463467856024145,32.495221040342
translation,1.0,power_design-373e521b860e,power_design,population_native,methylation,native_omic_units,shape,500,500,0,2.150681307596772e-15,1.2707655611220656e-15,1.7090491594127027e-15
translation,1.0,power_design-c6cf18ad1af8,power_design,population_native,methylation,native_omic_units,shape,500,500,0,2.150681307596772e-15,1.2707655611220656e-15,1.7090491594127027e-15
translation,1.0,power_design-ef636b920946,power_design,population_native,methylation,native_omic_units,shape,500,500,0,2.150681307596772e-15,1.2707655611220656e-15,1.7090491594127027e-15
translation,1.0,power_primary-532b91e432f9,power_primary,population_native,methylation,native_omic_units,shape,500,500,0,2.150681307596772e-15,1.2707655611220656e-15,1.7090491594127027e-15
translation,1.0,type_i_baseline-74c0457435ca,type_i_baseline,population_native,methylation,native_omic_units,shape,500,500,0,2.0413865465620385e-15,1.1254207171772237e-15,1.6873121896331858e-15
translation,1.0,power_design-373e521b860e,power_design,population_native,proteomics,native_omic_units,angle,500,500,0,0.18000048189819068,4.024922337905339,0.0
translation,1.0,power_design-c6cf18ad1af8,power_design,population_native,proteomics,native_omic_units,angle,500,500,0,0.18000048189819068,4.024922337905339,0.0
translation,1.0,power_design-373e521b860e,power_design,population_native,proteomics,native_omic_units,delta,500,500,0,0.0,0.0,0.0
translation,1.0,power_design-c6cf18ad1af8,power_design,population_native,proteomics,native_omic_units,delta,500,500,0,0.0,0.0,0.0
translation,1.0,power_design-373e521b860e,power_design,population_native,proteomics,native_omic_units,path_length[A],500,500,0,28.24749964700159,1.4952872096038166,28.233128708517363
translation,1.0,power_design-c6cf18ad1af8,power_design,population_native,proteomics,native_omic_units,path_length[A],500,500,0,28.24749964700159,1.4952872096038166,28.233128708517363
translation,1.0,power_design-373e521b860e,power_design,population_native,proteomics,native_omic_units,path_length[B],500,500,0,28.24749964700159,1.4952872096038166,28.233128708517363
translation,1.0,power_design-c6cf18ad1af8,power_design,population_native,proteomics,native_omic_units,path_length[B],500,500,0,28.24749964700159,1.4952872096038166,28.233128708517363
translation,1.0,power_design-373e521b860e,power_design,population_native,proteomics,native_omic_units,shape,500,500,0,1.5564056215842831e-15,7.718811254316529e-16,1.3788914575138693e-15
translation,1.0,power_design-c6cf18ad1af8,power_design,population_native,proteomics,native_omic_units,shape,500,500,0,1.5564056215842831e-15,7.718811254316529e-16,1.3788914575138693e-15
translation,1.0,power_design-373e521b860e,power_design,population_standardized,expression,standardized_feature,angle,500,500,0,4.931877951443987e-07,6.454077113226791e-07,0.0
translation,1.0,power_design-c6cf18ad1af8,power_design,population_standardized,expression,standardized_feature,angle,500,500,0,4.991484620853901e-07,6.576746770379244e-07,0.0
translation,1.0,power_design-ef636b920946,power_design,population_standardized,expression,standardized_feature,angle,500,500,0,4.931877951443987e-07,6.454077113226791e-07,0.0
translation,1.0,power_primary-532b91e432f9,power_primary,population_standardized,expression,standardized_feature,angle,500,500,0,4.991484620853901e-07,6.576746770379244e-07,0.0
translation,1.0,type_i_baseline-74c0457435ca,type_i_baseline,population_standardized,expression,standardized_feature,angle,500,500,0,5.297481926821673e-07,6.514302827495369e-07,0.0
translation,1.0,power_design-373e521b860e,power_design,population_standardized,expression,standardized_feature,delta,500,500,0,0.0,0.0,0.0
translation,1.0,power_design-c6cf18ad1af8,power_design,population_standardized,expression,standardized_feature,delta,500,500,0,0.0,0.0,0.0
translation,1.0,power_design-ef636b920946,power_design,population_standardized,expression,standardized_feature,delta,500,500,0,0.0,0.0,0.0
translation,1.0,power_primary-532b91e432f9,power_primary,population_standardized,expression,standardized_feature,delta,500,500,0,0.0,0.0,0.0
translation,1.0,type_i_baseline-74c0457435ca,type_i_baseline,population_standardized,expression,standardized_feature,delta,500,500,0,0.0,0.0,0.0
translation,1.0,power_design-373e521b860e,power_design,population_standardized,expression,standardized_feature,path_length[A],500,500,0,22.48248905741091,1.243969930320026,22.507800719498135
translation,1.0,power_design-c6cf18ad1af8,power_design,population_standardized,expression,standardized_feature,path_length[A],500,500,0,22.41418592079856,1.2185242284062625,22.386297074594854
translation,1.0,power_design-ef636b920946,power_design,population_standardized,expression,standardized_feature,path_length[A],500,500,0,22.48248905741091,1.243969930320026,22.507800719498135
translation,1.0,power_primary-532b91e432f9,power_primary,population_standardized,expression,standardized_feature,path_length[A],500,500,0,22.41418592079856,1.2185242284062625,22.386297074594854
translation,1.0,type_i_baseline-74c0457435ca,type_i_baseline,population_standardized,expression,standardized_feature,path_length[A],500,500,0,22.438796301206363,1.2090737724522098,22.512433071892147
translation,1.0,power_design-373e521b860e,power_design,population_standardized,expression,standardized_feature,path_length[B],500,500,0,22.48248905741091,1.243969930320026,22.507800719498135
translation,1.0,power_design-c6cf18ad1af8,power_design,population_standardized,expression,standardized_feature,path_length[B],500,500,0,22.41418592079856,1.2185242284062625,22.386297074594854
translation,1.0,power_design-ef636b920946,power_design,population_standardized,expression,standardized_feature,path_length[B],500,500,0,22.48248905741091,1.243969930320026,22.507800719498135
translation,1.0,power_primary-532b91e432f9,power_primary,population_standardized,expression,standardized_feature,path_length[B],500,500,0,22.41418592079856,1.2185242284062625,22.386297074594854
translation,1.0,type_i_baseline-74c0457435ca,type_i_baseline,population_standardized,expression,standardized_feature,path_length[B],500,500,0,22.438796301206363,1.2090737724522098,22.512433071892147
translation,1.0,power_design-373e521b860e,power_design,population_standardized,expression,standardized_feature,shape,500,500,0,1.0856200272096531e-15,7.398519732903281e-16,9.084712153042535e-16
translation,1.0,power_design-c6cf18ad1af8,power_design,population_standardized,expression,standardized_feature,shape,500,500,0,1.0155578475255911e-15,6.000082724163959e-16,9.095763801371925e-16
translation,1.0,power_design-ef636b920946,power_design,population_standardized,expression,standardized_feature,shape,500,500,0,1.0856200272096531e-15,7.398519732903281e-16,9.084712153042535e-16
translation,1.0,power_primary-532b91e432f9,power_primary,population_standardized,expression,standardized_feature,shape,500,500,0,1.0155578475255911e-15,6.000082724163959e-16,9.095763801371925e-16
translation,1.0,type_i_baseline-74c0457435ca,type_i_baseline,population_standardized,expression,standardized_feature,shape,500,500,0,1.0809065920844455e-15,7.411984717822821e-16,9.11643095557415e-16
translation,1.0,power_design-373e521b860e,power_design,population_standardized,joint,standardized_feature,angle,500,500,0,4.1521822116834133e-07,5.966999617554444e-07,0.0
translation,1.0,power_design-c6cf18ad1af8,power_design,population_standardized,joint,standardized_feature,angle,500,500,0,4.768995763819312e-07,6.268514199000244e-07,0.0
translation,1.0,power_design-ef636b920946,power_design,population_standardized,joint,standardized_feature,angle,500,500,0,4.6363090216455433e-07,6.240021790964002e-07,0.0
translation,1.0,power_primary-532b91e432f9,power_primary,population_standardized,joint,standardized_feature,angle,500,500,0,4.6084699436451984e-07,6.307144045744237e-07,0.0
translation,1.0,type_i_baseline-74c0457435ca,type_i_baseline,population_standardized,joint,standardized_feature,angle,500,500,0,4.5142020305722046e-07,5.972864569643627e-07,0.0
translation,1.0,power_design-373e521b860e,power_design,population_standardized,joint,standardized_feature,delta,500,500,0,0.0,0.0,0.0
translation,1.0,power_design-c6cf18ad1af8,power_design,population_standardized,joint,standardized_feature,delta,500,500,0,0.0,0.0,0.0
translation,1.0,power_design-ef636b920946,power_design,population_standardized,joint,standardized_feature,delta,500,500,0,0.0,0.0,0.0
translation,1.0,power_primary-532b91e432f9,power_primary,population_standardized,joint,standardized_feature,delta,500,500,0,0.0,0.0,0.0
translation,1.0,type_i_baseline-74c0457435ca,type_i_baseline,population_standardized,joint,standardized_feature,delta,500,500,0,0.0,0.0,0.0
translation,1.0,power_design-373e521b860e,power_design,population_standardized,joint,standardized_feature,path_length[A],500,500,0,46.29887332014713,2.2097916802614,46.302232207924966
translation,1.0,power_design-c6cf18ad1af8,power_design,population_standardized,joint,standardized_feature,path_length[A],500,500,0,46.169798902852605,2.156661670969277,46.130845169820994
translation,1.0,power_design-ef636b920946,power_design,population_standardized,joint,standardized_feature,path_length[A],500,500,0,36.7846549962728,1.7397818545170711,36.75056032876226
translation,1.0,power_primary-532b91e432f9,power_primary,population_standardized,joint,standardized_feature,path_length[A],500,500,0,36.67500866162309,1.693266138423848,36.651862346998314
translation,1.0,type_i_baseline-74c0457435ca,type_i_baseline,population_standardized,joint,standardized_feature,path_length[A],500,500,0,36.620336224676635,1.6514688603793917,36.69910262036507
translation,1.0,power_design-373e521b860e,power_design,population_standardized,joint,standardized_feature,path_length[B],500,500,0,46.29887332014713,2.2097916802614,46.302232207924966
translation,1.0,power_design-c6cf18ad1af8,power_design,population_standardized,joint,standardized_feature,path_length[B],500,500,0,46.169798902852605,2.156661670969277,46.130845169820994
translation,1.0,power_design-ef636b920946,power_design,population_standardized,joint,standardized_feature,path_length[B],500,500,0,36.7846549962728,1.7397818545170711,36.75056032876226
translation,1.0,power_primary-532b91e432f9,power_primary,population_standardized,joint,standardized_feature,path_length[B],500,500,0,36.67500866162309,1.693266138423848,36.651862346998314
translation,1.0,type_i_baseline-74c0457435ca,type_i_baseline,population_standardized,joint,standardized_feature,path_length[B],500,500,0,36.620336224676635,1.6514688603793917,36.69910262036507
translation,1.0,power_design-373e521b860e,power_design,population_standardized,joint,standardized_feature,shape,500,500,0,1.2611410931817411e-15,8.769104048735741e-16,1.0333613904019109e-15
translation,1.0,power_design-c6cf18ad1af8,power_design,population_standardized,joint,standardized_feature,shape,500,500,0,1.21654487801702e-15,7.792916236540012e-16,1.0300069491144418e-15
translation,1.0,power_design-ef636b920946,power_design,population_standardized,joint,standardized_feature,shape,500,500,0,1.2309984157156871e-15,8.577409620688327e-16,1.0092759853423432e-15
translation,1.0,power_primary-532b91e432f9,power_primary,population_standardized,joint,standardized_feature,shape,500,500,0,1.1989702088623111e-15,7.83561904938867e-16,1.013712990019028e-15
translation,1.0,type_i_baseline-74c0457435ca,type_i_baseline,population_standardized,joint,standardized_feature,shape,500,500,0,1.2247530632263497e-15,8.164146390166433e-16,1.0105712478604877e-15
translation,1.0,power_design-373e521b860e,power_design,population_standardized,methylation,standardized_feature,angle,500,500,0,5.101287795174444e-07,6.378273929137746e-07,0.0
translation,1.0,power_design-c6cf18ad1af8,power_design,population_standardized,methylation,standardized_feature,angle,500,500,0,4.949776312418243e-07,6.314351355910675e-07,0.0
translation,1.0,power_design-ef636b920946,power_design,population_standardized,methylation,standardized_feature,angle,500,500,0,5.101287795174444e-07,6.378273929137746e-07,0.0
translation,1.0,power_primary-532b91e432f9,power_primary,population_standardized,methylation,standardized_feature,angle,500,500,0,4.949776312418243e-07,6.314351355910675e-07,0.0
translation,1.0,type_i_baseline-74c0457435ca,type_i_baseline,population_standardized,methylation,standardized_feature,angle,500,500,0,4.2122066606927596e-07,5.812685098946668e-07,0.0
translation,1.0,power_design-373e521b860e,power_design,population_standardized,methylation,standardized_feature,delta,500,500,0,0.0,0.0,0.0
translation,1.0,power_design-c6cf18ad1af8,power_design,population_standardized,methylation,standardized_feature,delta,500,500,0,0.0,0.0,0.0
translation,1.0,power_design-ef636b920946,power_design,population_standardized,methylation,standardized_feature,delta,500,500,0,0.0,0.0,0.0
translation,1.0,power_primary-532b91e432f9,power_primary,population_standardized,methylation,standardized_feature,delta,500,500,0,0.0,0.0,0.0
translation,1.0,type_i_baseline-74c0457435ca,type_i_baseline,population_standardized,methylation,standardized_feature,delta,500,500,0,0.0,0.0,0.0
translation,1.0,power_design-373e521b860e,power_design,population_standardized,methylation,standardized_feature,path_length[A],500,500,0,29.093988780009386,1.5120714683895125,29.00814104954188
translation,1.0,power_design-c6cf18ad1af8,power_design,population_standardized,methylation,standardized_feature,path_length[A],500,500,0,29.008241254073827,1.476418656421213,28.943986498153844
translation,1.0,power_design-ef636b920946,power_design,population_standardized,methylation,standardized_feature,path_length[A],500,500,0,29.093988780009386,1.5120714683895125,29.00814104954188
translation,1.0,power_primary-532b91e432f9,power_primary,population_standardized,methylation,standardized_feature,path_length[A],500,500,0,29.008241254073827,1.476418656421213,28.943986498153844
translation,1.0,type_i_baseline-74c0457435ca,type_i_baseline,population_standardized,methylation,standardized_feature,path_length[A],500,500,0,28.92002930592435,1.4351017303085016,28.96877792663689
translation,1.0,power_design-373e521b860e,power_design,population_standardized,methylation,standardized_feature,path_length[B],500,500,0,29.093988780009386,1.5120714683895125,29.00814104954188
translation,1.0,power_design-c6cf18ad1af8,power_design,population_standardized,methylation,standardized_feature,path_length[B],500,500,0,29.008241254073827,1.476418656421213,28.943986498153844
translation,1.0,power_design-ef636b920946,power_design,population_standardized,methylation,standardized_feature,path_length[B],500,500,0,29.093988780009386,1.5120714683895125,29.00814104954188
translation,1.0,power_primary-532b91e432f9,power_primary,population_standardized,methylation,standardized_feature,path_length[B],500,500,0,29.008241254073827,1.476418656421213,28.943986498153844
translation,1.0,type_i_baseline-74c0457435ca,type_i_baseline,population_standardized,methylation,standardized_feature,path_length[B],500,500,0,28.92002930592435,1.4351017303085016,28.96877792663689
translation,1.0,power_design-373e521b860e,power_design,population_standardized,methylation,standardized_feature,shape,500,500,0,1.1831655223611089e-15,9.981426691756733e-16,8.965939744256772e-16
translation,1.0,power_design-c6cf18ad1af8,power_design,population_standardized,methylation,standardized_feature,shape,500,500,0,1.1394084057284985e-15,9.604718156005715e-16,8.952163391101123e-16
translation,1.0,power_design-ef636b920946,power_design,population_standardized,methylation,standardized_feature,shape,500,500,0,1.1831655223611089e-15,9.981426691756733e-16,8.965939744256772e-16
translation,1.0,power_primary-532b91e432f9,power_primary,population_standardized,methylation,standardized_feature,shape,500,500,0,1.1394084057284985e-15,9.604718156005715e-16,8.952163391101123e-16
translation,1.0,type_i_baseline-74c0457435ca,type_i_baseline,population_standardized,methylation,standardized_feature,shape,500,500,0,1.1550427415171083e-15,9.79132212871503e-16,8.89920155193571e-16
translation,1.0,power_design-373e521b860e,power_design,population_standardized,proteomics,standardized_feature,angle,500,500,0,4.593888193573505e-07,6.248043945717865e-07,0.0
translation,1.0,power_design-c6cf18ad1af8,power_design,population_standardized,proteomics,standardized_feature,angle,500,500,0,4.7626792751223255e-07,6.42289749303911e-07,0.0
translation,1.0,power_design-373e521b860e,power_design,population_standardized,proteomics,standardized_feature,delta,500,500,0,0.0,0.0,0.0
translation,1.0,power_design-c6cf18ad1af8,power_design,population_standardized,proteomics,standardized_feature,delta,500,500,0,0.0,0.0,0.0
translation,1.0,power_design-373e521b860e,power_design,population_standardized,proteomics,standardized_feature,path_length[A],500,500,0,28.09481430403992,1.6296448642443497,27.996196642665705
translation,1.0,power_design-c6cf18ad1af8,power_design,population_standardized,proteomics,standardized_feature,path_length[A],500,500,0,28.02591574648377,1.602383950467057,27.959941638076522
translation,1.0,power_design-373e521b860e,power_design,population_standardized,proteomics,standardized_feature,path_length[B],500,500,0,28.09481430403992,1.6296448642443497,27.996196642665705
translation,1.0,power_design-c6cf18ad1af8,power_design,population_standardized,proteomics,standardized_feature,path_length[B],500,500,0,28.02591574648377,1.602383950467057,27.959941638076522
translation,1.0,power_design-373e521b860e,power_design,population_standardized,proteomics,standardized_feature,shape,500,500,0,1.210826141179846e-15,8.929853508748972e-16,9.799006913728397e-16
translation,1.0,power_design-c6cf18ad1af8,power_design,population_standardized,proteomics,standardized_feature,shape,500,500,0,1.1987543287016622e-15,7.867912629212856e-16,9.96671788485761e-16
translation,1.0,power_design-373e521b860e,power_design,observed_standardized,expression,standardized_feature,angle,500,500,0,39.073724314202785,33.81703871840237,28.02481808130398
translation,1.0,power_design-c6cf18ad1af8,power_design,observed_standardized,expression,standardized_feature,angle,500,500,0,37.69194897462909,33.09409769716871,26.502582123826556
translation,1.0,power_design-ef636b920946,power_design,observed_standardized,expression,standardized_feature,angle,500,500,0,39.073724314202785,33.81703871840237,28.02481808130398
translation,1.0,power_primary-532b91e432f9,power_primary,observed_standardized,expression,standardized_feature,angle,500,500,0,37.69194897462909,33.09409769716871,26.502582123826556
translation,1.0,type_i_baseline-74c0457435ca,type_i_baseline,observed_standardized,expression,standardized_feature,angle,500,500,0,39.69190692574844,35.956106773291474,26.62537186677577
translation,1.0,power_design-373e521b860e,power_design,observed_standardized,expression,standardized_feature,delta,500,500,0,0.5172872775886626,0.38462768031268996,0.4340826116758638
translation,1.0,power_design-c6cf18ad1af8,power_design,observed_standardized,expression,standardized_feature,delta,500,500,0,0.5173366607003853,0.3717186843752531,0.45749424791728543
translation,1.0,power_design-ef636b920946,power_design,observed_standardized,expression,standardized_feature,delta,500,500,0,0.5172872775886626,0.38462768031268996,0.4340826116758638
translation,1.0,power_primary-532b91e432f9,power_primary,observed_standardized,expression,standardized_feature,delta,500,500,0,0.5173366607003853,0.3717186843752531,0.45749424791728543
translation,1.0,type_i_baseline-74c0457435ca,type_i_baseline,observed_standardized,expression,standardized_feature,delta,500,500,0,0.5160551975708036,0.37535072828733507,0.4532042665486422
translation,1.0,power_design-373e521b860e,power_design,observed_standardized,expression,standardized_feature,path_length[A],500,500,0,23.414647333494724,1.163754097527369,23.36890388233219
translation,1.0,power_design-c6cf18ad1af8,power_design,observed_standardized,expression,standardized_feature,path_length[A],500,500,0,23.2936854406548,1.1717888701119377,23.308206707542134
translation,1.0,power_design-ef636b920946,power_design,observed_standardized,expression,standardized_feature,path_length[A],500,500,0,23.414647333494724,1.163754097527369,23.36890388233219
translation,1.0,power_primary-532b91e432f9,power_primary,observed_standardized,expression,standardized_feature,path_length[A],500,500,0,23.2936854406548,1.1717888701119377,23.308206707542134
translation,1.0,type_i_baseline-74c0457435ca,type_i_baseline,observed_standardized,expression,standardized_feature,path_length[A],500,500,0,23.267347599534357,1.159244001176404,23.353840523198468
translation,1.0,power_design-373e521b860e,power_design,observed_standardized,expression,standardized_feature,path_length[B],500,500,0,23.572083760610564,1.134182744039215,23.631753106576653
translation,1.0,power_design-c6cf18ad1af8,power_design,observed_standardized,expression,standardized_feature,path_length[B],500,500,0,23.5039320187158,1.1502077297156412,23.541718352303334
translation,1.0,power_design-ef636b920946,power_design,observed_standardized,expression,standardized_feature,path_length[B],500,500,0,23.572083760610564,1.134182744039215,23.631753106576653
translation,1.0,power_primary-532b91e432f9,power_primary,observed_standardized,expression,standardized_feature,path_length[B],500,500,0,23.5039320187158,1.1502077297156412,23.541718352303334
translation,1.0,type_i_baseline-74c0457435ca,type_i_baseline,observed_standardized,expression,standardized_feature,path_length[B],500,500,0,23.530148517616333,1.1425806145894217,23.57010169363978
translation,1.0,power_design-373e521b860e,power_design,observed_standardized,expression,standardized_feature,shape,500,500,0,0.029216671013520056,0.015279125523558236,0.02764015321259819
translation,1.0,power_design-c6cf18ad1af8,power_design,observed_standardized,expression,standardized_feature,shape,500,500,0,0.027990285431501612,0.015719651768935278,0.02506533638850063
translation,1.0,power_design-ef636b920946,power_design,observed_standardized,expression,standardized_feature,shape,500,500,0,0.029216671013520056,0.015279125523558236,0.02764015321259819
translation,1.0,power_primary-532b91e432f9,power_primary,observed_standardized,expression,standardized_feature,shape,500,500,0,0.027990285431501612,0.015719651768935278,0.02506533638850063
translation,1.0,type_i_baseline-74c0457435ca,type_i_baseline,observed_standardized,expression,standardized_feature,shape,500,500,0,0.028226870996381114,0.016693131654370235,0.025593626725587647
translation,1.0,power_design-373e521b860e,power_design,observed_standardized,joint,standardized_feature,angle,500,500,0,44.44006331349101,33.57571163469114,31.46631417007903
translation,1.0,power_design-c6cf18ad1af8,power_design,observed_standardized,joint,standardized_feature,angle,500,500,0,40.11918524499989,28.025972833842843,30.888992253703883
translation,1.0,power_design-ef636b920946,power_design,observed_standardized,joint,standardized_feature,angle,500,500,0,53.98906345559648,35.221215651003426,38.48365021596014
translation,1.0,power_primary-532b91e432f9,power_primary,observed_standardized,joint,standardized_feature,angle,500,500,0,50.14457018013904,32.80595123147448,36.93772568329036
translation,1.0,type_i_baseline-74c0457435ca,type_i_baseline,observed_standardized,joint,standardized_feature,angle,500,500,0,52.28357235839691,34.754851081229546,36.97786559458518
translation,1.0,power_design-373e521b860e,power_design,observed_standardized,joint,standardized_feature,delta,500,500,0,1.184251154515595,1.0723896855334154,0.931059900094219
translation,1.0,power_design-c6cf18ad1af8,power_design,observed_standardized,joint,standardized_feature,delta,500,500,0,1.2235810645882883,1.0481938647654827,0.9648710347437266
translation,1.0,power_design-ef636b920946,power_design,observed_standardized,joint,standardized_feature,delta,500,500,0,1.3692392907938051,1.2789991293111072,1.0139059992102482
translation,1.0,power_primary-532b91e432f9,power_primary,observed_standardized,joint,standardized_feature,delta,500,500,0,1.404700047638156,1.2592361667171885,1.102934156511509
translation,1.0,type_i_baseline-74c0457435ca,type_i_baseline,observed_standardized,joint,standardized_feature,delta,500,500,0,1.3723598735822815,1.368394187615515,0.9925588682459043
translation,1.0,power_design-373e521b860e,power_design,observed_standardized,joint,standardized_feature,path_length[A],500,500,0,49.03060418443791,2.159331750721883,48.95685443145169
translation,1.0,power_design-c6cf18ad1af8,power_design,observed_standardized,joint,standardized_feature,path_length[A],500,500,0,48.67128844214905,2.125858357476465,48.597199715619034
translation,1.0,power_design-ef636b920946,power_design,observed_standardized,joint,standardized_feature,path_length[A],500,500,0,39.62015531472526,1.8561735959357968,39.57437280146993
translation,1.0,power_primary-532b91e432f9,power_primary,observed_standardized,joint,standardized_feature,path_length[A],500,500,0,39.27376108197057,1.834044247874134,39.22682996027464
translation,1.0,type_i_baseline-74c0457435ca,type_i_baseline,observed_standardized,joint,standardized_feature,path_length[A],500,500,0,39.33337434271238,1.8908375140862983,39.12085756257243
translation,1.0,power_design-373e521b860e,power_design,observed_standardized,joint,standardized_feature,path_length[B],500,500,0,49.63849339204246,2.291111392943516,49.62131991464167
translation,1.0,power_design-c6cf18ad1af8,power_design,observed_standardized,joint,standardized_feature,path_length[B],500,500,0,49.38630986918671,2.2351887027501305,49.33071078181344
translation,1.0,power_design-ef636b920946,power_design,observed_standardized,joint,standardized_feature,path_length[B],500,500,0,40.26225371981307,2.0327900977133098,40.15549863737269
translation,1.0,power_primary-532b91e432f9,power_primary,observed_standardized,joint,standardized_feature,path_length[B],500,500,0,40.029409928332235,1.9809661584645186,39.96639916499721
translation,1.0,type_i_baseline-74c0457435ca,type_i_baseline,observed_standardized,joint,standardized_feature,path_length[B],500,500,0,39.94476239941304,1.9766232465247222,39.816595795019865
translation,1.0,power_design-373e521b860e,power_design,observed_standardized,joint,standardized_feature,shape,500,500,0,0.031083699129389575,0.01902278800528427,0.027472600342526667
translation,1.0,power_design-c6cf18ad1af8,power_design,observed_standardized,joint,standardized_feature,shape,500,500,0,0.03102997626816363,0.019202885044133696,0.02647534309463767
translation,1.0,power_design-ef636b920946,power_design,observed_standardized,joint,standardized_feature,shape,500,500,0,0.045022956114204316,0.02795928489776131,0.03876697909106916
translation,1.0,power_primary-532b91e432f9,power_primary,observed_standardized,joint,standardized_feature,shape,500,500,0,0.0447302049833843,0.027488091399129846,0.03803263863955261
translation,1.0,type_i_baseline-74c0457435ca,type_i_baseline,observed_standardized,joint,standardized_feature,shape,500,500,0,0.047046371196098564,0.03133931212768092,0.03888843774060431
translation,1.0,power_design-373e521b860e,power_design,observed_standardized,methylation,standardized_feature,angle,500,500,0,58.54143384878602,33.401570371150044,45.44266218007306
translation,1.0,power_design-c6cf18ad1af8,power_design,observed_standardized,methylation,standardized_feature,angle,500,500,0,56.64922389969848,32.53992673521313,44.24934190367685
translation,1.0,power_design-ef636b920946,power_design,observed_standardized,methylation,standardized_feature,angle,500,500,0,58.54143384878602,33.401570371150044,45.44266218007306
translation,1.0,power_primary-532b91e432f9,power_primary,observed_standardized,methylation,standardized_feature,angle,500,500,0,56.64922389969848,32.53992673521313,44.24934190367685
translation,1.0,type_i_baseline-74c0457435ca,type_i_baseline,observed_standardized,methylation,standardized_feature,angle,500,500,0,59.0853210097445,34.92417127871357,44.75719249152872
translation,1.0,power_design-373e521b860e,power_design,observed_standardized,methylation,standardized_feature,delta,500,500,0,1.5684943535259908,1.4766550541964911,1.1652508022286625
translation,1.0,power_design-c6cf18ad1af8,power_design,observed_standardized,methylation,standardized_feature,delta,500,500,0,1.6285199537303237,1.4815096007468385,1.1589539515595977
translation,1.0,power_design-ef636b920946,power_design,observed_standardized,methylation,standardized_feature,delta,500,500,0,1.5684943535259908,1.4766550541964911,1.1652508022286625
translation,1.0,power_primary-532b91e432f9,power_primary,observed_standardized,methylation,standardized_feature,delta,500,500,0,1.6285199537303237,1.4815096007468385,1.1589539515595977
translation,1.0,type_i_baseline-74c0457435ca,type_i_baseline,observed_standardized,methylation,standardized_feature,delta,500,500,0,1.566794914903791,1.5903382815329883,1.0338004162252226
translation,1.0,power_design-373e521b860e,power_design,observed_standardized,methylation,standardized_feature,path_length[A],500,500,0,31.92969636782561,1.832223573445945,31.769936335536674
translation,1.0,power_design-c6cf18ad1af8,power_design,observed_standardized,methylation,standardized_feature,path_length[A],500,500,0,31.589430329463134,1.8028694768081417,31.50167970597441
translation,1.0,power_design-ef636b920946,power_design,observed_standardized,methylation,standardized_feature,path_length[A],500,500,0,31.92969636782561,1.832223573445945,31.769936335536674
translation,1.0,power_primary-532b91e432f9,power_primary,observed_standardized,methylation,standardized_feature,path_length[A],500,500,0,31.589430329463134,1.8028694768081417,31.50167970597441
translation,1.0,type_i_baseline-74c0457435ca,type_i_baseline,observed_standardized,methylation,standardized_feature,path_length[A],500,500,0,31.680950722849865,1.9011046458169276,31.435865801918418
translation,1.0,power_design-373e521b860e,power_design,observed_standardized,methylation,standardized_feature,path_length[B],500,500,0,32.603777886047716,2.0833155304434854,32.438672076650995
translation,1.0,power_design-c6cf18ad1af8,power_design,observed_standardized,methylation,standardized_feature,path_length[B],500,500,0,32.3665698182319,2.017456323566321,32.321341545330085
translation,1.0,power_design-ef636b920946,power_design,observed_standardized,methylation,standardized_feature,path_length[B],500,500,0,32.603777886047716,2.0833155304434854,32.438672076650995
translation,1.0,power_primary-532b91e432f9,power_primary,observed_standardized,methylation,standardized_feature,path_length[B],500,500,0,32.3665698182319,2.017456323566321,32.321341545330085
translation,1.0,type_i_baseline-74c0457435ca,type_i_baseline,observed_standardized,methylation,standardized_feature,path_length[B],500,500,0,32.241470442880754,2.021257982566103,32.13404592282279
translation,1.0,power_design-373e521b860e,power_design,observed_standardized,methylation,standardized_feature,shape,500,500,0,0.06477528817857697,0.03995923499560959,0.05490117698535402
translation,1.0,power_design-c6cf18ad1af8,power_design,observed_standardized,methylation,standardized_feature,shape,500,500,0,0.0639944598780494,0.04025177413348088,0.054715398741401536
translation,1.0,power_design-ef636b920946,power_design,observed_standardized,methylation,standardized_feature,shape,500,500,0,0.06477528817857697,0.03995923499560959,0.05490117698535402
translation,1.0,power_primary-532b91e432f9,power_primary,observed_standardized,methylation,standardized_feature,shape,500,500,0,0.0639944598780494,0.04025177413348088,0.054715398741401536
translation,1.0,type_i_baseline-74c0457435ca,type_i_baseline,observed_standardized,methylation,standardized_feature,shape,500,500,0,0.06696824403003857,0.044910503962945075,0.054879178739196496
translation,1.0,power_design-373e521b860e,power_design,observed_standardized,proteomics,standardized_feature,angle,500,500,0,30.42609995696145,32.17027685374013,21.034013019034646
translation,1.0,power_design-c6cf18ad1af8,power_design,observed_standardized,proteomics,standardized_feature,angle,500,500,0,29.31478494271814,31.492048436576603,20.334890415056673
translation,1.0,power_design-373e521b860e,power_design,observed_standardized,proteomics,standardized_feature,delta,500,500,0,0.39696721905852184,0.31910928631645363,0.2973549803636111
translation,1.0,power_design-c6cf18ad1af8,power_design,observed_standardized,proteomics,standardized_feature,delta,500,500,0,0.41616375284943785,0.3091701956251608,0.35180360355678353
translation,1.0,power_design-373e521b860e,power_design,observed_standardized,proteomics,standardized_feature,path_length[A],500,500,0,28.853191741165848,1.5405666666439204,28.787990359252017
translation,1.0,power_design-c6cf18ad1af8,power_design,observed_standardized,proteomics,standardized_feature,path_length[A],500,500,0,28.718074850657963,1.5264698096088092,28.682794298440662
translation,1.0,power_design-373e521b860e,power_design,observed_standardized,proteomics,standardized_feature,path_length[B],500,500,0,28.999237903199862,1.5336410252092396,28.941943361916124
translation,1.0,power_design-c6cf18ad1af8,power_design,observed_standardized,proteomics,standardized_feature,path_length[B],500,500,0,28.890667103202478,1.5290453210371295,28.77982855554602
translation,1.0,power_design-373e521b860e,power_design,observed_standardized,proteomics,standardized_feature,shape,500,500,0,0.01834019249487711,0.009775031830450505,0.017015602835536346
translation,1.0,power_design-c6cf18ad1af8,power_design,observed_standardized,proteomics,standardized_feature,shape,500,500,0,0.0193739297811022,0.010230400907501842,0.017801128271018735
translation,1.0,power_design-373e521b860e,power_design,pls_latent,joint,pls_latent,angle,500,500,0,23.906355880863277,36.938609733155694,10.421191423507477
translation,1.0,power_design-c6cf18ad1af8,power_design,pls_latent,joint,pls_latent,angle,500,500,0,22.929343981821784,35.52903906338205,10.735428286613988
translation,1.0,power_design-ef636b920946,power_design,pls_latent,joint,pls_latent,angle,500,500,0,34.20072392360675,42.594153953350904,16.624657547848415
translation,1.0,power_primary-532b91e432f9,power_primary,pls_latent,joint,pls_latent,angle,500,500,0,29.055249113254998,37.43699763015785,16.89779806656245
translation,1.0,type_i_baseline-74c0457435ca,type_i_baseline,pls_latent,joint,pls_latent,angle,500,500,0,31.36066729834637,40.936433270892216,16.163409745499983
translation,1.0,power_design-373e521b860e,power_design,pls_latent,joint,pls_latent,delta,500,500,0,1.0883053556636566,1.0055085773003638,0.8377623761899535
translation,1.0,power_design-c6cf18ad1af8,power_design,pls_latent,joint,pls_latent,delta,500,500,0,1.0997238055845657,0.9993857963998051,0.8077188793392942
translation,1.0,power_design-ef636b920946,power_design,pls_latent,joint,pls_latent,delta,500,500,0,1.159110324868907,0.997389049985367,0.8886330509515545
translation,1.0,power_primary-532b91e432f9,power_primary,pls_latent,joint,pls_latent,delta,500,500,0,1.191720473267598,1.0893986459736498,0.8766904223501122
translation,1.0,type_i_baseline-74c0457435ca,type_i_baseline,pls_latent,joint,pls_latent,delta,500,500,0,1.1637802959457235,1.1244890570760264,0.8047870491482527
translation,1.0,power_design-373e521b860e,power_design,pls_latent,joint,pls_latent,path_length[A],500,500,0,46.96284878483778,2.168316491321593,46.90840310088266
translation,1.0,power_design-c6cf18ad1af8,power_design,pls_latent,joint,pls_latent,path_length[A],500,500,0,46.6811632056111,2.1001882908950003,46.64762043564494
translation,1.0,power_design-ef636b920946,power_design,pls_latent,joint,pls_latent,path_length[A],500,500,0,38.92071438734257,2.4797435398936,38.61467031605608
translation,1.0,power_primary-532b91e432f9,power_primary,pls_latent,joint,pls_latent,path_length[A],500,500,0,38.64072511908491,2.4779010459598676,38.278380527890185
translation,1.0,type_i_baseline-74c0457435ca,type_i_baseline,pls_latent,joint,pls_latent,path_length[A],500,500,0,38.808159711477856,2.5262906391222604,38.43945102764545
translation,1.0,power_design-373e521b860e,power_design,pls_latent,joint,pls_latent,path_length[B],500,500,0,47.104720862133014,2.2543640896677353,47.090651451573926
translation,1.0,power_design-c6cf18ad1af8,power_design,pls_latent,joint,pls_latent,path_length[B],500,500,0,46.875659876992664,2.2311838654004754,46.85665564475775
translation,1.0,power_design-ef636b920946,power_design,pls_latent,joint,pls_latent,path_length[B],500,500,0,38.99860262339973,2.370641168692501,38.75138112414851
translation,1.0,power_primary-532b91e432f9,power_primary,pls_latent,joint,pls_latent,path_length[B],500,500,0,38.81997103814043,2.5197846529872936,38.51538950830257
translation,1.0,type_i_baseline-74c0457435ca,type_i_baseline,pls_latent,joint,pls_latent,path_length[B],500,500,0,38.880146908533845,2.595029190956036,38.351934557578794
translation,1.0,power_design-373e521b860e,power_design,pls_latent,joint,pls_latent,shape,500,500,0,0.03113382965938003,0.01962263461414125,0.02687277880000683
translation,1.0,power_design-c6cf18ad1af8,power_design,pls_latent,joint,pls_latent,shape,500,500,0,0.03181455822137261,0.019848516610172517,0.02729913149694996
translation,1.0,power_design-ef636b920946,power_design,pls_latent,joint,pls_latent,shape,500,500,0,0.03954375835346043,0.02323851951232067,0.03525681071001623
translation,1.0,power_primary-532b91e432f9,power_primary,pls_latent,joint,pls_latent,shape,500,500,0,0.03902089077034257,0.024002829679615523,0.03431520040618842
translation,1.0,type_i_baseline-74c0457435ca,type_i_baseline,pls_latent,joint,pls_latent,shape,500,500,0,0.03944383508353197,0.024874056121313957,0.03374335798736126
