trajectory_mode,effect_size,cell_id,phase,checkpoint,scope,measurement_space,statistic,n_replicates,n_available,n_unavailable,mean,sd,median
magnitude,0.25,power_primary-4788df693b86,power_primary,population_native,expression,native_omic_units,angle,100,100,0,7.092459242407174e-07,8.708111011144767e-07,0.0
magnitude,0.25,power_primary-4788df693b86,power_primary,population_native,expression,native_omic_units,delta,100,100,0,0.0,0.0,0.0
magnitude,0.25,power_primary-4788df693b86,power_primary,population_native,expression,native_omic_units,path_length[A],100,100,0,44.50296170753463,1.4629041188467085,44.47395051852209
magnitude,0.25,power_primary-4788df693b86,power_primary,population_native,expression,native_omic_units,path_length[B],100,100,0,44.50296170753463,1.4629041188467085,44.47395051852209
magnitude,0.25,power_primary-4788df693b86,power_primary,population_native,expression,native_omic_units,shape,100,100,0,1.5265448535713467e-15,2.2023161931331954e-16,1.4872780220552563e-15
magnitude,0.25,power_primary-4788df693b86,power_primary,population_native,methylation,native_omic_units,angle,100,100,0,5.420748024027755e-07,7.365867700389561e-07,0.0
magnitude,0.25,power_primary-4788df693b86,power_primary,population_native,methylation,native_omic_units,delta,100,100,0,16.286276252488847,0.47672285379499474,16.281041477281086
magnitude,0.25,power_primary-4788df693b86,power_primary,population_native,methylation,native_omic_units,path_length[A],100,100,0,65.1451050099554,1.9068914151799745,65.12416590912433
magnitude,0.25,power_primary-4788df693b86,power_primary,population_native,methylation,native_omic_units,path_length[B],100,100,0,81.43138126244428,2.383614268974969,81.40520738640541
magnitude,0.25,power_primary-4788df693b86,power_primary,population_native,methylation,native_omic_units,shape,100,100,0,2.18617209492284e-15,4.053493256739042e-16,2.1160156672482457e-15
magnitude,0.25,power_primary-4788df693b86,power_primary,population_native,proteomics,native_omic_units,angle,100,100,0,5.970063482451982e-07,8.145119009441357e-07,0.0
magnitude,0.25,power_primary-4788df693b86,power_primary,population_native,proteomics,native_omic_units,delta,100,100,0,0.0,0.0,0.0
magnitude,0.25,power_primary-4788df693b86,power_primary,population_native,proteomics,native_omic_units,path_length[A],100,100,0,49.43995775674261,1.8001531846878354,49.242355296257536
magnitude,0.25,power_primary-4788df693b86,power_primary,population_native,proteomics,native_omic_units,path_length[B],100,100,0,49.43995775674261,1.8001531846878354,49.242355296257536
magnitude,0.25,power_primary-4788df693b86,power_primary,population_native,proteomics,native_omic_units,shape,100,100,0,1.7344766628651907e-15,2.776347725724651e-16,1.6894254230106198e-15
magnitude,0.25,power_primary-4788df693b86,power_primary,population_standardized,expression,standardized_feature,angle,100,100,0,8.233607917796137e-07,9.593469915286944e-07,0.0
magnitude,0.25,power_primary-4788df693b86,power_primary,population_standardized,expression,standardized_feature,delta,100,100,0,0.0,0.0,0.0
magnitude,0.25,power_primary-4788df693b86,power_primary,population_standardized,expression,standardized_feature,path_length[A],100,100,0,38.47977730517176,1.2659828327559706,38.445940578096085
magnitude,0.25,power_primary-4788df693b86,power_primary,population_standardized,expression,standardized_feature,path_length[B],100,100,0,38.47977730517176,1.2659828327559706,38.445940578096085
magnitude,0.25,power_primary-4788df693b86,power_primary,population_standardized,expression,standardized_feature,shape,100,100,0,1.1246295140339256e-15,4.671641874132482e-16,1.0229427244885613e-15
magnitude,0.25,power_primary-4788df693b86,power_primary,population_standardized,joint,standardized_feature,angle,100,100,0,15.4934970108335,31.980972652269138,7.206497547677543
magnitude,0.25,power_primary-4788df693b86,power_primary,population_standardized,joint,standardized_feature,delta,100,100,0,9.094510190835573,0.35810269458049765,9.083470444182844
magnitude,0.25,power_primary-4788df693b86,power_primary,population_standardized,joint,standardized_feature,path_length[A],100,100,0,80.99097443056698,2.250709474537198,80.9826478371028
magnitude,0.25,power_primary-4788df693b86,power_primary,population_standardized,joint,standardized_feature,path_length[B],100,100,0,90.08548462140254,2.440032208554432,90.16498455808261
magnitude,0.25,power_primary-4788df693b86,power_primary,population_standardized,joint,standardized_feature,shape,100,100,0,0.007149984799465223,0.0020724034077362315,0.007093036653471227
magnitude,0.25,power_primary-4788df693b86,power_primary,population_standardized,methylation,standardized_feature,angle,100,100,0,5.985470568873391e-07,7.522306987322238e-07,0.0
magnitude,0.25,power_primary-4788df693b86,power_primary,population_standardized,methylation,standardized_feature,delta,100,100,0,13.143550657101406,0.38598141485692555,13.178842452778532
magnitude,0.25,power_primary-4788df693b86,power_primary,population_standardized,methylation,standardized_feature,path_length[A],100,100,0,52.57420262840562,1.5439256594276989,52.71536981111413
magnitude,0.25,power_primary-4788df693b86,power_primary,population_standardized,methylation,standardized_feature,path_length[B],100,100,0,65.71775328550707,1.9299070742846238,65.89421226389265
magnitude,0.25,power_primary-4788df693b86,power_primary,population_standardized,methylation,standardized_feature,shape,100,100,0,1.133204525874582e-15,4.177996097703763e-16,1.0464019119760246e-15
magnitude,0.25,power_primary-4788df693b86,power_primary,population_standardized,proteomics,standardized_feature,angle,100,100,0,7.789560989845656e-07,8.52731188413493e-07,8.537736462515939e-07
magnitude,0.25,power_primary-4788df693b86,power_primary,population_standardized,proteomics,standardized_feature,delta,100,100,0,0.0,0.0,0.0
magnitude,0.25,power_primary-4788df693b86,power_primary,population_standardized,proteomics,standardized_feature,path_length[A],100,100,0,48.06371176700649,1.737029650306716,47.99349508537546
magnitude,0.25,power_primary-4788df693b86,power_primary,population_standardized,proteomics,standardized_feature,path_length[B],100,100,0,48.06371176700649,1.737029650306716,47.99349508537546
magnitude,0.25,power_primary-4788df693b86,power_primary,population_standardized,proteomics,standardized_feature,shape,100,100,0,1.1502296098503087e-15,2.892412346343841e-16,1.1107980186993502e-15
magnitude,0.25,power_primary-4788df693b86,power_primary,observed_standardized,expression,standardized_feature,angle,100,100,0,25.367810871420865,33.72909369663263,13.822466224475448
magnitude,0.25,power_primary-4788df693b86,power_primary,observed_standardized,expression,standardized_feature,delta,100,100,0,0.33006299710615317,0.25612505822886483,0.29299217538535416
magnitude,0.25,power_primary-4788df693b86,power_primary,observed_standardized,expression,standardized_feature,path_length[A],100,100,0,38.863375290077926,1.2647172352596519,38.81305346581989
magnitude,0.25,power_primary-4788df693b86,power_primary,observed_standardized,expression,standardized_feature,path_length[B],100,100,0,38.82228463011491,1.2630565747637401,38.857268022384346
magnitude,0.25,power_primary-4788df693b86,power_primary,observed_standardized,expression,standardized_feature,shape,100,100,0,0.01889412159010091,0.005687448596133878,0.018337495999296564
magnitude,0.25,power_primary-4788df693b86,power_primary,observed_standardized,joint,standardized_feature,angle,100,100,0,27.380003032123497,37.75564770887246,15.242137538857676
magnitude,0.25,power_primary-4788df693b86,power_primary,observed_standardized,joint,standardized_feature,delta,100,100,0,8.954202564892864,0.5328392556597242,8.942994718250858
magnitude,0.25,power_primary-4788df693b86,power_primary,observed_standardized,joint,standardized_feature,path_length[A],100,100,0,81.90003179600761,2.2674959692949153,81.94594874329609
magnitude,0.25,power_primary-4788df693b86,power_primary,observed_standardized,joint,standardized_feature,path_length[B],100,100,0,90.85423436090053,2.335072552929461,90.95235395907653
magnitude,0.25,power_primary-4788df693b86,power_primary,observed_standardized,joint,standardized_feature,shape,100,100,0,0.011903084388726446,0.004146223785269028,0.01138046876915498
magnitude,0.25,power_primary-4788df693b86,power_primary,observed_standardized,methylation,standardized_feature,angle,100,100,0,36.42178183237904,46.54965890139781,17.261280273711108
magnitude,0.25,power_primary-4788df693b86,power_primary,observed_standardized,methylation,standardized_feature,delta,100,100,0,12.933906055508793,0.6160164155549047,12.95594682006032
magnitude,0.25,power_primary-4788df693b86,power_primary,observed_standardized,methylation,standardized_feature,path_length[A],100,100,0,53.4200635123774,1.5765772410317156,53.56066041987507
magnitude,0.25,power_primary-4788df693b86,power_primary,observed_standardized,methylation,standardized_feature,path_length[B],100,100,0,66.35396956788618,1.8306036498235114,66.49196608147713
magnitude,0.25,power_primary-4788df693b86,power_primary,observed_standardized,methylation,standardized_feature,shape,100,100,0,0.0168758423660736,0.00816445668279428,0.015278007839916013
magnitude,0.25,power_primary-4788df693b86,power_primary,observed_standardized,proteomics,standardized_feature,angle,100,100,0,12.221236691476081,16.33057676078894,9.72447607827699
magnitude,0.25,power_primary-4788df693b86,power_primary,observed_standardized,proteomics,standardized_feature,delta,100,100,0,0.2542728105471406,0.20100403721403864,0.22472842032339813
magnitude,0.25,power_primary-4788df693b86,power_primary,observed_standardized,proteomics,standardized_feature,path_length[A],100,100,0,48.360738024627636,1.7140849509075438,48.3843799703202
magnitude,0.25,power_primary-4788df693b86,power_primary,observed_standardized,proteomics,standardized_feature,path_length[B],100,100,0,48.35970627647447,1.7022807032835316,48.197927156046276
magnitude,0.25,power_primary-4788df693b86,power_primary,observed_standardized,proteomics,standardized_feature,shape,100,100,0,0.011134216401448451,0.0035834004887827387,0.010694939472793784
magnitude,0.25,power_primary-4788df693b86,power_primary,pls_latent,joint,pls_latent,angle,100,100,0,15.629857183015849,33.02281864129384,6.7441580141930295
magnitude,0.25,power_primary-4788df693b86,power_primary,pls_latent,joint,pls_latent,delta,100,100,0,8.710810929006346,0.8049185765602613,8.82947746999259
magnitude,0.25,power_primary-4788df693b86,power_primary,pls_latent,joint,pls_latent,path_length[A],100,100,0,78.93998158166534,6.195893564290313,80.86055597431569
magnitude,0.25,power_primary-4788df693b86,power_primary,pls_latent,joint,pls_latent,path_length[B],100,100,0,87.65079251067175,6.782938119124272,89.67763372909461
magnitude,0.25,power_primary-4788df693b86,power_primary,pls_latent,joint,pls_latent,shape,100,100,0,0.012108970529320617,0.004165849967522287,0.011790704822538889
magnitude,0.5,power_primary-cdd9c329edeb,power_primary,population_native,expression,native_omic_units,angle,100,100,0,7.092459242407174e-07,8.708111011144767e-07,0.0
magnitude,0.5,power_primary-cdd9c329edeb,power_primary,population_native,expression,native_omic_units,delta,100,100,0,0.0,0.0,0.0
magnitude,0.5,power_primary-cdd9c329edeb,power_primary,population_native,expression,native_omic_units,path_length[A],100,100,0,44.50296170753463,1.4629041188467085,44.47395051852209
magnitude,0.5,power_primary-cdd9c329edeb,power_primary,population_native,expression,native_omic_units,path_length[B],100,100,0,44.50296170753463,1.4629041188467085,44.47395051852209
magnitude,0.5,power_primary-cdd9c329edeb,power_primary,population_native,expression,native_omic_units,shape,100,100,0,1.5265448535713467e-15,2.2023161931331954e-16,1.4872780220552563e-15
magnitude,0.5,power_primary-cdd9c329edeb,power_primary,population_native,methylation,native_omic_units,angle,100,100,0,5.838540575148841e-07,7.393138101325866e-07,0.0
magnitude,0.5,power_primary-cdd9c329edeb,power_primary,population_native,methylation,native_omic_units,delta,100,100,0,32.5725525049777,0.9534457075899859,32.56208295456216
magnitude,0.5,power_primary-cdd9c329edeb,power_primary,population_native,methylation,native_omic_units,path_length[A],100,100,0,65.1451050099554,1.9068914151799745,65.12416590912433
magnitude,0.5,power_primary-cdd9c329edeb,power_primary,population_native,methylation,native_omic_units,path_length[B],100,100,0,97.71765751493311,2.8603371227699603,97.68624886368649
magnitude,0.5,power_primary-cdd9c329edeb,power_primary,population_native,methylation,native_omic_units,shape,100,100,0,2.195021151674348e-15,4.265359737280162e-16,2.1114752766375524e-15
magnitude,0.5,power_primary-cdd9c329edeb,power_primary,population_native,proteomics,native_omic_units,angle,100,100,0,5.970063482451982e-07,8.145119009441357e-07,0.0
magnitude,0.5,power_primary-cdd9c329edeb,power_primary,population_native,proteomics,native_omic_units,delta,100,100,0,0.0,0.0,0.0
magnitude,0.5,power_primary-cdd9c329edeb,power_primary,population_native,proteomics,native_omic_units,path_length[A],100,100,0,49.43995775674261,1.8001531846878354,49.242355296257536
magnitude,0.5,power_primary-cdd9c329edeb,power_primary,population_native,proteomics,native_omic_units,path_length[B],100,100,0,49.43995775674261,1.8001531846878354,49.242355296257536
magnitude,0.5,power_primary-cdd9c329edeb,power_primary,population_native,proteomics,native_omic_units,shape,100,100,0,1.7344766628651907e-15,2.776347725724651e-16,1.6894254230106198e-15
magnitude,0.5,power_primary-cdd9c329edeb,power_primary,population_standardized,expression,standardized_feature,angle,100,100,0,8.233607917796137e-07,9.593469915286944e-07,0.0
magnitude,0.5,power_primary-cdd9c329edeb,power_primary,population_standardized,expression,standardized_feature,delta,100,100,0,0.0,0.0,0.0
magnitude,0.5,power_primary-cdd9c329edeb,power_primary,population_standardized,expression,standardized_feature,path_length[A],100,100,0,38.47977730517176,1.2659828327559706,38.445940578096085
magnitude,0.5,power_primary-cdd9c329edeb,power_primary,population_standardized,expression,standardized_feature,path_length[B],100,100,0,38.47977730517176,1.2659828327559706,38.445940578096085
magnitude,0.5,power_primary-cdd9c329edeb,power_primary,population_standardized,expression,standardized_feature,shape,100,100,0,1.1246295140339256e-15,4.671641874132482e-16,1.0229427244885613e-15
magnitude,0.5,power_primary-cdd9c329edeb,power_primary,population_standardized,joint,standardized_feature,angle,100,100,0,24.850033399475382,35.79172442817585,13.082560394329573
magnitude,0.5,power_primary-cdd9c329edeb,power_primary,population_standardized,joint,standardized_feature,delta,100,100,0,16.65558921187414,0.6462440695060768,16.633488927611936
magnitude,0.5,power_primary-cdd9c329edeb,power_primary,population_standardized,joint,standardized_feature,path_length[A],100,100,0,78.07748865493514,2.2030134333481266,78.22006594194401
magnitude,0.5,power_primary-cdd9c329edeb,power_primary,population_standardized,joint,standardized_feature,path_length[B],100,100,0,94.73307786680927,2.550658678012315,94.82071128091275
magnitude,0.5,power_primary-cdd9c329edeb,power_primary,population_standardized,joint,standardized_feature,shape,100,100,0,0.01286400565410215,0.003735972331654854,0.012725061948509354
magnitude,0.5,power_primary-cdd9c329edeb,power_primary,population_standardized,methylation,standardized_feature,angle,100,100,0,5.409333087344255e-07,7.668026772254506e-07,0.0
magnitude,0.5,power_primary-cdd9c329edeb,power_primary,population_standardized,methylation,standardized_feature,delta,100,100,0,23.984732193665096,0.7002149522538323,24.022888437830378
magnitude,0.5,power_primary-cdd9c329edeb,power_primary,population_standardized,methylation,standardized_feature,path_length[A],100,100,0,47.9694643873302,1.4004299045076638,48.04577687566075
magnitude,0.5,power_primary-cdd9c329edeb,power_primary,population_standardized,methylation,standardized_feature,path_length[B],100,100,0,71.95419658099529,2.100644856761496,72.06866531349112
magnitude,0.5,power_primary-cdd9c329edeb,power_primary,population_standardized,methylation,standardized_feature,shape,100,100,0,1.1185525897238227e-15,3.5629461623260155e-16,1.0417569653591241e-15
magnitude,0.5,power_primary-cdd9c329edeb,power_primary,population_standardized,proteomics,standardized_feature,angle,100,100,0,7.789560989845656e-07,8.52731188413493e-07,8.537736462515939e-07
magnitude,0.5,power_primary-cdd9c329edeb,power_primary,population_standardized,proteomics,standardized_feature,delta,100,100,0,0.0,0.0,0.0
magnitude,0.5,power_primary-cdd9c329edeb,power_primary,population_standardized,proteomics,standardized_feature,path_length[A],100,100,0,48.06371176700649,1.737029650306716,47.99349508537546
magnitude,0.5,power_primary-cdd9c329edeb,power_primary,population_standardized,proteomics,standardized_feature,path_length[B],100,100,0,48.06371176700649,1.737029650306716,47.99349508537546
magnitude,0.5,power_primary-cdd9c329edeb,power_primary,population_standardized,proteomics,standardized_feature,shape,100,100,0,1.1502296098503087e-15,2.892412346343841e-16,1.1107980186993502e-15
magnitude,0.5,power_primary-cdd9c329edeb,power_primary,observed_standardized,expression,standardized_feature,angle,100,100,0,25.367810871420865,33.72909369663263,13.822466224475448
magnitude,0.5,power_primary-cdd9c329edeb,power_primary,observed_standardized,expression,standardized_feature,delta,100,100,0,0.33006299710615317,0.25612505822886483,0.29299217538535416
magnitude,0.5,power_primary-cdd9c329edeb,power_primary,observed_standardized,expression,standardized_feature,path_length[A],100,100,0,38.863375290077926,1.2647172352596519,38.81305346581989
magnitude,0.5,power_primary-cdd9c329edeb,power_primary,observed_standardized,expression,standardized_feature,path_length[B],100,100,0,38.82228463011491,1.2630565747637401,38.857268022384346
magnitude,0.5,power_primary-cdd9c329edeb,power_primary,observed_standardized,expression,standardized_feature,shape,100,100,0,0.01889412159010091,0.005687448596133878,0.018337495999296564
magnitude,0.5,power_primary-cdd9c329edeb,power_primary,observed_standardized,joint,standardized_feature,angle,100,100,0,36.126407492006045,43.6206894932825,18.858693784323485
magnitude,0.5,power_primary-cdd9c329edeb,power_primary,observed_standardized,joint,standardized_feature,delta,100,100,0,16.42565391237443,0.7138868414248788,16.486866345300726
magnitude,0.5,power_primary-cdd9c329edeb,power_primary,observed_standardized,joint,standardized_feature,path_length[A],100,100,0,79.01048487577445,2.21599793377998,79.02027529047979
magnitude,0.5,power_primary-cdd9c329edeb,power_primary,observed_standardized,joint,standardized_feature,path_length[B],100,100,0,95.43613878814891,2.4497330302041,95.56120281773465
magnitude,0.5,power_primary-cdd9c329edeb,power_primary,observed_standardized,joint,standardized_feature,shape,100,100,0,0.01573611140408805,0.004884536793129632,0.015680934903886286
magnitude,0.5,power_primary-cdd9c329edeb,power_primary,observed_standardized,methylation,standardized_feature,angle,100,100,0,36.33351533068505,45.60276208275045,17.68136701176715
magnitude,0.5,power_primary-cdd9c329edeb,power_primary,observed_standardized,methylation,standardized_feature,delta,100,100,0,23.619690276483315,0.7995575932416061,23.58588774715353
magnitude,0.5,power_primary-cdd9c329edeb,power_primary,observed_standardized,methylation,standardized_feature,path_length[A],100,100,0,48.87913157861222,1.4380073177774608,48.9793069845432
magnitude,0.5,power_primary-cdd9c329edeb,power_primary,observed_standardized,methylation,standardized_feature,path_length[B],100,100,0,72.49882185509554,2.0046787834803825,72.75000158869415
magnitude,0.5,power_primary-cdd9c329edeb,power_primary,observed_standardized,methylation,standardized_feature,shape,100,100,0,0.017473997368748318,0.008873233186855114,0.015535688943247512
magnitude,0.5,power_primary-cdd9c329edeb,power_primary,observed_standardized,proteomics,standardized_feature,angle,100,100,0,12.221236691476081,16.33057676078894,9.72447607827699
magnitude,0.5,power_primary-cdd9c329edeb,power_primary,observed_standardized,proteomics,standardized_feature,delta,100,100,0,0.2542728105471406,0.20100403721403864,0.22472842032339813
magnitude,0.5,power_primary-cdd9c329edeb,power_primary,observed_standardized,proteomics,standardized_feature,path_length[A],100,100,0,48.360738024627636,1.7140849509075438,48.3843799703202
magnitude,0.5,power_primary-cdd9c329edeb,power_primary,observed_standardized,proteomics,standardized_feature,path_length[B],100,100,0,48.35970627647447,1.7022807032835316,48.197927156046276
magnitude,0.5,power_primary-cdd9c329edeb,power_primary,observed_standardized,proteomics,standardized_feature,shape,100,100,0,0.011134216401448451,0.0035834004887827387,0.010694939472793784
magnitude,0.5,power_primary-cdd9c329edeb,power_primary,pls_latent,joint,pls_latent,angle,100,100,0,23.83847340996813,43.476489946089835,8.244615516334623
magnitude,0.5,power_primary-cdd9c329edeb,power_primary,pls_latent,joint,pls_latent,delta,100,100,0,16.049143285341103,1.3490066809427983,16.34520160153118
magnitude,0.5,power_primary-cdd9c329edeb,power_primary,pls_latent,joint,pls_latent,path_length[A],100,100,0,75.94450917631812,5.5285981612798185,77.6689229096028
magnitude,0.5,power_primary-cdd9c329edeb,power_primary,pls_latent,joint,pls_latent,path_length[B],100,100,0,91.99365246165925,6.679828731377312,94.11303425910938
magnitude,0.5,power_primary-cdd9c329edeb,power_primary,pls_latent,joint,pls_latent,shape,100,100,0,0.01585321278888025,0.0049605472383225935,0.01594839349998959
magnitude,0.75,power_primary-7b3cef20ae15,power_primary,population_native,expression,native_omic_units,angle,100,100,0,7.092459242407174e-07,8.708111011144767e-07,0.0
magnitude,0.75,power_primary-7b3cef20ae15,power_primary,population_native,expression,native_omic_units,delta,100,100,0,0.0,0.0,0.0
magnitude,0.75,power_primary-7b3cef20ae15,power_primary,population_native,expression,native_omic_units,path_length[A],100,100,0,44.50296170753463,1.4629041188467085,44.47395051852209
magnitude,0.75,power_primary-7b3cef20ae15,power_primary,population_native,expression,native_omic_units,path_length[B],100,100,0,44.50296170753463,1.4629041188467085,44.47395051852209
magnitude,0.75,power_primary-7b3cef20ae15,power_primary,population_native,expression,native_omic_units,shape,100,100,0,1.5265448535713467e-15,2.2023161931331954e-16,1.4872780220552563e-15
magnitude,0.75,power_primary-7b3cef20ae15,power_primary,population_native,methylation,native_omic_units,angle,100,100,0,6.10954799675879e-07,7.470309043448754e-07,0.0
magnitude,0.75,power_primary-7b3cef20ae15,power_primary,population_native,methylation,native_omic_units,delta,100,100,0,48.858828757466554,1.4301685613849808,48.84312443184325
magnitude,0.75,power_primary-7b3cef20ae15,power_primary,population_native,methylation,native_omic_units,path_length[A],100,100,0,65.1451050099554,1.9068914151799745,65.12416590912433
magnitude,0.75,power_primary-7b3cef20ae15,power_primary,population_native,methylation,native_omic_units,path_length[B],100,100,0,114.003933767422,3.3370599765649556,113.96729034096758
magnitude,0.75,power_primary-7b3cef20ae15,power_primary,population_native,methylation,native_omic_units,shape,100,100,0,2.1485620071859813e-15,4.390829283464039e-16,2.0786814420716574e-15
magnitude,0.75,power_primary-7b3cef20ae15,power_primary,population_native,proteomics,native_omic_units,angle,100,100,0,5.970063482451982e-07,8.145119009441357e-07,0.0
magnitude,0.75,power_primary-7b3cef20ae15,power_primary,population_native,proteomics,native_omic_units,delta,100,100,0,0.0,0.0,0.0
magnitude,0.75,power_primary-7b3cef20ae15,power_primary,population_native,proteomics,native_omic_units,path_length[A],100,100,0,49.43995775674261,1.8001531846878354,49.242355296257536
magnitude,0.75,power_primary-7b3cef20ae15,power_primary,population_native,proteomics,native_omic_units,path_length[B],100,100,0,49.43995775674261,1.8001531846878354,49.242355296257536
magnitude,0.75,power_primary-7b3cef20ae15,power_primary,population_native,proteomics,native_omic_units,shape,100,100,0,1.7344766628651907e-15,2.776347725724651e-16,1.6894254230106198e-15
magnitude,0.75,power_primary-7b3cef20ae15,power_primary,population_standardized,expression,standardized_feature,angle,100,100,0,8.233607917796137e-07,9.593469915286944e-07,0.0
magnitude,0.75,power_primary-7b3cef20ae15,power_primary,population_standardized,expression,standardized_feature,delta,100,100,0,0.0,0.0,0.0
magnitude,0.75,power_primary-7b3cef20ae15,power_primary,population_standardized,expression,standardized_feature,path_length[A],100,100,0,38.47977730517176,1.2659828327559706,38.445940578096085
magnitude,0.75,power_primary-7b3cef20ae15,power_primary,population_standardized,expression,standardized_feature,path_length[B],100,100,0,38.47977730517176,1.2659828327559706,38.445940578096085
magnitude,0.75,power_primary-7b3cef20ae15,power_primary,population_standardized,expression,standardized_feature,shape,100,100,0,1.1246295140339256e-15,4.671641874132482e-16,1.0229427244885613e-15
magnitude,0.75,power_primary-7b3cef20ae15,power_primary,population_standardized,joint,standardized_feature,angle,100,100,0,32.29660542656459,37.727986383964776,17.915786613784597
magnitude,0.75,power_primary-7b3cef20ae15,power_primary,population_standardized,joint,standardized_feature,delta,100,100,0,22.720303566613357,0.8748152329695726,22.687675175693613
magnitude,0.75,power_primary-7b3cef20ae15,power_primary,population_standardized,joint,standardized_feature,path_length[A],100,100,0,75.55245410690615,2.167635444547402,75.64760437029703
magnitude,0.75,power_primary-7b3cef20ae15,power_primary,population_standardized,joint,standardized_feature,path_length[B],100,100,0,98.2727576735195,2.6392955287077404,98.42211590263062
magnitude,0.75,power_primary-7b3cef20ae15,power_primary,population_standardized,joint,standardized_feature,shape,100,100,0,0.017518530163633368,0.005100010879373679,0.017308058305400626
magnitude,0.75,power_primary-7b3cef20ae15,power_primary,population_standardized,methylation,standardized_feature,angle,100,100,0,6.880377088192044e-07,7.629438621678552e-07,0.0
magnitude,0.75,power_primary-7b3cef20ae15,power_primary,population_standardized,methylation,standardized_feature,delta,100,100,0,32.80836264201693,0.9545590602220126,32.86472503766747
magnitude,0.75,power_primary-7b3cef20ae15,power_primary,population_standardized,methylation,standardized_feature,path_length[A],100,100,0,43.74448352268924,1.2727454136293528,43.819633383556635
magnitude,0.75,power_primary-7b3cef20ae15,power_primary,population_standardized,methylation,standardized_feature,path_length[B],100,100,0,76.55284616470614,2.2273044738513654,76.68435842122412
magnitude,0.75,power_primary-7b3cef20ae15,power_primary,population_standardized,methylation,standardized_feature,shape,100,100,0,1.1126848540825454e-15,4.469556321057259e-16,1.0231389559835964e-15
magnitude,0.75,power_primary-7b3cef20ae15,power_primary,population_standardized,proteomics,standardized_feature,angle,100,100,0,7.789560989845656e-07,8.52731188413493e-07,8.537736462515939e-07
magnitude,0.75,power_primary-7b3cef20ae15,power_primary,population_standardized,proteomics,standardized_feature,delta,100,100,0,0.0,0.0,0.0
magnitude,0.75,power_primary-7b3cef20ae15,power_primary,population_standardized,proteomics,standardized_feature,path_length[A],100,100,0,48.06371176700649,1.737029650306716,47.99349508537546
magnitude,0.75,power_primary-7b3cef20ae15,power_primary,population_standardized,proteomics,standardized_feature,path_length[B],100,100,0,48.06371176700649,1.737029650306716,47.99349508537546
magnitude,0.75,power_primary-7b3cef20ae15,power_primary,population_standardized,proteomics,standardized_feature,shape,100,100,0,1.1502296098503087e-15,2.892412346343841e-16,1.1107980186993502e-15
magnitude,0.75,power_primary-7b3cef20ae15,power_primary,observed_standardized,expression,standardized_feature,angle,100,100,0,25.367810871420865,33.72909369663263,13.822466224475448
magnitude,0.75,power_primary-7b3cef20ae15,power_primary,observed_standardized,expression,standardized_feature,delta,100,100,0,0.33006299710615317,0.25612505822886483,0.29299217538535416
magnitude,0.75,power_primary-7b3cef20ae15,power_primary,observed_standardized,expression,standardized_feature,path_length[A],100,100,0,38.863375290077926,1.2647172352596519,38.81305346581989
magnitude,0.75,power_primary-7b3cef20ae15,power_primary,observed_standardized,expression,standardized_feature,path_length[B],100,100,0,38.82228463011491,1.2630565747637401,38.857268022384346
magnitude,0.75,power_primary-7b3cef20ae15,power_primary,observed_standardized,expression,standardized_feature,shape,100,100,0,0.01889412159010091,0.005687448596133878,0.018337495999296564
magnitude,0.75,power_primary-7b3cef20ae15,power_primary,observed_standardized,joint,standardized_feature,angle,100,100,0,41.78862650992985,43.92970495932642,22.838959683283292
magnitude,0.75,power_primary-7b3cef20ae15,power_primary,observed_standardized,joint,standardized_feature,delta,100,100,0,22.42719733955424,0.9011727500444148,22.452469695271652
magnitude,0.75,power_primary-7b3cef20ae15,power_primary,observed_standardized,joint,standardized_feature,path_length[A],100,100,0,76.50470080956707,2.176571228428905,76.546546464756
magnitude,0.75,power_primary-7b3cef20ae15,power_primary,observed_standardized,joint,standardized_feature,path_length[B],100,100,0,98.9318981491213,2.542064936603668,99.08264137333236
magnitude,0.75,power_primary-7b3cef20ae15,power_primary,observed_standardized,joint,standardized_feature,shape,100,100,0,0.019495376784571975,0.005818573887157015,0.019484864858854048
magnitude,0.75,power_primary-7b3cef20ae15,power_primary,observed_standardized,methylation,standardized_feature,angle,100,100,0,40.07713488322314,47.68393083644215,19.342655178495995
magnitude,0.75,power_primary-7b3cef20ae15,power_primary,observed_standardized,methylation,standardized_feature,delta,100,100,0,32.32113816460899,1.0111593829906595,32.317078978249214
magnitude,0.75,power_primary-7b3cef20ae15,power_primary,observed_standardized,methylation,standardized_feature,path_length[A],100,100,0,44.719868998765726,1.3160781834501276,44.849688842534206
magnitude,0.75,power_primary-7b3cef20ae15,power_primary,observed_standardized,methylation,standardized_feature,path_length[B],100,100,0,77.04100716337477,2.135535643779274,77.30822487239439
magnitude,0.75,power_primary-7b3cef20ae15,power_primary,observed_standardized,methylation,standardized_feature,shape,100,100,0,0.018814914664362414,0.010035712074548002,0.01660230997327275
magnitude,0.75,power_primary-7b3cef20ae15,power_primary,observed_standardized,proteomics,standardized_feature,angle,100,100,0,12.221236691476081,16.33057676078894,9.72447607827699
magnitude,0.75,power_primary-7b3cef20ae15,power_primary,observed_standardized,proteomics,standardized_feature,delta,100,100,0,0.2542728105471406,0.20100403721403864,0.22472842032339813
magnitude,0.75,power_primary-7b3cef20ae15,power_primary,observed_standardized,proteomics,standardized_feature,path_length[A],100,100,0,48.360738024627636,1.7140849509075438,48.3843799703202
magnitude,0.75,power_primary-7b3cef20ae15,power_primary,observed_standardized,proteomics,standardized_feature,path_length[B],100,100,0,48.35970627647447,1.7022807032835316,48.197927156046276
magnitude,0.75,power_primary-7b3cef20ae15,power_primary,observed_standardized,proteomics,standardized_feature,shape,100,100,0,0.011134216401448451,0.0035834004887827387,0.010694939472793784
magnitude,0.75,power_primary-7b3cef20ae15,power_primary,pls_latent,joint,pls_latent,angle,100,100,0,30.40328397679754,48.71821980717348,10.907182434510158
magnitude,0.75,power_primary-7b3cef20ae15,power_primary,pls_latent,joint,pls_latent,delta,100,100,0,21.991825438351217,1.90930505709588,22.45216382750617
magnitude,0.75,power_primary-7b3cef20ae15,power_primary,pls_latent,joint,pls_latent,path_length[A],100,100,0,73.03517402067102,5.540549096461962,74.78627742998665
magnitude,0.75,power_primary-7b3cef20ae15,power_primary,pls_latent,joint,pls_latent,path_length[B],100,100,0,95.02699945902225,7.2393918298169195,97.34494809373562
magnitude,0.75,power_primary-7b3cef20ae15,power_primary,pls_latent,joint,pls_latent,shape,100,100,0,0.01971551265991509,0.006001970313814625,0.02019822246136662
magnitude,1.0,power_primary-b454e41ba106,power_primary,population_native,expression,native_omic_units,angle,100,100,0,7.092459242407174e-07,8.708111011144767e-07,0.0
magnitude,1.0,power_primary-b454e41ba106,power_primary,population_native,expression,native_omic_units,delta,100,100,0,0.0,0.0,0.0
magnitude,1.0,power_primary-b454e41ba106,power_primary,population_native,expression,native_omic_units,path_length[A],100,100,0,44.50296170753463,1.4629041188467085,44.47395051852209
magnitude,1.0,power_primary-b454e41ba106,power_primary,population_native,expression,native_omic_units,path_length[B],100,100,0,44.50296170753463,1.4629041188467085,44.47395051852209
magnitude,1.0,power_primary-b454e41ba106,power_primary,population_native,expression,native_omic_units,shape,100,100,0,1.5265448535713467e-15,2.2023161931331954e-16,1.4872780220552563e-15
magnitude,1.0,power_primary-b454e41ba106,power_primary,population_native,methylation,native_omic_units,angle,100,100,0,6.505288705446722e-07,8.227855785201228e-07,0.0
magnitude,1.0,power_primary-b454e41ba106,power_primary,population_native,methylation,native_omic_units,delta,100,100,0,65.1451050099554,1.9068914151799745,65.12416590912433
magnitude,1.0,power_primary-b454e41ba106,power_primary,population_native,methylation,native_omic_units,path_length[A],100,100,0,65.1451050099554,1.9068914151799745,65.12416590912433
magnitude,1.0,power_primary-b454e41ba106,power_primary,population_native,methylation,native_omic_units,path_length[B],100,100,0,130.2902100199108,3.813782830359949,130.24833181824866
magnitude,1.0,power_primary-b454e41ba106,power_primary,population_native,methylation,native_omic_units,shape,100,100,0,2.1524016469008114e-15,4.419321397260286e-16,2.077736535113602e-15
magnitude,1.0,power_primary-b454e41ba106,power_primary,population_native,proteomics,native_omic_units,angle,100,100,0,5.970063482451982e-07,8.145119009441357e-07,0.0
magnitude,1.0,power_primary-b454e41ba106,power_primary,population_native,proteomics,native_omic_units,delta,100,100,0,0.0,0.0,0.0
magnitude,1.0,power_primary-b454e41ba106,power_primary,population_native,proteomics,native_omic_units,path_length[A],100,100,0,49.43995775674261,1.8001531846878354,49.242355296257536
magnitude,1.0,power_primary-b454e41ba106,power_primary,population_native,proteomics,native_omic_units,path_length[B],100,100,0,49.43995775674261,1.8001531846878354,49.242355296257536
magnitude,1.0,power_primary-b454e41ba106,power_primary,population_native,proteomics,native_omic_units,shape,100,100,0,1.7344766628651907e-15,2.776347725724651e-16,1.6894254230106198e-15
magnitude,1.0,power_primary-b454e41ba106,power_primary,population_standardized,expression,standardized_feature,angle,100,100,0,8.233607917796137e-07,9.593469915286944e-07,0.0
magnitude,1.0,power_primary-b454e41ba106,power_primary,population_standardized,expression,standardized_feature,delta,100,100,0,0.0,0.0,0.0
magnitude,1.0,power_primary-b454e41ba106,power_primary,population_standardized,expression,standardized_feature,path_length[A],100,100,0,38.47977730517176,1.2659828327559706,38.445940578096085
magnitude,1.0,power_primary-b454e41ba106,power_primary,population_standardized,expression,standardized_feature,path_length[B],100,100,0,38.47977730517176,1.2659828327559706,38.445940578096085
magnitude,1.0,power_primary-b454e41ba106,power_primary,population_standardized,expression,standardized_feature,shape,100,100,0,1.1246295140339256e-15,4.671641874132482e-16,1.0229427244885613e-15
magnitude,1.0,power_primary-b454e41ba106,power_primary,population_standardized,joint,standardized_feature,angle,100,100,0,39.91358517323755,41.13495486776629,22.413132068041293
magnitude,1.0,power_primary-b454e41ba106,power_primary,population_standardized,joint,standardized_feature,delta,100,100,0,27.51602888768761,1.0558738072570368,27.49157554211491
magnitude,1.0,power_primary-b454e41ba106,power_primary,population_standardized,joint,standardized_feature,path_length[A],100,100,0,73.43441881400658,2.1423652022607613,73.46322133646902
magnitude,1.0,power_primary-b454e41ba106,power_primary,population_standardized,joint,standardized_feature,path_length[B],100,100,0,100.95044770169423,2.708419775112583,101.09833814790163
magnitude,1.0,power_primary-b454e41ba106,power_primary,population_standardized,joint,standardized_feature,shape,100,100,0,0.021359421590570277,0.006233472423038379,0.021099103449527756
magnitude,1.0,power_primary-b454e41ba106,power_primary,population_standardized,methylation,standardized_feature,angle,100,100,0,6.261061843450542e-07,7.637409258762661e-07,0.0
magnitude,1.0,power_primary-b454e41ba106,power_primary,population_standardized,methylation,standardized_feature,delta,100,100,0,39.980081994851915,1.1610263081124192,40.05497888574144
magnitude,1.0,power_primary-b454e41ba106,power_primary,population_standardized,methylation,standardized_feature,path_length[A],100,100,0,39.98008199485192,1.1610263081124192,40.05497888574144
magnitude,1.0,power_primary-b454e41ba106,power_primary,population_standardized,methylation,standardized_feature,path_length[B],100,100,0,79.96016398970383,2.3220526162248385,80.10995777148288
magnitude,1.0,power_primary-b454e41ba106,power_primary,population_standardized,methylation,standardized_feature,shape,100,100,0,1.1151992193193598e-15,4.320386316348473e-16,1.0385926872295101e-15
magnitude,1.0,power_primary-b454e41ba106,power_primary,population_standardized,proteomics,standardized_feature,angle,100,100,0,7.789560989845656e-07,8.52731188413493e-07,8.537736462515939e-07
magnitude,1.0,power_primary-b454e41ba106,power_primary,population_standardized,proteomics,standardized_feature,delta,100,100,0,0.0,0.0,0.0
magnitude,1.0,power_primary-b454e41ba106,power_primary,population_standardized,proteomics,standardized_feature,path_length[A],100,100,0,48.06371176700649,1.737029650306716,47.99349508537546
magnitude,1.0,power_primary-b454e41ba106,power_primary,population_standardized,proteomics,standardized_feature,path_length[B],100,100,0,48.06371176700649,1.737029650306716,47.99349508537546
magnitude,1.0,power_primary-b454e41ba106,power_primary,population_standardized,proteomics,standardized_feature,shape,100,100,0,1.1502296098503087e-15,2.892412346343841e-16,1.1107980186993502e-15
magnitude,1.0,power_primary-b454e41ba106,power_primary,observed_standardized,expression,standardized_feature,angle,100,100,0,25.367810871420865,33.72909369663263,13.822466224475448
magnitude,1.0,power_primary-b454e41ba106,power_primary,observed_standardized,expression,standardized_feature,delta,100,100,0,0.33006299710615317,0.25612505822886483,0.29299217538535416
magnitude,1.0,power_primary-b454e41ba106,power_primary,observed_standardized,expression,standardized_feature,path_length[A],100,100,0,38.863375290077926,1.2647172352596519,38.81305346581989
magnitude,1.0,power_primary-b454e41ba106,power_primary,observed_standardized,expression,standardized_feature,path_length[B],100,100,0,38.82228463011491,1.2630565747637401,38.857268022384346
magnitude,1.0,power_primary-b454e41ba106,power_primary,observed_standardized,expression,standardized_feature,shape,100,100,0,0.01889412159010091,0.005687448596133878,0.018337495999296564
magnitude,1.0,power_primary-b454e41ba106,power_primary,observed_standardized,joint,standardized_feature,angle,100,100,0,45.76986496278373,42.738864266686335,26.36808256006416
magnitude,1.0,power_primary-b454e41ba106,power_primary,observed_standardized,joint,standardized_feature,delta,100,100,0,27.178222027664695,1.0629056255590263,27.18260791359144
magnitude,1.0,power_primary-b454e41ba106,power_primary,observed_standardized,joint,standardized_feature,path_length[A],100,100,0,74.40179484535737,2.14738564999547,74.46293267701185
magnitude,1.0,power_primary-b454e41ba106,power_primary,observed_standardized,joint,standardized_feature,path_length[B],100,100,0,101.58001687302207,2.6143345950319237,101.71455517776647
magnitude,1.0,power_primary-b454e41ba106,power_primary,observed_standardized,joint,standardized_feature,shape,100,100,0,0.022814301587394937,0.006711980219620631,0.02297019081057411
magnitude,1.0,power_primary-b454e41ba106,power_primary,observed_standardized,methylation,standardized_feature,angle,100,100,0,41.53955588416743,46.696598928392675,20.00377251327378
magnitude,1.0,power_primary-b454e41ba106,power_primary,observed_standardized,methylation,standardized_feature,delta,100,100,0,39.38962529440434,1.2038975082521883,39.397780319903646
magnitude,1.0,power_primary-b454e41ba106,power_primary,observed_standardized,methylation,standardized_feature,path_length[A],100,100,0,41.02267331880811,1.2115815712898013,41.172210706033965
magnitude,1.0,power_primary-b454e41ba106,power_primary,observed_standardized,methylation,standardized_feature,path_length[B],100,100,0,80.41229861321246,2.2341777542904,80.71234632890935
magnitude,1.0,power_primary-b454e41ba106,power_primary,observed_standardized,methylation,standardized_feature,shape,100,100,0,0.020649365670516878,0.011479559923705267,0.017850718028835998
magnitude,1.0,power_primary-b454e41ba106,power_primary,observed_standardized,proteomics,standardized_feature,angle,100,100,0,12.221236691476081,16.33057676078894,9.72447607827699
magnitude,1.0,power_primary-b454e41ba106,power_primary,observed_standardized,proteomics,standardized_feature,delta,100,100,0,0.2542728105471406,0.20100403721403864,0.22472842032339813
magnitude,1.0,power_primary-b454e41ba106,power_primary,observed_standardized,proteomics,standardized_feature,path_length[A],100,100,0,48.360738024627636,1.7140849509075438,48.3843799703202
magnitude,1.0,power_primary-b454e41ba106,power_primary,observed_standardized,proteomics,standardized_feature,path_length[B],100,100,0,48.35970627647447,1.7022807032835316,48.197927156046276
magnitude,1.0,power_primary-b454e41ba106,power_primary,observed_standardized,proteomics,standardized_feature,shape,100,100,0,0.011134216401448451,0.0035834004887827387,0.010694939472793784
magnitude,1.0,power_primary-b454e41ba106,power_primary,pls_latent,joint,pls_latent,angle,100,100,0,31.999321247216958,47.745912733963586,12.856924268402096
magnitude,1.0,power_primary-b454e41ba106,power_primary,pls_latent,joint,pls_latent,delta,100,100,0,26.764093223110482,2.460757596359672,27.341297540640348
magnitude,1.0,power_primary-b454e41ba106,power_primary,pls_latent,joint,pls_latent,path_length[A],100,100,0,70.45488383215068,5.870340668063487,72.13607404422936
magnitude,1.0,power_primary-b454e41ba106,power_primary,pls_latent,joint,pls_latent,path_length[B],100,100,0,97.21897705526118,8.11638675859799,99.8150462711894
magnitude,1.0,power_primary-b454e41ba106,power_primary,pls_latent,joint,pls_latent,shape,100,100,0,0.023194150356257957,0.007007286225221515,0.023473426168603234
none,0.0,power_primary-76efbc65d01b,power_primary,population_native,expression,native_omic_units,angle,100,100,0,7.092459242407174e-07,8.708111011144767e-07,0.0
none,0.0,power_primary-76efbc65d01b,power_primary,population_native,expression,native_omic_units,delta,100,100,0,0.0,0.0,0.0
none,0.0,power_primary-76efbc65d01b,power_primary,population_native,expression,native_omic_units,path_length[A],100,100,0,44.50296170753463,1.4629041188467085,44.47395051852209
none,0.0,power_primary-76efbc65d01b,power_primary,population_native,expression,native_omic_units,path_length[B],100,100,0,44.50296170753463,1.4629041188467085,44.47395051852209
none,0.0,power_primary-76efbc65d01b,power_primary,population_native,expression,native_omic_units,shape,100,100,0,1.5265448535713467e-15,2.2023161931331954e-16,1.4872780220552563e-15
none,0.0,power_primary-76efbc65d01b,power_primary,population_native,methylation,native_omic_units,angle,100,100,0,6.692578014244729e-07,8.561544230085932e-07,0.0
none,0.0,power_primary-76efbc65d01b,power_primary,population_native,methylation,native_omic_units,delta,100,100,0,0.0,0.0,0.0
none,0.0,power_primary-76efbc65d01b,power_primary,population_native,methylation,native_omic_units,path_length[A],100,100,0,65.1451050099554,1.9068914151799745,65.12416590912433
none,0.0,power_primary-76efbc65d01b,power_primary,population_native,methylation,native_omic_units,path_length[B],100,100,0,65.1451050099554,1.9068914151799745,65.12416590912433
none,0.0,power_primary-76efbc65d01b,power_primary,population_native,methylation,native_omic_units,shape,100,100,0,2.1720072721826378e-15,4.4025468191263014e-16,2.121362558868494e-15
none,0.0,power_primary-76efbc65d01b,power_primary,population_native,proteomics,native_omic_units,angle,100,100,0,5.970063482451982e-07,8.145119009441357e-07,0.0
none,0.0,power_primary-76efbc65d01b,power_primary,population_native,proteomics,native_omic_units,delta,100,100,0,0.0,0.0,0.0
none,0.0,power_primary-76efbc65d01b,power_primary,population_native,proteomics,native_omic_units,path_length[A],100,100,0,49.43995775674261,1.8001531846878354,49.242355296257536
none,0.0,power_primary-76efbc65d01b,power_primary,population_native,proteomics,native_omic_units,path_length[B],100,100,0,49.43995775674261,1.8001531846878354,49.242355296257536
none,0.0,power_primary-76efbc65d01b,power_primary,population_native,proteomics,native_omic_units,shape,100,100,0,1.7344766628651907e-15,2.776347725724651e-16,1.6894254230106198e-15
none,0.0,power_primary-76efbc65d01b,power_primary,population_standardized,expression,standardized_feature,angle,100,100,0,8.233607917796137e-07,9.593469915286944e-07,0.0
none,0.0,power_primary-76efbc65d01b,power_primary,population_standardized,expression,standardized_feature,delta,100,100,0,0.0,0.0,0.0
none,0.0,power_primary-76efbc65d01b,power_primary,population_standardized,expression,standardized_feature,path_length[A],100,100,0,38.47977730517176,1.2659828327559706,38.445940578096085
none,0.0,power_primary-76efbc65d01b,power_primary,population_standardized,expression,standardized_feature,path_length[B],100,100,0,38.47977730517176,1.2659828327559706,38.445940578096085
none,0.0,power_primary-76efbc65d01b,power_primary,population_standardized,expression,standardized_feature,shape,100,100,0,1.1246295140339256e-15,4.671641874132482e-16,1.0229427244885613e-15
none,0.0,power_primary-76efbc65d01b,power_primary,population_standardized,joint,standardized_feature,angle,100,100,0,7.228112367303466e-07,8.333738080185097e-07,0.0
none,0.0,power_primary-76efbc65d01b,power_primary,population_standardized,joint,standardized_feature,delta,100,100,0,0.0,0.0,0.0
none,0.0,power_primary-76efbc65d01b,power_primary,population_standardized,joint,standardized_feature,path_length[A],100,100,0,84.1439762297021,2.3111697859775,84.14916503580531
none,0.0,power_primary-76efbc65d01b,power_primary,population_standardized,joint,standardized_feature,path_length[B],100,100,0,84.1439762297021,2.3111697859775,84.14916503580531
none,0.0,power_primary-76efbc65d01b,power_primary,population_standardized,joint,standardized_feature,shape,100,100,0,1.2274741891176325e-15,4.004872568354743e-16,1.1433542484278282e-15
none,0.0,power_primary-76efbc65d01b,power_primary,population_standardized,methylation,standardized_feature,angle,100,100,0,7.748773833969293e-07,9.065909908399205e-07,4.2688682312579694e-07
none,0.0,power_primary-76efbc65d01b,power_primary,population_standardized,methylation,standardized_feature,delta,100,100,0,0.0,0.0,0.0
none,0.0,power_primary-76efbc65d01b,power_primary,population_standardized,methylation,standardized_feature,path_length[A],100,100,0,57.30827031494373,1.6993930915139737,57.51288089191411
none,0.0,power_primary-76efbc65d01b,power_primary,population_standardized,methylation,standardized_feature,path_length[B],100,100,0,57.30827031494373,1.6993930915139737,57.51288089191411
none,0.0,power_primary-76efbc65d01b,power_primary,population_standardized,methylation,standardized_feature,shape,100,100,0,1.0903183978340006e-15,2.843512933473408e-16,1.0343109546911748e-15
none,0.0,power_primary-76efbc65d01b,power_primary,population_standardized,proteomics,standardized_feature,angle,100,100,0,7.789560989845656e-07,8.52731188413493e-07,8.537736462515939e-07
none,0.0,power_primary-76efbc65d01b,power_primary,population_standardized,proteomics,standardized_feature,delta,100,100,0,0.0,0.0,0.0
none,0.0,power_primary-76efbc65d01b,power_primary,population_standardized,proteomics,standardized_feature,path_length[A],100,100,0,48.06371176700649,1.737029650306716,47.99349508537546
none,0.0,power_primary-76efbc65d01b,power_primary,population_standardized,proteomics,standardized_feature,path_length[B],100,100,0,48.06371176700649,1.737029650306716,47.99349508537546
none,0.0,power_primary-76efbc65d01b,power_primary,population_standardized,proteomics,standardized_feature,shape,100,100,0,1.1502296098503087e-15,2.892412346343841e-16,1.1107980186993502e-15
none,0.0,power_primary-76efbc65d01b,power_primary,observed_standardized,expression,standardized_feature,angle,100,100,0,25.367810871420865,33.72909369663263,13.822466224475448
none,0.0,power_primary-76efbc65d01b,power_primary,observed_standardized,expression,standardized_feature,delta,100,100,0,0.33006299710615317,0.25612505822886483,0.29299217538535416
none,0.0,power_primary-76efbc65d01b,power_primary,observed_standardized,expression,standardized_feature,path_length[A],100,100,0,38.863375290077926,1.2647172352596519,38.81305346581989
none,0.0,power_primary-76efbc65d01b,power_primary,observed_standardized,expression,standardized_feature,path_length[B],100,100,0,38.82228463011491,1.2630565747637401,38.857268022384346
none,0.0,power_primary-76efbc65d01b,power_primary,observed_standardized,expression,standardized_feature,shape,100,100,0,0.01889412159010091,0.005687448596133878,0.018337495999296564
none,0.0,power_primary-76efbc65d01b,power_primary,observed_standardized,joint,standardized_feature,angle,100,100,0,25.62122824136423,38.70180063807693,13.458415122583412
none,0.0,power_primary-76efbc65d01b,power_primary,observed_standardized,joint,standardized_feature,delta,100,100,0,0.3918763648051558,0.2953261755067176,0.3168560092774939
none,0.0,power_primary-76efbc65d01b,power_primary,observed_standardized,joint,standardized_feature,path_length[A],100,100,0,85.0248436622237,2.330931154029911,85.11978571651517
none,0.0,power_primary-76efbc65d01b,power_primary,observed_standardized,joint,standardized_feature,path_length[B],100,100,0,85.00974830621209,2.202628902100729,85.06841016216035
none,0.0,power_primary-76efbc65d01b,power_primary,observed_standardized,joint,standardized_feature,shape,100,100,0,0.009910242956008213,0.004051429879415129,0.00892249541258126
none,0.0,power_primary-76efbc65d01b,power_primary,observed_standardized,methylation,standardized_feature,angle,100,100,0,33.49291971248714,42.0426132015129,17.884088383904768
none,0.0,power_primary-76efbc65d01b,power_primary,observed_standardized,methylation,standardized_feature,delta,100,100,0,0.48157571326928833,0.38800287910855,0.406896348456641
none,0.0,power_primary-76efbc65d01b,power_primary,observed_standardized,methylation,standardized_feature,path_length[A],100,100,0,58.093625207659954,1.7271765065507967,58.24823667803905
none,0.0,power_primary-76efbc65d01b,power_primary,observed_standardized,methylation,standardized_feature,path_length[B],100,100,0,58.09923043187561,1.6019664071849218,58.17548599521728
none,0.0,power_primary-76efbc65d01b,power_primary,observed_standardized,methylation,standardized_feature,shape,100,100,0,0.017635719376371164,0.008433244743643,0.016063264673782808
none,0.0,power_primary-76efbc65d01b,power_primary,observed_standardized,proteomics,standardized_feature,angle,100,100,0,12.221236691476081,16.33057676078894,9.72447607827699
none,0.0,power_primary-76efbc65d01b,power_primary,observed_standardized,proteomics,standardized_feature,delta,100,100,0,0.2542728105471406,0.20100403721403864,0.22472842032339813
none,0.0,power_primary-76efbc65d01b,power_primary,observed_standardized,proteomics,standardized_feature,path_length[A],100,100,0,48.360738024627636,1.7140849509075438,48.3843799703202
none,0.0,power_primary-76efbc65d01b,power_primary,observed_standardized,proteomics,standardized_feature,path_length[B],100,100,0,48.35970627647447,1.7022807032835316,48.197927156046276
none,0.0,power_primary-76efbc65d01b,power_primary,observed_standardized,proteomics,standardized_feature,shape,100,100,0,0.011134216401448451,0.0035834004887827387,0.010694939472793784
none,0.0,power_primary-76efbc65d01b,power_primary,pls_latent,joint,pls_latent,angle,100,100,0,14.005900899124374,32.69775848215897,4.9824102175619736
none,0.0,power_primary-76efbc65d01b,power_primary,pls_latent,joint,pls_latent,delta,100,100,0,0.39276273659989747,0.29315718424319226,0.31478252549315755
none,0.0,power_primary-76efbc65d01b,power_primary,pls_latent,joint,pls_latent,path_length[A],100,100,0,82.26647537620751,6.06322985030052,84.10171167462566
none,0.0,power_primary-76efbc65d01b,power_primary,pls_latent,joint,pls_latent,path_length[B],100,100,0,82.22525677878392,5.960877628633169,84.09525595091571
none,0.0,power_primary-76efbc65d01b,power_primary,pls_latent,joint,pls_latent,shape,100,100,0,0.010163593097091004,0.004143133077310907,0.009094249130213384
none,,type_i_baseline-5c0f9fe8a4ad,type_i_baseline,population_native,expression,native_omic_units,angle,100,100,0,7.377589751423444e-07,8.931006979028799e-07,0.0
none,,type_i_baseline-5c0f9fe8a4ad,type_i_baseline,population_native,expression,native_omic_units,delta,100,100,0,0.0,0.0,0.0
none,,type_i_baseline-5c0f9fe8a4ad,type_i_baseline,population_native,expression,native_omic_units,path_length[A],100,100,0,44.38705592096885,1.3776637084448553,44.40779966290403
none,,type_i_baseline-5c0f9fe8a4ad,type_i_baseline,population_native,expression,native_omic_units,path_length[B],100,100,0,44.38705592096885,1.3776637084448553,44.40779966290403
none,,type_i_baseline-5c0f9fe8a4ad,type_i_baseline,population_native,expression,native_omic_units,shape,100,100,0,1.5606600061855083e-15,3.326290244658342e-16,1.5068249303687031e-15
none,,type_i_baseline-5c0f9fe8a4ad,type_i_baseline,population_native,methylation,native_omic_units,angle,100,100,0,5.963946558151128e-07,8.328377388943721e-07,0.0
none,,type_i_baseline-5c0f9fe8a4ad,type_i_baseline,population_native,methylation,native_omic_units,delta,100,100,0,0.0,0.0,0.0
none,,type_i_baseline-5c0f9fe8a4ad,type_i_baseline,population_native,methylation,native_omic_units,path_length[A],100,100,0,64.96138703832327,1.6714099984589386,65.15558940529957
none,,type_i_baseline-5c0f9fe8a4ad,type_i_baseline,population_native,methylation,native_omic_units,path_length[B],100,100,0,64.96138703832327,1.6714099984589386,65.15558940529957
none,,type_i_baseline-5c0f9fe8a4ad,type_i_baseline,population_native,methylation,native_omic_units,shape,100,100,0,2.1525196930507994e-15,3.8447017530064182e-16,2.0855140694782114e-15
none,,type_i_baseline-5c0f9fe8a4ad,type_i_baseline,population_native,proteomics,native_omic_units,angle,100,100,0,7.365537794025934e-07,8.300480621501593e-07,0.0
none,,type_i_baseline-5c0f9fe8a4ad,type_i_baseline,population_native,proteomics,native_omic_units,delta,100,100,0,0.0,0.0,0.0
none,,type_i_baseline-5c0f9fe8a4ad,type_i_baseline,population_native,proteomics,native_omic_units,path_length[A],100,100,0,49.20136291618289,1.7029405572511824,49.230225824938245
none,,type_i_baseline-5c0f9fe8a4ad,type_i_baseline,population_native,proteomics,native_omic_units,path_length[B],100,100,0,49.20136291618289,1.7029405572511824,49.230225824938245
none,,type_i_baseline-5c0f9fe8a4ad,type_i_baseline,population_native,proteomics,native_omic_units,shape,100,100,0,1.811931272297577e-15,5.245907883371414e-16,1.7207024738331224e-15
none,,type_i_baseline-5c0f9fe8a4ad,type_i_baseline,population_standardized,expression,standardized_feature,angle,100,100,0,6.942094368594648e-07,8.575841841477021e-07,0.0
none,,type_i_baseline-5c0f9fe8a4ad,type_i_baseline,population_standardized,expression,standardized_feature,delta,100,100,0,0.0,0.0,0.0
none,,type_i_baseline-5c0f9fe8a4ad,type_i_baseline,population_standardized,expression,standardized_feature,path_length[A],100,100,0,38.415241488118426,1.1181577456165637,38.384410162025006
none,,type_i_baseline-5c0f9fe8a4ad,type_i_baseline,population_standardized,expression,standardized_feature,path_length[B],100,100,0,38.415241488118426,1.1181577456165637,38.384410162025006
none,,type_i_baseline-5c0f9fe8a4ad,type_i_baseline,population_standardized,expression,standardized_feature,shape,100,100,0,1.07118300413219e-15,3.43236906055315e-16,1.0085898939290055e-15
none,,type_i_baseline-5c0f9fe8a4ad,type_i_baseline,population_standardized,joint,standardized_feature,angle,100,100,0,6.547384185801225e-07,8.842340620022077e-07,0.0
none,,type_i_baseline-5c0f9fe8a4ad,type_i_baseline,population_standardized,joint,standardized_feature,delta,100,100,0,0.0,0.0,0.0
none,,type_i_baseline-5c0f9fe8a4ad,type_i_baseline,population_standardized,joint,standardized_feature,path_length[A],100,100,0,83.93985149043006,2.042047666315115,83.99173033921204
none,,type_i_baseline-5c0f9fe8a4ad,type_i_baseline,population_standardized,joint,standardized_feature,path_length[B],100,100,0,83.93985149043006,2.042047666315115,83.99173033921204
none,,type_i_baseline-5c0f9fe8a4ad,type_i_baseline,population_standardized,joint,standardized_feature,shape,100,100,0,1.168338745831049e-15,3.7050061402396157e-16,1.1153426422474754e-15
none,,type_i_baseline-5c0f9fe8a4ad,type_i_baseline,population_standardized,methylation,standardized_feature,angle,100,100,0,6.973733813179085e-07,8.19816979268857e-07,0.0
none,,type_i_baseline-5c0f9fe8a4ad,type_i_baseline,population_standardized,methylation,standardized_feature,delta,100,100,0,0.0,0.0,0.0
none,,type_i_baseline-5c0f9fe8a4ad,type_i_baseline,population_standardized,methylation,standardized_feature,path_length[A],100,100,0,57.1793105215152,1.554602535706878,57.42293143238137
none,,type_i_baseline-5c0f9fe8a4ad,type_i_baseline,population_standardized,methylation,standardized_feature,path_length[B],100,100,0,57.1793105215152,1.554602535706878,57.42293143238137
none,,type_i_baseline-5c0f9fe8a4ad,type_i_baseline,population_standardized,methylation,standardized_feature,shape,100,100,0,1.075644134893262e-15,2.0950028034957577e-16,1.0423985115584772e-15
none,,type_i_baseline-5c0f9fe8a4ad,type_i_baseline,population_standardized,proteomics,standardized_feature,angle,100,100,0,6.032794396032342e-07,7.581767069122076e-07,0.0
none,,type_i_baseline-5c0f9fe8a4ad,type_i_baseline,population_standardized,proteomics,standardized_feature,delta,100,100,0,0.0,0.0,0.0
none,,type_i_baseline-5c0f9fe8a4ad,type_i_baseline,population_standardized,proteomics,standardized_feature,path_length[A],100,100,0,47.90681737422695,1.6275106300940185,47.82563869951519
none,,type_i_baseline-5c0f9fe8a4ad,type_i_baseline,population_standardized,proteomics,standardized_feature,path_length[B],100,100,0,47.90681737422695,1.6275106300940185,47.82563869951519
none,,type_i_baseline-5c0f9fe8a4ad,type_i_baseline,population_standardized,proteomics,standardized_feature,shape,100,100,0,1.1923659033822694e-15,4.851421355590826e-16,1.091515915347681e-15
none,,type_i_baseline-5c0f9fe8a4ad,type_i_baseline,observed_standardized,expression,standardized_feature,angle,100,100,0,25.26952922013874,37.12489445398516,14.011632968584404
none,,type_i_baseline-5c0f9fe8a4ad,type_i_baseline,observed_standardized,expression,standardized_feature,delta,100,100,0,0.31029239335999903,0.20653515696976285,0.26383598791474583
none,,type_i_baseline-5c0f9fe8a4ad,type_i_baseline,observed_standardized,expression,standardized_feature,path_length[A],100,100,0,38.75600155492568,1.1080827245732847,38.843554327378115
none,,type_i_baseline-5c0f9fe8a4ad,type_i_baseline,observed_standardized,expression,standardized_feature,path_length[B],100,100,0,38.792434508008675,1.1416019016237042,38.780342233431846
none,,type_i_baseline-5c0f9fe8a4ad,type_i_baseline,observed_standardized,expression,standardized_feature,shape,100,100,0,0.018264904295258854,0.005344978687967685,0.017547670433686286
none,,type_i_baseline-5c0f9fe8a4ad,type_i_baseline,observed_standardized,joint,standardized_feature,angle,100,100,0,22.87311467875928,32.21586702793946,13.396261921844435
none,,type_i_baseline-5c0f9fe8a4ad,type_i_baseline,observed_standardized,joint,standardized_feature,delta,100,100,0,0.4089173673096933,0.32160328402777605,0.34153257639624
none,,type_i_baseline-5c0f9fe8a4ad,type_i_baseline,observed_standardized,joint,standardized_feature,path_length[A],100,100,0,84.79976206642174,2.0623382860489103,84.9021058367993
none,,type_i_baseline-5c0f9fe8a4ad,type_i_baseline,observed_standardized,joint,standardized_feature,path_length[B],100,100,0,84.76498882868933,2.0079730921128425,84.8340541210822
none,,type_i_baseline-5c0f9fe8a4ad,type_i_baseline,observed_standardized,joint,standardized_feature,shape,100,100,0,0.010172834981103423,0.004701412437569146,0.009384145708981148
none,,type_i_baseline-5c0f9fe8a4ad,type_i_baseline,observed_standardized,methylation,standardized_feature,angle,100,100,0,28.03702171052738,32.156925258588686,17.50189798823899
none,,type_i_baseline-5c0f9fe8a4ad,type_i_baseline,observed_standardized,methylation,standardized_feature,delta,100,100,0,0.47101075067481174,0.44117787356068955,0.38732210195451344
none,,type_i_baseline-5c0f9fe8a4ad,type_i_baseline,observed_standardized,methylation,standardized_feature,path_length[A],100,100,0,58.00628989592381,1.6414263341327042,58.25368683302361
none,,type_i_baseline-5c0f9fe8a4ad,type_i_baseline,observed_standardized,methylation,standardized_feature,path_length[B],100,100,0,57.9212781049691,1.5108521505366812,58.16568671323513
none,,type_i_baseline-5c0f9fe8a4ad,type_i_baseline,observed_standardized,methylation,standardized_feature,shape,100,100,0,0.017890978949922674,0.008940550179722858,0.016258684693691967
none,,type_i_baseline-5c0f9fe8a4ad,type_i_baseline,observed_standardized,proteomics,standardized_feature,angle,100,100,0,19.84557741967171,36.122551873329954,9.788405146080542
none,,type_i_baseline-5c0f9fe8a4ad,type_i_baseline,observed_standardized,proteomics,standardized_feature,delta,100,100,0,0.23595130992127622,0.17256218235058318,0.202690502306492
none,,type_i_baseline-5c0f9fe8a4ad,type_i_baseline,observed_standardized,proteomics,standardized_feature,path_length[A],100,100,0,48.147712889123106,1.6271851906520443,48.05334414118977
none,,type_i_baseline-5c0f9fe8a4ad,type_i_baseline,observed_standardized,proteomics,standardized_feature,path_length[B],100,100,0,48.161346949578046,1.6184357949601405,48.16969765390304
none,,type_i_baseline-5c0f9fe8a4ad,type_i_baseline,observed_standardized,proteomics,standardized_feature,shape,100,100,0,0.011397446678199846,0.003529569492319741,0.011296469291434727
none,,type_i_baseline-5c0f9fe8a4ad,type_i_baseline,pls_latent,joint,pls_latent,angle,100,100,0,16.49307240534208,36.830236341518955,5.1033779404794615
none,,type_i_baseline-5c0f9fe8a4ad,type_i_baseline,pls_latent,joint,pls_latent,delta,100,100,0,0.39102034030133476,0.3234498824079223,0.3295692097789882
none,,type_i_baseline-5c0f9fe8a4ad,type_i_baseline,pls_latent,joint,pls_latent,path_length[A],100,100,0,81.57816915686873,6.807712160174901,83.91888787288842
none,,type_i_baseline-5c0f9fe8a4ad,type_i_baseline,pls_latent,joint,pls_latent,path_length[B],100,100,0,81.51746720550058,6.714271669428426,83.61864236901758
none,,type_i_baseline-5c0f9fe8a4ad,type_i_baseline,pls_latent,joint,pls_latent,shape,100,100,0,0.010131068864804743,0.00463746437460366,0.009337487297393893
orientation,0.25,power_primary-b5971fca9258,power_primary,population_native,expression,native_omic_units,angle,100,100,0,64.04421926955253,28.701176592953857,51.49650462845336
orientation,0.25,power_primary-b5971fca9258,power_primary,population_native,expression,native_omic_units,delta,100,100,0,1.0609830941067309,0.8252842195310379,0.8359019792454383
orientation,0.25,power_primary-b5971fca9258,power_primary,population_native,expression,native_omic_units,path_length[A],100,100,0,44.50296170753463,1.4629041188467085,44.47395051852209
orientation,0.25,power_primary-b5971fca9258,power_primary,population_native,expression,native_omic_units,path_length[B],100,100,0,44.29512374388362,1.6091226577878155,44.34904799658688
orientation,0.25,power_primary-b5971fca9258,power_primary,population_native,expression,native_omic_units,shape,100,100,0,0.05868743286109078,0.01585548323208131,0.05846307214266981
orientation,0.25,power_primary-b5971fca9258,power_primary,population_native,methylation,native_omic_units,angle,100,100,0,41.25385273452171,2.346114167953915,41.53937730878283
orientation,0.25,power_primary-b5971fca9258,power_primary,population_native,methylation,native_omic_units,delta,100,100,0,0.0,0.0,0.0
orientation,0.25,power_primary-b5971fca9258,power_primary,population_native,methylation,native_omic_units,path_length[A],100,100,0,65.1451050099554,1.9068914151799745,65.12416590912433
orientation,0.25,power_primary-b5971fca9258,power_primary,population_native,methylation,native_omic_units,path_length[B],100,100,0,65.1451050099554,1.9068914151799745,65.12416590912433
orientation,0.25,power_primary-b5971fca9258,power_primary,population_native,methylation,native_omic_units,shape,100,100,0,2.247141447860528e-15,4.896080594356249e-16,2.2040056525637657e-15
orientation,0.25,power_primary-b5971fca9258,power_primary,population_native,proteomics,native_omic_units,angle,100,100,0,62.64069709066507,25.74722781027608,50.974109918681556
orientation,0.25,power_primary-b5971fca9258,power_primary,population_native,proteomics,native_omic_units,delta,100,100,0,1.2318340823838998,1.005899412032161,1.049746780810061
orientation,0.25,power_primary-b5971fca9258,power_primary,population_native,proteomics,native_omic_units,path_length[A],100,100,0,49.43995775674261,1.8001531846878354,49.242355296257536
orientation,0.25,power_primary-b5971fca9258,power_primary,population_native,proteomics,native_omic_units,path_length[B],100,100,0,49.08664932154121,1.8948085082352122,49.20603543546261
orientation,0.25,power_primary-b5971fca9258,power_primary,population_native,proteomics,native_omic_units,shape,100,100,0,0.06601301117184573,0.018499422799936747,0.06642215412171945
orientation,0.25,power_primary-b5971fca9258,power_primary,population_standardized,expression,standardized_feature,angle,100,100,0,67.03880352630435,27.066662267617687,55.80830234033976
orientation,0.25,power_primary-b5971fca9258,power_primary,population_standardized,expression,standardized_feature,delta,100,100,0,1.1541139139081664,0.8303332845052239,1.0124468991046385
orientation,0.25,power_primary-b5971fca9258,power_primary,population_standardized,expression,standardized_feature,path_length[A],100,100,0,38.91513327694374,1.2975018717478006,38.86032776591294
orientation,0.25,power_primary-b5971fca9258,power_primary,population_standardized,expression,standardized_feature,path_length[B],100,100,0,38.77851080736405,1.46277489461699,38.81403733882132
orientation,0.25,power_primary-b5971fca9258,power_primary,population_standardized,expression,standardized_feature,shape,100,100,0,0.06413967567136418,0.01682929360149291,0.06475620643145148
orientation,0.25,power_primary-b5971fca9258,power_primary,population_standardized,joint,standardized_feature,angle,100,100,0,61.646198865644344,26.386972151483803,50.72828368344811
orientation,0.25,power_primary-b5971fca9258,power_primary,population_standardized,joint,standardized_feature,delta,100,100,0,1.3994417565537578,1.01595936554885,1.0943253441922778
orientation,0.25,power_primary-b5971fca9258,power_primary,population_standardized,joint,standardized_feature,path_length[A],100,100,0,86.20377687342403,2.347006098555033,86.43885249383644
orientation,0.25,power_primary-b5971fca9258,power_primary,population_standardized,joint,standardized_feature,path_length[B],100,100,0,86.13429926485756,2.6632341543725073,86.47668078549304
orientation,0.25,power_primary-b5971fca9258,power_primary,population_standardized,joint,standardized_feature,shape,100,100,0,0.03496967309713958,0.009532456383645355,0.035254781170275584
orientation,0.25,power_primary-b5971fca9258,power_primary,population_standardized,methylation,standardized_feature,angle,100,100,0,54.06289497324392,22.865166424562368,47.40729783383495
orientation,0.25,power_primary-b5971fca9258,power_primary,population_standardized,methylation,standardized_feature,delta,100,100,0,0.5093410458032502,0.39723056172950044,0.4134074460537889
orientation,0.25,power_primary-b5971fca9258,power_primary,population_standardized,methylation,standardized_feature,path_length[A],100,100,0,59.38835016389615,1.769463510047793,59.54022489756855
orientation,0.25,power_primary-b5971fca9258,power_primary,population_standardized,methylation,standardized_feature,path_length[B],100,100,0,59.56532617282353,1.9769743453158353,59.58003902430312
orientation,0.25,power_primary-b5971fca9258,power_primary,population_standardized,methylation,standardized_feature,shape,100,100,0,0.011405435746379658,0.0034488165009098834,0.010877065949123911
orientation,0.25,power_primary-b5971fca9258,power_primary,population_standardized,proteomics,standardized_feature,angle,100,100,0,66.61174413822526,26.01785877157684,55.268324756559046
orientation,0.25,power_primary-b5971fca9258,power_primary,population_standardized,proteomics,standardized_feature,delta,100,100,0,1.5264759510210888,1.2299082983880052,1.2114060405094484
orientation,0.25,power_primary-b5971fca9258,power_primary,population_standardized,proteomics,standardized_feature,path_length[A],100,100,0,48.827245446666055,1.782957936232379,48.7534707256042
orientation,0.25,power_primary-b5971fca9258,power_primary,population_standardized,proteomics,standardized_feature,path_length[B],100,100,0,48.59683613770127,1.876108644034336,48.58204916602587
orientation,0.25,power_primary-b5971fca9258,power_primary,population_standardized,proteomics,standardized_feature,shape,100,100,0,0.07080965091409863,0.02036744241759667,0.0708830522709746
orientation,0.25,power_primary-b5971fca9258,power_primary,observed_standardized,expression,standardized_feature,angle,100,100,0,68.19588884809669,27.324195803980185,55.63524065168862
orientation,0.25,power_primary-b5971fca9258,power_primary,observed_standardized,expression,standardized_feature,delta,100,100,0,1.1802707803437942,0.8821156900813613,1.0157932108194885
orientation,0.25,power_primary-b5971fca9258,power_primary,observed_standardized,expression,standardized_feature,path_length[A],100,100,0,39.154298946577924,1.2863368091545058,39.22631907468792
orientation,0.25,power_primary-b5971fca9258,power_primary,observed_standardized,expression,standardized_feature,path_length[B],100,100,0,39.12395060482269,1.4590943716785034,39.08772086470577
orientation,0.25,power_primary-b5971fca9258,power_primary,observed_standardized,expression,standardized_feature,shape,100,100,0,0.06472393767292811,0.018069749837969752,0.06446885823031848
orientation,0.25,power_primary-b5971fca9258,power_primary,observed_standardized,joint,standardized_feature,angle,100,100,0,61.14456647072296,24.985325567342706,51.41882495950439
orientation,0.25,power_primary-b5971fca9258,power_primary,observed_standardized,joint,standardized_feature,delta,100,100,0,1.398745425018372,1.0387434289084472,1.0947069273564622
orientation,0.25,power_primary-b5971fca9258,power_primary,observed_standardized,joint,standardized_feature,path_length[A],100,100,0,86.90857640073446,2.2947726689122643,87.32656471479439
orientation,0.25,power_primary-b5971fca9258,power_primary,observed_standardized,joint,standardized_feature,path_length[B],100,100,0,86.88092528468479,2.646477765652578,87.08215932548836
orientation,0.25,power_primary-b5971fca9258,power_primary,observed_standardized,joint,standardized_feature,shape,100,100,0,0.03449856132862426,0.009466135932067772,0.03453697199559197
orientation,0.25,power_primary-b5971fca9258,power_primary,observed_standardized,methylation,standardized_feature,angle,100,100,0,58.48628221190046,23.80949962096758,49.84178498756782
orientation,0.25,power_primary-b5971fca9258,power_primary,observed_standardized,methylation,standardized_feature,delta,100,100,0,0.6094829721989548,0.4415774986840024,0.5565939312796573
orientation,0.25,power_primary-b5971fca9258,power_primary,observed_standardized,methylation,standardized_feature,path_length[A],100,100,0,60.08411142436935,1.7717216767853294,60.2266922127618
orientation,0.25,power_primary-b5971fca9258,power_primary,observed_standardized,methylation,standardized_feature,path_length[B],100,100,0,60.25368148697975,1.9943717330512765,60.19896491449006
orientation,0.25,power_primary-b5971fca9258,power_primary,observed_standardized,methylation,standardized_feature,shape,100,100,0,0.01911311055787218,0.006615153540802951,0.018826514019075535
orientation,0.25,power_primary-b5971fca9258,power_primary,observed_standardized,proteomics,standardized_feature,angle,100,100,0,67.1451724359627,25.60964994761708,56.38593594491607
orientation,0.25,power_primary-b5971fca9258,power_primary,observed_standardized,proteomics,standardized_feature,delta,100,100,0,1.5343360175775431,1.1622788064267007,1.2732530629606487
orientation,0.25,power_primary-b5971fca9258,power_primary,observed_standardized,proteomics,standardized_feature,path_length[A],100,100,0,49.032113848419314,1.7399276090165134,49.060552531189515
orientation,0.25,power_primary-b5971fca9258,power_primary,observed_standardized,proteomics,standardized_feature,path_length[B],100,100,0,48.797662294183326,1.8397361075791898,48.71747355764391
orientation,0.25,power_primary-b5971fca9258,power_primary,observed_standardized,proteomics,standardized_feature,shape,100,100,0,0.07057653275708277,0.01971032181612476,0.07128134761017316
orientation,0.25,power_primary-b5971fca9258,power_primary,pls_latent,joint,pls_latent,angle,100,100,0,41.74545403199739,47.115139669320236,21.050658506450873
orientation,0.25,power_primary-b5971fca9258,power_primary,pls_latent,joint,pls_latent,delta,100,100,0,1.5388229012783428,1.1607215695623485,1.2859554382860097
orientation,0.25,power_primary-b5971fca9258,power_primary,pls_latent,joint,pls_latent,path_length[A],100,100,0,78.18073499974955,5.584368430351485,79.6796131209841
orientation,0.25,power_primary-b5971fca9258,power_primary,pls_latent,joint,pls_latent,path_length[B],100,100,0,77.76497100420752,5.7000773390855235,79.08078505274389
orientation,0.25,power_primary-b5971fca9258,power_primary,pls_latent,joint,pls_latent,shape,100,100,0,0.04120759357219353,0.011750621279293457,0.041567271848472406
orientation,0.5,power_primary-26e57b9905c7,power_primary,population_native,expression,native_omic_units,angle,100,100,0,76.71175970674786,17.554388575994526,71.21013647226056
orientation,0.5,power_primary-26e57b9905c7,power_primary,population_native,expression,native_omic_units,delta,100,100,0,1.3378758306113943,0.965138892265739,1.1493929403834429
orientation,0.5,power_primary-26e57b9905c7,power_primary,population_native,expression,native_omic_units,path_length[A],100,100,0,44.50296170753463,1.4629041188467085,44.47395051852209
orientation,0.5,power_primary-26e57b9905c7,power_primary,population_native,expression,native_omic_units,path_length[B],100,100,0,44.154975929417134,1.4820829256749763,44.088942237157525
orientation,0.5,power_primary-26e57b9905c7,power_primary,population_native,expression,native_omic_units,shape,100,100,0,0.07269077797033269,0.02192558807789901,0.06890410643227075
orientation,0.5,power_primary-26e57b9905c7,power_primary,population_native,methylation,native_omic_units,angle,100,100,0,59.79096590879713,1.890142189165645,59.92822565884967
orientation,0.5,power_primary-26e57b9905c7,power_primary,population_native,methylation,native_omic_units,delta,100,100,0,0.0,0.0,0.0
orientation,0.5,power_primary-26e57b9905c7,power_primary,population_native,methylation,native_omic_units,path_length[A],100,100,0,65.1451050099554,1.9068914151799745,65.12416590912433
orientation,0.5,power_primary-26e57b9905c7,power_primary,population_native,methylation,native_omic_units,path_length[B],100,100,0,65.1451050099554,1.9068914151799745,65.12416590912433
orientation,0.5,power_primary-26e57b9905c7,power_primary,population_native,methylation,native_omic_units,shape,100,100,0,2.1494531714557648e-15,2.838788047254792e-16,2.092901522668861e-15
orientation,0.5,power_primary-26e57b9905c7,power_primary,population_native,proteomics,native_omic_units,angle,100,100,0,76.46439399470307,16.69488585811584,71.64684001987715
orientation,0.5,power_primary-26e57b9905c7,power_primary,population_native,proteomics,native_omic_units,delta,100,100,0,1.672362657745977,1.2086446862179532,1.398655943886446
orientation,0.5,power_primary-26e57b9905c7,power_primary,population_native,proteomics,native_omic_units,path_length[A],100,100,0,49.43995775674261,1.8001531846878354,49.242355296257536
orientation,0.5,power_primary-26e57b9905c7,power_primary,population_native,proteomics,native_omic_units,path_length[B],100,100,0,48.98798636376822,1.8330418390211076,49.00695812672698
orientation,0.5,power_primary-26e57b9905c7,power_primary,population_native,proteomics,native_omic_units,shape,100,100,0,0.08204505404016249,0.023702667870522765,0.0810756830156743
orientation,0.5,power_primary-26e57b9905c7,power_primary,population_standardized,expression,standardized_feature,angle,100,100,0,77.21800573859585,16.312548385904535,72.96890621932135
orientation,0.5,power_primary-26e57b9905c7,power_primary,population_standardized,expression,standardized_feature,delta,100,100,0,1.3513232509750628,0.9650557669373456,1.1333467073784433
orientation,0.5,power_primary-26e57b9905c7,power_primary,population_standardized,expression,standardized_feature,path_length[A],100,100,0,39.07908230824406,1.2929867118494538,39.095531471129945
orientation,0.5,power_primary-26e57b9905c7,power_primary,population_standardized,expression,standardized_feature,path_length[B],100,100,0,38.87031832614359,1.3263551690613973,38.88758533284013
orientation,0.5,power_primary-26e57b9905c7,power_primary,population_standardized,expression,standardized_feature,shape,100,100,0,0.07666221439205065,0.024919345894637013,0.0757965249653409
orientation,0.5,power_primary-26e57b9905c7,power_primary,population_standardized,joint,standardized_feature,angle,100,100,0,76.99037797695343,16.635544068442293,69.70578185662711
orientation,0.5,power_primary-26e57b9905c7,power_primary,population_standardized,joint,standardized_feature,delta,100,100,0,1.7038720017915145,1.26137180040287,1.286706891373953
orientation,0.5,power_primary-26e57b9905c7,power_primary,population_standardized,joint,standardized_feature,path_length[A],100,100,0,87.96055357407744,2.2881294621319226,88.10751118501997
orientation,0.5,power_primary-26e57b9905c7,power_primary,population_standardized,joint,standardized_feature,path_length[B],100,100,0,87.76565737624964,2.4159874847779252,87.80702718427216
orientation,0.5,power_primary-26e57b9905c7,power_primary,population_standardized,joint,standardized_feature,shape,100,100,0,0.042043235749817304,0.013238306701300844,0.04116192393633094
orientation,0.5,power_primary-26e57b9905c7,power_primary,population_standardized,methylation,standardized_feature,angle,100,100,0,70.65889366513585,14.817542168602309,65.67246268323642
orientation,0.5,power_primary-26e57b9905c7,power_primary,population_standardized,methylation,standardized_feature,delta,100,100,0,0.7005820314694975,0.5482393070345156,0.5132430182538741
orientation,0.5,power_primary-26e57b9905c7,power_primary,population_standardized,methylation,standardized_feature,path_length[A],100,100,0,61.51375286239916,1.9301801040789393,61.8084452645971
orientation,0.5,power_primary-26e57b9905c7,power_primary,population_standardized,methylation,standardized_feature,path_length[B],100,100,0,61.72000496898295,1.903416449240893,61.65844456230553
orientation,0.5,power_primary-26e57b9905c7,power_primary,population_standardized,methylation,standardized_feature,shape,100,100,0,0.015638721430134485,0.005458973335249153,0.015185285081971563
orientation,0.5,power_primary-26e57b9905c7,power_primary,population_standardized,proteomics,standardized_feature,angle,100,100,0,79.3691344523133,16.342562586777326,74.5072487433751
orientation,0.5,power_primary-26e57b9905c7,power_primary,population_standardized,proteomics,standardized_feature,delta,100,100,0,1.973766242030154,1.4036779500936487,1.7321847449605876
orientation,0.5,power_primary-26e57b9905c7,power_primary,population_standardized,proteomics,standardized_feature,path_length[A],100,100,0,49.189410881153925,1.669649785716553,49.02647939428658
orientation,0.5,power_primary-26e57b9905c7,power_primary,population_standardized,proteomics,standardized_feature,path_length[B],100,100,0,48.74446975794398,1.823930290887595,48.92357819766412
orientation,0.5,power_primary-26e57b9905c7,power_primary,population_standardized,proteomics,standardized_feature,shape,100,100,0,0.08755693122640466,0.02730585610252076,0.08707274973107518
orientation,0.5,power_primary-26e57b9905c7,power_primary,observed_standardized,expression,standardized_feature,angle,100,100,0,77.30080344617068,15.728204131686898,72.97394435246221
orientation,0.5,power_primary-26e57b9905c7,power_primary,observed_standardized,expression,standardized_feature,delta,100,100,0,1.3408922575485491,0.9881032901977946,0.9954988684655497
orientation,0.5,power_primary-26e57b9905c7,power_primary,observed_standardized,expression,standardized_feature,path_length[A],100,100,0,39.285918389611844,1.2786675510558823,39.316416739306014
orientation,0.5,power_primary-26e57b9905c7,power_primary,observed_standardized,expression,standardized_feature,path_length[B],100,100,0,39.16733694840422,1.3331484282866073,39.09792522074392
orientation,0.5,power_primary-26e57b9905c7,power_primary,observed_standardized,expression,standardized_feature,shape,100,100,0,0.07764411512267813,0.024524384373773644,0.07596103279637417
orientation,0.5,power_primary-26e57b9905c7,power_primary,observed_standardized,joint,standardized_feature,angle,100,100,0,75.54912903487403,14.947558469308024,69.13782080307911
orientation,0.5,power_primary-26e57b9905c7,power_primary,observed_standardized,joint,standardized_feature,delta,100,100,0,1.7527654892235736,1.286014232526014,1.472999727134244
orientation,0.5,power_primary-26e57b9905c7,power_primary,observed_standardized,joint,standardized_feature,path_length[A],100,100,0,88.50835795466004,2.2404470041212767,88.75684810392355
orientation,0.5,power_primary-26e57b9905c7,power_primary,observed_standardized,joint,standardized_feature,path_length[B],100,100,0,88.42464778069039,2.412724847634695,88.32787849417271
orientation,0.5,power_primary-26e57b9905c7,power_primary,observed_standardized,joint,standardized_feature,shape,100,100,0,0.042683527336422195,0.012848426860765594,0.041533333520263505
orientation,0.5,power_primary-26e57b9905c7,power_primary,observed_standardized,methylation,standardized_feature,angle,100,100,0,74.85319956471314,17.521460340038747,67.19811540064381
orientation,0.5,power_primary-26e57b9905c7,power_primary,observed_standardized,methylation,standardized_feature,delta,100,100,0,0.8104766250648454,0.5848564414114278,0.7618199233970202
orientation,0.5,power_primary-26e57b9905c7,power_primary,observed_standardized,methylation,standardized_feature,path_length[A],100,100,0,62.05034876300932,1.7985321229904616,62.20454900524216
orientation,0.5,power_primary-26e57b9905c7,power_primary,observed_standardized,methylation,standardized_feature,path_length[B],100,100,0,62.329745354777636,1.9415428130309107,62.32799374383344
orientation,0.5,power_primary-26e57b9905c7,power_primary,observed_standardized,methylation,standardized_feature,shape,100,100,0,0.022246853979626363,0.008259562919102124,0.02123098106207548
orientation,0.5,power_primary-26e57b9905c7,power_primary,observed_standardized,proteomics,standardized_feature,angle,100,100,0,78.88129952645774,15.738662053704351,74.77261095289126
orientation,0.5,power_primary-26e57b9905c7,power_primary,observed_standardized,proteomics,standardized_feature,delta,100,100,0,2.0205222955686897,1.4273586334884687,1.7460142529981937
orientation,0.5,power_primary-26e57b9905c7,power_primary,observed_standardized,proteomics,standardized_feature,path_length[A],100,100,0,49.33087798290545,1.6779672785426714,49.08856488891159
orientation,0.5,power_primary-26e57b9905c7,power_primary,observed_standardized,proteomics,standardized_feature,path_length[B],100,100,0,48.91663258991209,1.8346764635247195,48.96781279629734
orientation,0.5,power_primary-26e57b9905c7,power_primary,observed_standardized,proteomics,standardized_feature,shape,100,100,0,0.08812299510436293,0.027033938362598254,0.08702816825375893
orientation,0.5,power_primary-26e57b9905c7,power_primary,pls_latent,joint,pls_latent,angle,100,100,0,59.25987066336655,46.873060952114066,49.27265434109279
orientation,0.5,power_primary-26e57b9905c7,power_primary,pls_latent,joint,pls_latent,delta,100,100,0,2.1141266649808093,1.6019511507301951,1.7369310317524267
orientation,0.5,power_primary-26e57b9905c7,power_primary,pls_latent,joint,pls_latent,path_length[A],100,100,0,73.24686716352541,5.6034414354564435,74.72333531610317
orientation,0.5,power_primary-26e57b9905c7,power_primary,pls_latent,joint,pls_latent,path_length[B],100,100,0,72.36877278417143,5.6148626046292724,73.46854937871774
orientation,0.5,power_primary-26e57b9905c7,power_primary,pls_latent,joint,pls_latent,shape,100,100,0,0.059691595549476,0.01842619753891954,0.05758258369089643
orientation,0.75,power_primary-ea21ea382a34,power_primary,population_native,expression,native_omic_units,angle,100,100,0,80.58628304171742,10.435454538411532,79.06858783903081
orientation,0.75,power_primary-ea21ea382a34,power_primary,population_native,expression,native_omic_units,delta,100,100,0,1.2914751266119304,0.9835782706506416,1.07763991797189
orientation,0.75,power_primary-ea21ea382a34,power_primary,population_native,expression,native_omic_units,path_length[A],100,100,0,44.50296170753463,1.4629041188467085,44.47395051852209
orientation,0.75,power_primary-ea21ea382a34,power_primary,population_native,expression,native_omic_units,path_length[B],100,100,0,44.40073260793867,1.3563661509908886,44.32432644539085
orientation,0.75,power_primary-ea21ea382a34,power_primary,population_native,expression,native_omic_units,shape,100,100,0,0.0775265818219947,0.02496173757018578,0.07670343381306231
orientation,0.75,power_primary-ea21ea382a34,power_primary,population_native,methylation,native_omic_units,angle,100,100,0,71.24637248740541,3.990392893446251,71.75592344004228
orientation,0.75,power_primary-ea21ea382a34,power_primary,population_native,methylation,native_omic_units,delta,100,100,0,0.0,0.0,0.0
orientation,0.75,power_primary-ea21ea382a34,power_primary,population_native,methylation,native_omic_units,path_length[A],100,100,0,65.1451050099554,1.9068914151799745,65.12416590912433
orientation,0.75,power_primary-ea21ea382a34,power_primary,population_native,methylation,native_omic_units,path_length[B],100,100,0,65.1451050099554,1.9068914151799745,65.12416590912433
orientation,0.75,power_primary-ea21ea382a34,power_primary,population_native,methylation,native_omic_units,shape,100,100,0,2.189844975945212e-15,2.974972465700477e-16,2.179829571828376e-15
orientation,0.75,power_primary-ea21ea382a34,power_primary,population_native,proteomics,native_omic_units,angle,100,100,0,82.02825696341566,11.903067712329372,80.55756369833044
orientation,0.75,power_primary-ea21ea382a34,power_primary,population_native,proteomics,native_omic_units,delta,100,100,0,1.6355470716231688,1.1162446785061149,1.3332405130431617
orientation,0.75,power_primary-ea21ea382a34,power_primary,population_native,proteomics,native_omic_units,path_length[A],100,100,0,49.43995775674261,1.8001531846878354,49.242355296257536
orientation,0.75,power_primary-ea21ea382a34,power_primary,population_native,proteomics,native_omic_units,path_length[B],100,100,0,49.32423374534027,1.507175701147533,49.18103716009966
orientation,0.75,power_primary-ea21ea382a34,power_primary,population_native,proteomics,native_omic_units,shape,100,100,0,0.08858929279086034,0.02885179171656569,0.08863814992596666
orientation,0.75,power_primary-ea21ea382a34,power_primary,population_standardized,expression,standardized_feature,angle,100,100,0,82.5128923637349,10.755584354180005,80.73688366239254
orientation,0.75,power_primary-ea21ea382a34,power_primary,population_standardized,expression,standardized_feature,delta,100,100,0,1.3464751311096053,0.9986068437552507,1.1754539126332162
orientation,0.75,power_primary-ea21ea382a34,power_primary,population_standardized,expression,standardized_feature,path_length[A],100,100,0,38.89569641218425,1.358958054082552,38.85359452746273
orientation,0.75,power_primary-ea21ea382a34,power_primary,population_standardized,expression,standardized_feature,path_length[B],100,100,0,38.94840768582202,1.1743756687455973,38.957584206294044
orientation,0.75,power_primary-ea21ea382a34,power_primary,population_standardized,expression,standardized_feature,shape,100,100,0,0.0817658385495323,0.02420707484224567,0.08171179280279253
orientation,0.75,power_primary-ea21ea382a34,power_primary,population_standardized,joint,standardized_feature,angle,100,100,0,80.78849537007804,9.857624121200075,78.50958980182789
orientation,0.75,power_primary-ea21ea382a34,power_primary,population_standardized,joint,standardized_feature,delta,100,100,0,1.7093312612174787,1.3084351530381786,1.4069187786778912
orientation,0.75,power_primary-ea21ea382a34,power_primary,population_standardized,joint,standardized_feature,path_length[A],100,100,0,88.73484651259228,2.3398748221460743,88.6260976159515
orientation,0.75,power_primary-ea21ea382a34,power_primary,population_standardized,joint,standardized_feature,path_length[B],100,100,0,89.0981092373701,2.0411052467302704,88.77741300957385
orientation,0.75,power_primary-ea21ea382a34,power_primary,population_standardized,joint,standardized_feature,shape,100,100,0,0.04293672695481165,0.013884507618381862,0.04254623565984719
orientation,0.75,power_primary-ea21ea382a34,power_primary,population_standardized,methylation,standardized_feature,angle,100,100,0,79.41676092787631,10.174479152641553,76.5516828155954
orientation,0.75,power_primary-ea21ea382a34,power_primary,population_standardized,methylation,standardized_feature,delta,100,100,0,0.8903736947117253,0.7017507669718295,0.8081884972437798
orientation,0.75,power_primary-ea21ea382a34,power_primary,population_standardized,methylation,standardized_feature,path_length[A],100,100,0,62.98304967573504,1.6795563537993234,63.38864671231496
orientation,0.75,power_primary-ea21ea382a34,power_primary,population_standardized,methylation,standardized_feature,path_length[B],100,100,0,63.327661019212144,1.74351752725636,63.23013977292951
orientation,0.75,power_primary-ea21ea382a34,power_primary,population_standardized,methylation,standardized_feature,shape,100,100,0,0.018203572773764828,0.006253432480704769,0.017858487835896535
orientation,0.75,power_primary-ea21ea382a34,power_primary,population_standardized,proteomics,standardized_feature,angle,100,100,0,82.80805968457533,11.146510288742562,80.70317637318308
orientation,0.75,power_primary-ea21ea382a34,power_primary,population_standardized,proteomics,standardized_feature,delta,100,100,0,1.9021951601271696,1.2939635369041917,1.6639438779759494
orientation,0.75,power_primary-ea21ea382a34,power_primary,population_standardized,proteomics,standardized_feature,path_length[A],100,100,0,48.870236044461606,1.846179942647662,48.83071112172128
orientation,0.75,power_primary-ea21ea382a34,power_primary,population_standardized,proteomics,standardized_feature,path_length[B],100,100,0,49.0447878479467,1.4194905882231197,49.02993222788057
orientation,0.75,power_primary-ea21ea382a34,power_primary,population_standardized,proteomics,standardized_feature,shape,100,100,0,0.09199497101765566,0.030160478647614626,0.0923241040162312
orientation,0.75,power_primary-ea21ea382a34,power_primary,observed_standardized,expression,standardized_feature,angle,100,100,0,82.19257231723705,10.375461143929368,80.15283447442236
orientation,0.75,power_primary-ea21ea382a34,power_primary,observed_standardized,expression,standardized_feature,delta,100,100,0,1.4305668804269438,1.021592076527336,1.220769480137541
orientation,0.75,power_primary-ea21ea382a34,power_primary,observed_standardized,expression,standardized_feature,path_length[A],100,100,0,39.162111216710926,1.3518570825899276,39.052010018124186
orientation,0.75,power_primary-ea21ea382a34,power_primary,observed_standardized,expression,standardized_feature,path_length[B],100,100,0,39.20759451813431,1.177337141450904,39.17993179111687
orientation,0.75,power_primary-ea21ea382a34,power_primary,observed_standardized,expression,standardized_feature,shape,100,100,0,0.08139976902655656,0.025901730118593144,0.07936313102874108
orientation,0.75,power_primary-ea21ea382a34,power_primary,observed_standardized,joint,standardized_feature,angle,100,100,0,80.59708788228178,9.347295835816736,78.45001903199159
orientation,0.75,power_primary-ea21ea382a34,power_primary,observed_standardized,joint,standardized_feature,delta,100,100,0,1.747097438531573,1.4340471140317466,1.4776653396392234
orientation,0.75,power_primary-ea21ea382a34,power_primary,observed_standardized,joint,standardized_feature,path_length[A],100,100,0,89.22012914411717,2.34043069710326,89.10701795332676
orientation,0.75,power_primary-ea21ea382a34,power_primary,observed_standardized,joint,standardized_feature,path_length[B],100,100,0,89.6752878849807,2.0241560299597205,89.47153754312777
orientation,0.75,power_primary-ea21ea382a34,power_primary,observed_standardized,joint,standardized_feature,shape,100,100,0,0.04360505619249074,0.014851067500728525,0.04241644577853809
orientation,0.75,power_primary-ea21ea382a34,power_primary,observed_standardized,methylation,standardized_feature,angle,100,100,0,80.14025732621145,10.089401108777171,76.93959402131438
orientation,0.75,power_primary-ea21ea382a34,power_primary,observed_standardized,methylation,standardized_feature,delta,100,100,0,0.9728998830807236,0.7602038475744011,0.78085810416448
orientation,0.75,power_primary-ea21ea382a34,power_primary,observed_standardized,methylation,standardized_feature,path_length[A],100,100,0,63.3945119547803,1.6808957220338385,63.715521515105635
orientation,0.75,power_primary-ea21ea382a34,power_primary,observed_standardized,methylation,standardized_feature,path_length[B],100,100,0,63.863352214944655,1.709057672163768,63.737441010935825
orientation,0.75,power_primary-ea21ea382a34,power_primary,observed_standardized,methylation,standardized_feature,shape,100,100,0,0.022283070717551767,0.00784596169584572,0.021661937063099514
orientation,0.75,power_primary-ea21ea382a34,power_primary,observed_standardized,proteomics,standardized_feature,angle,100,100,0,82.68126192446951,10.628147144226675,80.65485486155023
orientation,0.75,power_primary-ea21ea382a34,power_primary,observed_standardized,proteomics,standardized_feature,delta,100,100,0,1.9156259704698335,1.3143112605084528,1.7831727999575584
orientation,0.75,power_primary-ea21ea382a34,power_primary,observed_standardized,proteomics,standardized_feature,path_length[A],100,100,0,49.00925648382294,1.8194771622601342,48.897749874032165
orientation,0.75,power_primary-ea21ea382a34,power_primary,observed_standardized,proteomics,standardized_feature,path_length[B],100,100,0,49.19359060762977,1.4322143194412449,49.147486205830546
orientation,0.75,power_primary-ea21ea382a34,power_primary,observed_standardized,proteomics,standardized_feature,shape,100,100,0,0.09170232080029876,0.03108366293027645,0.08819484166805466
orientation,0.75,power_primary-ea21ea382a34,power_primary,pls_latent,joint,pls_latent,angle,100,100,0,59.15975023432065,43.38057997359472,45.558833393078345
orientation,0.75,power_primary-ea21ea382a34,power_primary,pls_latent,joint,pls_latent,delta,100,100,0,2.2276624898059882,1.7837957324335336,1.9081495433183804
orientation,0.75,power_primary-ea21ea382a34,power_primary,pls_latent,joint,pls_latent,path_length[A],100,100,0,70.59231816160889,4.056489945200426,71.07894822249645
orientation,0.75,power_primary-ea21ea382a34,power_primary,pls_latent,joint,pls_latent,path_length[B],100,100,0,70.09873985971181,3.8425681225857864,70.18716614557889
orientation,0.75,power_primary-ea21ea382a34,power_primary,pls_latent,joint,pls_latent,shape,100,100,0,0.06958331603741134,0.023346072827908022,0.06901337402736255
orientation,1.0,power_primary-ecebec8fe9ee,power_primary,population_native,expression,native_omic_units,angle,100,100,0,80.62065982852253,9.914185978724507,79.19057397780482
orientation,1.0,power_primary-ecebec8fe9ee,power_primary,population_native,expression,native_omic_units,delta,100,100,0,1.291129799306754,1.0818097412567547,1.1314641797380212
orientation,1.0,power_primary-ecebec8fe9ee,power_primary,population_native,expression,native_omic_units,path_length[A],100,100,0,44.50296170753463,1.4629041188467085,44.47395051852209
orientation,1.0,power_primary-ecebec8fe9ee,power_primary,population_native,expression,native_omic_units,path_length[B],100,100,0,44.410440693819965,1.416953111172344,44.26618025516545
orientation,1.0,power_primary-ecebec8fe9ee,power_primary,population_native,expression,native_omic_units,shape,100,100,0,0.08112401213336552,0.025648202113920195,0.08088760729231025
orientation,1.0,power_primary-ecebec8fe9ee,power_primary,population_native,methylation,native_omic_units,angle,100,100,0,71.92564144655346,5.119282866795674,71.75592344004228
orientation,1.0,power_primary-ecebec8fe9ee,power_primary,population_native,methylation,native_omic_units,delta,100,100,0,0.0,0.0,0.0
orientation,1.0,power_primary-ecebec8fe9ee,power_primary,population_native,methylation,native_omic_units,path_length[A],100,100,0,65.1451050099554,1.9068914151799745,65.12416590912433
orientation,1.0,power_primary-ecebec8fe9ee,power_primary,population_native,methylation,native_omic_units,path_length[B],100,100,0,65.1451050099554,1.9068914151799745,65.12416590912433
orientation,1.0,power_primary-ecebec8fe9ee,power_primary,population_native,methylation,native_omic_units,shape,100,100,0,2.1947743360477212e-15,2.821184537738031e-16,2.17767335365175e-15
orientation,1.0,power_primary-ecebec8fe9ee,power_primary,population_native,proteomics,native_omic_units,angle,100,100,0,82.43420792735941,11.481706500971104,80.76849279099989
orientation,1.0,power_primary-ecebec8fe9ee,power_primary,population_native,proteomics,native_omic_units,delta,100,100,0,1.6439193386020594,1.2089103329346187,1.3345287585350505
orientation,1.0,power_primary-ecebec8fe9ee,power_primary,population_native,proteomics,native_omic_units,path_length[A],100,100,0,49.43995775674261,1.8001531846878354,49.242355296257536
orientation,1.0,power_primary-ecebec8fe9ee,power_primary,population_native,proteomics,native_omic_units,path_length[B],100,100,0,49.27208753395249,1.6096286019546013,49.10556212566485
orientation,1.0,power_primary-ecebec8fe9ee,power_primary,population_native,proteomics,native_omic_units,shape,100,100,0,0.09098702069159817,0.03096151735557933,0.08980058110599834
orientation,1.0,power_primary-ecebec8fe9ee,power_primary,population_standardized,expression,standardized_feature,angle,100,100,0,82.3562525966952,10.521906628172927,80.73688366239254
orientation,1.0,power_primary-ecebec8fe9ee,power_primary,population_standardized,expression,standardized_feature,delta,100,100,0,1.4020510102963142,1.08187193116715,1.1967640337046568
orientation,1.0,power_primary-ecebec8fe9ee,power_primary,population_standardized,expression,standardized_feature,path_length[A],100,100,0,38.90531364090301,1.3530852792582007,38.80627498504932
orientation,1.0,power_primary-ecebec8fe9ee,power_primary,population_standardized,expression,standardized_feature,path_length[B],100,100,0,38.959109330126324,1.244089625687784,38.99303527805875
orientation,1.0,power_primary-ecebec8fe9ee,power_primary,population_standardized,expression,standardized_feature,shape,100,100,0,0.08331624067246764,0.026576556498198393,0.08171179280279253
orientation,1.0,power_primary-ecebec8fe9ee,power_primary,population_standardized,joint,standardized_feature,angle,100,100,0,81.13822090429055,9.942442410274328,78.76544601534187
orientation,1.0,power_primary-ecebec8fe9ee,power_primary,population_standardized,joint,standardized_feature,delta,100,100,0,1.687996873830196,1.3789170617218434,1.3823815398679642
orientation,1.0,power_primary-ecebec8fe9ee,power_primary,population_standardized,joint,standardized_feature,path_length[A],100,100,0,88.78345994521823,2.3237450423527646,88.70522819835986
orientation,1.0,power_primary-ecebec8fe9ee,power_primary,population_standardized,joint,standardized_feature,path_length[B],100,100,0,89.0714501782972,2.0996018076001177,88.85068123312004
orientation,1.0,power_primary-ecebec8fe9ee,power_primary,population_standardized,joint,standardized_feature,shape,100,100,0,0.042801635930388084,0.01543822888110086,0.04286107853707066
orientation,1.0,power_primary-ecebec8fe9ee,power_primary,population_standardized,methylation,standardized_feature,angle,100,100,0,80.25077466683288,10.49530250628222,76.58990418695808
orientation,1.0,power_primary-ecebec8fe9ee,power_primary,population_standardized,methylation,standardized_feature,delta,100,100,0,0.878253863550819,0.6623477457105116,0.815862161776959
orientation,1.0,power_primary-ecebec8fe9ee,power_primary,population_standardized,methylation,standardized_feature,path_length[A],100,100,0,63.029562111290026,1.5933429885237909,63.40795614218095
orientation,1.0,power_primary-ecebec8fe9ee,power_primary,population_standardized,methylation,standardized_feature,path_length[B],100,100,0,63.35537962177944,1.6627752300524357,63.23013977292951
orientation,1.0,power_primary-ecebec8fe9ee,power_primary,population_standardized,methylation,standardized_feature,shape,100,100,0,0.017596879785117966,0.006085937308206796,0.01683672005670813
orientation,1.0,power_primary-ecebec8fe9ee,power_primary,population_standardized,proteomics,standardized_feature,angle,100,100,0,83.21890365952031,10.904480956976295,81.23437728045727
orientation,1.0,power_primary-ecebec8fe9ee,power_primary,population_standardized,proteomics,standardized_feature,delta,100,100,0,1.9666453024550783,1.4410637821208523,1.609152686938529
orientation,1.0,power_primary-ecebec8fe9ee,power_primary,population_standardized,proteomics,standardized_feature,path_length[A],100,100,0,48.89325243245828,1.861058461746783,48.83071112172128
orientation,1.0,power_primary-ecebec8fe9ee,power_primary,population_standardized,proteomics,standardized_feature,path_length[B],100,100,0,48.950953646282954,1.5732459430564523,49.04484243891542
orientation,1.0,power_primary-ecebec8fe9ee,power_primary,population_standardized,proteomics,standardized_feature,shape,100,100,0,0.09252208674310512,0.03144138624383021,0.09408496178650509
orientation,1.0,power_primary-ecebec8fe9ee,power_primary,observed_standardized,expression,standardized_feature,angle,100,100,0,81.24760624705584,9.521549762993661,80.15283447442236
orientation,1.0,power_primary-ecebec8fe9ee,power_primary,observed_standardized,expression,standardized_feature,delta,100,100,0,1.4739020611050355,1.042041289131902,1.2375871555641709
orientation,1.0,power_primary-ecebec8fe9ee,power_primary,observed_standardized,expression,standardized_feature,path_length[A],100,100,0,39.18786483665328,1.329670515311019,39.09497931399005
orientation,1.0,power_primary-ecebec8fe9ee,power_primary,observed_standardized,expression,standardized_feature,path_length[B],100,100,0,39.213969150642946,1.2589552667541817,39.26063605224896
orientation,1.0,power_primary-ecebec8fe9ee,power_primary,observed_standardized,expression,standardized_feature,shape,100,100,0,0.08320691741039596,0.02796335172975333,0.08231990904768696
orientation,1.0,power_primary-ecebec8fe9ee,power_primary,observed_standardized,joint,standardized_feature,angle,100,100,0,80.98060677579221,9.495747258082234,78.85191172317836
orientation,1.0,power_primary-ecebec8fe9ee,power_primary,observed_standardized,joint,standardized_feature,delta,100,100,0,1.6851415048259673,1.3688650903874517,1.3705281912176872
orientation,1.0,power_primary-ecebec8fe9ee,power_primary,observed_standardized,joint,standardized_feature,path_length[A],100,100,0,89.25627411535524,2.2813811828862525,89.32544501815144
orientation,1.0,power_primary-ecebec8fe9ee,power_primary,observed_standardized,joint,standardized_feature,path_length[B],100,100,0,89.6183088044171,2.1111065582509094,89.52152790013338
orientation,1.0,power_primary-ecebec8fe9ee,power_primary,observed_standardized,joint,standardized_feature,shape,100,100,0,0.0434708232076403,0.015916271338914812,0.04241644577853809
orientation,1.0,power_primary-ecebec8fe9ee,power_primary,observed_standardized,methylation,standardized_feature,angle,100,100,0,80.30963039608662,9.828843349261314,76.93959402131438
orientation,1.0,power_primary-ecebec8fe9ee,power_primary,observed_standardized,methylation,standardized_feature,delta,100,100,0,0.9261224186058894,0.6939553649525209,0.8348910281038329
orientation,1.0,power_primary-ecebec8fe9ee,power_primary,observed_standardized,methylation,standardized_feature,path_length[A],100,100,0,63.406835729221456,1.6003002973024971,63.68691414551125
orientation,1.0,power_primary-ecebec8fe9ee,power_primary,observed_standardized,methylation,standardized_feature,path_length[B],100,100,0,63.85447587294408,1.672661502348505,63.72153978346124
orientation,1.0,power_primary-ecebec8fe9ee,power_primary,observed_standardized,methylation,standardized_feature,shape,100,100,0,0.021459900203245823,0.007464070537632228,0.020950420277482125
orientation,1.0,power_primary-ecebec8fe9ee,power_primary,observed_standardized,proteomics,standardized_feature,angle,100,100,0,82.97919916678003,10.351775029919203,81.36958342345613
orientation,1.0,power_primary-ecebec8fe9ee,power_primary,observed_standardized,proteomics,standardized_feature,delta,100,100,0,1.9396076407760034,1.3958607523908295,1.5426839932222371
orientation,1.0,power_primary-ecebec8fe9ee,power_primary,observed_standardized,proteomics,standardized_feature,path_length[A],100,100,0,49.03911626338721,1.8174679823425324,49.01453345317381
orientation,1.0,power_primary-ecebec8fe9ee,power_primary,observed_standardized,proteomics,standardized_feature,path_length[B],100,100,0,49.0955561027925,1.5592363100996205,49.13514548451035
orientation,1.0,power_primary-ecebec8fe9ee,power_primary,observed_standardized,proteomics,standardized_feature,shape,100,100,0,0.09235927887435758,0.03177999451108222,0.08896027935171802
orientation,1.0,power_primary-ecebec8fe9ee,power_primary,pls_latent,joint,pls_latent,angle,100,100,0,57.47725812586703,42.92120108671313,44.32791110342581
orientation,1.0,power_primary-ecebec8fe9ee,power_primary,pls_latent,joint,pls_latent,delta,100,100,0,2.1860720078010356,1.7965039779083596,1.7685573818096358
orientation,1.0,power_primary-ecebec8fe9ee,power_primary,pls_latent,joint,pls_latent,path_length[A],100,100,0,70.22930271422523,4.577168091656616,71.03425023215246
orientation,1.0,power_primary-ecebec8fe9ee,power_primary,pls_latent,joint,pls_latent,path_length[B],100,100,0,69.61765347901874,4.394338354875389,70.08888646863025
orientation,1.0,power_primary-ecebec8fe9ee,power_primary,pls_latent,joint,pls_latent,shape,100,100,0,0.06994173826713163,0.025854624924694706,0.06966067940560741
shape,0.25,power_primary-4d6db70004dd,power_primary,population_native,expression,native_omic_units,angle,100,100,0,42.91257444038324,36.62137305362254,29.95582574223502
shape,0.25,power_primary-4d6db70004dd,power_primary,population_native,expression,native_omic_units,delta,100,100,0,0.8964941155922687,0.5784332141289829,0.808729814298033
shape,0.25,power_primary-4d6db70004dd,power_primary,population_native,expression,native_omic_units,path_length[A],100,100,0,44.50296170753463,1.4629041188467085,44.47395051852209
shape,0.25,power_primary-4d6db70004dd,power_primary,population_native,expression,native_omic_units,path_length[B],100,100,0,45.24892081260941,1.4471154332105964,45.11136999020191
shape,0.25,power_primary-4d6db70004dd,power_primary,population_native,expression,native_omic_units,shape,100,100,0,0.03677279374956406,0.01355328947425572,0.03627509482870871
shape,0.25,power_primary-4d6db70004dd,power_primary,population_native,methylation,native_omic_units,angle,100,100,0,44.78903777176496,38.628243586501924,32.89559315372557
shape,0.25,power_primary-4d6db70004dd,power_primary,population_native,methylation,native_omic_units,delta,100,100,0,1.3245968052463366,0.4919742653191319,1.2736728184792625
shape,0.25,power_primary-4d6db70004dd,power_primary,population_native,methylation,native_omic_units,path_length[A],100,100,0,65.1451050099554,1.9068914151799745,65.12416590912433
shape,0.25,power_primary-4d6db70004dd,power_primary,population_native,methylation,native_omic_units,path_length[B],100,100,0,66.46970181520174,1.9574610515991675,66.51327353324078
shape,0.25,power_primary-4d6db70004dd,power_primary,population_native,methylation,native_omic_units,shape,100,100,0,0.025154406097385586,0.007265699723343344,0.024116307685657548
shape,0.25,power_primary-4d6db70004dd,power_primary,population_native,proteomics,native_omic_units,angle,100,100,0,39.86744432824415,34.379341206858186,29.253056281423675
shape,0.25,power_primary-4d6db70004dd,power_primary,population_native,proteomics,native_omic_units,delta,100,100,0,1.0361308721230096,0.6924531698785014,0.9858493365930379
shape,0.25,power_primary-4d6db70004dd,power_primary,population_native,proteomics,native_omic_units,path_length[A],100,100,0,49.43995775674261,1.8001531846878354,49.242355296257536
shape,0.25,power_primary-4d6db70004dd,power_primary,population_native,proteomics,native_omic_units,path_length[B],100,100,0,50.26426823152533,1.7562999300808024,50.40408950522775
shape,0.25,power_primary-4d6db70004dd,power_primary,population_native,proteomics,native_omic_units,shape,100,100,0,0.03884435742367659,0.014279119017176841,0.03775279451748685
shape,0.25,power_primary-4d6db70004dd,power_primary,population_standardized,expression,standardized_feature,angle,100,100,0,50.29555427857793,38.11609815423231,41.19622907654755
shape,0.25,power_primary-4d6db70004dd,power_primary,population_standardized,expression,standardized_feature,delta,100,100,0,1.0850362956098,0.6891392711870368,0.98396121397057
shape,0.25,power_primary-4d6db70004dd,power_primary,population_standardized,expression,standardized_feature,path_length[A],100,100,0,38.60975857810108,1.3311002758083827,38.56376848266629
shape,0.25,power_primary-4d6db70004dd,power_primary,population_standardized,expression,standardized_feature,path_length[B],100,100,0,39.545927240685614,1.3321675064995444,39.62374735939623
shape,0.25,power_primary-4d6db70004dd,power_primary,population_standardized,expression,standardized_feature,shape,100,100,0,0.04180474047597903,0.016065446270294416,0.04250095024725803
shape,0.25,power_primary-4d6db70004dd,power_primary,population_standardized,joint,standardized_feature,angle,100,100,0,58.62609014437408,39.860873412779185,44.669860335790865
shape,0.25,power_primary-4d6db70004dd,power_primary,population_standardized,joint,standardized_feature,delta,100,100,0,2.4777476165993617,1.282717253685987,2.3992560993846084
shape,0.25,power_primary-4d6db70004dd,power_primary,population_standardized,joint,standardized_feature,path_length[A],100,100,0,84.76721925855162,2.2481643374362505,84.90381334629286
shape,0.25,power_primary-4d6db70004dd,power_primary,population_standardized,joint,standardized_feature,path_length[B],100,100,0,87.19497371156409,2.4106665470804223,87.5568344616062
shape,0.25,power_primary-4d6db70004dd,power_primary,population_standardized,joint,standardized_feature,shape,100,100,0,0.035693416405359175,0.012699824575288015,0.03588569597477459
shape,0.25,power_primary-4d6db70004dd,power_primary,population_standardized,methylation,standardized_feature,angle,100,100,0,63.4072113112247,41.387747023171634,43.599009896839696
shape,0.25,power_primary-4d6db70004dd,power_primary,population_standardized,methylation,standardized_feature,delta,100,100,0,1.8187595582308982,0.6587945425295799,1.8118007448283961
shape,0.25,power_primary-4d6db70004dd,power_primary,population_standardized,methylation,standardized_feature,path_length[A],100,100,0,57.9040988729502,1.588764662967002,57.97369368747498
shape,0.25,power_primary-4d6db70004dd,power_primary,population_standardized,methylation,standardized_feature,path_length[B],100,100,0,59.72285843118111,1.7681047006566688,59.77191096919892
shape,0.25,power_primary-4d6db70004dd,power_primary,population_standardized,methylation,standardized_feature,shape,100,100,0,0.034294119224814755,0.009953891265821186,0.03404916230376842
shape,0.25,power_primary-4d6db70004dd,power_primary,population_standardized,proteomics,standardized_feature,angle,100,100,0,46.539477931236206,31.584010616407785,39.861211625014704
shape,0.25,power_primary-4d6db70004dd,power_primary,population_standardized,proteomics,standardized_feature,delta,100,100,0,1.6090944396317457,1.0938221829273518,1.4330453029841372
shape,0.25,power_primary-4d6db70004dd,power_primary,population_standardized,proteomics,standardized_feature,path_length[A],100,100,0,48.33762688348964,1.7564446268013838,48.341091071457285
shape,0.25,power_primary-4d6db70004dd,power_primary,population_standardized,proteomics,standardized_feature,path_length[B],100,100,0,49.668793813132744,1.75352583370627,49.7825491243279
shape,0.25,power_primary-4d6db70004dd,power_primary,population_standardized,proteomics,standardized_feature,shape,100,100,0,0.04644228682221451,0.018925853258580115,0.04688897917570954
shape,0.25,power_primary-4d6db70004dd,power_primary,observed_standardized,expression,standardized_feature,angle,100,100,0,55.09045041396796,37.82855214838082,42.46621958431255
shape,0.25,power_primary-4d6db70004dd,power_primary,observed_standardized,expression,standardized_feature,delta,100,100,0,1.1212423896866404,0.7496729070228811,1.0623989681337385
shape,0.25,power_primary-4d6db70004dd,power_primary,observed_standardized,expression,standardized_feature,path_length[A],100,100,0,38.95510013906672,1.2760487823513897,38.89192507157421
shape,0.25,power_primary-4d6db70004dd,power_primary,observed_standardized,expression,standardized_feature,path_length[B],100,100,0,39.92594363861507,1.3285988881409259,39.95857019285925
shape,0.25,power_primary-4d6db70004dd,power_primary,observed_standardized,expression,standardized_feature,shape,100,100,0,0.044043933209615825,0.015950915701790733,0.043596002969276834
shape,0.25,power_primary-4d6db70004dd,power_primary,observed_standardized,joint,standardized_feature,angle,100,100,0,58.38249393474673,36.862953539664744,44.930673894033816
shape,0.25,power_primary-4d6db70004dd,power_primary,observed_standardized,joint,standardized_feature,delta,100,100,0,2.5088827075002014,1.33129361798314,2.4361553762029615
shape,0.25,power_primary-4d6db70004dd,power_primary,observed_standardized,joint,standardized_feature,path_length[A],100,100,0,85.58623949264874,2.2130027656858857,85.59218336593568
shape,0.25,power_primary-4d6db70004dd,power_primary,observed_standardized,joint,standardized_feature,path_length[B],100,100,0,88.04411164491128,2.3873317685634574,88.43698578158576
shape,0.25,power_primary-4d6db70004dd,power_primary,observed_standardized,joint,standardized_feature,shape,100,100,0,0.03568338634074088,0.01139332055184689,0.03523336233632613
shape,0.25,power_primary-4d6db70004dd,power_primary,observed_standardized,methylation,standardized_feature,angle,100,100,0,62.22905925630358,34.4270339571389,46.270524213166325
shape,0.25,power_primary-4d6db70004dd,power_primary,observed_standardized,methylation,standardized_feature,delta,100,100,0,1.8471592452181538,0.7994160140469553,1.853353185638266
shape,0.25,power_primary-4d6db70004dd,power_primary,observed_standardized,methylation,standardized_feature,path_length[A],100,100,0,58.679288183693,1.5907928384741679,58.78337807505743
shape,0.25,power_primary-4d6db70004dd,power_primary,observed_standardized,methylation,standardized_feature,path_length[B],100,100,0,60.513508199710714,1.7518197822056,60.48418485590329
shape,0.25,power_primary-4d6db70004dd,power_primary,observed_standardized,methylation,standardized_feature,shape,100,100,0,0.03783718870844206,0.011355158399688248,0.0365447594237211
shape,0.25,power_primary-4d6db70004dd,power_primary,observed_standardized,proteomics,standardized_feature,angle,100,100,0,49.93000848139212,34.504866099583296,40.31810436333477
shape,0.25,power_primary-4d6db70004dd,power_primary,observed_standardized,proteomics,standardized_feature,delta,100,100,0,1.6065041464247483,1.1009564354217787,1.3845353569894066
shape,0.25,power_primary-4d6db70004dd,power_primary,observed_standardized,proteomics,standardized_feature,path_length[A],100,100,0,48.56710035024892,1.7256464263492537,48.49173214918922
shape,0.25,power_primary-4d6db70004dd,power_primary,observed_standardized,proteomics,standardized_feature,path_length[B],100,100,0,49.902025920912195,1.7255191352533663,50.00867409757356
shape,0.25,power_primary-4d6db70004dd,power_primary,observed_standardized,proteomics,standardized_feature,shape,100,100,0,0.04647433220716875,0.018068659085259016,0.04692990025893419
shape,0.25,power_primary-4d6db70004dd,power_primary,pls_latent,joint,pls_latent,angle,100,100,0,39.781917041739696,48.46092749614795,19.559266775038388
shape,0.25,power_primary-4d6db70004dd,power_primary,pls_latent,joint,pls_latent,delta,100,100,0,2.367427318120635,1.3934397097028655,2.2930514310122376
shape,0.25,power_primary-4d6db70004dd,power_primary,pls_latent,joint,pls_latent,path_length[A],100,100,0,79.86072701521861,6.697516445420259,81.76830476978925
shape,0.25,power_primary-4d6db70004dd,power_primary,pls_latent,joint,pls_latent,path_length[B],100,100,0,82.14076925872592,7.029063723124048,84.46750785658972
shape,0.25,power_primary-4d6db70004dd,power_primary,pls_latent,joint,pls_latent,shape,100,100,0,0.03826594291860149,0.013121151302803277,0.037638152903299416
shape,0.5,power_primary-5f8932f663b2,power_primary,population_native,expression,native_omic_units,angle,100,100,0,59.7594419155673,31.292115027154395,51.677087978248544
shape,0.5,power_primary-5f8932f663b2,power_primary,population_native,expression,native_omic_units,delta,100,100,0,1.5509309499542872,0.9057342573572588,1.3753255827383093
shape,0.5,power_primary-5f8932f663b2,power_primary,population_native,expression,native_omic_units,path_length[A],100,100,0,44.50296170753463,1.4629041188467085,44.47395051852209
shape,0.5,power_primary-5f8932f663b2,power_primary,population_native,expression,native_omic_units,path_length[B],100,100,0,45.98002573088258,1.2592516028041998,45.93373781882383
shape,0.5,power_primary-5f8932f663b2,power_primary,population_native,expression,native_omic_units,shape,100,100,0,0.05787286272622108,0.023279781702758278,0.05480801198806666
shape,0.5,power_primary-5f8932f663b2,power_primary,population_native,methylation,native_omic_units,angle,100,100,0,69.29953361985068,30.901957388636013,54.79960705050971
shape,0.5,power_primary-5f8932f663b2,power_primary,population_native,methylation,native_omic_units,delta,100,100,0,2.7508220662610383,0.686910983557659,2.7266514161427224
shape,0.5,power_primary-5f8932f663b2,power_primary,population_native,methylation,native_omic_units,path_length[A],100,100,0,65.1451050099554,1.9068914151799745,65.12416590912433
shape,0.5,power_primary-5f8932f663b2,power_primary,population_native,methylation,native_omic_units,path_length[B],100,100,0,67.89592707621642,1.8629777347817857,67.83857398778642
shape,0.5,power_primary-5f8932f663b2,power_primary,population_native,methylation,native_omic_units,shape,100,100,0,0.04677696347535379,0.009394823389872927,0.046520552209665444
shape,0.5,power_primary-5f8932f663b2,power_primary,population_native,proteomics,native_omic_units,angle,100,100,0,57.29164126174705,33.236110667455236,48.3863063352315
shape,0.5,power_primary-5f8932f663b2,power_primary,population_native,proteomics,native_omic_units,delta,100,100,0,1.7164415379804567,1.1014580427242318,1.4922217819490022
shape,0.5,power_primary-5f8932f663b2,power_primary,population_native,proteomics,native_omic_units,path_length[A],100,100,0,49.43995775674261,1.8001531846878354,49.242355296257536
shape,0.5,power_primary-5f8932f663b2,power_primary,population_native,proteomics,native_omic_units,path_length[B],100,100,0,51.0706564579055,1.5283608003076086,51.17858897477663
shape,0.5,power_primary-5f8932f663b2,power_primary,population_native,proteomics,native_omic_units,shape,100,100,0,0.06009768131281639,0.02278960400469731,0.05740965787497887
shape,0.5,power_primary-5f8932f663b2,power_primary,population_standardized,expression,standardized_feature,angle,100,100,0,72.37996588292799,29.636009883789207,63.41393792030463
shape,0.5,power_primary-5f8932f663b2,power_primary,population_standardized,expression,standardized_feature,delta,100,100,0,1.9299453719774238,1.1496436500851213,1.8902204416077701
shape,0.5,power_primary-5f8932f663b2,power_primary,population_standardized,expression,standardized_feature,path_length[A],100,100,0,38.74207826335343,1.3497752814544772,38.720082552830405
shape,0.5,power_primary-5f8932f663b2,power_primary,population_standardized,expression,standardized_feature,path_length[B],100,100,0,40.59416214553175,1.2212032818050456,40.704514242198975
shape,0.5,power_primary-5f8932f663b2,power_primary,population_standardized,expression,standardized_feature,shape,100,100,0,0.0665224552205234,0.02841980015656312,0.06582195756632456
shape,0.5,power_primary-5f8932f663b2,power_primary,population_standardized,joint,standardized_feature,angle,100,100,0,77.10812337015196,26.66326964802156,64.41593268447828
shape,0.5,power_primary-5f8932f663b2,power_primary,population_standardized,joint,standardized_feature,delta,100,100,0,4.898879060880981,1.8662360461256022,4.882090028309769
shape,0.5,power_primary-5f8932f663b2,power_primary,population_standardized,joint,standardized_feature,path_length[A],100,100,0,85.3277257659935,2.4023216682107784,85.46666771468438
shape,0.5,power_primary-5f8932f663b2,power_primary,population_standardized,joint,standardized_feature,path_length[B],100,100,0,90.22660482687454,2.2073779531832876,90.15954089757636
shape,0.5,power_primary-5f8932f663b2,power_primary,population_standardized,joint,standardized_feature,shape,100,100,0,0.062475947515328735,0.019757786889967058,0.062425608725972914
shape,0.5,power_primary-5f8932f663b2,power_primary,population_standardized,methylation,standardized_feature,angle,100,100,0,77.08844195958392,24.490469504520533,62.53208344365306
shape,0.5,power_primary-5f8932f663b2,power_primary,population_standardized,methylation,standardized_feature,delta,100,100,0,3.6964358290926578,0.968387854809045,3.5458001489982784
shape,0.5,power_primary-5f8932f663b2,power_primary,population_standardized,methylation,standardized_feature,path_length[A],100,100,0,58.47755780087834,1.787693504548693,58.72422136779996
shape,0.5,power_primary-5f8932f663b2,power_primary,population_standardized,methylation,standardized_feature,path_length[B],100,100,0,62.17399362997098,1.7633293664320622,62.07872554101164
shape,0.5,power_primary-5f8932f663b2,power_primary,population_standardized,methylation,standardized_feature,shape,100,100,0,0.06345770651021578,0.014968606354313378,0.06156688843243234
shape,0.5,power_primary-5f8932f663b2,power_primary,population_standardized,proteomics,standardized_feature,angle,100,100,0,72.06248219361254,30.357536048461963,61.211776267205366
shape,0.5,power_primary-5f8932f663b2,power_primary,population_standardized,proteomics,standardized_feature,delta,100,100,0,2.7830414316106187,1.703890788145256,2.5114533256894234
shape,0.5,power_primary-5f8932f663b2,power_primary,population_standardized,proteomics,standardized_feature,path_length[A],100,100,0,48.524435727654435,1.8208808116421276,48.445065692140844
shape,0.5,power_primary-5f8932f663b2,power_primary,population_standardized,proteomics,standardized_feature,path_length[B],100,100,0,51.20033804502995,1.571008417519638,51.24966275483923
shape,0.5,power_primary-5f8932f663b2,power_primary,population_standardized,proteomics,standardized_feature,shape,100,100,0,0.07329274759960881,0.03020143114903475,0.06796145820249033
shape,0.5,power_primary-5f8932f663b2,power_primary,observed_standardized,expression,standardized_feature,angle,100,100,0,71.12248995044553,28.705476305204673,61.86763019440366
shape,0.5,power_primary-5f8932f663b2,power_primary,observed_standardized,expression,standardized_feature,delta,100,100,0,1.9052295872824048,1.0947439228271088,1.842733180944979
shape,0.5,power_primary-5f8932f663b2,power_primary,observed_standardized,expression,standardized_feature,path_length[A],100,100,0,39.09541324939694,1.2908655469489025,39.03335203485886
shape,0.5,power_primary-5f8932f663b2,power_primary,observed_standardized,expression,standardized_feature,path_length[B],100,100,0,40.88966814860897,1.1994267469359898,40.945462973252745
shape,0.5,power_primary-5f8932f663b2,power_primary,observed_standardized,expression,standardized_feature,shape,100,100,0,0.06639816670793695,0.027168510765664237,0.0633400763581211
shape,0.5,power_primary-5f8932f663b2,power_primary,observed_standardized,joint,standardized_feature,angle,100,100,0,75.32004115031098,24.83380218444895,63.969177603957085
shape,0.5,power_primary-5f8932f663b2,power_primary,observed_standardized,joint,standardized_feature,delta,100,100,0,4.7843316702013,1.8473074514248193,4.7852517181010015
shape,0.5,power_primary-5f8932f663b2,power_primary,observed_standardized,joint,standardized_feature,path_length[A],100,100,0,86.10751084178409,2.3511159227461587,86.32361388089399
shape,0.5,power_primary-5f8932f663b2,power_primary,observed_standardized,joint,standardized_feature,path_length[B],100,100,0,90.8889347501773,2.1636675852552028,90.81641089416443
shape,0.5,power_primary-5f8932f663b2,power_primary,observed_standardized,joint,standardized_feature,shape,100,100,0,0.06160008203294384,0.019669553193912045,0.06316763819056227
shape,0.5,power_primary-5f8932f663b2,power_primary,observed_standardized,methylation,standardized_feature,angle,100,100,0,76.44724744629112,23.335810435400198,62.71389590817098
shape,0.5,power_primary-5f8932f663b2,power_primary,observed_standardized,methylation,standardized_feature,delta,100,100,0,3.5983954722845772,1.0759861239709276,3.454764907693665
shape,0.5,power_primary-5f8932f663b2,power_primary,observed_standardized,methylation,standardized_feature,path_length[A],100,100,0,59.2066079706495,1.7483764457770157,59.48969096643225
shape,0.5,power_primary-5f8932f663b2,power_primary,observed_standardized,methylation,standardized_feature,path_length[B],100,100,0,62.8050034429341,1.778244777807143,62.66551033477889
shape,0.5,power_primary-5f8932f663b2,power_primary,observed_standardized,methylation,standardized_feature,shape,100,100,0,0.06304845520468873,0.01620252662881733,0.06213737605330179
shape,0.5,power_primary-5f8932f663b2,power_primary,observed_standardized,proteomics,standardized_feature,angle,100,100,0,71.16190089584306,28.98087311668283,61.45869051717019
shape,0.5,power_primary-5f8932f663b2,power_primary,observed_standardized,proteomics,standardized_feature,delta,100,100,0,2.750625523331771,1.7083940581358086,2.55781002001752
shape,0.5,power_primary-5f8932f663b2,power_primary,observed_standardized,proteomics,standardized_feature,path_length[A],100,100,0,48.734189119350184,1.812169436528694,48.65158912356971
shape,0.5,power_primary-5f8932f663b2,power_primary,observed_standardized,proteomics,standardized_feature,path_length[B],100,100,0,51.365007150330314,1.5130988311623619,51.4302288610277
shape,0.5,power_primary-5f8932f663b2,power_primary,observed_standardized,proteomics,standardized_feature,shape,100,100,0,0.074084405518736,0.02984532036421127,0.06946792979044697
shape,0.5,power_primary-5f8932f663b2,power_primary,pls_latent,joint,pls_latent,angle,100,100,0,48.137713024166466,40.98187653084511,31.66381136685217
shape,0.5,power_primary-5f8932f663b2,power_primary,pls_latent,joint,pls_latent,delta,100,100,0,4.8325789044875584,2.0534468161917707,4.835241813487087
shape,0.5,power_primary-5f8932f663b2,power_primary,pls_latent,joint,pls_latent,path_length[A],100,100,0,78.71179286140699,5.218589969682447,79.7886906321043
shape,0.5,power_primary-5f8932f663b2,power_primary,pls_latent,joint,pls_latent,path_length[B],100,100,0,83.5356792363964,5.718233829316347,84.7919219454935
shape,0.5,power_primary-5f8932f663b2,power_primary,pls_latent,joint,pls_latent,shape,100,100,0,0.07317246183826061,0.02456848588907944,0.07311983026609468
shape,0.75,power_primary-08397bda5e63,power_primary,population_native,expression,native_omic_units,angle,100,100,0,73.77761251061514,28.89130548056012,67.64439849378223
shape,0.75,power_primary-08397bda5e63,power_primary,population_native,expression,native_omic_units,delta,100,100,0,2.3111446281299477,1.2343217047488346,2.2626433309946528
shape,0.75,power_primary-08397bda5e63,power_primary,population_native,expression,native_omic_units,path_length[A],100,100,0,44.50296170753463,1.4629041188467085,44.47395051852209
shape,0.75,power_primary-08397bda5e63,power_primary,population_native,expression,native_omic_units,path_length[B],100,100,0,46.79876339397387,1.4159364253920617,46.69984753138683
shape,0.75,power_primary-08397bda5e63,power_primary,population_native,expression,native_omic_units,shape,100,100,0,0.07463840940026782,0.025857686978758284,0.07392037262109144
shape,0.75,power_primary-08397bda5e63,power_primary,population_native,methylation,native_omic_units,angle,100,100,0,83.86419514992234,23.65597635844023,81.01657295452547
shape,0.75,power_primary-08397bda5e63,power_primary,population_native,methylation,native_omic_units,delta,100,100,0,3.9244928153956296,0.7652626931997636,3.851995612509622
shape,0.75,power_primary-08397bda5e63,power_primary,population_native,methylation,native_omic_units,path_length[A],100,100,0,65.1451050099554,1.9068914151799745,65.12416590912433
shape,0.75,power_primary-08397bda5e63,power_primary,population_native,methylation,native_omic_units,path_length[B],100,100,0,69.06959782535101,1.8965837186005456,68.96320278743877
shape,0.75,power_primary-08397bda5e63,power_primary,population_native,methylation,native_omic_units,shape,100,100,0,0.06479216327646872,0.010934943569286452,0.06457822099230567
shape,0.75,power_primary-08397bda5e63,power_primary,population_native,proteomics,native_omic_units,angle,100,100,0,70.24164779381404,28.883793146796332,67.36652092193512
shape,0.75,power_primary-08397bda5e63,power_primary,population_native,proteomics,native_omic_units,delta,100,100,0,2.5770746143218157,1.5603274620928647,2.2581237416517865
shape,0.75,power_primary-08397bda5e63,power_primary,population_native,proteomics,native_omic_units,path_length[A],100,100,0,49.43995775674261,1.8001531846878354,49.242355296257536
shape,0.75,power_primary-08397bda5e63,power_primary,population_native,proteomics,native_omic_units,path_length[B],100,100,0,51.97853220034063,1.5988646546373557,51.83110100951872
shape,0.75,power_primary-08397bda5e63,power_primary,population_native,proteomics,native_omic_units,shape,100,100,0,0.08049639157915443,0.026748899768519442,0.07615634524035311
shape,0.75,power_primary-08397bda5e63,power_primary,population_standardized,expression,standardized_feature,angle,100,100,0,80.66322970003571,22.356341979313683,78.13565788539111
shape,0.75,power_primary-08397bda5e63,power_primary,population_standardized,expression,standardized_feature,delta,100,100,0,2.817188417869297,1.4756679036225075,2.769641604115339
shape,0.75,power_primary-08397bda5e63,power_primary,population_standardized,expression,standardized_feature,path_length[A],100,100,0,38.83108744260767,1.331465647058495,38.815810721375
shape,0.75,power_primary-08397bda5e63,power_primary,population_standardized,expression,standardized_feature,path_length[B],100,100,0,41.64463463040148,1.3374210263791217,41.6132310411714
shape,0.75,power_primary-08397bda5e63,power_primary,population_standardized,expression,standardized_feature,shape,100,100,0,0.08762340243957421,0.03124546724073617,0.08390853696783779
shape,0.75,power_primary-08397bda5e63,power_primary,population_standardized,joint,standardized_feature,angle,100,100,0,81.25283338327957,17.912677951166668,72.89561593279659
shape,0.75,power_primary-08397bda5e63,power_primary,population_standardized,joint,standardized_feature,delta,100,100,0,7.0774676318311345,2.0797971084634552,6.935801276740712
shape,0.75,power_primary-08397bda5e63,power_primary,population_standardized,joint,standardized_feature,path_length[A],100,100,0,85.86165475941057,2.3970992840371736,85.93155091697291
shape,0.75,power_primary-08397bda5e63,power_primary,population_standardized,joint,standardized_feature,path_length[B],100,100,0,92.93912239124172,2.291995777953325,93.02795075808959
shape,0.75,power_primary-08397bda5e63,power_primary,population_standardized,joint,standardized_feature,shape,100,100,0,0.0842017073655249,0.0208091247553202,0.08188960900058864
shape,0.75,power_primary-08397bda5e63,power_primary,population_standardized,methylation,standardized_feature,angle,100,100,0,79.73481138941835,15.573080137266158,72.47501415150803
shape,0.75,power_primary-08397bda5e63,power_primary,population_standardized,methylation,standardized_feature,delta,100,100,0,5.161824182750916,1.0109125407067634,5.075146581416714
shape,0.75,power_primary-08397bda5e63,power_primary,population_standardized,methylation,standardized_feature,path_length[A],100,100,0,59.04385654389861,1.7951399312289296,59.13905865904634
shape,0.75,power_primary-08397bda5e63,power_primary,population_standardized,methylation,standardized_feature,path_length[B],100,100,0,64.20568072664948,1.893590478867172,64.04832434172198
shape,0.75,power_primary-08397bda5e63,power_primary,population_standardized,methylation,standardized_feature,shape,100,100,0,0.08459534209692508,0.01549447579941546,0.0835528751242568
shape,0.75,power_primary-08397bda5e63,power_primary,population_standardized,proteomics,standardized_feature,angle,100,100,0,81.49021699974236,21.402006461816217,77.45454717977526
shape,0.75,power_primary-08397bda5e63,power_primary,population_standardized,proteomics,standardized_feature,delta,100,100,0,3.9766824813954207,2.2307288900245843,3.673833943446649
shape,0.75,power_primary-08397bda5e63,power_primary,population_standardized,proteomics,standardized_feature,path_length[A],100,100,0,48.708837532808886,1.7872752744173745,48.651803304653924
shape,0.75,power_primary-08397bda5e63,power_primary,population_standardized,proteomics,standardized_feature,path_length[B],100,100,0,52.66948336187637,1.6454883108108136,52.540759197030845
shape,0.75,power_primary-08397bda5e63,power_primary,population_standardized,proteomics,standardized_feature,shape,100,100,0,0.0968091391349686,0.034682705775339266,0.08910060489937785
shape,0.75,power_primary-08397bda5e63,power_primary,observed_standardized,expression,standardized_feature,angle,100,100,0,81.4724391270228,22.302949697413815,79.02338452193003
shape,0.75,power_primary-08397bda5e63,power_primary,observed_standardized,expression,standardized_feature,delta,100,100,0,2.8292073141741922,1.5203157689973152,2.858282298702658
shape,0.75,power_primary-08397bda5e63,power_primary,observed_standardized,expression,standardized_feature,path_length[A],100,100,0,39.111769133368696,1.351989156142024,39.06264789602375
shape,0.75,power_primary-08397bda5e63,power_primary,observed_standardized,expression,standardized_feature,path_length[B],100,100,0,41.9409764475429,1.276292101073275,41.83071443521351
shape,0.75,power_primary-08397bda5e63,power_primary,observed_standardized,expression,standardized_feature,shape,100,100,0,0.08748558062307564,0.03157856149499437,0.08058536946923908
shape,0.75,power_primary-08397bda5e63,power_primary,observed_standardized,joint,standardized_feature,angle,100,100,0,81.13191457327257,17.400573056779006,73.23219184113793
shape,0.75,power_primary-08397bda5e63,power_primary,observed_standardized,joint,standardized_feature,delta,100,100,0,7.114648142258061,2.1226514985325142,7.137581237178885
shape,0.75,power_primary-08397bda5e63,power_primary,observed_standardized,joint,standardized_feature,path_length[A],100,100,0,86.5465157740227,2.349576136087024,86.39980765234463
shape,0.75,power_primary-08397bda5e63,power_primary,observed_standardized,joint,standardized_feature,path_length[B],100,100,0,93.66116391628078,2.24737866024377,93.63603503678394
shape,0.75,power_primary-08397bda5e63,power_primary,observed_standardized,joint,standardized_feature,shape,100,100,0,0.08332628601159481,0.021524004210219293,0.07970679921099466
shape,0.75,power_primary-08397bda5e63,power_primary,observed_standardized,methylation,standardized_feature,angle,100,100,0,79.20188275852408,14.18226198165816,72.7791848532724
shape,0.75,power_primary-08397bda5e63,power_primary,observed_standardized,methylation,standardized_feature,delta,100,100,0,5.245200538445922,1.129754550417491,5.112177151532052
shape,0.75,power_primary-08397bda5e63,power_primary,observed_standardized,methylation,standardized_feature,path_length[A],100,100,0,59.69834142839373,1.7287706463522503,59.7679346557707
shape,0.75,power_primary-08397bda5e63,power_primary,observed_standardized,methylation,standardized_feature,path_length[B],100,100,0,64.94354196683965,1.8938093452346623,64.89774006744999
shape,0.75,power_primary-08397bda5e63,power_primary,observed_standardized,methylation,standardized_feature,shape,100,100,0,0.08482094933001233,0.016891633559659093,0.08494651241516837
shape,0.75,power_primary-08397bda5e63,power_primary,observed_standardized,proteomics,standardized_feature,angle,100,100,0,81.22727153101683,21.40671879674148,77.84021263254563
shape,0.75,power_primary-08397bda5e63,power_primary,observed_standardized,proteomics,standardized_feature,delta,100,100,0,3.928026711319061,2.203586368349903,3.667341503152741
shape,0.75,power_primary-08397bda5e63,power_primary,observed_standardized,proteomics,standardized_feature,path_length[A],100,100,0,48.8970349406602,1.7964965613635047,48.853772201630534
shape,0.75,power_primary-08397bda5e63,power_primary,observed_standardized,proteomics,standardized_feature,path_length[B],100,100,0,52.80935313961284,1.5881514144849096,52.635120396498564
shape,0.75,power_primary-08397bda5e63,power_primary,observed_standardized,proteomics,standardized_feature,shape,100,100,0,0.09594556709679432,0.03438926170712793,0.08654579927639097
shape,0.75,power_primary-08397bda5e63,power_primary,pls_latent,joint,pls_latent,angle,100,100,0,57.871972872075006,39.16866826360685,48.75374014825863
shape,0.75,power_primary-08397bda5e63,power_primary,pls_latent,joint,pls_latent,delta,100,100,0,7.6329198048976625,2.4709444139554293,7.654855084291718
shape,0.75,power_primary-08397bda5e63,power_primary,pls_latent,joint,pls_latent,path_length[A],100,100,0,77.86127332540049,2.598217701226238,77.95941437619976
shape,0.75,power_primary-08397bda5e63,power_primary,pls_latent,joint,pls_latent,path_length[B],100,100,0,85.49419313029816,2.486388395795045,85.78564997546661
shape,0.75,power_primary-08397bda5e63,power_primary,pls_latent,joint,pls_latent,shape,100,100,0,0.10990552089540101,0.030877847250089685,0.10422807832579489
shape,1.0,power_primary-2f296d687f03,power_primary,population_native,expression,native_omic_units,angle,100,100,0,79.16734485240362,21.516609238409437,78.93650266907505
shape,1.0,power_primary-2f296d687f03,power_primary,population_native,expression,native_omic_units,delta,100,100,0,2.9295878964256197,1.4681711340287764,3.19921220574599
shape,1.0,power_primary-2f296d687f03,power_primary,population_native,expression,native_omic_units,path_length[A],100,100,0,44.50296170753463,1.4629041188467085,44.47395051852209
shape,1.0,power_primary-2f296d687f03,power_primary,population_native,expression,native_omic_units,path_length[B],100,100,0,47.41561428896992,1.2791518673140172,47.288013076049616
shape,1.0,power_primary-2f296d687f03,power_primary,population_native,expression,native_omic_units,shape,100,100,0,0.09050779338256502,0.026336868042775036,0.0882944402214092
shape,1.0,power_primary-2f296d687f03,power_primary,population_native,methylation,native_omic_units,angle,100,100,0,88.68242438349306,14.090256098970407,88.7103592581874
shape,1.0,power_primary-2f296d687f03,power_primary,population_native,methylation,native_omic_units,delta,100,100,0,5.171412158256049,1.0244155862984998,4.996854398589569
shape,1.0,power_primary-2f296d687f03,power_primary,population_native,methylation,native_omic_units,path_length[A],100,100,0,65.1451050099554,1.9068914151799745,65.12416590912433
shape,1.0,power_primary-2f296d687f03,power_primary,population_native,methylation,native_omic_units,path_length[B],100,100,0,70.31651716821146,1.9215980148234242,70.27566751082904
shape,1.0,power_primary-2f296d687f03,power_primary,population_native,methylation,native_omic_units,shape,100,100,0,0.08211459011727115,0.013202624665089794,0.08204583842370117
shape,1.0,power_primary-2f296d687f03,power_primary,population_native,proteomics,native_omic_units,angle,100,100,0,77.60189340102689,22.13097821583966,75.92109437952035
shape,1.0,power_primary-2f296d687f03,power_primary,population_native,proteomics,native_omic_units,delta,100,100,0,3.2085984057878676,1.6995047771760665,3.425496104114803
shape,1.0,power_primary-2f296d687f03,power_primary,population_native,proteomics,native_omic_units,path_length[A],100,100,0,49.43995775674261,1.8001531846878354,49.242355296257536
shape,1.0,power_primary-2f296d687f03,power_primary,population_native,proteomics,native_omic_units,path_length[B],100,100,0,52.608716538519644,1.4221504581850115,52.606473153011386
shape,1.0,power_primary-2f296d687f03,power_primary,population_native,proteomics,native_omic_units,shape,100,100,0,0.0969109795625794,0.02908811024040835,0.09779200525485324
shape,1.0,power_primary-2f296d687f03,power_primary,population_standardized,expression,standardized_feature,angle,100,100,0,85.03327251845316,13.861412034669558,82.97932363672334
shape,1.0,power_primary-2f296d687f03,power_primary,population_standardized,expression,standardized_feature,delta,100,100,0,3.528111059934207,1.6454928125322332,3.853996555714037
shape,1.0,power_primary-2f296d687f03,power_primary,population_standardized,expression,standardized_feature,path_length[A],100,100,0,38.86272578030841,1.381512847320743,38.84557504182096
shape,1.0,power_primary-2f296d687f03,power_primary,population_standardized,expression,standardized_feature,path_length[B],100,100,0,42.35417666139795,1.161644120615073,42.201064183625256
shape,1.0,power_primary-2f296d687f03,power_primary,population_standardized,expression,standardized_feature,shape,100,100,0,0.10443365186732997,0.03299362423185006,0.10283904998946095
shape,1.0,power_primary-2f296d687f03,power_primary,population_standardized,joint,standardized_feature,angle,100,100,0,85.01067643277695,10.476322724656205,80.93832396857991
shape,1.0,power_primary-2f296d687f03,power_primary,population_standardized,joint,standardized_feature,delta,100,100,0,8.958051967324126,2.3822829586176417,8.93280914216534
shape,1.0,power_primary-2f296d687f03,power_primary,population_standardized,joint,standardized_feature,path_length[A],100,100,0,86.35583625135195,2.462464256556027,86.4529059180634
shape,1.0,power_primary-2f296d687f03,power_primary,population_standardized,joint,standardized_feature,path_length[B],100,100,0,95.31388821867607,2.1768685668265526,95.42923626137025
shape,1.0,power_primary-2f296d687f03,power_primary,population_standardized,joint,standardized_feature,shape,100,100,0,0.10181623146935176,0.023317549702648672,0.10062596107167365
shape,1.0,power_primary-2f296d687f03,power_primary,population_standardized,methylation,standardized_feature,angle,100,100,0,82.21113858755005,7.059183307600088,80.28486790645945
shape,1.0,power_primary-2f296d687f03,power_primary,population_standardized,methylation,standardized_feature,delta,100,100,0,6.699361978166528,1.3120348359516956,6.667065673370974
shape,1.0,power_primary-2f296d687f03,power_primary,population_standardized,methylation,standardized_feature,path_length[A],100,100,0,59.66612158509193,1.9094695073004408,59.72066218833248
shape,1.0,power_primary-2f296d687f03,power_primary,population_standardized,methylation,standardized_feature,path_length[B],100,100,0,66.36548356325848,1.9007052582488981,66.37640937844827
shape,1.0,power_primary-2f296d687f03,power_primary,population_standardized,methylation,standardized_feature,shape,100,100,0,0.10413082278034773,0.018900296321766482,0.1030070344693093
shape,1.0,power_primary-2f296d687f03,power_primary,population_standardized,proteomics,standardized_feature,angle,100,100,0,84.77686774323026,12.691887647360865,83.74393854227671
shape,1.0,power_primary-2f296d687f03,power_primary,population_standardized,proteomics,standardized_feature,delta,100,100,0,4.922221581529743,2.323574830978705,4.791956306065124
shape,1.0,power_primary-2f296d687f03,power_primary,population_standardized,proteomics,standardized_feature,path_length[A],100,100,0,48.794036274929276,1.823453282484656,48.60417816440991
shape,1.0,power_primary-2f296d687f03,power_primary,population_standardized,proteomics,standardized_feature,path_length[B],100,100,0,53.65934795305904,1.5890337541983652,53.8221122594022
shape,1.0,power_primary-2f296d687f03,power_primary,population_standardized,proteomics,standardized_feature,shape,100,100,0,0.11463628540291106,0.037145856529490096,0.11401809847911867
shape,1.0,power_primary-2f296d687f03,power_primary,observed_standardized,expression,standardized_feature,angle,100,100,0,85.02809536590229,13.52011599192029,82.90930929481829
shape,1.0,power_primary-2f296d687f03,power_primary,observed_standardized,expression,standardized_feature,delta,100,100,0,3.5562322543590796,1.5779618194992553,3.7633716920742444
shape,1.0,power_primary-2f296d687f03,power_primary,observed_standardized,expression,standardized_feature,path_length[A],100,100,0,39.14168704554578,1.3132408561328883,39.14664279527712
shape,1.0,power_primary-2f296d687f03,power_primary,observed_standardized,expression,standardized_feature,path_length[B],100,100,0,42.66349180711647,1.1440174346500078,42.57019633148208
shape,1.0,power_primary-2f296d687f03,power_primary,observed_standardized,expression,standardized_feature,shape,100,100,0,0.10264698098764023,0.03278425755772374,0.10216212280803164
shape,1.0,power_primary-2f296d687f03,power_primary,observed_standardized,joint,standardized_feature,angle,100,100,0,85.82738845337974,10.667658096324805,81.31903879005318
shape,1.0,power_primary-2f296d687f03,power_primary,observed_standardized,joint,standardized_feature,delta,100,100,0,8.891178847376768,2.3576727953007386,8.969274855561508
shape,1.0,power_primary-2f296d687f03,power_primary,observed_standardized,joint,standardized_feature,path_length[A],100,100,0,87.03374449426457,2.39369203211847,87.09935861711861
shape,1.0,power_primary-2f296d687f03,power_primary,observed_standardized,joint,standardized_feature,path_length[B],100,100,0,95.92492334164139,2.1479616173919123,96.1302628536256
shape,1.0,power_primary-2f296d687f03,power_primary,observed_standardized,joint,standardized_feature,shape,100,100,0,0.10081959642271134,0.02338027089661674,0.10147699392936516
shape,1.0,power_primary-2f296d687f03,power_primary,observed_standardized,methylation,standardized_feature,angle,100,100,0,83.4690150034894,8.069462763750105,80.71261131809493
shape,1.0,power_primary-2f296d687f03,power_primary,observed_standardized,methylation,standardized_feature,delta,100,100,0,6.614765905036072,1.3401279647692124,6.505354776612929
shape,1.0,power_primary-2f296d687f03,power_primary,observed_standardized,methylation,standardized_feature,path_length[A],100,100,0,60.313846385163735,1.8313958217461794,60.4454536650513
shape,1.0,power_primary-2f296d687f03,power_primary,observed_standardized,methylation,standardized_feature,path_length[B],100,100,0,66.9286122901998,1.8831425530049866,66.91324610782715
shape,1.0,power_primary-2f296d687f03,power_primary,observed_standardized,methylation,standardized_feature,shape,100,100,0,0.10357651783377063,0.018697342497446878,0.10362319609526055
shape,1.0,power_primary-2f296d687f03,power_primary,observed_standardized,proteomics,standardized_feature,angle,100,100,0,85.13137500819043,12.788196862858282,83.69491516511025
shape,1.0,power_primary-2f296d687f03,power_primary,observed_standardized,proteomics,standardized_feature,delta,100,100,0,4.884195426915558,2.3399418833105097,4.895128279928805
shape,1.0,power_primary-2f296d687f03,power_primary,observed_standardized,proteomics,standardized_feature,path_length[A],100,100,0,48.97955974293105,1.8145751450258596,48.89459480491814
shape,1.0,power_primary-2f296d687f03,power_primary,observed_standardized,proteomics,standardized_feature,path_length[B],100,100,0,53.80206930782813,1.606830503724612,54.03508922097679
shape,1.0,power_primary-2f296d687f03,power_primary,observed_standardized,proteomics,standardized_feature,shape,100,100,0,0.11427890044967157,0.03761333962471613,0.11121242470417057
shape,1.0,power_primary-2f296d687f03,power_primary,pls_latent,joint,pls_latent,angle,100,100,0,65.21916650549191,36.76824170611346,62.57049881581014
shape,1.0,power_primary-2f296d687f03,power_primary,pls_latent,joint,pls_latent,delta,100,100,0,9.952625178766866,2.806860491112559,10.019608086876538
shape,1.0,power_primary-2f296d687f03,power_primary,pls_latent,joint,pls_latent,path_length[A],100,100,0,76.0155071060077,2.6149997509020904,76.07444056151044
shape,1.0,power_primary-2f296d687f03,power_primary,pls_latent,joint,pls_latent,path_length[B],100,100,0,85.9681322847746,2.04198147573576,85.97001476291106
shape,1.0,power_primary-2f296d687f03,power_primary,pls_latent,joint,pls_latent,shape,100,100,0,0.14572558388101775,0.037412449127038894,0.14469025594299
translation,0.25,power_primary-60645449887c,power_primary,population_native,expression,native_omic_units,angle,100,100,0,7.092459242407174e-07,8.708111011144767e-07,0.0
translation,0.25,power_primary-60645449887c,power_primary,population_native,expression,native_omic_units,delta,100,100,0,0.0,0.0,0.0
translation,0.25,power_primary-60645449887c,power_primary,population_native,expression,native_omic_units,path_length[A],100,100,0,44.50296170753463,1.4629041188467085,44.47395051852209
translation,0.25,power_primary-60645449887c,power_primary,population_native,expression,native_omic_units,path_length[B],100,100,0,44.50296170753463,1.4629041188467085,44.47395051852209
translation,0.25,power_primary-60645449887c,power_primary,population_native,expression,native_omic_units,shape,100,100,0,1.5265448535713467e-15,2.2023161931331954e-16,1.4872780220552563e-15
translation,0.25,power_primary-60645449887c,power_primary,population_native,methylation,native_omic_units,angle,100,100,0,6.692578014244729e-07,8.561544230085932e-07,0.0
translation,0.25,power_primary-60645449887c,power_primary,population_native,methylation,native_omic_units,delta,100,100,0,0.0,0.0,0.0
translation,0.25,power_primary-60645449887c,power_primary,population_native,methylation,native_omic_units,path_length[A],100,100,0,65.1451050099554,1.9068914151799745,65.12416590912433
translation,0.25,power_primary-60645449887c,power_primary,population_native,methylation,native_omic_units,path_length[B],100,100,0,65.1451050099554,1.9068914151799745,65.12416590912433
translation,0.25,power_primary-60645449887c,power_primary,population_native,methylation,native_omic_units,shape,100,100,0,2.1720072721826378e-15,4.4025468191263014e-16,2.121362558868494e-15
translation,0.25,power_primary-60645449887c,power_primary,population_native,proteomics,native_omic_units,angle,100,100,0,5.970063482451982e-07,8.145119009441357e-07,0.0
translation,0.25,power_primary-60645449887c,power_primary,population_native,proteomics,native_omic_units,delta,100,100,0,0.0,0.0,0.0
translation,0.25,power_primary-60645449887c,power_primary,population_native,proteomics,native_omic_units,path_length[A],100,100,0,49.43995775674261,1.8001531846878354,49.242355296257536
translation,0.25,power_primary-60645449887c,power_primary,population_native,proteomics,native_omic_units,path_length[B],100,100,0,49.43995775674261,1.8001531846878354,49.242355296257536
translation,0.25,power_primary-60645449887c,power_primary,population_native,proteomics,native_omic_units,shape,100,100,0,1.7344766628651907e-15,2.776347725724651e-16,1.6894254230106198e-15
translation,0.25,power_primary-60645449887c,power_primary,population_standardized,expression,standardized_feature,angle,100,100,0,7.201972787616273e-07,8.952110918181395e-07,0.0
translation,0.25,power_primary-60645449887c,power_primary,population_standardized,expression,standardized_feature,delta,100,100,0,0.0,0.0,0.0
translation,0.25,power_primary-60645449887c,power_primary,population_standardized,expression,standardized_feature,path_length[A],100,100,0,38.52042861709268,1.2723524319438084,38.468254318409734
translation,0.25,power_primary-60645449887c,power_primary,population_standardized,expression,standardized_feature,path_length[B],100,100,0,38.52042861709268,1.2723524319438084,38.468254318409734
translation,0.25,power_primary-60645449887c,power_primary,population_standardized,expression,standardized_feature,shape,100,100,0,1.0812832207406462e-15,3.4323517008543493e-16,1.0152407928288435e-15
translation,0.25,power_primary-60645449887c,power_primary,population_standardized,joint,standardized_feature,angle,100,100,0,7.459768664811884e-07,9.026429015648766e-07,0.0
translation,0.25,power_primary-60645449887c,power_primary,population_standardized,joint,standardized_feature,delta,100,100,0,0.0,0.0,0.0
translation,0.25,power_primary-60645449887c,power_primary,population_standardized,joint,standardized_feature,path_length[A],100,100,0,84.13354229383631,2.324962462973852,84.27006367535175
translation,0.25,power_primary-60645449887c,power_primary,population_standardized,joint,standardized_feature,path_length[B],100,100,0,84.13354229383631,2.324962462973852,84.27006367535175
translation,0.25,power_primary-60645449887c,power_primary,population_standardized,joint,standardized_feature,shape,100,100,0,1.2559754459671166e-15,5.785871735394842e-16,1.1382321518011353e-15
translation,0.25,power_primary-60645449887c,power_primary,population_standardized,methylation,standardized_feature,angle,100,100,0,6.525908669384301e-07,8.432535540722027e-07,0.0
translation,0.25,power_primary-60645449887c,power_primary,population_standardized,methylation,standardized_feature,delta,100,100,0,0.0,0.0,0.0
translation,0.25,power_primary-60645449887c,power_primary,population_standardized,methylation,standardized_feature,path_length[A],100,100,0,57.264961275512135,1.7113747391700438,57.57977863424767
translation,0.25,power_primary-60645449887c,power_primary,population_standardized,methylation,standardized_feature,path_length[B],100,100,0,57.264961275512135,1.7113747391700438,57.57977863424767
translation,0.25,power_primary-60645449887c,power_primary,population_standardized,methylation,standardized_feature,shape,100,100,0,1.1590122676108e-15,5.23604918031268e-16,1.0331931397794427e-15
translation,0.25,power_primary-60645449887c,power_primary,population_standardized,proteomics,standardized_feature,angle,100,100,0,5.917221407622847e-07,8.536263603841709e-07,0.0
translation,0.25,power_primary-60645449887c,power_primary,population_standardized,proteomics,standardized_feature,delta,100,100,0,0.0,0.0,0.0
translation,0.25,power_primary-60645449887c,power_primary,population_standardized,proteomics,standardized_feature,path_length[A],100,100,0,48.06372849513133,1.7426744602920616,47.965506418176034
translation,0.25,power_primary-60645449887c,power_primary,population_standardized,proteomics,standardized_feature,path_length[B],100,100,0,48.06372849513133,1.7426744602920616,47.965506418176034
translation,0.25,power_primary-60645449887c,power_primary,population_standardized,proteomics,standardized_feature,shape,100,100,0,1.132469496494288e-15,3.0336571802821793e-16,1.0916854388633053e-15
translation,0.25,power_primary-60645449887c,power_primary,observed_standardized,expression,standardized_feature,angle,100,100,0,21.840720645265524,31.282057652859972,12.630858556752727
translation,0.25,power_primary-60645449887c,power_primary,observed_standardized,expression,standardized_feature,delta,100,100,0,0.26747419838194014,0.2221185060906184,0.21488957554823784
translation,0.25,power_primary-60645449887c,power_primary,observed_standardized,expression,standardized_feature,path_length[A],100,100,0,38.7867587711673,1.3176081843180347,38.86757860351462
translation,0.25,power_primary-60645449887c,power_primary,observed_standardized,expression,standardized_feature,path_length[B],100,100,0,38.78807819423383,1.255123856075704,38.7698234127683
translation,0.25,power_primary-60645449887c,power_primary,observed_standardized,expression,standardized_feature,shape,100,100,0,0.01735768136201751,0.005305753916108424,0.01733397232109713
translation,0.25,power_primary-60645449887c,power_primary,observed_standardized,joint,standardized_feature,angle,100,100,0,19.670981679308298,26.70271768867111,13.463365617672434
translation,0.25,power_primary-60645449887c,power_primary,observed_standardized,joint,standardized_feature,delta,100,100,0,0.4053962575547347,0.27623096379406453,0.38238968786105687
translation,0.25,power_primary-60645449887c,power_primary,observed_standardized,joint,standardized_feature,path_length[A],100,100,0,84.88816502317873,2.3160799639506253,85.0067209092037
translation,0.25,power_primary-60645449887c,power_primary,observed_standardized,joint,standardized_feature,path_length[B],100,100,0,84.93040764283413,2.251489436849702,85.12810300135197
translation,0.25,power_primary-60645449887c,power_primary,observed_standardized,joint,standardized_feature,shape,100,100,0,0.00982484357930472,0.004484574312902619,0.008879476115503958
translation,0.25,power_primary-60645449887c,power_primary,observed_standardized,methylation,standardized_feature,angle,100,100,0,31.40945617356639,35.75023047474971,18.415262811510807
translation,0.25,power_primary-60645449887c,power_primary,observed_standardized,methylation,standardized_feature,delta,100,100,0,0.4159868889621435,0.3478714140545807,0.35229856562686734
translation,0.25,power_primary-60645449887c,power_primary,observed_standardized,methylation,standardized_feature,path_length[A],100,100,0,58.01630335779987,1.7278146372620111,58.34418194144173
translation,0.25,power_primary-60645449887c,power_primary,observed_standardized,methylation,standardized_feature,path_length[B],100,100,0,58.09857990825978,1.6898913474340864,58.25697047759308
translation,0.25,power_primary-60645449887c,power_primary,observed_standardized,methylation,standardized_feature,shape,100,100,0,0.01717428423974697,0.009065751621528508,0.014238162610713206
translation,0.25,power_primary-60645449887c,power_primary,observed_standardized,proteomics,standardized_feature,angle,100,100,0,12.359211128725919,22.929515126095854,8.487383733168528
translation,0.25,power_primary-60645449887c,power_primary,observed_standardized,proteomics,standardized_feature,delta,100,100,0,0.24388359934012704,0.1849404979039603,0.1903106030265107
translation,0.25,power_primary-60645449887c,power_primary,observed_standardized,proteomics,standardized_feature,path_length[A],100,100,0,48.27447530278596,1.692309917590022,48.24828823006125
translation,0.25,power_primary-60645449887c,power_primary,observed_standardized,proteomics,standardized_feature,path_length[B],100,100,0,48.24675989839082,1.7165825882459427,48.25254205736482
translation,0.25,power_primary-60645449887c,power_primary,observed_standardized,proteomics,standardized_feature,shape,100,100,0,0.010738713744089351,0.0034326033116063577,0.010278114478287987
translation,0.25,power_primary-60645449887c,power_primary,pls_latent,joint,pls_latent,angle,100,100,0,13.732545538615446,33.087323638430156,5.451078953128761
translation,0.25,power_primary-60645449887c,power_primary,pls_latent,joint,pls_latent,delta,100,100,0,0.41620385191170844,0.2808840944644528,0.386407258753394
translation,0.25,power_primary-60645449887c,power_primary,pls_latent,joint,pls_latent,path_length[A],100,100,0,81.62061155225317,6.7485856229438586,83.89940637779804
translation,0.25,power_primary-60645449887c,power_primary,pls_latent,joint,pls_latent,path_length[B],100,100,0,81.62791999147568,6.707445069814679,83.75541124029579
translation,0.25,power_primary-60645449887c,power_primary,pls_latent,joint,pls_latent,shape,100,100,0,0.009987673543209868,0.004493598535195196,0.008980350627368204
translation,0.5,power_primary-b2ece987408c,power_primary,population_native,expression,native_omic_units,angle,100,100,0,7.092459242407174e-07,8.708111011144767e-07,0.0
translation,0.5,power_primary-b2ece987408c,power_primary,population_native,expression,native_omic_units,delta,100,100,0,0.0,0.0,0.0
translation,0.5,power_primary-b2ece987408c,power_primary,population_native,expression,native_omic_units,path_length[A],100,100,0,44.50296170753463,1.4629041188467085,44.47395051852209
translation,0.5,power_primary-b2ece987408c,power_primary,population_native,expression,native_omic_units,path_length[B],100,100,0,44.50296170753463,1.4629041188467085,44.47395051852209
translation,0.5,power_primary-b2ece987408c,power_primary,population_native,expression,native_omic_units,shape,100,100,0,1.5265448535713467e-15,2.2023161931331954e-16,1.4872780220552563e-15
translation,0.5,power_primary-b2ece987408c,power_primary,population_native,methylation,native_omic_units,angle,100,100,0,6.692578014244729e-07,8.561544230085932e-07,0.0
translation,0.5,power_primary-b2ece987408c,power_primary,population_native,methylation,native_omic_units,delta,100,100,0,0.0,0.0,0.0
translation,0.5,power_primary-b2ece987408c,power_primary,population_native,methylation,native_omic_units,path_length[A],100,100,0,65.1451050099554,1.9068914151799745,65.12416590912433
translation,0.5,power_primary-b2ece987408c,power_primary,population_native,methylation,native_omic_units,path_length[B],100,100,0,65.1451050099554,1.9068914151799745,65.12416590912433
translation,0.5,power_primary-b2ece987408c,power_primary,population_native,methylation,native_omic_units,shape,100,100,0,2.1720072721826378e-15,4.4025468191263014e-16,2.121362558868494e-15
translation,0.5,power_primary-b2ece987408c,power_primary,population_native,proteomics,native_omic_units,angle,100,100,0,5.970063482451982e-07,8.145119009441357e-07,0.0
translation,0.5,power_primary-b2ece987408c,power_primary,population_native,proteomics,native_omic_units,delta,100,100,0,0.0,0.0,0.0
translation,0.5,power_primary-b2ece987408c,power_primary,population_native,proteomics,native_omic_units,path_length[A],100,100,0,49.43995775674261,1.8001531846878354,49.242355296257536
translation,0.5,power_primary-b2ece987408c,power_primary,population_native,proteomics,native_omic_units,path_length[B],100,100,0,49.43995775674261,1.8001531846878354,49.242355296257536
translation,0.5,power_primary-b2ece987408c,power_primary,population_native,proteomics,native_omic_units,shape,100,100,0,1.7344766628651907e-15,2.776347725724651e-16,1.6894254230106198e-15
translation,0.5,power_primary-b2ece987408c,power_primary,population_standardized,expression,standardized_feature,angle,100,100,0,6.871214197608477e-07,8.675847804129741e-07,0.0
translation,0.5,power_primary-b2ece987408c,power_primary,population_standardized,expression,standardized_feature,delta,100,100,0,0.0,0.0,0.0
translation,0.5,power_primary-b2ece987408c,power_primary,population_standardized,expression,standardized_feature,path_length[A],100,100,0,38.51511828649787,1.3095523433728227,38.52259726655018
translation,0.5,power_primary-b2ece987408c,power_primary,population_standardized,expression,standardized_feature,path_length[B],100,100,0,38.51511828649787,1.3095523433728227,38.52259726655018
translation,0.5,power_primary-b2ece987408c,power_primary,population_standardized,expression,standardized_feature,shape,100,100,0,1.0753850505583272e-15,3.474480963675436e-16,1.0128242189304302e-15
translation,0.5,power_primary-b2ece987408c,power_primary,population_standardized,joint,standardized_feature,angle,100,100,0,7.7403453666017e-07,9.313449675661914e-07,0.0
translation,0.5,power_primary-b2ece987408c,power_primary,population_standardized,joint,standardized_feature,delta,100,100,0,0.0,0.0,0.0
translation,0.5,power_primary-b2ece987408c,power_primary,population_standardized,joint,standardized_feature,path_length[A],100,100,0,84.16548267805098,2.285064921102722,84.39962431369926
translation,0.5,power_primary-b2ece987408c,power_primary,population_standardized,joint,standardized_feature,path_length[B],100,100,0,84.16548267805098,2.285064921102722,84.39962431369926
translation,0.5,power_primary-b2ece987408c,power_primary,population_standardized,joint,standardized_feature,shape,100,100,0,1.1626263529063738e-15,3.515944684047436e-16,1.1174571373705037e-15
translation,0.5,power_primary-b2ece987408c,power_primary,population_standardized,methylation,standardized_feature,angle,100,100,0,7.215178229237649e-07,9.53899194915136e-07,0.0
translation,0.5,power_primary-b2ece987408c,power_primary,population_standardized,methylation,standardized_feature,delta,100,100,0,0.0,0.0,0.0
translation,0.5,power_primary-b2ece987408c,power_primary,population_standardized,methylation,standardized_feature,path_length[A],100,100,0,57.29919084402931,1.5890061159695426,57.30447767584154
translation,0.5,power_primary-b2ece987408c,power_primary,population_standardized,methylation,standardized_feature,path_length[B],100,100,0,57.29919084402931,1.5890061159695426,57.30447767584154
translation,0.5,power_primary-b2ece987408c,power_primary,population_standardized,methylation,standardized_feature,shape,100,100,0,1.0778258986467282e-15,2.885027274760816e-16,1.0305630574452684e-15
translation,0.5,power_primary-b2ece987408c,power_primary,population_standardized,proteomics,standardized_feature,angle,100,100,0,7.442167601494382e-07,8.751417802440332e-07,0.0
translation,0.5,power_primary-b2ece987408c,power_primary,population_standardized,proteomics,standardized_feature,delta,100,100,0,0.0,0.0,0.0
translation,0.5,power_primary-b2ece987408c,power_primary,population_standardized,proteomics,standardized_feature,path_length[A],100,100,0,48.08538997051333,1.754305738725626,48.039673560423324
translation,0.5,power_primary-b2ece987408c,power_primary,population_standardized,proteomics,standardized_feature,path_length[B],100,100,0,48.08538997051333,1.754305738725626,48.039673560423324
translation,0.5,power_primary-b2ece987408c,power_primary,population_standardized,proteomics,standardized_feature,shape,100,100,0,1.0995658573724698e-15,9.263929946092194e-17,1.087748601870057e-15
translation,0.5,power_primary-b2ece987408c,power_primary,observed_standardized,expression,standardized_feature,angle,100,100,0,25.916518741735167,38.939402215586135,12.619646765825694
translation,0.5,power_primary-b2ece987408c,power_primary,observed_standardized,expression,standardized_feature,delta,100,100,0,0.2973511977749771,0.25125511620841656,0.22247319725907388
translation,0.5,power_primary-b2ece987408c,power_primary,observed_standardized,expression,standardized_feature,path_length[A],100,100,0,38.70899591744915,1.3105765988407339,38.7037238110361
translation,0.5,power_primary-b2ece987408c,power_primary,observed_standardized,expression,standardized_feature,path_length[B],100,100,0,38.77710893244238,1.2707198808377176,38.822812892552776
translation,0.5,power_primary-b2ece987408c,power_primary,observed_standardized,expression,standardized_feature,shape,100,100,0,0.018047786394032084,0.004981790540309929,0.017885875415767433
translation,0.5,power_primary-b2ece987408c,power_primary,observed_standardized,joint,standardized_feature,angle,100,100,0,25.804380103005933,39.944398503225806,12.592156576137338
translation,0.5,power_primary-b2ece987408c,power_primary,observed_standardized,joint,standardized_feature,delta,100,100,0,0.3921362675103939,0.27920420482854824,0.35277796398757744
translation,0.5,power_primary-b2ece987408c,power_primary,observed_standardized,joint,standardized_feature,path_length[A],100,100,0,84.82906464021931,2.226174696082686,85.04541952814672
translation,0.5,power_primary-b2ece987408c,power_primary,observed_standardized,joint,standardized_feature,path_length[B],100,100,0,84.89636505234166,2.205806707534375,85.03983829564528
translation,0.5,power_primary-b2ece987408c,power_primary,observed_standardized,joint,standardized_feature,shape,100,100,0,0.010588003181094794,0.005357939090615442,0.009998211243193375
translation,0.5,power_primary-b2ece987408c,power_primary,observed_standardized,methylation,standardized_feature,angle,100,100,0,35.89814403938716,42.99484755041966,17.85183216083444
translation,0.5,power_primary-b2ece987408c,power_primary,observed_standardized,methylation,standardized_feature,delta,100,100,0,0.46940830914034815,0.3870314049425396,0.3371754979655499
translation,0.5,power_primary-b2ece987408c,power_primary,observed_standardized,methylation,standardized_feature,path_length[A],100,100,0,58.04353669817734,1.593340340575164,58.24371951309591
translation,0.5,power_primary-b2ece987408c,power_primary,observed_standardized,methylation,standardized_feature,path_length[B],100,100,0,58.05087716060573,1.5910041601304488,58.08488361502664
translation,0.5,power_primary-b2ece987408c,power_primary,observed_standardized,methylation,standardized_feature,shape,100,100,0,0.018269860306322352,0.009320817022490857,0.016409545638597058
translation,0.5,power_primary-b2ece987408c,power_primary,observed_standardized,proteomics,standardized_feature,angle,100,100,0,17.217931463853493,35.02842885015293,8.51657885135045
translation,0.5,power_primary-b2ece987408c,power_primary,observed_standardized,proteomics,standardized_feature,delta,100,100,0,0.21306665468078323,0.14529786207102424,0.1796005043685902
translation,0.5,power_primary-b2ece987408c,power_primary,observed_standardized,proteomics,standardized_feature,path_length[A],100,100,0,48.199595596180764,1.7333381774633507,48.12407384280136
translation,0.5,power_primary-b2ece987408c,power_primary,observed_standardized,proteomics,standardized_feature,path_length[B],100,100,0,48.25567513550338,1.688398561560337,48.189822351800025
translation,0.5,power_primary-b2ece987408c,power_primary,observed_standardized,proteomics,standardized_feature,shape,100,100,0,0.011750015535477292,0.004199051702994114,0.011347427585635984
translation,0.5,power_primary-b2ece987408c,power_primary,pls_latent,joint,pls_latent,angle,100,100,0,15.90082207106748,36.346054503135946,5.432272497746688
translation,0.5,power_primary-b2ece987408c,power_primary,pls_latent,joint,pls_latent,delta,100,100,0,0.39516184929996917,0.27552442094743895,0.3530659195236865
translation,0.5,power_primary-b2ece987408c,power_primary,pls_latent,joint,pls_latent,path_length[A],100,100,0,82.17193268749077,6.3398037362247806,84.18264706690468
translation,0.5,power_primary-b2ece987408c,power_primary,pls_latent,joint,pls_latent,path_length[B],100,100,0,82.22375739487421,6.383046262958701,84.27708060984037
translation,0.5,power_primary-b2ece987408c,power_primary,pls_latent,joint,pls_latent,shape,100,100,0,0.010731586383453647,0.005579698936148086,0.009943052972657419
translation,0.75,power_primary-356f35b04b73,power_primary,population_native,expression,native_omic_units,angle,100,100,0,7.092459242407174e-07,8.708111011144767e-07,0.0
translation,0.75,power_primary-356f35b04b73,power_primary,population_native,expression,native_omic_units,delta,100,100,0,0.0,0.0,0.0
translation,0.75,power_primary-356f35b04b73,power_primary,population_native,expression,native_omic_units,path_length[A],100,100,0,44.50296170753463,1.4629041188467085,44.47395051852209
translation,0.75,power_primary-356f35b04b73,power_primary,population_native,expression,native_omic_units,path_length[B],100,100,0,44.50296170753463,1.4629041188467085,44.47395051852209
translation,0.75,power_primary-356f35b04b73,power_primary,population_native,expression,native_omic_units,shape,100,100,0,1.5265448535713467e-15,2.2023161931331954e-16,1.4872780220552563e-15
translation,0.75,power_primary-356f35b04b73,power_primary,population_native,methylation,native_omic_units,angle,100,100,0,6.692578014244729e-07,8.561544230085932e-07,0.0
translation,0.75,power_primary-356f35b04b73,power_primary,population_native,methylation,native_omic_units,delta,100,100,0,0.0,0.0,0.0
translation,0.75,power_primary-356f35b04b73,power_primary,population_native,methylation,native_omic_units,path_length[A],100,100,0,65.1451050099554,1.9068914151799745,65.12416590912433
translation,0.75,power_primary-356f35b04b73,power_primary,population_native,methylation,native_omic_units,path_length[B],100,100,0,65.1451050099554,1.9068914151799745,65.12416590912433
translation,0.75,power_primary-356f35b04b73,power_primary,population_native,methylation,native_omic_units,shape,100,100,0,2.1720072721826378e-15,4.4025468191263014e-16,2.121362558868494e-15
translation,0.75,power_primary-356f35b04b73,power_primary,population_native,proteomics,native_omic_units,angle,100,100,0,5.970063482451982e-07,8.145119009441357e-07,0.0
translation,0.75,power_primary-356f35b04b73,power_primary,population_native,proteomics,native_omic_units,delta,100,100,0,0.0,0.0,0.0
translation,0.75,power_primary-356f35b04b73,power_primary,population_native,proteomics,native_omic_units,path_length[A],100,100,0,49.43995775674261,1.8001531846878354,49.242355296257536
translation,0.75,power_primary-356f35b04b73,power_primary,population_native,proteomics,native_omic_units,path_length[B],100,100,0,49.43995775674261,1.8001531846878354,49.242355296257536
translation,0.75,power_primary-356f35b04b73,power_primary,population_native,proteomics,native_omic_units,shape,100,100,0,1.7344766628651907e-15,2.776347725724651e-16,1.6894254230106198e-15
translation,0.75,power_primary-356f35b04b73,power_primary,population_standardized,expression,standardized_feature,angle,100,100,0,7.430632550596713e-07,8.844952781057968e-07,0.0
translation,0.75,power_primary-356f35b04b73,power_primary,population_standardized,expression,standardized_feature,delta,100,100,0,0.0,0.0,0.0
translation,0.75,power_primary-356f35b04b73,power_primary,population_standardized,expression,standardized_feature,path_length[A],100,100,0,38.51332095117511,1.2997650476335574,38.46451449944061
translation,0.75,power_primary-356f35b04b73,power_primary,population_standardized,expression,standardized_feature,path_length[B],100,100,0,38.51332095117511,1.2997650476335574,38.46451449944061
translation,0.75,power_primary-356f35b04b73,power_primary,population_standardized,expression,standardized_feature,shape,100,100,0,1.0914807330556577e-15,4.534114339276909e-16,1.0192118153070392e-15
translation,0.75,power_primary-356f35b04b73,power_primary,population_standardized,joint,standardized_feature,angle,100,100,0,7.600118159410209e-07,8.824332188327043e-07,0.0
translation,0.75,power_primary-356f35b04b73,power_primary,population_standardized,joint,standardized_feature,delta,100,100,0,0.0,0.0,0.0
translation,0.75,power_primary-356f35b04b73,power_primary,population_standardized,joint,standardized_feature,path_length[A],100,100,0,84.14691192783671,2.338402968421383,84.3151198640256
translation,0.75,power_primary-356f35b04b73,power_primary,population_standardized,joint,standardized_feature,path_length[B],100,100,0,84.14691192783671,2.338402968421383,84.3151198640256
translation,0.75,power_primary-356f35b04b73,power_primary,population_standardized,joint,standardized_feature,shape,100,100,0,1.2573522895592948e-15,6.264214809185303e-16,1.1057405510328461e-15
translation,0.75,power_primary-356f35b04b73,power_primary,population_standardized,methylation,standardized_feature,angle,100,100,0,6.878478875547809e-07,8.712389536207467e-07,0.0
translation,0.75,power_primary-356f35b04b73,power_primary,population_standardized,methylation,standardized_feature,delta,100,100,0,0.0,0.0,0.0
translation,0.75,power_primary-356f35b04b73,power_primary,population_standardized,methylation,standardized_feature,path_length[A],100,100,0,57.27605298355058,1.660817691618979,57.260316601038184
translation,0.75,power_primary-356f35b04b73,power_primary,population_standardized,methylation,standardized_feature,path_length[B],100,100,0,57.27605298355058,1.660817691618979,57.260316601038184
translation,0.75,power_primary-356f35b04b73,power_primary,population_standardized,methylation,standardized_feature,shape,100,100,0,1.0981965428560624e-15,3.3460787956014113e-16,1.0331542164633471e-15
translation,0.75,power_primary-356f35b04b73,power_primary,population_standardized,proteomics,standardized_feature,angle,100,100,0,6.66590392695487e-07,7.676855926058518e-07,0.0
translation,0.75,power_primary-356f35b04b73,power_primary,population_standardized,proteomics,standardized_feature,delta,100,100,0,0.0,0.0,0.0
translation,0.75,power_primary-356f35b04b73,power_primary,population_standardized,proteomics,standardized_feature,path_length[A],100,100,0,48.08231529859206,1.7586507708005479,47.99157505238182
translation,0.75,power_primary-356f35b04b73,power_primary,population_standardized,proteomics,standardized_feature,path_length[B],100,100,0,48.08231529859206,1.7586507708005479,47.99157505238182
translation,0.75,power_primary-356f35b04b73,power_primary,population_standardized,proteomics,standardized_feature,shape,100,100,0,1.1454872830233563e-15,3.0995635263779544e-16,1.0987497020526729e-15
translation,0.75,power_primary-356f35b04b73,power_primary,observed_standardized,expression,standardized_feature,angle,100,100,0,26.799886779889366,40.705861016611394,12.506504647931584
translation,0.75,power_primary-356f35b04b73,power_primary,observed_standardized,expression,standardized_feature,delta,100,100,0,0.34190690049954064,0.22551951944710788,0.30112993131330157
translation,0.75,power_primary-356f35b04b73,power_primary,observed_standardized,expression,standardized_feature,path_length[A],100,100,0,38.72821760389427,1.2780110290186681,38.697496804403734
translation,0.75,power_primary-356f35b04b73,power_primary,observed_standardized,expression,standardized_feature,path_length[B],100,100,0,38.771660635688534,1.2796729856374052,38.838155592436294
translation,0.75,power_primary-356f35b04b73,power_primary,observed_standardized,expression,standardized_feature,shape,100,100,0,0.017987002207175765,0.004861635821040593,0.017813814233136382
translation,0.75,power_primary-356f35b04b73,power_primary,observed_standardized,joint,standardized_feature,angle,100,100,0,19.24852905720757,29.16645249527127,12.182208026118808
translation,0.75,power_primary-356f35b04b73,power_primary,observed_standardized,joint,standardized_feature,delta,100,100,0,0.3882688378658781,0.3093400556853572,0.3014424628988053
translation,0.75,power_primary-356f35b04b73,power_primary,observed_standardized,joint,standardized_feature,path_length[A],100,100,0,84.78886848887812,2.28052807952857,85.07036345364637
translation,0.75,power_primary-356f35b04b73,power_primary,observed_standardized,joint,standardized_feature,path_length[B],100,100,0,84.8583467033081,2.2756765843460904,85.14585189222667
translation,0.75,power_primary-356f35b04b73,power_primary,observed_standardized,joint,standardized_feature,shape,100,100,0,0.009776652593127131,0.004440217119422388,0.009222470509788833
translation,0.75,power_primary-356f35b04b73,power_primary,observed_standardized,methylation,standardized_feature,angle,100,100,0,34.406085664600916,41.09773768443948,17.582302062677215
translation,0.75,power_primary-356f35b04b73,power_primary,observed_standardized,methylation,standardized_feature,delta,100,100,0,0.43608395873578004,0.38355914993654255,0.31823710098656477
translation,0.75,power_primary-356f35b04b73,power_primary,observed_standardized,methylation,standardized_feature,path_length[A],100,100,0,57.95787380379283,1.680985125481878,57.94983798379563
translation,0.75,power_primary-356f35b04b73,power_primary,observed_standardized,methylation,standardized_feature,path_length[B],100,100,0,58.02150899991811,1.6744157883618127,58.19259909090038
translation,0.75,power_primary-356f35b04b73,power_primary,observed_standardized,methylation,standardized_feature,shape,100,100,0,0.01717449335299412,0.008713292059554442,0.01600016384065591
translation,0.75,power_primary-356f35b04b73,power_primary,observed_standardized,proteomics,standardized_feature,angle,100,100,0,15.46816979925073,31.382347979989202,8.429213153064548
translation,0.75,power_primary-356f35b04b73,power_primary,observed_standardized,proteomics,standardized_feature,delta,100,100,0,0.22015630208621262,0.14142927324604526,0.21397959115515164
translation,0.75,power_primary-356f35b04b73,power_primary,observed_standardized,proteomics,standardized_feature,path_length[A],100,100,0,48.217461069107706,1.718609824812492,48.129437849112236
translation,0.75,power_primary-356f35b04b73,power_primary,observed_standardized,proteomics,standardized_feature,path_length[B],100,100,0,48.22716118257524,1.7258499939414367,48.189754244425835
translation,0.75,power_primary-356f35b04b73,power_primary,observed_standardized,proteomics,standardized_feature,shape,100,100,0,0.010822124707808807,0.0037687274273918133,0.010105008094214992
translation,0.75,power_primary-356f35b04b73,power_primary,pls_latent,joint,pls_latent,angle,100,100,0,12.292149833944661,30.838629834133577,4.629518852463374
translation,0.75,power_primary-356f35b04b73,power_primary,pls_latent,joint,pls_latent,delta,100,100,0,0.3776313743921092,0.2842521279723671,0.31803658893007025
translation,0.75,power_primary-356f35b04b73,power_primary,pls_latent,joint,pls_latent,path_length[A],100,100,0,81.44828539550828,7.1130493522617035,83.83072367118315
translation,0.75,power_primary-356f35b04b73,power_primary,pls_latent,joint,pls_latent,path_length[B],100,100,0,81.50699923011268,7.103905462869753,83.88610821244691
translation,0.75,power_primary-356f35b04b73,power_primary,pls_latent,joint,pls_latent,shape,100,100,0,0.009895309279187015,0.004553781674197668,0.009080657119291655
translation,1.0,power_primary-ebe229f72db1,power_primary,population_native,expression,native_omic_units,angle,100,100,0,7.092459242407174e-07,8.708111011144767e-07,0.0
translation,1.0,type_i_baseline-82750f50d4bc,type_i_baseline,population_native,expression,native_omic_units,angle,100,100,0,6.583888521098797e-07,8.254150267670511e-07,0.0
translation,1.0,power_primary-ebe229f72db1,power_primary,population_native,expression,native_omic_units,delta,100,100,0,0.0,0.0,0.0
translation,1.0,type_i_baseline-82750f50d4bc,type_i_baseline,population_native,expression,native_omic_units,delta,100,100,0,0.0,0.0,0.0
translation,1.0,power_primary-ebe229f72db1,power_primary,population_native,expression,native_omic_units,path_length[A],100,100,0,44.50296170753463,1.4629041188467085,44.47395051852209
translation,1.0,type_i_baseline-82750f50d4bc,type_i_baseline,population_native,expression,native_omic_units,path_length[A],100,100,0,44.25844596446646,1.303086300653494,44.22002202611979
translation,1.0,power_primary-ebe229f72db1,power_primary,population_native,expression,native_omic_units,path_length[B],100,100,0,44.50296170753463,1.4629041188467085,44.47395051852209
translation,1.0,type_i_baseline-82750f50d4bc,type_i_baseline,population_native,expression,native_omic_units,path_length[B],100,100,0,44.25844596446646,1.303086300653494,44.22002202611979
translation,1.0,power_primary-ebe229f72db1,power_primary,population_native,expression,native_omic_units,shape,100,100,0,1.5265448535713467e-15,2.2023161931331954e-16,1.4872780220552563e-15
translation,1.0,type_i_baseline-82750f50d4bc,type_i_baseline,population_native,expression,native_omic_units,shape,100,100,0,1.4940268661207512e-15,2.818304069564485e-16,1.4588597069723949e-15
translation,1.0,power_primary-ebe229f72db1,power_primary,population_native,methylation,native_omic_units,angle,100,100,0,6.692578014244729e-07,8.561544230085932e-07,0.0
translation,1.0,type_i_baseline-82750f50d4bc,type_i_baseline,population_native,methylation,native_omic_units,angle,100,100,0,6.975735777979699e-07,8.676462153873104e-07,0.0
translation,1.0,power_primary-ebe229f72db1,power_primary,population_native,methylation,native_omic_units,delta,100,100,0,0.0,0.0,0.0
translation,1.0,type_i_baseline-82750f50d4bc,type_i_baseline,population_native,methylation,native_omic_units,delta,100,100,0,0.0,0.0,0.0
translation,1.0,power_primary-ebe229f72db1,power_primary,population_native,methylation,native_omic_units,path_length[A],100,100,0,65.1451050099554,1.9068914151799745,65.12416590912433
translation,1.0,type_i_baseline-82750f50d4bc,type_i_baseline,population_native,methylation,native_omic_units,path_length[A],100,100,0,64.96634758109028,1.7015333777046149,64.85320072802709
translation,1.0,power_primary-ebe229f72db1,power_primary,population_native,methylation,native_omic_units,path_length[B],100,100,0,65.1451050099554,1.9068914151799745,65.12416590912433
translation,1.0,type_i_baseline-82750f50d4bc,type_i_baseline,population_native,methylation,native_omic_units,path_length[B],100,100,0,64.96634758109028,1.7015333777046149,64.85320072802709
translation,1.0,power_primary-ebe229f72db1,power_primary,population_native,methylation,native_omic_units,shape,100,100,0,2.1720072721826378e-15,4.4025468191263014e-16,2.121362558868494e-15
translation,1.0,type_i_baseline-82750f50d4bc,type_i_baseline,population_native,methylation,native_omic_units,shape,100,100,0,2.1297322056469507e-15,2.9823260733043616e-16,2.0821249914447687e-15
translation,1.0,power_primary-ebe229f72db1,power_primary,population_native,proteomics,native_omic_units,angle,100,100,0,5.970063482451982e-07,8.145119009441357e-07,0.0
translation,1.0,type_i_baseline-82750f50d4bc,type_i_baseline,population_native,proteomics,native_omic_units,angle,100,100,0,7.558100264104876e-07,8.902161583945805e-07,0.0
translation,1.0,power_primary-ebe229f72db1,power_primary,population_native,proteomics,native_omic_units,delta,100,100,0,0.0,0.0,0.0
translation,1.0,type_i_baseline-82750f50d4bc,type_i_baseline,population_native,proteomics,native_omic_units,delta,100,100,0,0.0,0.0,0.0
translation,1.0,power_primary-ebe229f72db1,power_primary,population_native,proteomics,native_omic_units,path_length[A],100,100,0,49.43995775674261,1.8001531846878354,49.242355296257536
translation,1.0,type_i_baseline-82750f50d4bc,type_i_baseline,population_native,proteomics,native_omic_units,path_length[A],100,100,0,49.171163933830314,1.5300862289503168,49.05549538394048
translation,1.0,power_primary-ebe229f72db1,power_primary,population_native,proteomics,native_omic_units,path_length[B],100,100,0,49.43995775674261,1.8001531846878354,49.242355296257536
translation,1.0,type_i_baseline-82750f50d4bc,type_i_baseline,population_native,proteomics,native_omic_units,path_length[B],100,100,0,49.171163933830314,1.5300862289503168,49.05549538394048
translation,1.0,power_primary-ebe229f72db1,power_primary,population_native,proteomics,native_omic_units,shape,100,100,0,1.7344766628651907e-15,2.776347725724651e-16,1.6894254230106198e-15
translation,1.0,type_i_baseline-82750f50d4bc,type_i_baseline,population_native,proteomics,native_omic_units,shape,100,100,0,1.7454276085265623e-15,2.3820528495369026e-16,1.7214337215433825e-15
translation,1.0,power_primary-ebe229f72db1,power_primary,population_standardized,expression,standardized_feature,angle,100,100,0,7.189148896651566e-07,8.712574248405835e-07,0.0
translation,1.0,type_i_baseline-82750f50d4bc,type_i_baseline,population_standardized,expression,standardized_feature,angle,100,100,0,7.08706552697467e-07,8.279222584632715e-07,0.0
translation,1.0,power_primary-ebe229f72db1,power_primary,population_standardized,expression,standardized_feature,delta,100,100,0,0.0,0.0,0.0
translation,1.0,type_i_baseline-82750f50d4bc,type_i_baseline,population_standardized,expression,standardized_feature,delta,100,100,0,0.0,0.0,0.0
translation,1.0,power_primary-ebe229f72db1,power_primary,population_standardized,expression,standardized_feature,path_length[A],100,100,0,38.51605491490397,1.2974801658557438,38.46451449944061
translation,1.0,type_i_baseline-82750f50d4bc,type_i_baseline,population_standardized,expression,standardized_feature,path_length[A],100,100,0,38.3408982534751,1.0831713146444126,38.39730326467517
translation,1.0,power_primary-ebe229f72db1,power_primary,population_standardized,expression,standardized_feature,path_length[B],100,100,0,38.51605491490397,1.2974801658557438,38.46451449944061
translation,1.0,type_i_baseline-82750f50d4bc,type_i_baseline,population_standardized,expression,standardized_feature,path_length[B],100,100,0,38.3408982534751,1.0831713146444126,38.39730326467517
translation,1.0,power_primary-ebe229f72db1,power_primary,population_standardized,expression,standardized_feature,shape,100,100,0,1.0910932691993562e-15,4.534656909241874e-16,1.0167092061245518e-15
translation,1.0,type_i_baseline-82750f50d4bc,type_i_baseline,population_standardized,expression,standardized_feature,shape,100,100,0,1.0092708400532757e-15,1.3446850430265048e-16,9.766777661582923e-16
translation,1.0,power_primary-ebe229f72db1,power_primary,population_standardized,joint,standardized_feature,angle,100,100,0,7.600118159410209e-07,8.824332188327043e-07,0.0
translation,1.0,type_i_baseline-82750f50d4bc,type_i_baseline,population_standardized,joint,standardized_feature,angle,100,100,0,5.975422792026343e-07,7.911816203849057e-07,0.0
translation,1.0,power_primary-ebe229f72db1,power_primary,population_standardized,joint,standardized_feature,delta,100,100,0,0.0,0.0,0.0
translation,1.0,type_i_baseline-82750f50d4bc,type_i_baseline,population_standardized,joint,standardized_feature,delta,100,100,0,0.0,0.0,0.0
translation,1.0,power_primary-ebe229f72db1,power_primary,population_standardized,joint,standardized_feature,path_length[A],100,100,0,84.14877793308231,2.3338911245177516,84.3151198640256
translation,1.0,type_i_baseline-82750f50d4bc,type_i_baseline,population_standardized,joint,standardized_feature,path_length[A],100,100,0,83.95417094603283,1.904183207142033,84.07415736229643
translation,1.0,power_primary-ebe229f72db1,power_primary,population_standardized,joint,standardized_feature,path_length[B],100,100,0,84.14877793308231,2.3338911245177516,84.3151198640256
translation,1.0,type_i_baseline-82750f50d4bc,type_i_baseline,population_standardized,joint,standardized_feature,path_length[B],100,100,0,83.95417094603283,1.904183207142033,84.07415736229643
translation,1.0,power_primary-ebe229f72db1,power_primary,population_standardized,joint,standardized_feature,shape,100,100,0,1.259047086386164e-15,6.257127165952633e-16,1.1057405510328461e-15
translation,1.0,type_i_baseline-82750f50d4bc,type_i_baseline,population_standardized,joint,standardized_feature,shape,100,100,0,1.1559039156600644e-15,1.9452701528204154e-16,1.1212660506267544e-15
translation,1.0,power_primary-ebe229f72db1,power_primary,population_standardized,methylation,standardized_feature,angle,100,100,0,6.878478875547809e-07,8.712389536207467e-07,0.0
translation,1.0,type_i_baseline-82750f50d4bc,type_i_baseline,population_standardized,methylation,standardized_feature,angle,100,100,0,5.915661148892723e-07,8.274581015682285e-07,0.0
translation,1.0,power_primary-ebe229f72db1,power_primary,population_standardized,methylation,standardized_feature,delta,100,100,0,0.0,0.0,0.0
translation,1.0,type_i_baseline-82750f50d4bc,type_i_baseline,population_standardized,methylation,standardized_feature,delta,100,100,0,0.0,0.0,0.0
translation,1.0,power_primary-ebe229f72db1,power_primary,population_standardized,methylation,standardized_feature,path_length[A],100,100,0,57.27658326417934,1.6593184756763868,57.260316601038184
translation,1.0,type_i_baseline-82750f50d4bc,type_i_baseline,population_standardized,methylation,standardized_feature,path_length[A],100,100,0,57.282631585076516,1.4932171813531125,57.14794554128957
translation,1.0,power_primary-ebe229f72db1,power_primary,population_standardized,methylation,standardized_feature,path_length[B],100,100,0,57.27658326417934,1.6593184756763868,57.260316601038184
translation,1.0,type_i_baseline-82750f50d4bc,type_i_baseline,population_standardized,methylation,standardized_feature,path_length[B],100,100,0,57.282631585076516,1.4932171813531125,57.14794554128957
translation,1.0,power_primary-ebe229f72db1,power_primary,population_standardized,methylation,standardized_feature,shape,100,100,0,1.098689914162145e-15,3.344999916079567e-16,1.03879958368743e-15
translation,1.0,type_i_baseline-82750f50d4bc,type_i_baseline,population_standardized,methylation,standardized_feature,shape,100,100,0,1.1198426742756198e-15,4.426674090742033e-16,1.0414363387105866e-15
translation,1.0,power_primary-ebe229f72db1,power_primary,population_standardized,proteomics,standardized_feature,angle,100,100,0,6.58052656232971e-07,7.703258632736226e-07,0.0
translation,1.0,type_i_baseline-82750f50d4bc,type_i_baseline,population_standardized,proteomics,standardized_feature,angle,100,100,0,8.431844739311485e-07,9.299930687501012e-07,8.537736462515939e-07
translation,1.0,power_primary-ebe229f72db1,power_primary,population_standardized,proteomics,standardized_feature,delta,100,100,0,0.0,0.0,0.0
translation,1.0,type_i_baseline-82750f50d4bc,type_i_baseline,population_standardized,proteomics,standardized_feature,delta,100,100,0,0.0,0.0,0.0
translation,1.0,power_primary-ebe229f72db1,power_primary,population_standardized,proteomics,standardized_feature,path_length[A],100,100,0,48.082674020336256,1.7579520859348208,47.99157505238182
translation,1.0,type_i_baseline-82750f50d4bc,type_i_baseline,population_standardized,proteomics,standardized_feature,path_length[A],100,100,0,47.874781232916504,1.4505965785181822,47.883824360798386
translation,1.0,power_primary-ebe229f72db1,power_primary,population_standardized,proteomics,standardized_feature,path_length[B],100,100,0,48.082674020336256,1.7579520859348208,47.99157505238182
translation,1.0,type_i_baseline-82750f50d4bc,type_i_baseline,population_standardized,proteomics,standardized_feature,path_length[B],100,100,0,47.874781232916504,1.4505965785181822,47.883824360798386
translation,1.0,power_primary-ebe229f72db1,power_primary,population_standardized,proteomics,standardized_feature,shape,100,100,0,1.1425586090827997e-15,3.1005412542318687e-16,1.094719189140026e-15
translation,1.0,type_i_baseline-82750f50d4bc,type_i_baseline,population_standardized,proteomics,standardized_feature,shape,100,100,0,1.1465864898716707e-15,3.285487500096077e-16,1.0940702564304038e-15
translation,1.0,power_primary-ebe229f72db1,power_primary,observed_standardized,expression,standardized_feature,angle,100,100,0,25.210780062447448,38.170970201854985,12.38998543049486
translation,1.0,type_i_baseline-82750f50d4bc,type_i_baseline,observed_standardized,expression,standardized_feature,angle,100,100,0,21.811219459019004,31.38613186172363,12.329149573516759
translation,1.0,power_primary-ebe229f72db1,power_primary,observed_standardized,expression,standardized_feature,delta,100,100,0,0.3424610571000008,0.22540875364109517,0.3024895873515199
translation,1.0,type_i_baseline-82750f50d4bc,type_i_baseline,observed_standardized,expression,standardized_feature,delta,100,100,0,0.2939933424523636,0.2314587291152674,0.24667781257203814
translation,1.0,power_primary-ebe229f72db1,power_primary,observed_standardized,expression,standardized_feature,path_length[A],100,100,0,38.72623457071928,1.2799022442195667,38.697496804403734
translation,1.0,type_i_baseline-82750f50d4bc,type_i_baseline,observed_standardized,expression,standardized_feature,path_length[A],100,100,0,38.59811041685218,1.1050860154172657,38.6982710919944
translation,1.0,power_primary-ebe229f72db1,power_primary,observed_standardized,expression,standardized_feature,path_length[B],100,100,0,38.770231759114,1.2807481792269086,38.838155592436294
translation,1.0,type_i_baseline-82750f50d4bc,type_i_baseline,observed_standardized,expression,standardized_feature,path_length[B],100,100,0,38.62106893003113,1.0641075989737319,38.71269746264517
translation,1.0,power_primary-ebe229f72db1,power_primary,observed_standardized,expression,standardized_feature,shape,100,100,0,0.01795191209882795,0.004892961301598001,0.017813814233136382
translation,1.0,type_i_baseline-82750f50d4bc,type_i_baseline,observed_standardized,expression,standardized_feature,shape,100,100,0,0.018243793369218105,0.006151194176903405,0.017380057358662777
translation,1.0,power_primary-ebe229f72db1,power_primary,observed_standardized,joint,standardized_feature,angle,100,100,0,18.030699611147647,25.958296650164662,12.182208026118808
translation,1.0,type_i_baseline-82750f50d4bc,type_i_baseline,observed_standardized,joint,standardized_feature,angle,100,100,0,15.529738809577841,19.781200042536078,11.330984304070387
translation,1.0,power_primary-ebe229f72db1,power_primary,observed_standardized,joint,standardized_feature,delta,100,100,0,0.38703408689457675,0.30953283125422143,0.29766767696047225
translation,1.0,type_i_baseline-82750f50d4bc,type_i_baseline,observed_standardized,joint,standardized_feature,delta,100,100,0,0.37976268920986,0.3249145697052973,0.2822899106881991
translation,1.0,power_primary-ebe229f72db1,power_primary,observed_standardized,joint,standardized_feature,path_length[A],100,100,0,84.78779861373094,2.2832652092045858,85.07036345364637
translation,1.0,type_i_baseline-82750f50d4bc,type_i_baseline,observed_standardized,joint,standardized_feature,path_length[A],100,100,0,84.64842154945804,1.8768241464397035,84.60640103000335
translation,1.0,power_primary-ebe229f72db1,power_primary,observed_standardized,joint,standardized_feature,path_length[B],100,100,0,84.8560420771896,2.281304630412701,85.14585189222667
translation,1.0,type_i_baseline-82750f50d4bc,type_i_baseline,observed_standardized,joint,standardized_feature,path_length[B],100,100,0,84.6634428280396,1.923344261746748,84.83251631459696
translation,1.0,power_primary-ebe229f72db1,power_primary,observed_standardized,joint,standardized_feature,shape,100,100,0,0.009816109525828134,0.004426048124959224,0.009439347249757278
translation,1.0,type_i_baseline-82750f50d4bc,type_i_baseline,observed_standardized,joint,standardized_feature,shape,100,100,0,0.009974164473194418,0.004041810233931871,0.009803424792145177
translation,1.0,power_primary-ebe229f72db1,power_primary,observed_standardized,methylation,standardized_feature,angle,100,100,0,34.54017629195402,41.047299461378735,17.665619785798533
translation,1.0,type_i_baseline-82750f50d4bc,type_i_baseline,observed_standardized,methylation,standardized_feature,angle,100,100,0,27.043969091677063,33.25668205141122,16.713701706942107
translation,1.0,power_primary-ebe229f72db1,power_primary,observed_standardized,methylation,standardized_feature,delta,100,100,0,0.43326319829542564,0.38540883892246197,0.3143619731474345
translation,1.0,type_i_baseline-82750f50d4bc,type_i_baseline,observed_standardized,methylation,standardized_feature,delta,100,100,0,0.427838719517055,0.3699571330476157,0.3116173003833502
translation,1.0,power_primary-ebe229f72db1,power_primary,observed_standardized,methylation,standardized_feature,path_length[A],100,100,0,57.95722044423598,1.6828368620191994,57.94983798379563
translation,1.0,type_i_baseline-82750f50d4bc,type_i_baseline,observed_standardized,methylation,standardized_feature,path_length[A],100,100,0,58.006187155197004,1.4642477223823342,57.79708061141253
translation,1.0,power_primary-ebe229f72db1,power_primary,observed_standardized,methylation,standardized_feature,path_length[B],100,100,0,58.01803487992092,1.6840211205296973,58.19259909090038
translation,1.0,type_i_baseline-82750f50d4bc,type_i_baseline,observed_standardized,methylation,standardized_feature,path_length[B],100,100,0,58.00821654803601,1.53346666454818,57.80479562418873
translation,1.0,power_primary-ebe229f72db1,power_primary,observed_standardized,methylation,standardized_feature,shape,100,100,0,0.017292733884292533,0.00865865702930177,0.01604200724169151
translation,1.0,type_i_baseline-82750f50d4bc,type_i_baseline,observed_standardized,methylation,standardized_feature,shape,100,100,0,0.017511671208856258,0.007823865047533057,0.016496250316368935
translation,1.0,power_primary-ebe229f72db1,power_primary,observed_standardized,proteomics,standardized_feature,angle,100,100,0,15.310373732275602,31.354002195064876,8.429213153064548
translation,1.0,type_i_baseline-82750f50d4bc,type_i_baseline,observed_standardized,proteomics,standardized_feature,angle,100,100,0,16.472996520065806,35.01441676556573,8.03302071376837
translation,1.0,power_primary-ebe229f72db1,power_primary,observed_standardized,proteomics,standardized_feature,delta,100,100,0,0.22097829422826074,0.14091829701856315,0.21397959115515164
translation,1.0,type_i_baseline-82750f50d4bc,type_i_baseline,observed_standardized,proteomics,standardized_feature,delta,100,100,0,0.2155988491743667,0.1843975453402042,0.1787870182123008
translation,1.0,power_primary-ebe229f72db1,power_primary,observed_standardized,proteomics,standardized_feature,path_length[A],100,100,0,48.21786077203609,1.7177827925677778,48.129437849112236
translation,1.0,type_i_baseline-82750f50d4bc,type_i_baseline,observed_standardized,proteomics,standardized_feature,path_length[A],100,100,0,48.01701481274895,1.444651456866945,48.08059887479615
translation,1.0,power_primary-ebe229f72db1,power_primary,observed_standardized,proteomics,standardized_feature,path_length[B],100,100,0,48.22838287764567,1.7234200235012613,48.189754244425835
translation,1.0,type_i_baseline-82750f50d4bc,type_i_baseline,observed_standardized,proteomics,standardized_feature,path_length[B],100,100,0,48.023150917576025,1.452857557647409,48.054159805468316
translation,1.0,power_primary-ebe229f72db1,power_primary,observed_standardized,proteomics,standardized_feature,shape,100,100,0,0.010797782306499153,0.0037711916479853777,0.010049361254596845
translation,1.0,type_i_baseline-82750f50d4bc,type_i_baseline,observed_standardized,proteomics,standardized_feature,shape,100,100,0,0.010875047955456447,0.0036116090509336718,0.010683277417784997
translation,1.0,power_primary-ebe229f72db1,power_primary,pls_latent,joint,pls_latent,angle,100,100,0,11.032772116792227,27.301092241272016,4.629518852463374
translation,1.0,type_i_baseline-82750f50d4bc,type_i_baseline,pls_latent,joint,pls_latent,angle,100,100,0,6.685432098323746,13.897413090954796,4.01583047036864
translation,1.0,power_primary-ebe229f72db1,power_primary,pls_latent,joint,pls_latent,delta,100,100,0,0.3766387658542618,0.28449055572441834,0.3112290921582641
translation,1.0,type_i_baseline-82750f50d4bc,type_i_baseline,pls_latent,joint,pls_latent,delta,100,100,0,0.3672961906023716,0.32729330582451277,0.2652675699654381
translation,1.0,power_primary-ebe229f72db1,power_primary,pls_latent,joint,pls_latent,path_length[A],100,100,0,81.69770122672362,6.536404224962817,83.83072367118315
translation,1.0,type_i_baseline-82750f50d4bc,type_i_baseline,pls_latent,joint,pls_latent,path_length[A],100,100,0,80.37372351464653,7.314370536636895,83.14162091227263
translation,1.0,power_primary-ebe229f72db1,power_primary,pls_latent,joint,pls_latent,path_length[B],100,100,0,81.7554224527902,6.538503002634886,83.88610821244691
translation,1.0,type_i_baseline-82750f50d4bc,type_i_baseline,pls_latent,joint,pls_latent,path_length[B],100,100,0,80.35794174112448,7.3713889502691,83.15420905204233
translation,1.0,power_primary-ebe229f72db1,power_primary,pls_latent,joint,pls_latent,shape,100,100,0,0.009913169103602942,0.004551618974683962,0.009260871654927047
translation,1.0,type_i_baseline-82750f50d4bc,type_i_baseline,pls_latent,joint,pls_latent,shape,100,100,0,0.010391823021503634,0.004449974360982897,0.01026249388686012
