trajectory_mode,effect_size,cell_id,phase,checkpoint,scope,measurement_space,statistic,n_replicates,n_available,n_unavailable,mean,sd,median
magnitude,0.25,power_primary-cfb3246b2bad,power_primary,population_native,expression,native_omic_units,angle,500,500,0,6.91382398500305e-07,8.547272356597721e-07,0.0
magnitude,0.25,power_primary-cfb3246b2bad,power_primary,population_native,expression,native_omic_units,delta,500,500,0,0.0,0.0,0.0
magnitude,0.25,power_primary-cfb3246b2bad,power_primary,population_native,expression,native_omic_units,path_length[A],500,500,0,38.094006672512265,1.6683249866275307,38.094869042197594
magnitude,0.25,power_primary-cfb3246b2bad,power_primary,population_native,expression,native_omic_units,path_length[B],500,500,0,38.094006672512265,1.6683249866275307,38.094869042197594
magnitude,0.25,power_primary-cfb3246b2bad,power_primary,population_native,expression,native_omic_units,shape,500,500,0,1.1864204483876969e-15,4.203787309957405e-16,1.0868219388937115e-15
magnitude,0.25,power_primary-cfb3246b2bad,power_primary,population_native,methylation,native_omic_units,angle,500,500,0,5.852003268377238e-07,7.61621640615984e-07,0.0
magnitude,0.25,power_primary-cfb3246b2bad,power_primary,population_native,methylation,native_omic_units,delta,500,500,0,12.147099106532421,0.4854225878111974,12.153048940009413
magnitude,0.25,power_primary-cfb3246b2bad,power_primary,population_native,methylation,native_omic_units,path_length[A],500,500,0,48.58839642612972,1.9416903512447894,48.61219576003766
magnitude,0.25,power_primary-cfb3246b2bad,power_primary,population_native,methylation,native_omic_units,path_length[B],500,500,0,60.73549553266212,2.4271129390559865,60.76524470004707
magnitude,0.25,power_primary-cfb3246b2bad,power_primary,population_native,methylation,native_omic_units,shape,500,500,0,1.5468584698163961e-15,3.8252528275245377e-16,1.4924681504100045e-15
magnitude,0.25,power_primary-cfb3246b2bad,power_primary,population_native,proteomics,native_omic_units,angle,500,500,0,7.638420692322208e-07,9.155196299886515e-07,0.0
magnitude,0.25,power_primary-cfb3246b2bad,power_primary,population_native,proteomics,native_omic_units,delta,500,500,0,0.0,0.0,0.0
magnitude,0.25,power_primary-cfb3246b2bad,power_primary,population_native,proteomics,native_omic_units,path_length[A],500,500,0,42.224188356396326,2.045071257278377,42.27713074439798
magnitude,0.25,power_primary-cfb3246b2bad,power_primary,population_native,proteomics,native_omic_units,path_length[B],500,500,0,42.224188356396326,2.045071257278377,42.27713074439798
magnitude,0.25,power_primary-cfb3246b2bad,power_primary,population_native,proteomics,native_omic_units,shape,500,500,0,1.2996762056958934e-15,4.715509191645523e-16,1.1639599168717225e-15
magnitude,0.25,power_primary-cfb3246b2bad,power_primary,population_standardized,expression,standardized_feature,angle,500,500,0,6.914161055856496e-07,8.40046829886472e-07,0.0
magnitude,0.25,power_primary-cfb3246b2bad,power_primary,population_standardized,expression,standardized_feature,delta,500,500,0,0.0,0.0,0.0
magnitude,0.25,power_primary-cfb3246b2bad,power_primary,population_standardized,expression,standardized_feature,path_length[A],500,500,0,32.96644730373285,1.4835658358060004,33.0446741742487
magnitude,0.25,power_primary-cfb3246b2bad,power_primary,population_standardized,expression,standardized_feature,path_length[B],500,500,0,32.96644730373285,1.4835658358060004,33.0446741742487
magnitude,0.25,power_primary-cfb3246b2bad,power_primary,population_standardized,expression,standardized_feature,shape,500,500,0,9.290377451780473e-16,3.7052867181940263e-16,8.590642358442212e-16
magnitude,0.25,power_primary-cfb3246b2bad,power_primary,population_standardized,joint,standardized_feature,angle,500,500,0,11.555373564967192,25.39434012940872,6.697795851647357
magnitude,0.25,power_primary-cfb3246b2bad,power_primary,population_standardized,joint,standardized_feature,delta,500,500,0,6.393299898324654,0.33052756390525906,6.3788128263671595
magnitude,0.25,power_primary-cfb3246b2bad,power_primary,population_standardized,joint,standardized_feature,path_length[A],500,500,0,66.13200855253882,2.6560225745398687,66.2818316736903
magnitude,0.25,power_primary-cfb3246b2bad,power_primary,population_standardized,joint,standardized_feature,path_length[B],500,500,0,72.52530845086349,2.837753986102806,72.68188596936179
magnitude,0.25,power_primary-cfb3246b2bad,power_primary,population_standardized,joint,standardized_feature,shape,500,500,0,0.007679311946253425,0.0024935793581442613,0.007643620829657234
magnitude,0.25,power_primary-cfb3246b2bad,power_primary,population_standardized,methylation,standardized_feature,angle,500,500,0,5.798392234339721e-07,7.522466428216631e-07,0.0
magnitude,0.25,power_primary-cfb3246b2bad,power_primary,population_standardized,methylation,standardized_feature,delta,500,500,0,9.918701489241785,0.40008925278171475,9.914793446423445
magnitude,0.25,power_primary-cfb3246b2bad,power_primary,population_standardized,methylation,standardized_feature,path_length[A],500,500,0,39.674805956967134,1.6003570111268592,39.65917378569378
magnitude,0.25,power_primary-cfb3246b2bad,power_primary,population_standardized,methylation,standardized_feature,path_length[B],500,500,0,49.59350744620893,2.0004462639085743,49.573967232117226
magnitude,0.25,power_primary-cfb3246b2bad,power_primary,population_standardized,methylation,standardized_feature,shape,500,500,0,1.021953558658715e-15,3.9876386360294158e-16,9.510154780307328e-16
magnitude,0.25,power_primary-cfb3246b2bad,power_primary,population_standardized,proteomics,standardized_feature,angle,500,500,0,7.135005170358304e-07,8.518902846898741e-07,0.0
magnitude,0.25,power_primary-cfb3246b2bad,power_primary,population_standardized,proteomics,standardized_feature,delta,500,500,0,0.0,0.0,0.0
magnitude,0.25,power_primary-cfb3246b2bad,power_primary,population_standardized,proteomics,standardized_feature,path_length[A],500,500,0,41.33123336317876,2.025639839517208,41.36247438979745
magnitude,0.25,power_primary-cfb3246b2bad,power_primary,population_standardized,proteomics,standardized_feature,path_length[B],500,500,0,41.33123336317876,2.025639839517208,41.36247438979745
magnitude,0.25,power_primary-cfb3246b2bad,power_primary,population_standardized,proteomics,standardized_feature,shape,500,500,0,9.837524539452468e-16,3.628182725909274e-16,9.106675738034813e-16
magnitude,0.25,power_primary-cfb3246b2bad,power_primary,observed_standardized,expression,standardized_feature,angle,500,500,0,13.228874724647632,25.721041957504934,7.906912773358627
magnitude,0.25,power_primary-cfb3246b2bad,power_primary,observed_standardized,expression,standardized_feature,delta,500,500,0,0.15256746372147362,0.11570534025610138,0.13271284764242353
magnitude,0.25,power_primary-cfb3246b2bad,power_primary,observed_standardized,expression,standardized_feature,path_length[A],500,500,0,33.122093779779796,1.4708445661474971,33.20498475791092
magnitude,0.25,power_primary-cfb3246b2bad,power_primary,observed_standardized,expression,standardized_feature,path_length[B],500,500,0,33.10480200644324,1.4754267130234822,33.18718971055168
magnitude,0.25,power_primary-cfb3246b2bad,power_primary,observed_standardized,expression,standardized_feature,shape,500,500,0,0.010910285875605056,0.003720239459514949,0.010699122227227357
magnitude,0.25,power_primary-cfb3246b2bad,power_primary,observed_standardized,joint,standardized_feature,angle,500,500,0,15.546472834497127,24.70483049683889,10.69599277189277
magnitude,0.25,power_primary-cfb3246b2bad,power_primary,observed_standardized,joint,standardized_feature,delta,500,500,0,6.361404658903104,0.3926495531964786,6.365588980420483
magnitude,0.25,power_primary-cfb3246b2bad,power_primary,observed_standardized,joint,standardized_feature,path_length[A],500,500,0,66.51584677074545,2.627741167888059,66.64935824821006
magnitude,0.25,power_primary-cfb3246b2bad,power_primary,observed_standardized,joint,standardized_feature,path_length[B],500,500,0,72.8772514296485,2.8191074890784806,72.98559165405425
magnitude,0.25,power_primary-cfb3246b2bad,power_primary,observed_standardized,joint,standardized_feature,shape,500,500,0,0.009510960559012856,0.003320249622921354,0.009052206454454727
magnitude,0.25,power_primary-cfb3246b2bad,power_primary,observed_standardized,methylation,standardized_feature,angle,500,500,0,18.62293205933892,28.58714835671656,11.18670789802848
magnitude,0.25,power_primary-cfb3246b2bad,power_primary,observed_standardized,methylation,standardized_feature,delta,500,500,0,9.846056314334188,0.49661478354018324,9.850906560120428
magnitude,0.25,power_primary-cfb3246b2bad,power_primary,observed_standardized,methylation,standardized_feature,path_length[A],500,500,0,40.06982568624249,1.5869024696871903,40.05066427670046
magnitude,0.25,power_primary-cfb3246b2bad,power_primary,observed_standardized,methylation,standardized_feature,path_length[B],500,500,0,49.91588200057665,1.9940336173824929,49.886715310611336
magnitude,0.25,power_primary-cfb3246b2bad,power_primary,observed_standardized,methylation,standardized_feature,shape,500,500,0,0.011461030669318403,0.005489470956790826,0.010266294230348721
magnitude,0.25,power_primary-cfb3246b2bad,power_primary,observed_standardized,proteomics,standardized_feature,angle,500,500,0,8.74427702033995,18.640124171975977,6.240787271987031
magnitude,0.25,power_primary-cfb3246b2bad,power_primary,observed_standardized,proteomics,standardized_feature,delta,500,500,0,0.12068259472195529,0.09069701477612614,0.1031264780432366
magnitude,0.25,power_primary-cfb3246b2bad,power_primary,observed_standardized,proteomics,standardized_feature,path_length[A],500,500,0,41.44074354138149,2.0132981330937825,41.51251442025993
magnitude,0.25,power_primary-cfb3246b2bad,power_primary,observed_standardized,proteomics,standardized_feature,path_length[B],500,500,0,41.451142181358115,2.0144344339990727,41.49046983258094
magnitude,0.25,power_primary-cfb3246b2bad,power_primary,observed_standardized,proteomics,standardized_feature,shape,500,500,0,0.006657437128326099,0.0022383537982437283,0.006397389984171983
magnitude,0.25,power_primary-cfb3246b2bad,power_primary,pls_latent,joint,pls_latent,angle,500,500,0,8.936855909424994,27.078235512362443,3.303052860732833
magnitude,0.25,power_primary-cfb3246b2bad,power_primary,pls_latent,joint,pls_latent,delta,500,500,0,6.275643946709862,0.5518770170651675,6.35467458076576
magnitude,0.25,power_primary-cfb3246b2bad,power_primary,pls_latent,joint,pls_latent,path_length[A],500,500,0,65.16529793632931,4.320044831225745,65.90413890494546
magnitude,0.25,power_primary-cfb3246b2bad,power_primary,pls_latent,joint,pls_latent,path_length[B],500,500,0,71.44094188303917,4.745197727125303,72.29999615298188
magnitude,0.25,power_primary-cfb3246b2bad,power_primary,pls_latent,joint,pls_latent,shape,500,500,0,0.009504606964685183,0.003374927538920164,0.009099746167912526
magnitude,0.5,power_primary-a232c2e1578d,power_primary,population_native,expression,native_omic_units,angle,500,500,0,6.766558713735963e-07,8.407865725346697e-07,0.0
magnitude,0.5,power_primary-a232c2e1578d,power_primary,population_native,expression,native_omic_units,delta,500,500,0,0.0,0.0,0.0
magnitude,0.5,power_primary-a232c2e1578d,power_primary,population_native,expression,native_omic_units,path_length[A],500,500,0,38.094006672512265,1.6683249866275307,38.094869042197594
magnitude,0.5,power_primary-a232c2e1578d,power_primary,population_native,expression,native_omic_units,path_length[B],500,500,0,38.094006672512265,1.6683249866275307,38.094869042197594
magnitude,0.5,power_primary-a232c2e1578d,power_primary,population_native,expression,native_omic_units,shape,500,500,0,1.1685644878618724e-15,4.129192428835666e-16,1.0715771035747028e-15
magnitude,0.5,power_primary-a232c2e1578d,power_primary,population_native,methylation,native_omic_units,angle,500,500,0,0.7200005930349039,11.372786766415658,0.0
magnitude,0.5,power_primary-a232c2e1578d,power_primary,population_native,methylation,native_omic_units,delta,500,500,0,24.29419821306485,0.9708451756223938,24.306097880018825
magnitude,0.5,power_primary-a232c2e1578d,power_primary,population_native,methylation,native_omic_units,path_length[A],500,500,0,48.58839642612972,1.9416903512447894,48.61219576003766
magnitude,0.5,power_primary-a232c2e1578d,power_primary,population_native,methylation,native_omic_units,path_length[B],500,500,0,72.88259463919456,2.912535526867183,72.91829364005648
magnitude,0.5,power_primary-a232c2e1578d,power_primary,population_native,methylation,native_omic_units,shape,500,500,0,1.5529664473339735e-15,4.1745071864587034e-16,1.4834633062168693e-15
magnitude,0.5,power_primary-a232c2e1578d,power_primary,population_native,proteomics,native_omic_units,angle,500,500,0,7.185190219170285e-07,8.913341914960176e-07,0.0
magnitude,0.5,power_primary-a232c2e1578d,power_primary,population_native,proteomics,native_omic_units,delta,500,500,0,0.0,0.0,0.0
magnitude,0.5,power_primary-a232c2e1578d,power_primary,population_native,proteomics,native_omic_units,path_length[A],500,500,0,42.224188356396326,2.045071257278377,42.27713074439798
magnitude,0.5,power_primary-a232c2e1578d,power_primary,population_native,proteomics,native_omic_units,path_length[B],500,500,0,42.224188356396326,2.045071257278377,42.27713074439798
magnitude,0.5,power_primary-a232c2e1578d,power_primary,population_native,proteomics,native_omic_units,shape,500,500,0,1.2667037260012575e-15,4.615301046132077e-16,1.139582044468693e-15
magnitude,0.5,power_primary-a232c2e1578d,power_primary,population_standardized,expression,standardized_feature,angle,500,500,0,6.649943507046935e-07,8.309403870102457e-07,0.0
magnitude,0.5,power_primary-a232c2e1578d,power_primary,population_standardized,expression,standardized_feature,delta,500,500,0,0.0,0.0,0.0
magnitude,0.5,power_primary-a232c2e1578d,power_primary,population_standardized,expression,standardized_feature,path_length[A],500,500,0,32.96644730373285,1.4835658358060004,33.0446741742487
magnitude,0.5,power_primary-a232c2e1578d,power_primary,population_standardized,expression,standardized_feature,path_length[B],500,500,0,32.96644730373285,1.4835658358060004,33.0446741742487
magnitude,0.5,power_primary-a232c2e1578d,power_primary,population_standardized,expression,standardized_feature,shape,500,500,0,9.220699889100627e-16,3.6456315682082835e-16,8.561506549267125e-16
magnitude,0.5,power_primary-a232c2e1578d,power_primary,population_standardized,joint,standardized_feature,angle,500,500,0,19.87107691137385,30.354032736561276,12.119946848250226
magnitude,0.5,power_primary-a232c2e1578d,power_primary,population_standardized,joint,standardized_feature,delta,500,500,0,11.748673918978824,0.600364563803679,11.721122082880612
magnitude,0.5,power_primary-a232c2e1578d,power_primary,population_standardized,joint,standardized_feature,path_length[A],500,500,0,64.13647891667715,2.603985118349125,64.24850226854213
magnitude,0.5,power_primary-a232c2e1578d,power_primary,population_standardized,joint,standardized_feature,path_length[B],500,500,0,75.88515283565602,2.937689156041575,75.95984394851683
magnitude,0.5,power_primary-a232c2e1578d,power_primary,population_standardized,joint,standardized_feature,shape,500,500,0,0.01382747055318677,0.004482374453640825,0.01378869916868184
magnitude,0.5,power_primary-a232c2e1578d,power_primary,population_standardized,methylation,standardized_feature,angle,500,500,0,5.922646129444427e-07,7.265738034322863e-07,0.0
magnitude,0.5,power_primary-a232c2e1578d,power_primary,population_standardized,methylation,standardized_feature,delta,500,500,0,18.128326554213583,0.7267976878947224,18.13648696284896
magnitude,0.5,power_primary-a232c2e1578d,power_primary,population_standardized,methylation,standardized_feature,path_length[A],500,500,0,36.256653108427166,1.4535953757894458,36.27297392569794
magnitude,0.5,power_primary-a232c2e1578d,power_primary,population_standardized,methylation,standardized_feature,path_length[B],500,500,0,54.38497966264077,2.1803930636841686,54.409460888546896
magnitude,0.5,power_primary-a232c2e1578d,power_primary,population_standardized,methylation,standardized_feature,shape,500,500,0,1.0083544071175968e-15,3.669253811767234e-16,9.537730845413755e-16
magnitude,0.5,power_primary-a232c2e1578d,power_primary,population_standardized,proteomics,standardized_feature,angle,500,500,0,7.110199511861351e-07,8.358118006783851e-07,0.0
magnitude,0.5,power_primary-a232c2e1578d,power_primary,population_standardized,proteomics,standardized_feature,delta,500,500,0,0.0,0.0,0.0
magnitude,0.5,power_primary-a232c2e1578d,power_primary,population_standardized,proteomics,standardized_feature,path_length[A],500,500,0,41.33123336317876,2.0256398395172086,41.362474389797455
magnitude,0.5,power_primary-a232c2e1578d,power_primary,population_standardized,proteomics,standardized_feature,path_length[B],500,500,0,41.33123336317876,2.0256398395172086,41.362474389797455
magnitude,0.5,power_primary-a232c2e1578d,power_primary,population_standardized,proteomics,standardized_feature,shape,500,500,0,9.782936326277394e-16,3.6254679141800167e-16,9.07655959779128e-16
magnitude,0.5,power_primary-a232c2e1578d,power_primary,observed_standardized,expression,standardized_feature,angle,500,500,0,13.228874724647621,25.72104195750493,7.906912773358696
magnitude,0.5,power_primary-a232c2e1578d,power_primary,observed_standardized,expression,standardized_feature,delta,500,500,0,0.15256746372147373,0.11570534025610141,0.13271284764242353
magnitude,0.5,power_primary-a232c2e1578d,power_primary,observed_standardized,expression,standardized_feature,path_length[A],500,500,0,33.122093779779796,1.4708445661474974,33.20498475791092
magnitude,0.5,power_primary-a232c2e1578d,power_primary,observed_standardized,expression,standardized_feature,path_length[B],500,500,0,33.10480200644324,1.475426713023482,33.18718971055168
magnitude,0.5,power_primary-a232c2e1578d,power_primary,observed_standardized,expression,standardized_feature,shape,500,500,0,0.010910285875605058,0.003720239459514946,0.01069912222722746
magnitude,0.5,power_primary-a232c2e1578d,power_primary,observed_standardized,joint,standardized_feature,angle,500,500,0,21.324941669113397,27.2309162083814,14.78393206171846
magnitude,0.5,power_primary-a232c2e1578d,power_primary,observed_standardized,joint,standardized_feature,delta,500,500,0,11.686039296360953,0.6333710621631169,11.67874556534214
magnitude,0.5,power_primary-a232c2e1578d,power_primary,observed_standardized,joint,standardized_feature,path_length[A],500,500,0,64.53041938609749,2.5750439274686414,64.68894207950939
magnitude,0.5,power_primary-a232c2e1578d,power_primary,observed_standardized,joint,standardized_feature,path_length[B],500,500,0,76.21645868245848,2.919236486483994,76.25164886268692
magnitude,0.5,power_primary-a232c2e1578d,power_primary,observed_standardized,joint,standardized_feature,shape,500,500,0,0.014632582943097631,0.004944965437908899,0.014297225546662292
magnitude,0.5,power_primary-a232c2e1578d,power_primary,observed_standardized,methylation,standardized_feature,angle,500,500,0,20.70880065713983,32.77838140330585,11.408564256702434
magnitude,0.5,power_primary-a232c2e1578d,power_primary,observed_standardized,methylation,standardized_feature,delta,500,500,0,17.98687364595797,0.789105403099052,17.99501857654202
magnitude,0.5,power_primary-a232c2e1578d,power_primary,observed_standardized,methylation,standardized_feature,path_length[A],500,500,0,36.685235832953076,1.439982592705543,36.705914341829114
magnitude,0.5,power_primary-a232c2e1578d,power_primary,observed_standardized,methylation,standardized_feature,path_length[B],500,500,0,54.672109478911054,2.172617453327451,54.64038270821656
magnitude,0.5,power_primary-a232c2e1578d,power_primary,observed_standardized,methylation,standardized_feature,shape,500,500,0,0.011718789136493164,0.0060550622995112005,0.010150173410784086
magnitude,0.5,power_primary-a232c2e1578d,power_primary,observed_standardized,proteomics,standardized_feature,angle,500,500,0,8.744277020339958,18.64012417197597,6.240787271987003
magnitude,0.5,power_primary-a232c2e1578d,power_primary,observed_standardized,proteomics,standardized_feature,delta,500,500,0,0.12068259472195553,0.09069701477612592,0.10312647804323305
magnitude,0.5,power_primary-a232c2e1578d,power_primary,observed_standardized,proteomics,standardized_feature,path_length[A],500,500,0,41.44074354138149,2.0132981330937825,41.51251442025993
magnitude,0.5,power_primary-a232c2e1578d,power_primary,observed_standardized,proteomics,standardized_feature,path_length[B],500,500,0,41.451142181358115,2.0144344339990727,41.49046983258094
magnitude,0.5,power_primary-a232c2e1578d,power_primary,observed_standardized,proteomics,standardized_feature,shape,500,500,0,0.006657437128326099,0.0022383537982437252,0.006397389984171864
magnitude,0.5,power_primary-a232c2e1578d,power_primary,pls_latent,joint,pls_latent,angle,500,500,0,11.678544088302077,28.45201782353903,4.739598417906739
magnitude,0.5,power_primary-a232c2e1578d,power_primary,pls_latent,joint,pls_latent,delta,500,500,0,11.578750903952665,0.9225645529903418,11.712337162769565
magnitude,0.5,power_primary-a232c2e1578d,power_primary,pls_latent,joint,pls_latent,path_length[A],500,500,0,63.02246653679413,4.11172899991857,63.624853385654454
magnitude,0.5,power_primary-a232c2e1578d,power_primary,pls_latent,joint,pls_latent,path_length[B],500,500,0,74.60121744074674,4.8525310710393255,75.52359570210493
magnitude,0.5,power_primary-a232c2e1578d,power_primary,pls_latent,joint,pls_latent,shape,500,500,0,0.01468212767678563,0.005052821765114766,0.014436504473525642
magnitude,0.75,power_primary-3b941f099b80,power_primary,population_native,expression,native_omic_units,angle,500,500,0,7.144820547860413e-07,8.697412253938455e-07,0.0
magnitude,0.75,power_primary-3b941f099b80,power_primary,population_native,expression,native_omic_units,delta,500,500,0,0.0,0.0,0.0
magnitude,0.75,power_primary-3b941f099b80,power_primary,population_native,expression,native_omic_units,path_length[A],500,500,0,38.094006672512265,1.6683249866275307,38.094869042197594
magnitude,0.75,power_primary-3b941f099b80,power_primary,population_native,expression,native_omic_units,path_length[B],500,500,0,38.094006672512265,1.6683249866275307,38.094869042197594
magnitude,0.75,power_primary-3b941f099b80,power_primary,population_native,expression,native_omic_units,shape,500,500,0,1.1773178509387237e-15,3.9712727691806925e-16,1.076473500356041e-15
magnitude,0.75,power_primary-3b941f099b80,power_primary,population_native,methylation,native_omic_units,angle,500,500,0,6.054953458745827e-07,7.543215022940319e-07,0.0
magnitude,0.75,power_primary-3b941f099b80,power_primary,population_native,methylation,native_omic_units,delta,500,500,0,36.44129731959728,1.456267763433592,36.459146820028245
magnitude,0.75,power_primary-3b941f099b80,power_primary,population_native,methylation,native_omic_units,path_length[A],500,500,0,48.58839642612972,1.9416903512447894,48.61219576003766
magnitude,0.75,power_primary-3b941f099b80,power_primary,population_native,methylation,native_omic_units,path_length[B],500,500,0,85.02969374572706,3.397958114678382,85.0713425800659
magnitude,0.75,power_primary-3b941f099b80,power_primary,population_native,methylation,native_omic_units,shape,500,500,0,1.5458133774711127e-15,3.9271020829869365e-16,1.482129201456825e-15
magnitude,0.75,power_primary-3b941f099b80,power_primary,population_native,proteomics,native_omic_units,angle,500,500,0,7.512238680503533e-07,9.124136362798304e-07,0.0
magnitude,0.75,power_primary-3b941f099b80,power_primary,population_native,proteomics,native_omic_units,delta,500,500,0,0.0,0.0,0.0
magnitude,0.75,power_primary-3b941f099b80,power_primary,population_native,proteomics,native_omic_units,path_length[A],500,500,0,42.224188356396326,2.045071257278377,42.27713074439798
magnitude,0.75,power_primary-3b941f099b80,power_primary,population_native,proteomics,native_omic_units,path_length[B],500,500,0,42.224188356396326,2.045071257278377,42.27713074439798
magnitude,0.75,power_primary-3b941f099b80,power_primary,population_native,proteomics,native_omic_units,shape,500,500,0,1.2853228653578812e-15,4.600782958502829e-16,1.1626884200918298e-15
magnitude,0.75,power_primary-3b941f099b80,power_primary,population_standardized,expression,standardized_feature,angle,500,500,0,6.54822837232629e-07,8.337557707873544e-07,0.0
magnitude,0.75,power_primary-3b941f099b80,power_primary,population_standardized,expression,standardized_feature,delta,500,500,0,0.0,0.0,0.0
magnitude,0.75,power_primary-3b941f099b80,power_primary,population_standardized,expression,standardized_feature,path_length[A],500,500,0,32.96644730373285,1.4835658358060002,33.0446741742487
magnitude,0.75,power_primary-3b941f099b80,power_primary,population_standardized,expression,standardized_feature,path_length[B],500,500,0,32.96644730373285,1.4835658358060002,33.0446741742487
magnitude,0.75,power_primary-3b941f099b80,power_primary,population_standardized,expression,standardized_feature,shape,500,500,0,9.333284377736906e-16,3.851950442052867e-16,8.590892107393029e-16
magnitude,0.75,power_primary-3b941f099b80,power_primary,population_standardized,joint,standardized_feature,angle,500,500,0,26.716864948165725,33.38062906752904,16.589013507810918
magnitude,0.75,power_primary-3b941f099b80,power_primary,population_standardized,joint,standardized_feature,delta,500,500,0,16.080307640575093,0.8157466521251893,16.048464391387455
magnitude,0.75,power_primary-3b941f099b80,power_primary,population_standardized,joint,standardized_feature,path_length[A],500,500,0,62.417765924980415,2.5642886469386243,62.589283874149
magnitude,0.75,power_primary-3b941f099b80,power_primary,population_standardized,joint,standardized_feature,path_length[B],500,500,0,78.49807356555549,3.0180188626665214,78.60289352694713
magnitude,0.75,power_primary-3b941f099b80,power_primary,population_standardized,joint,standardized_feature,shape,500,500,0,0.018791448428150965,0.00608580033681721,0.018689791439162287
magnitude,0.75,power_primary-3b941f099b80,power_primary,population_standardized,methylation,standardized_feature,angle,500,500,0,5.718542216207467e-07,7.437593755420055e-07,0.0
magnitude,0.75,power_primary-3b941f099b80,power_primary,population_standardized,methylation,standardized_feature,delta,500,500,0,24.845396888679254,0.9915589163844201,24.847266601654095
magnitude,0.75,power_primary-3b941f099b80,power_primary,population_standardized,methylation,standardized_feature,path_length[A],500,500,0,33.127195851572374,1.3220785551792267,33.12968880220545
magnitude,0.75,power_primary-3b941f099b80,power_primary,population_standardized,methylation,standardized_feature,path_length[B],500,500,0,57.97259274025157,2.3136374715636454,57.97695540385955
magnitude,0.75,power_primary-3b941f099b80,power_primary,population_standardized,methylation,standardized_feature,shape,500,500,0,1.004538772488544e-15,3.2726589364373283e-16,9.431503457474835e-16
magnitude,0.75,power_primary-3b941f099b80,power_primary,population_standardized,proteomics,standardized_feature,angle,500,500,0,7.119609795583421e-07,8.332574970251164e-07,0.0
magnitude,0.75,power_primary-3b941f099b80,power_primary,population_standardized,proteomics,standardized_feature,delta,500,500,0,0.0,0.0,0.0
magnitude,0.75,power_primary-3b941f099b80,power_primary,population_standardized,proteomics,standardized_feature,path_length[A],500,500,0,41.33123336317876,2.0256398395172086,41.362474389797455
magnitude,0.75,power_primary-3b941f099b80,power_primary,population_standardized,proteomics,standardized_feature,path_length[B],500,500,0,41.33123336317876,2.0256398395172086,41.362474389797455
magnitude,0.75,power_primary-3b941f099b80,power_primary,population_standardized,proteomics,standardized_feature,shape,500,500,0,9.820084605328442e-16,3.636265561543091e-16,9.068269371421127e-16
magnitude,0.75,power_primary-3b941f099b80,power_primary,observed_standardized,expression,standardized_feature,angle,500,500,0,13.22887472464763,25.721041957504934,7.906912773358696
magnitude,0.75,power_primary-3b941f099b80,power_primary,observed_standardized,expression,standardized_feature,delta,500,500,0,0.15256746372147356,0.11570534025610141,0.13271284764242353
magnitude,0.75,power_primary-3b941f099b80,power_primary,observed_standardized,expression,standardized_feature,path_length[A],500,500,0,33.122093779779796,1.4708445661474974,33.20498475791092
magnitude,0.75,power_primary-3b941f099b80,power_primary,observed_standardized,expression,standardized_feature,path_length[B],500,500,0,33.10480200644324,1.4754267130234826,33.18718971055168
magnitude,0.75,power_primary-3b941f099b80,power_primary,observed_standardized,expression,standardized_feature,shape,500,500,0,0.010910285875605056,0.003720239459514951,0.010699122227227242
magnitude,0.75,power_primary-3b941f099b80,power_primary,observed_standardized,joint,standardized_feature,angle,500,500,0,27.42358327512149,30.58710773097341,18.614090074756167
magnitude,0.75,power_primary-3b941f099b80,power_primary,observed_standardized,joint,standardized_feature,delta,500,500,0,15.994511817639014,0.8383827693182613,15.994471180397646
magnitude,0.75,power_primary-3b941f099b80,power_primary,observed_standardized,joint,standardized_feature,path_length[A],500,500,0,62.820368404207734,2.5347310776610046,62.97104441186328
magnitude,0.75,power_primary-3b941f099b80,power_primary,observed_standardized,joint,standardized_feature,path_length[B],500,500,0,78.81488022184679,2.9996183911981604,78.88889163496674
magnitude,0.75,power_primary-3b941f099b80,power_primary,observed_standardized,joint,standardized_feature,shape,500,500,0,0.019160704138031632,0.006425051148323139,0.0186653339949136
magnitude,0.75,power_primary-3b941f099b80,power_primary,observed_standardized,methylation,standardized_feature,angle,500,500,0,21.533090108823203,32.90955922389332,11.943525943150306
magnitude,0.75,power_primary-3b941f099b80,power_primary,observed_standardized,methylation,standardized_feature,delta,500,500,0,24.64577671774631,1.044248023258731,24.63058580372769
magnitude,0.75,power_primary-3b941f099b80,power_primary,observed_standardized,methylation,standardized_feature,path_length[A],500,500,0,33.59157854841557,1.3086891095451514,33.62345028215857
magnitude,0.75,power_primary-3b941f099b80,power_primary,observed_standardized,methylation,standardized_feature,path_length[B],500,500,0,58.23735526616187,2.3050835534007907,58.24003753796511
magnitude,0.75,power_primary-3b941f099b80,power_primary,observed_standardized,methylation,standardized_feature,shape,500,500,0,0.012513656404468842,0.006944920765454847,0.010503518664071562
magnitude,0.75,power_primary-3b941f099b80,power_primary,observed_standardized,proteomics,standardized_feature,angle,500,500,0,8.744277020339943,18.640124171975938,6.240787271987003
magnitude,0.75,power_primary-3b941f099b80,power_primary,observed_standardized,proteomics,standardized_feature,delta,500,500,0,0.1206825947219556,0.09069701477612599,0.1031264780432366
magnitude,0.75,power_primary-3b941f099b80,power_primary,observed_standardized,proteomics,standardized_feature,path_length[A],500,500,0,41.44074354138149,2.013298133093782,41.51251442025993
magnitude,0.75,power_primary-3b941f099b80,power_primary,observed_standardized,proteomics,standardized_feature,path_length[B],500,500,0,41.451142181358115,2.0144344339990723,41.49046983258094
magnitude,0.75,power_primary-3b941f099b80,power_primary,observed_standardized,proteomics,standardized_feature,shape,500,500,0,0.006657437128326097,0.00223835379824372,0.006397389984171862
magnitude,0.75,power_primary-3b941f099b80,power_primary,pls_latent,joint,pls_latent,angle,500,500,0,16.06276540998735,33.896716296562296,6.262524567912817
magnitude,0.75,power_primary-3b941f099b80,power_primary,pls_latent,joint,pls_latent,delta,500,500,0,15.912519642100838,1.2425277833160069,16.10592585043983
magnitude,0.75,power_primary-3b941f099b80,power_primary,pls_latent,joint,pls_latent,path_length[A],500,500,0,61.001664341240655,3.9927839776721656,61.60778489867168
magnitude,0.75,power_primary-3b941f099b80,power_primary,pls_latent,joint,pls_latent,path_length[B],500,500,0,76.91418398334156,4.999943177312833,77.83464849022084
magnitude,0.75,power_primary-3b941f099b80,power_primary,pls_latent,joint,pls_latent,shape,500,500,0,0.019402159914743262,0.006639613563477252,0.019198008935417128
magnitude,1.0,power_primary-6459c57fb4f3,power_primary,population_native,expression,native_omic_units,angle,500,500,0,6.875061965552533e-07,8.501571532403912e-07,0.0
magnitude,1.0,power_primary-6459c57fb4f3,power_primary,population_native,expression,native_omic_units,delta,500,500,0,0.0,0.0,0.0
magnitude,1.0,power_primary-6459c57fb4f3,power_primary,population_native,expression,native_omic_units,path_length[A],500,500,0,38.094006672512265,1.6683249866275307,38.094869042197594
magnitude,1.0,power_primary-6459c57fb4f3,power_primary,population_native,expression,native_omic_units,path_length[B],500,500,0,38.094006672512265,1.6683249866275307,38.094869042197594
magnitude,1.0,power_primary-6459c57fb4f3,power_primary,population_native,expression,native_omic_units,shape,500,500,0,1.1739144723073077e-15,4.520450115982601e-16,1.0676371855797085e-15
magnitude,1.0,power_primary-6459c57fb4f3,power_primary,population_native,methylation,native_omic_units,angle,500,500,0,0.36000064008608146,8.049844636210832,0.0
magnitude,1.0,power_primary-6459c57fb4f3,power_primary,population_native,methylation,native_omic_units,delta,500,500,0,48.58839642612972,1.9416903512447894,48.61219576003766
magnitude,1.0,power_primary-6459c57fb4f3,power_primary,population_native,methylation,native_omic_units,path_length[A],500,500,0,48.58839642612972,1.9416903512447894,48.61219576003766
magnitude,1.0,power_primary-6459c57fb4f3,power_primary,population_native,methylation,native_omic_units,path_length[B],500,500,0,97.17679285225944,3.883380702489579,97.22439152007532
magnitude,1.0,power_primary-6459c57fb4f3,power_primary,population_native,methylation,native_omic_units,shape,500,500,0,1.5342611864800656e-15,3.8521584259739014e-16,1.4713756847492427e-15
magnitude,1.0,power_primary-6459c57fb4f3,power_primary,population_native,proteomics,native_omic_units,angle,500,500,0,7.382726228929149e-07,9.149974494399917e-07,0.0
magnitude,1.0,power_primary-6459c57fb4f3,power_primary,population_native,proteomics,native_omic_units,delta,500,500,0,0.0,0.0,0.0
magnitude,1.0,power_primary-6459c57fb4f3,power_primary,population_native,proteomics,native_omic_units,path_length[A],500,500,0,42.224188356396326,2.045071257278377,42.27713074439798
magnitude,1.0,power_primary-6459c57fb4f3,power_primary,population_native,proteomics,native_omic_units,path_length[B],500,500,0,42.224188356396326,2.045071257278377,42.27713074439798
magnitude,1.0,power_primary-6459c57fb4f3,power_primary,population_native,proteomics,native_omic_units,shape,500,500,0,1.2806514168051983e-15,4.932571912610591e-16,1.1455985544114894e-15
magnitude,1.0,power_primary-6459c57fb4f3,power_primary,population_standardized,expression,standardized_feature,angle,500,500,0,7.150450008489493e-07,8.523073571336781e-07,0.0
magnitude,1.0,power_primary-6459c57fb4f3,power_primary,population_standardized,expression,standardized_feature,delta,500,500,0,0.0,0.0,0.0
magnitude,1.0,power_primary-6459c57fb4f3,power_primary,population_standardized,expression,standardized_feature,path_length[A],500,500,0,32.96644730373285,1.4835658358060004,33.0446741742487
magnitude,1.0,power_primary-6459c57fb4f3,power_primary,population_standardized,expression,standardized_feature,path_length[B],500,500,0,32.96644730373285,1.4835658358060004,33.0446741742487
magnitude,1.0,power_primary-6459c57fb4f3,power_primary,population_standardized,expression,standardized_feature,shape,500,500,0,9.225928437482929e-16,3.6936585417771775e-16,8.530172471565502e-16
magnitude,1.0,power_primary-6459c57fb4f3,power_primary,population_standardized,joint,standardized_feature,angle,500,500,0,31.616961165791825,34.04722392333798,20.329313411733686
magnitude,1.0,power_primary-6459c57fb4f3,power_primary,population_standardized,joint,standardized_feature,delta,500,500,0,19.533123250646163,0.9866664211297506,19.503802636410803
magnitude,1.0,power_primary-6459c57fb4f3,power_primary,population_standardized,joint,standardized_feature,path_length[A],500,500,0,60.97909654699504,2.534887067223949,61.142518127717636
magnitude,1.0,power_primary-6459c57fb4f3,power_primary,population_standardized,joint,standardized_feature,path_length[B],500,500,0,80.51221979764122,3.0811572526329205,80.60880627560095
magnitude,1.0,power_primary-6459c57fb4f3,power_primary,population_standardized,joint,standardized_feature,shape,500,500,0,0.02283591098842787,0.00739221918583289,0.022583188850766725
magnitude,1.0,power_primary-6459c57fb4f3,power_primary,population_standardized,methylation,standardized_feature,angle,500,500,0,6.284974164106976e-07,7.76771019410759e-07,0.0
magnitude,1.0,power_primary-6459c57fb4f3,power_primary,population_standardized,methylation,standardized_feature,delta,500,500,0,30.335125931158498,1.2066373811147653,30.32995266724869
magnitude,1.0,power_primary-6459c57fb4f3,power_primary,population_standardized,methylation,standardized_feature,path_length[A],500,500,0,30.335125931158498,1.2066373811147648,30.32995266724869
magnitude,1.0,power_primary-6459c57fb4f3,power_primary,population_standardized,methylation,standardized_feature,path_length[B],500,500,0,60.670251862316995,2.4132747622295296,60.65990533449738
magnitude,1.0,power_primary-6459c57fb4f3,power_primary,population_standardized,methylation,standardized_feature,shape,500,500,0,1.0145078266947923e-15,4.0051500273637607e-16,9.36778902629751e-16
magnitude,1.0,power_primary-6459c57fb4f3,power_primary,population_standardized,proteomics,standardized_feature,angle,500,500,0,6.805203587642258e-07,8.315294922320515e-07,0.0
magnitude,1.0,power_primary-6459c57fb4f3,power_primary,population_standardized,proteomics,standardized_feature,delta,500,500,0,0.0,0.0,0.0
magnitude,1.0,power_primary-6459c57fb4f3,power_primary,population_standardized,proteomics,standardized_feature,path_length[A],500,500,0,41.33123336317876,2.025639839517209,41.362474389797455
magnitude,1.0,power_primary-6459c57fb4f3,power_primary,population_standardized,proteomics,standardized_feature,path_length[B],500,500,0,41.33123336317876,2.025639839517209,41.362474389797455
magnitude,1.0,power_primary-6459c57fb4f3,power_primary,population_standardized,proteomics,standardized_feature,shape,500,500,0,9.786722909445262e-16,3.6341550175340495e-16,9.07254237773144e-16
magnitude,1.0,power_primary-6459c57fb4f3,power_primary,observed_standardized,expression,standardized_feature,angle,500,500,0,13.228874724647632,25.721041957504937,7.90691277335865
magnitude,1.0,power_primary-6459c57fb4f3,power_primary,observed_standardized,expression,standardized_feature,delta,500,500,0,0.15256746372147367,0.11570534025610144,0.13271284764242353
magnitude,1.0,power_primary-6459c57fb4f3,power_primary,observed_standardized,expression,standardized_feature,path_length[A],500,500,0,33.122093779779796,1.4708445661474971,33.20498475791092
magnitude,1.0,power_primary-6459c57fb4f3,power_primary,observed_standardized,expression,standardized_feature,path_length[B],500,500,0,33.10480200644324,1.475426713023482,33.18718971055168
magnitude,1.0,power_primary-6459c57fb4f3,power_primary,observed_standardized,expression,standardized_feature,shape,500,500,0,0.010910285875605047,0.00372023945951495,0.010699122227227242
magnitude,1.0,power_primary-6459c57fb4f3,power_primary,observed_standardized,joint,standardized_feature,angle,500,500,0,32.50634599201588,32.46940307704059,21.96023135774786
magnitude,1.0,power_primary-6459c57fb4f3,power_primary,observed_standardized,joint,standardized_feature,delta,500,500,0,19.429802219294146,1.0042602233347995,19.42624540531976
magnitude,1.0,power_primary-6459c57fb4f3,power_primary,observed_standardized,joint,standardized_feature,path_length[A],500,500,0,61.38893531489086,2.504778642479789,61.478621685941675
magnitude,1.0,power_primary-6459c57fb4f3,power_primary,observed_standardized,joint,standardized_feature,path_length[B],500,500,0,80.81873753418498,3.0627468966085787,80.82694170535969
magnitude,1.0,power_primary-6459c57fb4f3,power_primary,observed_standardized,joint,standardized_feature,shape,500,500,0,0.02296300530836643,0.007654871122286903,0.022568612470697996
magnitude,1.0,power_primary-6459c57fb4f3,power_primary,observed_standardized,methylation,standardized_feature,angle,500,500,0,22.228793508946517,32.30526438454012,12.667783462834034
magnitude,1.0,power_primary-6459c57fb4f3,power_primary,observed_standardized,methylation,standardized_feature,delta,500,500,0,30.083192984655643,1.2568055021422688,30.06706240106051
magnitude,1.0,power_primary-6459c57fb4f3,power_primary,observed_standardized,methylation,standardized_feature,path_length[A],500,500,0,30.836966640244437,1.1940132803610652,30.859333738336062
magnitude,1.0,power_primary-6459c57fb4f3,power_primary,observed_standardized,methylation,standardized_feature,path_length[B],500,500,0,60.920159624900066,2.4042242027403815,60.950014667680904
magnitude,1.0,power_primary-6459c57fb4f3,power_primary,observed_standardized,methylation,standardized_feature,shape,500,500,0,0.013701359114031616,0.008036511409783386,0.011393883220436385
magnitude,1.0,power_primary-6459c57fb4f3,power_primary,observed_standardized,proteomics,standardized_feature,angle,500,500,0,8.744277020339949,18.64012417197598,6.240787271987031
magnitude,1.0,power_primary-6459c57fb4f3,power_primary,observed_standardized,proteomics,standardized_feature,delta,500,500,0,0.1206825947219556,0.09069701477612568,0.10312647804323305
magnitude,1.0,power_primary-6459c57fb4f3,power_primary,observed_standardized,proteomics,standardized_feature,path_length[A],500,500,0,41.44074354138149,2.0132981330937825,41.51251442025993
magnitude,1.0,power_primary-6459c57fb4f3,power_primary,observed_standardized,proteomics,standardized_feature,path_length[B],500,500,0,41.45114218135811,2.014434433999072,41.49046983258094
magnitude,1.0,power_primary-6459c57fb4f3,power_primary,observed_standardized,proteomics,standardized_feature,shape,500,500,0,0.006657437128326094,0.002238353798243728,0.006397389984171742
magnitude,1.0,power_primary-6459c57fb4f3,power_primary,pls_latent,joint,pls_latent,angle,500,500,0,20.248441033218707,38.71456482167895,7.587342221470898
magnitude,1.0,power_primary-6459c57fb4f3,power_primary,pls_latent,joint,pls_latent,delta,500,500,0,19.428141192102977,1.4950541782708888,19.63650898111815
magnitude,1.0,power_primary-6459c57fb4f3,power_primary,pls_latent,joint,pls_latent,path_length[A],500,500,0,59.25133288926482,3.8406233950490436,59.791942992299965
magnitude,1.0,power_primary-6459c57fb4f3,power_primary,pls_latent,joint,pls_latent,path_length[B],500,500,0,78.67947408136791,5.048527822068046,79.61470968948643
magnitude,1.0,power_primary-6459c57fb4f3,power_primary,pls_latent,joint,pls_latent,shape,500,500,0,0.023529201146459545,0.008012380102497493,0.02329172804555201
none,0.0,power_primary-d74045b65506,power_primary,population_native,expression,native_omic_units,angle,500,500,0,6.957431712006605e-07,8.563073446917755e-07,0.0
none,0.0,power_primary-d74045b65506,power_primary,population_native,expression,native_omic_units,delta,500,500,0,0.0,0.0,0.0
none,0.0,power_primary-d74045b65506,power_primary,population_native,expression,native_omic_units,path_length[A],500,500,0,38.094006672512265,1.6683249866275307,38.094869042197594
none,0.0,power_primary-d74045b65506,power_primary,population_native,expression,native_omic_units,path_length[B],500,500,0,38.094006672512265,1.6683249866275307,38.094869042197594
none,0.0,power_primary-d74045b65506,power_primary,population_native,expression,native_omic_units,shape,500,500,0,1.2062879986824586e-15,4.451102910681482e-16,1.095475756867288e-15
none,0.0,power_primary-d74045b65506,power_primary,population_native,methylation,native_omic_units,angle,500,500,0,7.342189578442853e-07,8.759227701178191e-07,0.0
none,0.0,power_primary-d74045b65506,power_primary,population_native,methylation,native_omic_units,delta,500,500,0,0.0,0.0,0.0
none,0.0,power_primary-d74045b65506,power_primary,population_native,methylation,native_omic_units,path_length[A],500,500,0,48.58839642612972,1.9416903512447894,48.61219576003766
none,0.0,power_primary-d74045b65506,power_primary,population_native,methylation,native_omic_units,path_length[B],500,500,0,48.58839642612972,1.9416903512447894,48.61219576003766
none,0.0,power_primary-d74045b65506,power_primary,population_native,methylation,native_omic_units,shape,500,500,0,1.5573550026944935e-15,4.557752188146242e-16,1.482520000780815e-15
none,0.0,power_primary-d74045b65506,power_primary,population_native,proteomics,native_omic_units,angle,500,500,0,7.729011938964587e-07,9.070644766292032e-07,0.0
none,0.0,power_primary-d74045b65506,power_primary,population_native,proteomics,native_omic_units,delta,500,500,0,0.0,0.0,0.0
none,0.0,power_primary-d74045b65506,power_primary,population_native,proteomics,native_omic_units,path_length[A],500,500,0,42.224188356396326,2.045071257278377,42.27713074439798
none,0.0,power_primary-d74045b65506,power_primary,population_native,proteomics,native_omic_units,path_length[B],500,500,0,42.224188356396326,2.045071257278377,42.27713074439798
none,0.0,power_primary-d74045b65506,power_primary,population_native,proteomics,native_omic_units,shape,500,500,0,1.2925811854596787e-15,4.709427436113201e-16,1.1684602102563818e-15
none,0.0,power_primary-d74045b65506,power_primary,population_standardized,expression,standardized_feature,angle,500,500,0,6.468471160674194e-07,8.329855962318572e-07,0.0
none,0.0,power_primary-d74045b65506,power_primary,population_standardized,expression,standardized_feature,delta,500,500,0,0.0,0.0,0.0
none,0.0,power_primary-d74045b65506,power_primary,population_standardized,expression,standardized_feature,path_length[A],500,500,0,32.96644730373285,1.4835658358060002,33.0446741742487
none,0.0,power_primary-d74045b65506,power_primary,population_standardized,expression,standardized_feature,path_length[B],500,500,0,32.96644730373285,1.4835658358060002,33.0446741742487
none,0.0,power_primary-d74045b65506,power_primary,population_standardized,expression,standardized_feature,shape,500,500,0,9.298797081400558e-16,3.651905435162005e-16,8.634093797337832e-16
none,0.0,power_primary-d74045b65506,power_primary,population_standardized,joint,standardized_feature,angle,500,500,0,6.988022948280821e-07,8.715870705407307e-07,0.0
none,0.0,power_primary-d74045b65506,power_primary,population_standardized,joint,standardized_feature,delta,500,500,0,0.0,0.0,0.0
none,0.0,power_primary-d74045b65506,power_primary,population_standardized,joint,standardized_feature,path_length[A],500,500,0,68.32361431676122,2.7202805312999945,68.47979761602534
none,0.0,power_primary-d74045b65506,power_primary,population_standardized,joint,standardized_feature,path_length[B],500,500,0,68.32361431676122,2.7202805312999945,68.47979761602534
none,0.0,power_primary-d74045b65506,power_primary,population_standardized,joint,standardized_feature,shape,500,500,0,1.1268603709268943e-15,3.501165181156862e-16,1.067269790837295e-15
none,0.0,power_primary-d74045b65506,power_primary,population_standardized,methylation,standardized_feature,angle,500,500,0,7.073926519855718e-07,8.805196904091347e-07,0.0
none,0.0,power_primary-d74045b65506,power_primary,population_standardized,methylation,standardized_feature,delta,500,500,0,0.0,0.0,0.0
none,0.0,power_primary-d74045b65506,power_primary,population_standardized,methylation,standardized_feature,path_length[A],500,500,0,43.2243215952697,1.7568142800126165,43.172590352556966
none,0.0,power_primary-d74045b65506,power_primary,population_standardized,methylation,standardized_feature,path_length[B],500,500,0,43.2243215952697,1.7568142800126165,43.172590352556966
none,0.0,power_primary-d74045b65506,power_primary,population_standardized,methylation,standardized_feature,shape,500,500,0,9.97288246593816e-16,3.425660267546535e-16,9.363353117229963e-16
none,0.0,power_primary-d74045b65506,power_primary,population_standardized,proteomics,standardized_feature,angle,500,500,0,7.60395977925276e-07,8.472380214609188e-07,0.0
none,0.0,power_primary-d74045b65506,power_primary,population_standardized,proteomics,standardized_feature,delta,500,500,0,0.0,0.0,0.0
none,0.0,power_primary-d74045b65506,power_primary,population_standardized,proteomics,standardized_feature,path_length[A],500,500,0,41.33123336317876,2.0256398395172086,41.36247438979745
none,0.0,power_primary-d74045b65506,power_primary,population_standardized,proteomics,standardized_feature,path_length[B],500,500,0,41.33123336317876,2.0256398395172086,41.36247438979745
none,0.0,power_primary-d74045b65506,power_primary,population_standardized,proteomics,standardized_feature,shape,500,500,0,9.822198160072506e-16,3.6080700243972007e-16,9.110053705969463e-16
none,0.0,power_primary-d74045b65506,power_primary,observed_standardized,expression,standardized_feature,angle,500,500,0,13.228874724647618,25.721041957504934,7.906912773358696
none,0.0,power_primary-d74045b65506,power_primary,observed_standardized,expression,standardized_feature,delta,500,500,0,0.15256746372147356,0.11570534025610135,0.13271284764242353
none,0.0,power_primary-d74045b65506,power_primary,observed_standardized,expression,standardized_feature,path_length[A],500,500,0,33.122093779779796,1.4708445661474971,33.20498475791092
none,0.0,power_primary-d74045b65506,power_primary,observed_standardized,expression,standardized_feature,path_length[B],500,500,0,33.10480200644324,1.475426713023482,33.18718971055168
none,0.0,power_primary-d74045b65506,power_primary,observed_standardized,expression,standardized_feature,shape,500,500,0,0.010910285875605044,0.003720239459514944,0.010699122227227242
none,0.0,power_primary-d74045b65506,power_primary,observed_standardized,joint,standardized_feature,angle,500,500,0,13.017589389924627,25.447434458509296,8.269780831923068
none,0.0,power_primary-d74045b65506,power_primary,observed_standardized,joint,standardized_feature,delta,500,500,0,0.17235571666760882,0.1415195353271166,0.14338692943076126
none,0.0,power_primary-d74045b65506,power_primary,observed_standardized,joint,standardized_feature,path_length[A],500,500,0,68.69626778617018,2.6926615791353057,68.79460327761669
none,0.0,power_primary-d74045b65506,power_primary,observed_standardized,joint,standardized_feature,path_length[B],500,500,0,68.70471838016029,2.7011167778008947,68.80983512917024
none,0.0,power_primary-d74045b65506,power_primary,observed_standardized,joint,standardized_feature,shape,500,500,0,0.006148154199674961,0.0024753028376838,0.00582808172281066
none,0.0,power_primary-d74045b65506,power_primary,observed_standardized,methylation,standardized_feature,angle,500,500,0,18.750324784222784,27.760275764471093,11.382548664901373
none,0.0,power_primary-d74045b65506,power_primary,observed_standardized,methylation,standardized_feature,delta,500,500,0,0.2223412546001518,0.19293450232364667,0.16675389164635845
none,0.0,power_primary-d74045b65506,power_primary,observed_standardized,methylation,standardized_feature,path_length[A],500,500,0,43.58895685281343,1.743737100892463,43.5571809113183
none,0.0,power_primary-d74045b65506,power_primary,observed_standardized,methylation,standardized_feature,path_length[B],500,500,0,43.60551419105258,1.7531984899292123,43.585601350972965
none,0.0,power_primary-d74045b65506,power_primary,observed_standardized,methylation,standardized_feature,shape,500,500,0,0.012097471212178294,0.005568795330796355,0.01118237819208897
none,0.0,power_primary-d74045b65506,power_primary,observed_standardized,proteomics,standardized_feature,angle,500,500,0,8.744277020339952,18.64012417197597,6.240787271987003
none,0.0,power_primary-d74045b65506,power_primary,observed_standardized,proteomics,standardized_feature,delta,500,500,0,0.12068259472195546,0.09069701477612624,0.10312647804323305
none,0.0,power_primary-d74045b65506,power_primary,observed_standardized,proteomics,standardized_feature,path_length[A],500,500,0,41.44074354138149,2.013298133093782,41.51251442025993
none,0.0,power_primary-d74045b65506,power_primary,observed_standardized,proteomics,standardized_feature,path_length[B],500,500,0,41.45114218135811,2.0144344339990714,41.49046983258094
none,0.0,power_primary-d74045b65506,power_primary,observed_standardized,proteomics,standardized_feature,shape,500,500,0,0.006657437128326097,0.0022383537982437352,0.006397389984171864
none,0.0,power_primary-d74045b65506,power_primary,pls_latent,joint,pls_latent,angle,500,500,0,6.6985148176083795,24.909438993192545,2.2071255665966274
none,0.0,power_primary-d74045b65506,power_primary,pls_latent,joint,pls_latent,delta,500,500,0,0.17197508827285857,0.1407070683185614,0.1421951625154989
none,0.0,power_primary-d74045b65506,power_primary,pls_latent,joint,pls_latent,path_length[A],500,500,0,67.46107466904392,4.3755433854946535,68.22143327312472
none,0.0,power_primary-d74045b65506,power_primary,pls_latent,joint,pls_latent,path_length[B],500,500,0,67.47109784814542,4.396017198849402,68.26740702211879
none,0.0,power_primary-d74045b65506,power_primary,pls_latent,joint,pls_latent,shape,500,500,0,0.006168567652528777,0.0025451187468799818,0.005775639993606927
none,,type_i_baseline-c9b8da02420a,type_i_baseline,population_native,expression,native_omic_units,angle,500,500,0,6.758775286353384e-07,8.335645630919785e-07,0.0
none,,type_i_baseline-c9b8da02420a,type_i_baseline,population_native,expression,native_omic_units,delta,500,500,0,0.0,0.0,0.0
none,,type_i_baseline-c9b8da02420a,type_i_baseline,population_native,expression,native_omic_units,path_length[A],500,500,0,38.19800162457615,1.6051937372355294,38.236752282308615
none,,type_i_baseline-c9b8da02420a,type_i_baseline,population_native,expression,native_omic_units,path_length[B],500,500,0,38.19800162457615,1.6051937372355294,38.236752282308615
none,,type_i_baseline-c9b8da02420a,type_i_baseline,population_native,expression,native_omic_units,shape,500,500,0,1.1698557959719214e-15,3.774179187660691e-16,1.0754384912420657e-15
none,,type_i_baseline-c9b8da02420a,type_i_baseline,population_native,methylation,native_omic_units,angle,500,500,0,6.442946787209793e-07,8.401975059625643e-07,0.0
none,,type_i_baseline-c9b8da02420a,type_i_baseline,population_native,methylation,native_omic_units,delta,500,500,0,0.0,0.0,0.0
none,,type_i_baseline-c9b8da02420a,type_i_baseline,population_native,methylation,native_omic_units,path_length[A],500,500,0,48.765014158105366,1.9095997097614372,48.82455855012434
none,,type_i_baseline-c9b8da02420a,type_i_baseline,population_native,methylation,native_omic_units,path_length[B],500,500,0,48.765014158105366,1.9095997097614372,48.82455855012434
none,,type_i_baseline-c9b8da02420a,type_i_baseline,population_native,methylation,native_omic_units,shape,500,500,0,1.5180730060335526e-15,3.7168881437616406e-16,1.465672132269263e-15
none,,type_i_baseline-c9b8da02420a,type_i_baseline,population_native,proteomics,native_omic_units,angle,500,500,0,6.591091583903242e-07,8.382436926796448e-07,0.0
none,,type_i_baseline-c9b8da02420a,type_i_baseline,population_native,proteomics,native_omic_units,delta,500,500,0,0.0,0.0,0.0
none,,type_i_baseline-c9b8da02420a,type_i_baseline,population_native,proteomics,native_omic_units,path_length[A],500,500,0,42.28433777066016,1.9187549927242855,42.361813365157055
none,,type_i_baseline-c9b8da02420a,type_i_baseline,population_native,proteomics,native_omic_units,path_length[B],500,500,0,42.28433777066016,1.9187549927242855,42.361813365157055
none,,type_i_baseline-c9b8da02420a,type_i_baseline,population_native,proteomics,native_omic_units,shape,500,500,0,1.2548139951915566e-15,3.7137307197062355e-16,1.15934074729923e-15
none,,type_i_baseline-c9b8da02420a,type_i_baseline,population_standardized,expression,standardized_feature,angle,500,500,0,6.714755629883098e-07,8.248162477163165e-07,0.0
none,,type_i_baseline-c9b8da02420a,type_i_baseline,population_standardized,expression,standardized_feature,delta,500,500,0,0.0,0.0,0.0
none,,type_i_baseline-c9b8da02420a,type_i_baseline,population_standardized,expression,standardized_feature,path_length[A],500,500,0,33.070926613329,1.433575102976414,33.07435871900356
none,,type_i_baseline-c9b8da02420a,type_i_baseline,population_standardized,expression,standardized_feature,path_length[B],500,500,0,33.070926613329,1.433575102976414,33.07435871900356
none,,type_i_baseline-c9b8da02420a,type_i_baseline,population_standardized,expression,standardized_feature,shape,500,500,0,9.239416509642833e-16,3.545849098389504e-16,8.614169983718292e-16
none,,type_i_baseline-c9b8da02420a,type_i_baseline,population_standardized,joint,standardized_feature,angle,500,500,0,6.948200362367272e-07,8.680660483487116e-07,0.0
none,,type_i_baseline-c9b8da02420a,type_i_baseline,population_standardized,joint,standardized_feature,delta,500,500,0,0.0,0.0,0.0
none,,type_i_baseline-c9b8da02420a,type_i_baseline,population_standardized,joint,standardized_feature,path_length[A],500,500,0,68.53170724289276,2.5850223064806768,68.52861104726168
none,,type_i_baseline-c9b8da02420a,type_i_baseline,population_standardized,joint,standardized_feature,path_length[B],500,500,0,68.53170724289276,2.5850223064806768,68.52861104726168
none,,type_i_baseline-c9b8da02420a,type_i_baseline,population_standardized,joint,standardized_feature,shape,500,500,0,1.128768299287522e-15,3.308333355998887e-16,1.0728247560909772e-15
none,,type_i_baseline-c9b8da02420a,type_i_baseline,population_standardized,methylation,standardized_feature,angle,500,500,0,6.488324568799062e-07,8.073700583381734e-07,0.0
none,,type_i_baseline-c9b8da02420a,type_i_baseline,population_standardized,methylation,standardized_feature,delta,500,500,0,0.0,0.0,0.0
none,,type_i_baseline-c9b8da02420a,type_i_baseline,population_standardized,methylation,standardized_feature,path_length[A],500,500,0,43.421605102271016,1.7419791720140922,43.424159363876655
none,,type_i_baseline-c9b8da02420a,type_i_baseline,population_standardized,methylation,standardized_feature,path_length[B],500,500,0,43.421605102271016,1.7419791720140922,43.424159363876655
none,,type_i_baseline-c9b8da02420a,type_i_baseline,population_standardized,methylation,standardized_feature,shape,500,500,0,1.0064800901559642e-15,3.8944814283219937e-16,9.438927705827528e-16
none,,type_i_baseline-c9b8da02420a,type_i_baseline,population_standardized,proteomics,standardized_feature,angle,500,500,0,6.537871355317289e-07,8.275388132743921e-07,0.0
none,,type_i_baseline-c9b8da02420a,type_i_baseline,population_standardized,proteomics,standardized_feature,delta,500,500,0,0.0,0.0,0.0
none,,type_i_baseline-c9b8da02420a,type_i_baseline,population_standardized,proteomics,standardized_feature,path_length[A],500,500,0,41.382784293778386,1.9213281706188199,41.43588861377647
none,,type_i_baseline-c9b8da02420a,type_i_baseline,population_standardized,proteomics,standardized_feature,path_length[B],500,500,0,41.382784293778386,1.9213281706188199,41.43588861377647
none,,type_i_baseline-c9b8da02420a,type_i_baseline,population_standardized,proteomics,standardized_feature,shape,500,500,0,9.924083371506395e-16,4.4244095498412395e-16,9.077742552780283e-16
none,,type_i_baseline-c9b8da02420a,type_i_baseline,observed_standardized,expression,standardized_feature,angle,500,500,0,15.09180113844259,29.44150283515007,8.112924233106117
none,,type_i_baseline-c9b8da02420a,type_i_baseline,observed_standardized,expression,standardized_feature,delta,500,500,0,0.15237753332164516,0.11789134560055241,0.12985574767624541
none,,type_i_baseline-c9b8da02420a,type_i_baseline,observed_standardized,expression,standardized_feature,path_length[A],500,500,0,33.20507316516035,1.4259410215905994,33.2111159168224
none,,type_i_baseline-c9b8da02420a,type_i_baseline,observed_standardized,expression,standardized_feature,path_length[B],500,500,0,33.21211793331977,1.4242945867873467,33.207863620254514
none,,type_i_baseline-c9b8da02420a,type_i_baseline,observed_standardized,expression,standardized_feature,shape,500,500,0,0.010800237743017615,0.003508302672349143,0.010570845565075702
none,,type_i_baseline-c9b8da02420a,type_i_baseline,observed_standardized,joint,standardized_feature,angle,500,500,0,11.42991534820135,18.540758102765764,8.325599841915379
none,,type_i_baseline-c9b8da02420a,type_i_baseline,observed_standardized,joint,standardized_feature,delta,500,500,0,0.1762922766592149,0.1457664833596537,0.1422965322672738
none,,type_i_baseline-c9b8da02420a,type_i_baseline,observed_standardized,joint,standardized_feature,path_length[A],500,500,0,68.90405709413484,2.564837846726038,68.89154015969405
none,,type_i_baseline-c9b8da02420a,type_i_baseline,observed_standardized,joint,standardized_feature,path_length[B],500,500,0,68.89944719542865,2.55269912321553,68.85160666248828
none,,type_i_baseline-c9b8da02420a,type_i_baseline,observed_standardized,joint,standardized_feature,shape,500,500,0,0.0061128292819224855,0.002587960983131729,0.005604723297484347
none,,type_i_baseline-c9b8da02420a,type_i_baseline,observed_standardized,methylation,standardized_feature,angle,500,500,0,22.126937296979353,35.501047782130016,11.114333163465878
none,,type_i_baseline-c9b8da02420a,type_i_baseline,observed_standardized,methylation,standardized_feature,delta,500,500,0,0.22264199157735137,0.20019556035270916,0.1790950679082357
none,,type_i_baseline-c9b8da02420a,type_i_baseline,observed_standardized,methylation,standardized_feature,path_length[A],500,500,0,43.79726336647677,1.7173412308790241,43.87293148446915
none,,type_i_baseline-c9b8da02420a,type_i_baseline,observed_standardized,methylation,standardized_feature,path_length[B],500,500,0,43.789476443763775,1.7158815727201822,43.79604133005648
none,,type_i_baseline-c9b8da02420a,type_i_baseline,observed_standardized,methylation,standardized_feature,shape,500,500,0,0.012125495637505946,0.006206064938576012,0.010999690457148336
none,,type_i_baseline-c9b8da02420a,type_i_baseline,observed_standardized,proteomics,standardized_feature,angle,500,500,0,10.581576030783275,24.79407338018481,6.188758532951998
none,,type_i_baseline-c9b8da02420a,type_i_baseline,observed_standardized,proteomics,standardized_feature,delta,500,500,0,0.12779511441848457,0.09154250401305536,0.1116933393253774
none,,type_i_baseline-c9b8da02420a,type_i_baseline,observed_standardized,proteomics,standardized_feature,path_length[A],500,500,0,41.49754492607642,1.9166028927757766,41.54014175172183
none,,type_i_baseline-c9b8da02420a,type_i_baseline,observed_standardized,proteomics,standardized_feature,path_length[B],500,500,0,41.4923859160887,1.9026911947736767,41.50347532725564
none,,type_i_baseline-c9b8da02420a,type_i_baseline,observed_standardized,proteomics,standardized_feature,shape,500,500,0,0.006501451705372488,0.0021234235252965586,0.006304149063712896
none,,type_i_baseline-c9b8da02420a,type_i_baseline,pls_latent,joint,pls_latent,angle,500,500,0,6.0710185234769884,20.824410950178113,2.3008054443894794
none,,type_i_baseline-c9b8da02420a,type_i_baseline,pls_latent,joint,pls_latent,delta,500,500,0,0.17529719046498815,0.14683034431574554,0.1410650641549509
none,,type_i_baseline-c9b8da02420a,type_i_baseline,pls_latent,joint,pls_latent,path_length[A],500,500,0,67.49270438264763,4.812593037297649,68.35474745313441
none,,type_i_baseline-c9b8da02420a,type_i_baseline,pls_latent,joint,pls_latent,path_length[B],500,500,0,67.48619335103916,4.802663862182865,68.30503425372927
none,,type_i_baseline-c9b8da02420a,type_i_baseline,pls_latent,joint,pls_latent,shape,500,500,0,0.0062431360077818175,0.0026595813832892955,0.005757076584734662
orientation,0.25,power_primary-c54af648857f,power_primary,population_native,expression,native_omic_units,angle,500,500,0,63.59190077824885,31.46793756136831,49.00933843370059
orientation,0.25,power_primary-c54af648857f,power_primary,population_native,expression,native_omic_units,delta,500,500,0,0.9691143051600537,0.7557661848929091,0.7601038001540594
orientation,0.25,power_primary-c54af648857f,power_primary,population_native,expression,native_omic_units,path_length[A],500,500,0,38.094006672512265,1.6683249866275307,38.094869042197594
orientation,0.25,power_primary-c54af648857f,power_primary,population_native,expression,native_omic_units,path_length[B],500,500,0,38.151851376759915,1.633953620603006,38.16528909931223
orientation,0.25,power_primary-c54af648857f,power_primary,population_native,expression,native_omic_units,shape,500,500,0,0.06111200146024885,0.020560856845983456,0.059272951718339295
orientation,0.25,power_primary-c54af648857f,power_primary,population_native,methylation,native_omic_units,angle,500,500,0,41.57927035307212,6.895786042204778,41.24324193513179
orientation,0.25,power_primary-c54af648857f,power_primary,population_native,methylation,native_omic_units,delta,500,500,0,0.0,0.0,0.0
orientation,0.25,power_primary-c54af648857f,power_primary,population_native,methylation,native_omic_units,path_length[A],500,500,0,48.58839642612972,1.9416903512447894,48.61219576003766
orientation,0.25,power_primary-c54af648857f,power_primary,population_native,methylation,native_omic_units,path_length[B],500,500,0,48.58839642612972,1.9416903512447894,48.61219576003766
orientation,0.25,power_primary-c54af648857f,power_primary,population_native,methylation,native_omic_units,shape,500,500,0,1.5480861301291913e-15,3.5065317122313515e-16,1.490156731439804e-15
orientation,0.25,power_primary-c54af648857f,power_primary,population_native,proteomics,native_omic_units,angle,500,500,0,61.728683921109656,30.159592021682723,48.22291536282037
orientation,0.25,power_primary-c54af648857f,power_primary,population_native,proteomics,native_omic_units,delta,500,500,0,1.1753881864614981,0.9462661258197562,0.9478329043443168
orientation,0.25,power_primary-c54af648857f,power_primary,population_native,proteomics,native_omic_units,path_length[A],500,500,0,42.224188356396326,2.045071257278377,42.27713074439798
orientation,0.25,power_primary-c54af648857f,power_primary,population_native,proteomics,native_omic_units,path_length[B],500,500,0,42.28379606618602,1.9660649801284806,42.40397439750065
orientation,0.25,power_primary-c54af648857f,power_primary,population_native,proteomics,native_omic_units,shape,500,500,0,0.06699189463375396,0.022015819085784635,0.06481198180594935
orientation,0.25,power_primary-c54af648857f,power_primary,population_standardized,expression,standardized_feature,angle,500,500,0,67.3340503771002,29.563289884038905,54.29024317483878
orientation,0.25,power_primary-c54af648857f,power_primary,population_standardized,expression,standardized_feature,delta,500,500,0,1.118484833136865,0.8534784629892943,0.9290767286296031
orientation,0.25,power_primary-c54af648857f,power_primary,population_standardized,expression,standardized_feature,path_length[A],500,500,0,33.740856513899345,1.5427065654555114,33.82298832004951
orientation,0.25,power_primary-c54af648857f,power_primary,population_standardized,expression,standardized_feature,path_length[B],500,500,0,33.83068244274492,1.513793444497311,33.8685263318804
orientation,0.25,power_primary-c54af648857f,power_primary,population_standardized,expression,standardized_feature,shape,500,500,0,0.06649727580125367,0.022057235401021214,0.06599487822676123
orientation,0.25,power_primary-c54af648857f,power_primary,population_standardized,joint,standardized_feature,angle,500,500,0,63.50135248061986,27.835296154005846,51.33671893763676
orientation,0.25,power_primary-c54af648857f,power_primary,population_standardized,joint,standardized_feature,delta,500,500,0,1.534668879156568,1.2059973045326569,1.2480623784288838
orientation,0.25,power_primary-c54af648857f,power_primary,population_standardized,joint,standardized_feature,path_length[A],500,500,0,70.7075075842536,2.82336008825474,70.88315708390664
orientation,0.25,power_primary-c54af648857f,power_primary,population_standardized,joint,standardized_feature,path_length[B],500,500,0,70.83818658860575,2.800101266615795,70.94710099285018
orientation,0.25,power_primary-c54af648857f,power_primary,population_standardized,joint,standardized_feature,shape,500,500,0,0.0420281517781203,0.014216902390977918,0.04121787263982413
orientation,0.25,power_primary-c54af648857f,power_primary,population_standardized,methylation,standardized_feature,angle,500,500,0,52.51641998380615,18.87045154384947,48.06465871913029
orientation,0.25,power_primary-c54af648857f,power_primary,population_standardized,methylation,standardized_feature,delta,500,500,0,0.42707758970680926,0.32020038774490167,0.35485198840443744
orientation,0.25,power_primary-c54af648857f,power_primary,population_standardized,methylation,standardized_feature,path_length[A],500,500,0,45.050841272834674,1.8650166496603577,44.974203881174844
orientation,0.25,power_primary-c54af648857f,power_primary,population_standardized,methylation,standardized_feature,path_length[B],500,500,0,45.075026352168415,1.8510996093688545,45.10949338153364
orientation,0.25,power_primary-c54af648857f,power_primary,population_standardized,methylation,standardized_feature,shape,500,500,0,0.014638939785637949,0.005678735652642017,0.013887736085984693
orientation,0.25,power_primary-c54af648857f,power_primary,population_standardized,proteomics,standardized_feature,angle,500,500,0,67.02168655088656,27.65688369013658,55.03908004687891
orientation,0.25,power_primary-c54af648857f,power_primary,population_standardized,proteomics,standardized_feature,delta,500,500,0,1.7039436608650873,1.2973140850969558,1.3992730717393194
orientation,0.25,power_primary-c54af648857f,power_primary,population_standardized,proteomics,standardized_feature,path_length[A],500,500,0,42.73107546373356,2.1396798672303374,42.82430568390605
orientation,0.25,power_primary-c54af648857f,power_primary,population_standardized,proteomics,standardized_feature,path_length[B],500,500,0,42.854841415537386,2.111530411965103,42.99739054330732
orientation,0.25,power_primary-c54af648857f,power_primary,population_standardized,proteomics,standardized_feature,shape,500,500,0,0.07552629412496781,0.025315270568115084,0.07208408497191057
orientation,0.25,power_primary-c54af648857f,power_primary,observed_standardized,expression,standardized_feature,angle,500,500,0,68.13748719790846,29.532816587515896,54.098861330750935
orientation,0.25,power_primary-c54af648857f,power_primary,observed_standardized,expression,standardized_feature,delta,500,500,0,1.1167939344941482,0.8761916293664703,0.9119219737045832
orientation,0.25,power_primary-c54af648857f,power_primary,observed_standardized,expression,standardized_feature,path_length[A],500,500,0,33.869608177843524,1.5367406603308762,33.94456742227692
orientation,0.25,power_primary-c54af648857f,power_primary,observed_standardized,expression,standardized_feature,path_length[B],500,500,0,33.95248899771436,1.505662420089857,33.93181424117885
orientation,0.25,power_primary-c54af648857f,power_primary,observed_standardized,expression,standardized_feature,shape,500,500,0,0.06667486280604273,0.021790648743194106,0.06553169974827244
orientation,0.25,power_primary-c54af648857f,power_primary,observed_standardized,joint,standardized_feature,angle,500,500,0,63.802057110443364,27.465467599476433,51.68904849717481
orientation,0.25,power_primary-c54af648857f,power_primary,observed_standardized,joint,standardized_feature,delta,500,500,0,1.5436221948821967,1.189326191799523,1.272517596060979
orientation,0.25,power_primary-c54af648857f,power_primary,observed_standardized,joint,standardized_feature,path_length[A],500,500,0,71.04390748178405,2.797494312562434,71.18182417515564
orientation,0.25,power_primary-c54af648857f,power_primary,observed_standardized,joint,standardized_feature,path_length[B],500,500,0,71.16505283877231,2.7697353703318086,71.22469556814048
orientation,0.25,power_primary-c54af648857f,power_primary,observed_standardized,joint,standardized_feature,shape,500,500,0,0.04211009854334728,0.014359068754320265,0.04134359012161205
orientation,0.25,power_primary-c54af648857f,power_primary,observed_standardized,methylation,standardized_feature,angle,500,500,0,53.80399562523126,18.33461433821155,49.08977044517151
orientation,0.25,power_primary-c54af648857f,power_primary,observed_standardized,methylation,standardized_feature,delta,500,500,0,0.48363488673113525,0.35561229046158815,0.4286100598521898
orientation,0.25,power_primary-c54af648857f,power_primary,observed_standardized,methylation,standardized_feature,path_length[A],500,500,0,45.38902862203535,1.8503498534648422,45.32166123429309
orientation,0.25,power_primary-c54af648857f,power_primary,observed_standardized,methylation,standardized_feature,path_length[B],500,500,0,45.40824698518194,1.8327741217690345,45.46899658149033
orientation,0.25,power_primary-c54af648857f,power_primary,observed_standardized,methylation,standardized_feature,shape,500,500,0,0.018549905479436562,0.006981558183251646,0.017888255621603868
orientation,0.25,power_primary-c54af648857f,power_primary,observed_standardized,proteomics,standardized_feature,angle,500,500,0,67.36821031436804,27.59252542703232,55.49693757807499
orientation,0.25,power_primary-c54af648857f,power_primary,observed_standardized,proteomics,standardized_feature,delta,500,500,0,1.707748811081873,1.293436318871094,1.3910431469534892
orientation,0.25,power_primary-c54af648857f,power_primary,observed_standardized,proteomics,standardized_feature,path_length[A],500,500,0,42.82904463587871,2.1243535666127347,42.94004568952417
orientation,0.25,power_primary-c54af648857f,power_primary,observed_standardized,proteomics,standardized_feature,path_length[B],500,500,0,42.947652896466515,2.0993265820748044,43.107482035105974
orientation,0.25,power_primary-c54af648857f,power_primary,observed_standardized,proteomics,standardized_feature,shape,500,500,0,0.07547220937090694,0.025535860069719054,0.07200685943870225
orientation,0.25,power_primary-c54af648857f,power_primary,pls_latent,joint,pls_latent,angle,500,500,0,41.68162621902306,46.31722887072121,21.832107956832424
orientation,0.25,power_primary-c54af648857f,power_primary,pls_latent,joint,pls_latent,delta,500,500,0,1.6582918449105006,1.2768574070136802,1.355381837937209
orientation,0.25,power_primary-c54af648857f,power_primary,pls_latent,joint,pls_latent,path_length[A],500,500,0,64.5011772028587,3.769985248199437,64.97483001922313
orientation,0.25,power_primary-c54af648857f,power_primary,pls_latent,joint,pls_latent,path_length[B],500,500,0,64.61148637982659,3.6617822062344065,65.04399962984363
orientation,0.25,power_primary-c54af648857f,power_primary,pls_latent,joint,pls_latent,shape,500,500,0,0.050416101258454055,0.017306563553298085,0.04948275427425304
orientation,0.5,power_primary-5e2c6d914647,power_primary,population_native,expression,native_omic_units,angle,500,500,0,75.7808453726245,18.84773885813922,68.4139687947087
orientation,0.5,power_primary-5e2c6d914647,power_primary,population_native,expression,native_omic_units,delta,500,500,0,1.324403536162275,0.9441142906030721,1.1471261579239496
orientation,0.5,power_primary-5e2c6d914647,power_primary,population_native,expression,native_omic_units,path_length[A],500,500,0,38.094006672512265,1.6683249866275307,38.094869042197594
orientation,0.5,power_primary-5e2c6d914647,power_primary,population_native,expression,native_omic_units,path_length[B],500,500,0,38.102914366283564,1.6665884543399943,38.15292759939704
orientation,0.5,power_primary-5e2c6d914647,power_primary,population_native,expression,native_omic_units,shape,500,500,0,0.07702522955507254,0.025497228862873533,0.07429187507396082
orientation,0.5,power_primary-5e2c6d914647,power_primary,population_native,methylation,native_omic_units,angle,500,500,0,60.11823234495226,3.6001918225691374,60.08733483088017
orientation,0.5,power_primary-5e2c6d914647,power_primary,population_native,methylation,native_omic_units,delta,500,500,0,0.0,0.0,0.0
orientation,0.5,power_primary-5e2c6d914647,power_primary,population_native,methylation,native_omic_units,path_length[A],500,500,0,48.58839642612972,1.9416903512447894,48.61219576003766
orientation,0.5,power_primary-5e2c6d914647,power_primary,population_native,methylation,native_omic_units,path_length[B],500,500,0,48.58839642612972,1.9416903512447894,48.61219576003766
orientation,0.5,power_primary-5e2c6d914647,power_primary,population_native,methylation,native_omic_units,shape,500,500,0,1.5808690456735387e-15,4.4699711980295585e-16,1.4920956946801557e-15
orientation,0.5,power_primary-5e2c6d914647,power_primary,population_native,proteomics,native_omic_units,angle,500,500,0,75.98055746465224,18.954153986437028,68.57243296822217
orientation,0.5,power_primary-5e2c6d914647,power_primary,population_native,proteomics,native_omic_units,delta,500,500,0,1.6108454372539611,1.1937583277668506,1.3660311658997522
orientation,0.5,power_primary-5e2c6d914647,power_primary,population_native,proteomics,native_omic_units,path_length[A],500,500,0,42.224188356396326,2.045071257278377,42.27713074439798
orientation,0.5,power_primary-5e2c6d914647,power_primary,population_native,proteomics,native_omic_units,path_length[B],500,500,0,42.177238628153326,2.0016638747266127,42.0168120888185
orientation,0.5,power_primary-5e2c6d914647,power_primary,population_native,proteomics,native_omic_units,shape,500,500,0,0.08589939241316123,0.029572116227945183,0.08388870758269013
orientation,0.5,power_primary-5e2c6d914647,power_primary,population_standardized,expression,standardized_feature,angle,500,500,0,77.84864581533147,16.69869696205692,71.27930541277178
orientation,0.5,power_primary-5e2c6d914647,power_primary,population_standardized,expression,standardized_feature,delta,500,500,0,1.4538852082928424,1.0221197804957898,1.2571223290321214
orientation,0.5,power_primary-5e2c6d914647,power_primary,population_standardized,expression,standardized_feature,path_length[A],500,500,0,34.382995595645575,1.5542616977619559,34.480981091537714
orientation,0.5,power_primary-5e2c6d914647,power_primary,population_standardized,expression,standardized_feature,path_length[B],500,500,0,34.38681284232341,1.501989197130261,34.314726330268876
orientation,0.5,power_primary-5e2c6d914647,power_primary,population_standardized,expression,standardized_feature,shape,500,500,0,0.08162930858350756,0.02762449579601483,0.0785216621976961
orientation,0.5,power_primary-5e2c6d914647,power_primary,population_standardized,joint,standardized_feature,angle,500,500,0,75.31807977260647,15.42237133981149,69.25651803611865
orientation,0.5,power_primary-5e2c6d914647,power_primary,population_standardized,joint,standardized_feature,delta,500,500,0,2.000943378295262,1.5117548303094284,1.679114850511624
orientation,0.5,power_primary-5e2c6d914647,power_primary,population_standardized,joint,standardized_feature,path_length[A],500,500,0,72.82074225899044,2.874202959930256,72.90411540608422
orientation,0.5,power_primary-5e2c6d914647,power_primary,population_standardized,joint,standardized_feature,path_length[B],500,500,0,72.80762400854789,2.7788143054048553,72.86523519928069
orientation,0.5,power_primary-5e2c6d914647,power_primary,population_standardized,joint,standardized_feature,shape,500,500,0,0.05195424768333349,0.017455746389159737,0.05045709130082725
orientation,0.5,power_primary-5e2c6d914647,power_primary,population_standardized,methylation,standardized_feature,angle,500,500,0,69.46813429870734,11.876981766994195,66.31066576294083
orientation,0.5,power_primary-5e2c6d914647,power_primary,population_standardized,methylation,standardized_feature,delta,500,500,0,0.6079897722603725,0.4244722203782812,0.5463004313228161
orientation,0.5,power_primary-5e2c6d914647,power_primary,population_standardized,methylation,standardized_feature,path_length[A],500,500,0,46.7649075991184,1.904996342890238,46.755338438540754
orientation,0.5,power_primary-5e2c6d914647,power_primary,population_standardized,methylation,standardized_feature,path_length[B],500,500,0,46.78710346254887,1.868751621057327,46.86320472169682
orientation,0.5,power_primary-5e2c6d914647,power_primary,population_standardized,methylation,standardized_feature,shape,500,500,0,0.019853212874555107,0.007787423174387239,0.019517491275923015
orientation,0.5,power_primary-5e2c6d914647,power_primary,population_standardized,proteomics,standardized_feature,angle,500,500,0,79.2430478786793,16.41540525910488,73.05310663069159
orientation,0.5,power_primary-5e2c6d914647,power_primary,population_standardized,proteomics,standardized_feature,delta,500,500,0,2.2086902485884576,1.6942039243460434,1.8804550352714173
orientation,0.5,power_primary-5e2c6d914647,power_primary,population_standardized,proteomics,standardized_feature,path_length[A],500,500,0,43.903840103068376,2.223264471583865,43.90371120585694
orientation,0.5,power_primary-5e2c6d914647,power_primary,population_standardized,proteomics,standardized_feature,path_length[B],500,500,0,43.85811634074366,2.1475214558521003,43.8270131579436
orientation,0.5,power_primary-5e2c6d914647,power_primary,population_standardized,proteomics,standardized_feature,shape,500,500,0,0.09421714307443066,0.032937951946797786,0.0930324029445986
orientation,0.5,power_primary-5e2c6d914647,power_primary,observed_standardized,expression,standardized_feature,angle,500,500,0,78.65053791033507,16.966175879696028,72.1642399022898
orientation,0.5,power_primary-5e2c6d914647,power_primary,observed_standardized,expression,standardized_feature,delta,500,500,0,1.4655625170677558,1.0323334755222409,1.2750444014574889
orientation,0.5,power_primary-5e2c6d914647,power_primary,observed_standardized,expression,standardized_feature,path_length[A],500,500,0,34.50556346427827,1.5550099280878296,34.58087402900132
orientation,0.5,power_primary-5e2c6d914647,power_primary,observed_standardized,expression,standardized_feature,path_length[B],500,500,0,34.49545122191321,1.494347849969,34.50077355009348
orientation,0.5,power_primary-5e2c6d914647,power_primary,observed_standardized,expression,standardized_feature,shape,500,500,0,0.08147855509764276,0.027581961001289648,0.0792549805006276
orientation,0.5,power_primary-5e2c6d914647,power_primary,observed_standardized,joint,standardized_feature,angle,500,500,0,75.70214401825362,15.431395343287333,69.67027495951564
orientation,0.5,power_primary-5e2c6d914647,power_primary,observed_standardized,joint,standardized_feature,delta,500,500,0,2.0020476744498805,1.5226703648246172,1.6701502621989874
orientation,0.5,power_primary-5e2c6d914647,power_primary,observed_standardized,joint,standardized_feature,path_length[A],500,500,0,73.1267090483945,2.8539628704266553,73.13775905181083
orientation,0.5,power_primary-5e2c6d914647,power_primary,observed_standardized,joint,standardized_feature,path_length[B],500,500,0,73.10409500749476,2.7564059917366417,73.16471522521718
orientation,0.5,power_primary-5e2c6d914647,power_primary,observed_standardized,joint,standardized_feature,shape,500,500,0,0.05179828967347702,0.017424514025756354,0.05005509166970119
orientation,0.5,power_primary-5e2c6d914647,power_primary,observed_standardized,methylation,standardized_feature,angle,500,500,0,70.58669097686543,12.688678257127803,66.78334261927068
orientation,0.5,power_primary-5e2c6d914647,power_primary,observed_standardized,methylation,standardized_feature,delta,500,500,0,0.6182249581680088,0.4578543167679015,0.5675424116009467
orientation,0.5,power_primary-5e2c6d914647,power_primary,observed_standardized,methylation,standardized_feature,path_length[A],500,500,0,47.07133882873403,1.8826538297181394,47.030051859502066
orientation,0.5,power_primary-5e2c6d914647,power_primary,observed_standardized,methylation,standardized_feature,path_length[B],500,500,0,47.101297138672386,1.854577655285505,47.19338300541904
orientation,0.5,power_primary-5e2c6d914647,power_primary,observed_standardized,methylation,standardized_feature,shape,500,500,0,0.022240440780561366,0.00828722294422115,0.02097553918616648
orientation,0.5,power_primary-5e2c6d914647,power_primary,observed_standardized,proteomics,standardized_feature,angle,500,500,0,79.09786126969693,16.18053735164764,73.3099466961763
orientation,0.5,power_primary-5e2c6d914647,power_primary,observed_standardized,proteomics,standardized_feature,delta,500,500,0,2.2118339235112168,1.6946755509525098,1.8183147905899304
orientation,0.5,power_primary-5e2c6d914647,power_primary,observed_standardized,proteomics,standardized_feature,path_length[A],500,500,0,43.98858344491609,2.210757530049269,44.019641156914034
orientation,0.5,power_primary-5e2c6d914647,power_primary,observed_standardized,proteomics,standardized_feature,path_length[B],500,500,0,43.92924895603443,2.137981096933284,43.93362675642567
orientation,0.5,power_primary-5e2c6d914647,power_primary,observed_standardized,proteomics,standardized_feature,shape,500,500,0,0.09418953295145398,0.032853864402635616,0.0925409396003661
orientation,0.5,power_primary-5e2c6d914647,power_primary,pls_latent,joint,pls_latent,angle,500,500,0,54.94292389505284,45.03304943965458,39.80229663779741
orientation,0.5,power_primary-5e2c6d914647,power_primary,pls_latent,joint,pls_latent,delta,500,500,0,2.3750035556513733,1.8103542408192794,1.9618650197917304
orientation,0.5,power_primary-5e2c6d914647,power_primary,pls_latent,joint,pls_latent,path_length[A],500,500,0,61.40945283437156,3.0007224655190217,61.467330218826945
orientation,0.5,power_primary-5e2c6d914647,power_primary,pls_latent,joint,pls_latent,path_length[B],500,500,0,61.381735478984396,2.936513052067919,61.482617692910694
orientation,0.5,power_primary-5e2c6d914647,power_primary,pls_latent,joint,pls_latent,shape,500,500,0,0.0731930912592153,0.024732825938735832,0.07061180874769564
orientation,0.75,power_primary-1ed275cc35f0,power_primary,population_native,expression,native_omic_units,angle,500,500,0,84.04903971831673,9.735781467557482,81.8845032757053
orientation,0.75,power_primary-1ed275cc35f0,power_primary,population_native,expression,native_omic_units,delta,500,500,0,1.501450948779028,1.1402000402026355,1.2518918963136159
orientation,0.75,power_primary-1ed275cc35f0,power_primary,population_native,expression,native_omic_units,path_length[A],500,500,0,38.094006672512265,1.6683249866275307,38.094869042197594
orientation,0.75,power_primary-1ed275cc35f0,power_primary,population_native,expression,native_omic_units,path_length[B],500,500,0,38.1952861065362,1.6272704273850904,38.19810365506634
orientation,0.75,power_primary-1ed275cc35f0,power_primary,population_native,expression,native_omic_units,shape,500,500,0,0.08825710997307369,0.030196242225618054,0.0845791856742149
orientation,0.75,power_primary-1ed275cc35f0,power_primary,population_native,methylation,native_omic_units,angle,500,500,0,75.6718935633902,2.9041712007471143,75.50990950050567
orientation,0.75,power_primary-1ed275cc35f0,power_primary,population_native,methylation,native_omic_units,delta,500,500,0,0.0,0.0,0.0
orientation,0.75,power_primary-1ed275cc35f0,power_primary,population_native,methylation,native_omic_units,path_length[A],500,500,0,48.58839642612972,1.9416903512447894,48.61219576003766
orientation,0.75,power_primary-1ed275cc35f0,power_primary,population_native,methylation,native_omic_units,path_length[B],500,500,0,48.58839642612972,1.9416903512447894,48.61219576003766
orientation,0.75,power_primary-1ed275cc35f0,power_primary,population_native,methylation,native_omic_units,shape,500,500,0,1.579371902447853e-15,4.42171383423605e-16,1.4943106405901452e-15
orientation,0.75,power_primary-1ed275cc35f0,power_primary,population_native,proteomics,native_omic_units,angle,500,500,0,83.88669693318381,9.755712562774926,81.68827796306931
orientation,0.75,power_primary-1ed275cc35f0,power_primary,population_native,proteomics,native_omic_units,delta,500,500,0,1.919486423668164,1.4190528865344185,1.6255831722137835
orientation,0.75,power_primary-1ed275cc35f0,power_primary,population_native,proteomics,native_omic_units,path_length[A],500,500,0,42.224188356396326,2.045071257278377,42.27713074439798
orientation,0.75,power_primary-1ed275cc35f0,power_primary,population_native,proteomics,native_omic_units,path_length[B],500,500,0,42.28653109422672,1.9736303031743372,42.350260704949946
orientation,0.75,power_primary-1ed275cc35f0,power_primary,population_native,proteomics,native_omic_units,shape,500,500,0,0.09700379336331905,0.03350930595152418,0.09240102152156958
orientation,0.75,power_primary-1ed275cc35f0,power_primary,population_standardized,expression,standardized_feature,angle,500,500,0,85.04265406381212,8.365144521707338,83.37970635248887
orientation,0.75,power_primary-1ed275cc35f0,power_primary,population_standardized,expression,standardized_feature,delta,500,500,0,1.6550132761341982,1.1891747626811444,1.4352486840890641
orientation,0.75,power_primary-1ed275cc35f0,power_primary,population_standardized,expression,standardized_feature,path_length[A],500,500,0,34.84908080490791,1.6086539654075513,34.89324540620339
orientation,0.75,power_primary-1ed275cc35f0,power_primary,population_standardized,expression,standardized_feature,path_length[B],500,500,0,35.00136887217422,1.492293257271159,35.02721044219084
orientation,0.75,power_primary-1ed275cc35f0,power_primary,population_standardized,expression,standardized_feature,shape,500,500,0,0.09210461490694376,0.0306138545399046,0.08892207490609272
orientation,0.75,power_primary-1ed275cc35f0,power_primary,population_standardized,joint,standardized_feature,angle,500,500,0,83.82715882450391,7.200297024630356,81.50863671236766
orientation,0.75,power_primary-1ed275cc35f0,power_primary,population_standardized,joint,standardized_feature,delta,500,500,0,2.2988133061737153,1.6484408709019447,1.996644746388995
orientation,0.75,power_primary-1ed275cc35f0,power_primary,population_standardized,joint,standardized_feature,path_length[A],500,500,0,74.6321486519954,2.9739031795351125,74.72243143249261
orientation,0.75,power_primary-1ed275cc35f0,power_primary,population_standardized,joint,standardized_feature,path_length[B],500,500,0,74.79753821602982,2.7604325194080648,74.7372182189408
orientation,0.75,power_primary-1ed275cc35f0,power_primary,population_standardized,joint,standardized_feature,shape,500,500,0,0.056835897928511306,0.019232747222712693,0.055307799040290866
orientation,0.75,power_primary-1ed275cc35f0,power_primary,population_standardized,methylation,standardized_feature,angle,500,500,0,80.942514476942,5.503313581509208,79.53511619446756
orientation,0.75,power_primary-1ed275cc35f0,power_primary,population_standardized,methylation,standardized_feature,delta,500,500,0,0.7272381881543166,0.5054008665230917,0.6433490543734663
orientation,0.75,power_primary-1ed275cc35f0,power_primary,population_standardized,methylation,standardized_feature,path_length[A],500,500,0,48.47546042991111,2.0243880018228113,48.46607197565206
orientation,0.75,power_primary-1ed275cc35f0,power_primary,population_standardized,methylation,standardized_feature,path_length[B],500,500,0,48.51064708213034,1.9966188146571184,48.556416791073765
orientation,0.75,power_primary-1ed275cc35f0,power_primary,population_standardized,methylation,standardized_feature,shape,500,500,0,0.023250899221469903,0.008937896981688776,0.022782898734421082
orientation,0.75,power_primary-1ed275cc35f0,power_primary,population_standardized,proteomics,standardized_feature,angle,500,500,0,85.54573249910132,7.64421847639959,84.41999295977143
orientation,0.75,power_primary-1ed275cc35f0,power_primary,population_standardized,proteomics,standardized_feature,delta,500,500,0,2.5027191593237292,1.9003488481050084,2.0542235495075403
orientation,0.75,power_primary-1ed275cc35f0,power_primary,population_standardized,proteomics,standardized_feature,path_length[A],500,500,0,44.71026935252477,2.2810038367150622,44.70973370216792
orientation,0.75,power_primary-1ed275cc35f0,power_primary,population_standardized,proteomics,standardized_feature,path_length[B],500,500,0,44.831644420604576,2.128768661220737,44.79962962007538
orientation,0.75,power_primary-1ed275cc35f0,power_primary,population_standardized,proteomics,standardized_feature,shape,500,500,0,0.10401221419539826,0.036407231243057794,0.09983409486530785
orientation,0.75,power_primary-1ed275cc35f0,power_primary,observed_standardized,expression,standardized_feature,angle,500,500,0,85.03364357132409,8.26955520313372,83.30788468530974
orientation,0.75,power_primary-1ed275cc35f0,power_primary,observed_standardized,expression,standardized_feature,delta,500,500,0,1.663299180339289,1.2023800771054083,1.4617617715279572
orientation,0.75,power_primary-1ed275cc35f0,power_primary,observed_standardized,expression,standardized_feature,path_length[A],500,500,0,34.953377023795085,1.6004278730318893,35.024959623072185
orientation,0.75,power_primary-1ed275cc35f0,power_primary,observed_standardized,expression,standardized_feature,path_length[B],500,500,0,35.087078069922306,1.498961650292945,35.103908429455856
orientation,0.75,power_primary-1ed275cc35f0,power_primary,observed_standardized,expression,standardized_feature,shape,500,500,0,0.09215207462945522,0.030178053034366718,0.08827521145431418
orientation,0.75,power_primary-1ed275cc35f0,power_primary,observed_standardized,joint,standardized_feature,angle,500,500,0,84.07301389764116,7.351534590487202,81.62003507338198
orientation,0.75,power_primary-1ed275cc35f0,power_primary,observed_standardized,joint,standardized_feature,delta,500,500,0,2.2873035606181493,1.6417852056566102,1.9741511101619125
orientation,0.75,power_primary-1ed275cc35f0,power_primary,observed_standardized,joint,standardized_feature,path_length[A],500,500,0,74.90364033671763,2.9510489431951976,74.96886358065538
orientation,0.75,power_primary-1ed275cc35f0,power_primary,observed_standardized,joint,standardized_feature,path_length[B],500,500,0,75.06043530055037,2.7491546479448905,75.0214778110863
orientation,0.75,power_primary-1ed275cc35f0,power_primary,observed_standardized,joint,standardized_feature,shape,500,500,0,0.05677152664576975,0.01916684878520941,0.05552777386599958
orientation,0.75,power_primary-1ed275cc35f0,power_primary,observed_standardized,methylation,standardized_feature,angle,500,500,0,81.52397860333943,6.060370765348085,79.8211597650768
orientation,0.75,power_primary-1ed275cc35f0,power_primary,observed_standardized,methylation,standardized_feature,delta,500,500,0,0.7375786033962791,0.5214265831264155,0.6428116180091124
orientation,0.75,power_primary-1ed275cc35f0,power_primary,observed_standardized,methylation,standardized_feature,path_length[A],500,500,0,48.758633967065926,2.0090793304745658,48.72374017467469
orientation,0.75,power_primary-1ed275cc35f0,power_primary,observed_standardized,methylation,standardized_feature,path_length[B],500,500,0,48.796380024771636,1.9900789505557608,48.77554514338526
orientation,0.75,power_primary-1ed275cc35f0,power_primary,observed_standardized,methylation,standardized_feature,shape,500,500,0,0.025096423556487557,0.009283338809574621,0.02439850966587335
orientation,0.75,power_primary-1ed275cc35f0,power_primary,observed_standardized,proteomics,standardized_feature,angle,500,500,0,85.7231945477887,7.715096352767275,84.53550216231389
orientation,0.75,power_primary-1ed275cc35f0,power_primary,observed_standardized,proteomics,standardized_feature,delta,500,500,0,2.5060891413607025,1.8963168861805477,2.046048433977205
orientation,0.75,power_primary-1ed275cc35f0,power_primary,observed_standardized,proteomics,standardized_feature,path_length[A],500,500,0,44.77430721957519,2.2758925578862237,44.753769736312506
orientation,0.75,power_primary-1ed275cc35f0,power_primary,observed_standardized,proteomics,standardized_feature,path_length[B],500,500,0,44.89357575510709,2.120646994404675,44.863812111361305
orientation,0.75,power_primary-1ed275cc35f0,power_primary,observed_standardized,proteomics,standardized_feature,shape,500,500,0,0.10399203822717833,0.03622617339569309,0.10043467221179292
orientation,0.75,power_primary-1ed275cc35f0,power_primary,pls_latent,joint,pls_latent,angle,500,500,0,61.45629176963776,40.66979879875146,52.2713421486673
orientation,0.75,power_primary-1ed275cc35f0,power_primary,pls_latent,joint,pls_latent,delta,500,500,0,2.9287936178770475,2.1060419528633973,2.54041526318181
orientation,0.75,power_primary-1ed275cc35f0,power_primary,pls_latent,joint,pls_latent,path_length[A],500,500,0,57.86585683870084,3.09002282438343,58.04779470129038
orientation,0.75,power_primary-1ed275cc35f0,power_primary,pls_latent,joint,pls_latent,path_length[B],500,500,0,58.04731818942896,2.9098918869454136,58.2126055555577
orientation,0.75,power_primary-1ed275cc35f0,power_primary,pls_latent,joint,pls_latent,shape,500,500,0,0.09502850544013765,0.0321576223178415,0.09304154417979658
orientation,1.0,power_primary-6533cca3cff6,power_primary,population_native,expression,native_omic_units,angle,500,500,0,90.07542641291317,4.531469441711974,90.038542305602
orientation,1.0,power_primary-6533cca3cff6,power_primary,population_native,expression,native_omic_units,delta,500,500,0,1.6036707386829476,1.1756848703999963,1.4182495696014215
orientation,1.0,power_primary-6533cca3cff6,power_primary,population_native,expression,native_omic_units,path_length[A],500,500,0,38.094006672512265,1.6683249866275307,38.094869042197594
orientation,1.0,power_primary-6533cca3cff6,power_primary,population_native,expression,native_omic_units,path_length[B],500,500,0,37.97917810144086,1.6235402635458287,38.0569144694243
orientation,1.0,power_primary-6533cca3cff6,power_primary,population_native,expression,native_omic_units,shape,500,500,0,0.09199587702524108,0.030193661663300193,0.09023607553409602
orientation,1.0,power_primary-6533cca3cff6,power_primary,population_native,methylation,native_omic_units,angle,500,500,0,90.0,3.180826134296277e-15,90.0
orientation,1.0,power_primary-6533cca3cff6,power_primary,population_native,methylation,native_omic_units,delta,500,500,0,0.0,0.0,0.0
orientation,1.0,power_primary-6533cca3cff6,power_primary,population_native,methylation,native_omic_units,path_length[A],500,500,0,48.58839642612972,1.9416903512447894,48.61219576003766
orientation,1.0,power_primary-6533cca3cff6,power_primary,population_native,methylation,native_omic_units,path_length[B],500,500,0,48.58839642612972,1.9416903512447894,48.61219576003766
orientation,1.0,power_primary-6533cca3cff6,power_primary,population_native,methylation,native_omic_units,shape,500,500,0,1.5820246081882858e-15,3.641419896331364e-16,1.5311083659517546e-15
orientation,1.0,power_primary-6533cca3cff6,power_primary,population_native,proteomics,native_omic_units,angle,500,500,0,90.33984746765661,4.850358870799035,90.22161267422501
orientation,1.0,power_primary-6533cca3cff6,power_primary,population_native,proteomics,native_omic_units,delta,500,500,0,2.096315117207236,1.5763426739393538,1.747286767147724
orientation,1.0,power_primary-6533cca3cff6,power_primary,population_native,proteomics,native_omic_units,path_length[A],500,500,0,42.224188356396326,2.045071257278377,42.27713074439798
orientation,1.0,power_primary-6533cca3cff6,power_primary,population_native,proteomics,native_omic_units,path_length[B],500,500,0,42.06962982886821,1.9668277337306816,42.11612439633549
orientation,1.0,power_primary-6533cca3cff6,power_primary,population_native,proteomics,native_omic_units,shape,500,500,0,0.10294068320663605,0.034042601339633015,0.10076871904633417
orientation,1.0,power_primary-6533cca3cff6,power_primary,population_standardized,expression,standardized_feature,angle,500,500,0,89.97843370537177,3.853793162271295,89.85660298090136
orientation,1.0,power_primary-6533cca3cff6,power_primary,population_standardized,expression,standardized_feature,delta,500,500,0,1.6934514342232552,1.281256725972374,1.3721265428648053
orientation,1.0,power_primary-6533cca3cff6,power_primary,population_standardized,expression,standardized_feature,path_length[A],500,500,0,35.27814153012725,1.5707768488537184,35.354223569426495
orientation,1.0,power_primary-6533cca3cff6,power_primary,population_standardized,expression,standardized_feature,path_length[B],500,500,0,35.14971441039326,1.5104124160486472,35.277102143877336
orientation,1.0,power_primary-6533cca3cff6,power_primary,population_standardized,expression,standardized_feature,shape,500,500,0,0.09673985046503367,0.030584625636223918,0.09588735148998609
orientation,1.0,power_primary-6533cca3cff6,power_primary,population_standardized,joint,standardized_feature,angle,500,500,0,90.06058289983596,2.194424405250754,89.92869060149475
orientation,1.0,power_primary-6533cca3cff6,power_primary,population_standardized,joint,standardized_feature,delta,500,500,0,2.3997306713933777,1.8161499515562614,2.0059340212792236
orientation,1.0,power_primary-6533cca3cff6,power_primary,population_standardized,joint,standardized_feature,path_length[A],500,500,0,76.30861553218904,2.9425061558823784,76.41790733803158
orientation,1.0,power_primary-6533cca3cff6,power_primary,population_standardized,joint,standardized_feature,path_length[B],500,500,0,76.17383316212594,2.873388668100786,76.4850614671085
orientation,1.0,power_primary-6533cca3cff6,power_primary,population_standardized,joint,standardized_feature,shape,500,500,0,0.05887649906529364,0.019439673576972946,0.05903029459642091
orientation,1.0,power_primary-6533cca3cff6,power_primary,population_standardized,methylation,standardized_feature,angle,500,500,0,90.0,4.968609256900582e-15,90.0
orientation,1.0,power_primary-6533cca3cff6,power_primary,population_standardized,methylation,standardized_feature,delta,500,500,0,0.8261526096327062,0.6064866543696237,0.7111702495865373
orientation,1.0,power_primary-6533cca3cff6,power_primary,population_standardized,methylation,standardized_feature,path_length[A],500,500,0,50.07380209965437,2.0726309065147697,50.031903445883394
orientation,1.0,power_primary-6533cca3cff6,power_primary,population_standardized,methylation,standardized_feature,path_length[B],500,500,0,50.11409598613959,2.1207197279407897,50.221988930584985
orientation,1.0,power_primary-6533cca3cff6,power_primary,population_standardized,methylation,standardized_feature,shape,500,500,0,0.023844226717806866,0.009423291435203898,0.023183823925834277
orientation,1.0,power_primary-6533cca3cff6,power_primary,population_standardized,proteomics,standardized_feature,angle,500,500,0,90.04604410455349,3.876487659960005,90.08163396893653
orientation,1.0,power_primary-6533cca3cff6,power_primary,population_standardized,proteomics,standardized_feature,delta,500,500,0,2.6751808267814856,2.0791614655822572,2.198741466016248
orientation,1.0,power_primary-6533cca3cff6,power_primary,population_standardized,proteomics,standardized_feature,path_length[A],500,500,0,45.43244433483461,2.2535940528504326,45.56120838352797
orientation,1.0,power_primary-6533cca3cff6,power_primary,population_standardized,proteomics,standardized_feature,path_length[B],500,500,0,45.258493268595906,2.211796514594568,45.30186593400613
orientation,1.0,power_primary-6533cca3cff6,power_primary,population_standardized,proteomics,standardized_feature,shape,500,500,0,0.10974091818338294,0.03645360684906614,0.10831128808088436
orientation,1.0,power_primary-6533cca3cff6,power_primary,observed_standardized,expression,standardized_feature,angle,500,500,0,90.07126077122226,3.835681033410801,89.89208502274957
orientation,1.0,power_primary-6533cca3cff6,power_primary,observed_standardized,expression,standardized_feature,delta,500,500,0,1.691883500102479,1.2747296211871282,1.422608189280652
orientation,1.0,power_primary-6533cca3cff6,power_primary,observed_standardized,expression,standardized_feature,path_length[A],500,500,0,35.37010324846324,1.5638590254339864,35.43787012781402
orientation,1.0,power_primary-6533cca3cff6,power_primary,observed_standardized,expression,standardized_feature,path_length[B],500,500,0,35.248929063549134,1.5107926200434214,35.31442780052501
orientation,1.0,power_primary-6533cca3cff6,power_primary,observed_standardized,expression,standardized_feature,shape,500,500,0,0.09647932509868927,0.0310062950319658,0.09532975231191576
orientation,1.0,power_primary-6533cca3cff6,power_primary,observed_standardized,joint,standardized_feature,angle,500,500,0,90.07697428080455,2.183109994031703,90.04866203958832
orientation,1.0,power_primary-6533cca3cff6,power_primary,observed_standardized,joint,standardized_feature,delta,500,500,0,2.4027577660622654,1.812156781121608,1.993995337930599
orientation,1.0,power_primary-6533cca3cff6,power_primary,observed_standardized,joint,standardized_feature,path_length[A],500,500,0,76.547011056142,2.9289562719886555,76.75344512812882
orientation,1.0,power_primary-6533cca3cff6,power_primary,observed_standardized,joint,standardized_feature,path_length[B],500,500,0,76.41832616928444,2.867567540119409,76.68370230523192
orientation,1.0,power_primary-6533cca3cff6,power_primary,observed_standardized,joint,standardized_feature,shape,500,500,0,0.058656877293272465,0.019416449529700543,0.058801006718380136
orientation,1.0,power_primary-6533cca3cff6,power_primary,observed_standardized,methylation,standardized_feature,angle,500,500,0,89.99264251864753,0.43160262437793606,90.00864773725296
orientation,1.0,power_primary-6533cca3cff6,power_primary,observed_standardized,methylation,standardized_feature,delta,500,500,0,0.8256711211091681,0.6304223611219316,0.6795205491977931
orientation,1.0,power_primary-6533cca3cff6,power_primary,observed_standardized,methylation,standardized_feature,path_length[A],500,500,0,50.31660024715884,2.063843493970226,50.23480228351826
orientation,1.0,power_primary-6533cca3cff6,power_primary,observed_standardized,methylation,standardized_feature,path_length[B],500,500,0,50.36257198051933,2.1119310294613074,50.47711952502026
orientation,1.0,power_primary-6533cca3cff6,power_primary,observed_standardized,methylation,standardized_feature,shape,500,500,0,0.025352180286782558,0.009995950259046076,0.02433971823602215
orientation,1.0,power_primary-6533cca3cff6,power_primary,observed_standardized,proteomics,standardized_feature,angle,500,500,0,90.118614156689,3.861577590064691,90.0995241480471
orientation,1.0,power_primary-6533cca3cff6,power_primary,observed_standardized,proteomics,standardized_feature,delta,500,500,0,2.67952367757452,2.08628365423866,2.2012541403099988
orientation,1.0,power_primary-6533cca3cff6,power_primary,observed_standardized,proteomics,standardized_feature,path_length[A],500,500,0,45.49330652820195,2.248875508461973,45.642458914104594
orientation,1.0,power_primary-6533cca3cff6,power_primary,observed_standardized,proteomics,standardized_feature,path_length[B],500,500,0,45.31743828006516,2.2135936166071497,45.38117968777028
orientation,1.0,power_primary-6533cca3cff6,power_primary,observed_standardized,proteomics,standardized_feature,shape,500,500,0,0.10940321848737694,0.036333230156971784,0.10795073343781493
orientation,1.0,power_primary-6533cca3cff6,power_primary,pls_latent,joint,pls_latent,angle,500,500,0,69.15270278868309,37.91169379836326,63.078606129691394
orientation,1.0,power_primary-6533cca3cff6,power_primary,pls_latent,joint,pls_latent,delta,500,500,0,3.2777159020555717,2.4190596415299086,2.7475938421749433
orientation,1.0,power_primary-6533cca3cff6,power_primary,pls_latent,joint,pls_latent,path_length[A],500,500,0,54.637993185923015,2.875568333406696,54.76120335142622
orientation,1.0,power_primary-6533cca3cff6,power_primary,pls_latent,joint,pls_latent,path_length[B],500,500,0,54.4600749416468,2.778587701213176,54.27095895976207
orientation,1.0,power_primary-6533cca3cff6,power_primary,pls_latent,joint,pls_latent,shape,500,500,0,0.11243008249552472,0.03816457562857026,0.11107229050642584
shape,0.25,power_primary-09a62cdd5554,power_primary,population_native,expression,native_omic_units,angle,500,500,0,33.90937652945725,32.73396392177613,25.710743208599283
shape,0.25,power_primary-09a62cdd5554,power_primary,population_native,expression,native_omic_units,delta,500,500,0,0.6715528196197537,0.5345630722708082,0.608897561523257
shape,0.25,power_primary-09a62cdd5554,power_primary,population_native,expression,native_omic_units,path_length[A],500,500,0,38.094006672512265,1.6683249866275307,38.094869042197594
shape,0.25,power_primary-09a62cdd5554,power_primary,population_native,expression,native_omic_units,path_length[B],500,500,0,38.41816259216054,1.6287276082853253,38.413981016310714
shape,0.25,power_primary-09a62cdd5554,power_primary,population_native,expression,native_omic_units,shape,500,500,0,0.03618493631935608,0.015686907766160697,0.03489774987207578
shape,0.25,power_primary-09a62cdd5554,power_primary,population_native,methylation,native_omic_units,angle,500,500,0,31.104462442319775,32.34278627296639,23.353447515436592
shape,0.25,power_primary-09a62cdd5554,power_primary,population_native,methylation,native_omic_units,delta,500,500,0,0.46609090946179177,0.31516137996135407,0.4747597647989181
shape,0.25,power_primary-09a62cdd5554,power_primary,population_native,methylation,native_omic_units,path_length[A],500,500,0,48.58839642612972,1.9416903512447894,48.61219576003766
shape,0.25,power_primary-09a62cdd5554,power_primary,population_native,methylation,native_omic_units,path_length[B],500,500,0,49.0544873355915,1.9706697588671342,49.06064954750016
shape,0.25,power_primary-09a62cdd5554,power_primary,population_native,methylation,native_omic_units,shape,500,500,0,0.01612440713964656,0.007946328709774728,0.016832490232027535
shape,0.25,power_primary-09a62cdd5554,power_primary,population_native,proteomics,native_omic_units,angle,500,500,0,35.962448900117145,35.74663500046332,26.133961830348817
shape,0.25,power_primary-09a62cdd5554,power_primary,population_native,proteomics,native_omic_units,delta,500,500,0,0.8406713932087785,0.6525266607486304,0.6733478094845076
shape,0.25,power_primary-09a62cdd5554,power_primary,population_native,proteomics,native_omic_units,path_length[A],500,500,0,42.224188356396326,2.045071257278377,42.27713074439798
shape,0.25,power_primary-09a62cdd5554,power_primary,population_native,proteomics,native_omic_units,path_length[B],500,500,0,42.571230411022746,1.9974407508366523,42.48979808159248
shape,0.25,power_primary-09a62cdd5554,power_primary,population_native,proteomics,native_omic_units,shape,500,500,0,0.03913953504356047,0.017648038543904225,0.03678476207579361
shape,0.25,power_primary-09a62cdd5554,power_primary,population_standardized,expression,standardized_feature,angle,500,500,0,42.55867030218991,36.480981105423986,34.91626578839191
shape,0.25,power_primary-09a62cdd5554,power_primary,population_standardized,expression,standardized_feature,delta,500,500,0,0.8425691530526189,0.6150302004191719,0.7019524032858548
shape,0.25,power_primary-09a62cdd5554,power_primary,population_standardized,expression,standardized_feature,path_length[A],500,500,0,33.25001874806198,1.5230427825061184,33.32735726671949
shape,0.25,power_primary-09a62cdd5554,power_primary,population_standardized,expression,standardized_feature,path_length[B],500,500,0,33.67343768312088,1.4847902441533665,33.78434288729904
shape,0.25,power_primary-09a62cdd5554,power_primary,population_standardized,expression,standardized_feature,shape,500,500,0,0.03966988597190657,0.017587033534574577,0.03729743317944842
shape,0.25,power_primary-09a62cdd5554,power_primary,population_standardized,joint,standardized_feature,angle,500,500,0,41.463837771526606,33.711663985614756,36.43091113495378
shape,0.25,power_primary-09a62cdd5554,power_primary,population_standardized,joint,standardized_feature,delta,500,500,0,1.4308819180015278,1.0103237366514506,1.305005158340876
shape,0.25,power_primary-09a62cdd5554,power_primary,population_standardized,joint,standardized_feature,path_length[A],500,500,0,69.12349196452818,2.8021132487386082,69.2773370555676
shape,0.25,power_primary-09a62cdd5554,power_primary,population_standardized,joint,standardized_feature,path_length[B],500,500,0,70.12248151695555,2.786801162574687,70.14548398126657
shape,0.25,power_primary-09a62cdd5554,power_primary,population_standardized,joint,standardized_feature,shape,500,500,0,0.029517146802770386,0.013629803688235098,0.027511038004919365
shape,0.25,power_primary-09a62cdd5554,power_primary,population_standardized,methylation,standardized_feature,angle,500,500,0,41.01163454461907,32.43787802048145,37.551465063279736
shape,0.25,power_primary-09a62cdd5554,power_primary,population_standardized,methylation,standardized_feature,delta,500,500,0,0.71834518243914,0.44898484706726743,0.687601034024734
shape,0.25,power_primary-09a62cdd5554,power_primary,population_standardized,methylation,standardized_feature,path_length[A],500,500,0,43.784749345394516,1.8181054611181375,43.770853983664196
shape,0.25,power_primary-09a62cdd5554,power_primary,population_standardized,methylation,standardized_feature,path_length[B],500,500,0,44.46312709685271,1.823460993153564,44.49839749120902
shape,0.25,power_primary-09a62cdd5554,power_primary,population_standardized,methylation,standardized_feature,shape,500,500,0,0.020833956947027298,0.009928496508606827,0.02024964431131939
shape,0.25,power_primary-09a62cdd5554,power_primary,population_standardized,proteomics,standardized_feature,angle,500,500,0,43.57651874405537,35.077690835484056,36.32489461072039
shape,0.25,power_primary-09a62cdd5554,power_primary,population_standardized,proteomics,standardized_feature,delta,500,500,0,1.3244219390026837,1.0036895704516127,1.146607907732637
shape,0.25,power_primary-09a62cdd5554,power_primary,population_standardized,proteomics,standardized_feature,path_length[A],500,500,0,41.83706810624225,2.112418162427532,41.92477610486145
shape,0.25,power_primary-09a62cdd5554,power_primary,population_standardized,proteomics,standardized_feature,path_length[B],500,500,0,42.44100456956806,2.1113955475795287,42.42734462836724
shape,0.25,power_primary-09a62cdd5554,power_primary,population_standardized,proteomics,standardized_feature,shape,500,500,0,0.045411530597218,0.022173746028691987,0.04218389750997489
shape,0.25,power_primary-09a62cdd5554,power_primary,observed_standardized,expression,standardized_feature,angle,500,500,0,43.978279602423804,35.78077431896137,35.424417288805586
shape,0.25,power_primary-09a62cdd5554,power_primary,observed_standardized,expression,standardized_feature,delta,500,500,0,0.8385596383290834,0.6146892634701732,0.6946373739503748
shape,0.25,power_primary-09a62cdd5554,power_primary,observed_standardized,expression,standardized_feature,path_length[A],500,500,0,33.38416104083968,1.5099418045392958,33.472082361453545
shape,0.25,power_primary-09a62cdd5554,power_primary,observed_standardized,expression,standardized_feature,path_length[B],500,500,0,33.794625118700544,1.474399936912602,33.856650592432295
shape,0.25,power_primary-09a62cdd5554,power_primary,observed_standardized,expression,standardized_feature,shape,500,500,0,0.040745195076447076,0.017609091895078675,0.038470792921091214
shape,0.25,power_primary-09a62cdd5554,power_primary,observed_standardized,joint,standardized_feature,angle,500,500,0,42.84251036350207,32.875814656447965,37.257622515561316
shape,0.25,power_primary-09a62cdd5554,power_primary,observed_standardized,joint,standardized_feature,delta,500,500,0,1.420024764874721,1.0223153162914878,1.2953808517053602
shape,0.25,power_primary-09a62cdd5554,power_primary,observed_standardized,joint,standardized_feature,path_length[A],500,500,0,69.49215526673215,2.7817354417699267,69.64337837508859
shape,0.25,power_primary-09a62cdd5554,power_primary,observed_standardized,joint,standardized_feature,path_length[B],500,500,0,70.4768997709471,2.7639245794644283,70.54076507660687
shape,0.25,power_primary-09a62cdd5554,power_primary,observed_standardized,joint,standardized_feature,shape,500,500,0,0.029874065356559062,0.013343448773717367,0.02826716773440607
shape,0.25,power_primary-09a62cdd5554,power_primary,observed_standardized,methylation,standardized_feature,angle,500,500,0,47.01418179236994,35.948761394362165,39.16978150490408
shape,0.25,power_primary-09a62cdd5554,power_primary,observed_standardized,methylation,standardized_feature,delta,500,500,0,0.7332241900285564,0.48004454758166254,0.6843550269367533
shape,0.25,power_primary-09a62cdd5554,power_primary,observed_standardized,methylation,standardized_feature,path_length[A],500,500,0,44.155873573806986,1.805990348046798,44.14401903036834
shape,0.25,power_primary-09a62cdd5554,power_primary,observed_standardized,methylation,standardized_feature,path_length[B],500,500,0,44.82608923767486,1.8068349029751682,44.84927729539036
shape,0.25,power_primary-09a62cdd5554,power_primary,observed_standardized,methylation,standardized_feature,shape,500,500,0,0.024288928047494947,0.009817051093036842,0.023227517813804714
shape,0.25,power_primary-09a62cdd5554,power_primary,observed_standardized,proteomics,standardized_feature,angle,500,500,0,44.831957979612284,35.21924869224747,36.87640897322848
shape,0.25,power_primary-09a62cdd5554,power_primary,observed_standardized,proteomics,standardized_feature,delta,500,500,0,1.3263225014094517,1.0064655282392565,1.1544636521984941
shape,0.25,power_primary-09a62cdd5554,power_primary,observed_standardized,proteomics,standardized_feature,path_length[A],500,500,0,41.950416809910934,2.101168165093485,42.08253883140992
shape,0.25,power_primary-09a62cdd5554,power_primary,observed_standardized,proteomics,standardized_feature,path_length[B],500,500,0,42.54934732225719,2.101873426014365,42.538937465934595
shape,0.25,power_primary-09a62cdd5554,power_primary,observed_standardized,proteomics,standardized_feature,shape,500,500,0,0.045773604442038894,0.022003805200124914,0.043095185677148096
shape,0.25,power_primary-09a62cdd5554,power_primary,pls_latent,joint,pls_latent,angle,500,500,0,21.498246730758755,31.46507534092181,11.074690475768232
shape,0.25,power_primary-09a62cdd5554,power_primary,pls_latent,joint,pls_latent,delta,500,500,0,1.4692953754047273,1.0718755511876454,1.3342718939218372
shape,0.25,power_primary-09a62cdd5554,power_primary,pls_latent,joint,pls_latent,path_length[A],500,500,0,66.17747144617319,4.381773010484116,66.93155231023388
shape,0.25,power_primary-09a62cdd5554,power_primary,pls_latent,joint,pls_latent,path_length[B],500,500,0,67.1785402241248,4.4277021634141285,67.83348677527617
shape,0.25,power_primary-09a62cdd5554,power_primary,pls_latent,joint,pls_latent,shape,500,500,0,0.032713145891502024,0.015280724266361298,0.030663904940801272
shape,0.5,power_primary-b940c368477e,power_primary,population_native,expression,native_omic_units,angle,500,500,0,49.96847700387409,35.427371552452804,41.66911033294035
shape,0.5,power_primary-b940c368477e,power_primary,population_native,expression,native_omic_units,delta,500,500,0,1.069144762092777,0.8431045062638619,0.9155493255770182
shape,0.5,power_primary-b940c368477e,power_primary,population_native,expression,native_omic_units,path_length[A],500,500,0,38.094006672512265,1.6683249866275307,38.094869042197594
shape,0.5,power_primary-b940c368477e,power_primary,population_native,expression,native_omic_units,path_length[B],500,500,0,38.74240249082892,1.6283126285152862,38.834607092071046
shape,0.5,power_primary-b940c368477e,power_primary,population_native,expression,native_omic_units,shape,500,500,0,0.05272000541698386,0.022014093509900006,0.05018231669578753
shape,0.5,power_primary-b940c368477e,power_primary,population_native,methylation,native_omic_units,angle,500,500,0,45.07871919387655,34.02680298701017,39.572373901585394
shape,0.5,power_primary-b940c368477e,power_primary,population_native,methylation,native_omic_units,delta,500,500,0,0.9263311013273661,0.4643164206249553,0.9303212019741878
shape,0.5,power_primary-b940c368477e,power_primary,population_native,methylation,native_omic_units,path_length[A],500,500,0,48.58839642612972,1.9416903512447894,48.61219576003766
shape,0.5,power_primary-b940c368477e,power_primary,population_native,methylation,native_omic_units,path_length[B],500,500,0,49.514727527457026,2.0232452270803454,49.54319412178363
shape,0.5,power_primary-b940c368477e,power_primary,population_native,methylation,native_omic_units,shape,500,500,0,0.026744468908292705,0.010120399725279205,0.026709029501483118
shape,0.5,power_primary-b940c368477e,power_primary,population_native,proteomics,native_omic_units,angle,500,500,0,47.46438100190774,35.149614271343964,39.88659126204557
shape,0.5,power_primary-b940c368477e,power_primary,population_native,proteomics,native_omic_units,delta,500,500,0,1.228632025391419,0.9737450847063918,1.0638128233968587
shape,0.5,power_primary-b940c368477e,power_primary,population_native,proteomics,native_omic_units,path_length[A],500,500,0,42.224188356396326,2.045071257278377,42.27713074439798
shape,0.5,power_primary-b940c368477e,power_primary,population_native,proteomics,native_omic_units,path_length[B],500,500,0,42.88486146706106,2.0283096961769105,42.97453259792228
shape,0.5,power_primary-b940c368477e,power_primary,population_native,proteomics,native_omic_units,shape,500,500,0,0.05572562105214671,0.02422896614936991,0.05154441346896168
shape,0.5,power_primary-b940c368477e,power_primary,population_standardized,expression,standardized_feature,angle,500,500,0,60.666762467597216,32.9725116477924,55.07158177014577
shape,0.5,power_primary-b940c368477e,power_primary,population_standardized,expression,standardized_feature,delta,500,500,0,1.2904716363833886,0.9955522192230578,1.0846174516434957
shape,0.5,power_primary-b940c368477e,power_primary,population_standardized,expression,standardized_feature,path_length[A],500,500,0,33.4933999590063,1.5619301957288758,33.59065818976644
shape,0.5,power_primary-b940c368477e,power_primary,population_standardized,expression,standardized_feature,path_length[B],500,500,0,34.31997464620202,1.5471878982136897,34.39668005736678
shape,0.5,power_primary-b940c368477e,power_primary,population_standardized,expression,standardized_feature,shape,500,500,0,0.05728840766937992,0.025833291326100953,0.05507281833293154
shape,0.5,power_primary-b940c368477e,power_primary,population_standardized,joint,standardized_feature,angle,500,500,0,61.83021394859156,31.025062240208467,56.52592055280534
shape,0.5,power_primary-b940c368477e,power_primary,population_standardized,joint,standardized_feature,delta,500,500,0,2.2364898228007983,1.6120334415119706,1.985065864370661
shape,0.5,power_primary-b940c368477e,power_primary,population_standardized,joint,standardized_feature,path_length[A],500,500,0,69.88933443282806,2.8759981882426224,69.95621619966215
shape,0.5,power_primary-b940c368477e,power_primary,population_standardized,joint,standardized_feature,path_length[B],500,500,0,71.751243367441,2.913896390335489,71.84219643962138
shape,0.5,power_primary-b940c368477e,power_primary,population_standardized,joint,standardized_feature,shape,500,500,0,0.043077299123922046,0.019202138666591484,0.04094547887896265
shape,0.5,power_primary-b940c368477e,power_primary,population_standardized,methylation,standardized_feature,angle,500,500,0,59.68385884509398,29.56268405976554,56.71425179188152
shape,0.5,power_primary-b940c368477e,power_primary,population_standardized,methylation,standardized_feature,delta,500,500,0,1.2944110925063137,0.7194083828283596,1.2657292551627215
shape,0.5,power_primary-b940c368477e,power_primary,population_standardized,methylation,standardized_feature,path_length[A],500,500,0,44.362745178494976,1.844711438776934,44.35071689296878
shape,0.5,power_primary-b940c368477e,power_primary,population_standardized,methylation,standardized_feature,path_length[B],500,500,0,45.629962452552995,1.9320909446586447,45.68079547183201
shape,0.5,power_primary-b940c368477e,power_primary,population_standardized,methylation,standardized_feature,shape,500,500,0,0.03345547845077234,0.014635721802438356,0.03231406718011922
shape,0.5,power_primary-b940c368477e,power_primary,population_standardized,proteomics,standardized_feature,angle,500,500,0,60.77856788881386,32.119376820657315,55.27817516819278
shape,0.5,power_primary-b940c368477e,power_primary,population_standardized,proteomics,standardized_feature,delta,500,500,0,1.8492316138812699,1.418386865644163,1.6113110814861251
shape,0.5,power_primary-b940c368477e,power_primary,population_standardized,proteomics,standardized_feature,path_length[A],500,500,0,42.30191563990805,2.184416985163256,42.41211301819323
shape,0.5,power_primary-b940c368477e,power_primary,population_standardized,proteomics,standardized_feature,path_length[B],500,500,0,43.39061024663804,2.2095609631472817,43.449487993973904
shape,0.5,power_primary-b940c368477e,power_primary,population_standardized,proteomics,standardized_feature,shape,500,500,0,0.06173185454359739,0.02849521767846953,0.05651790574830462
shape,0.5,power_primary-b940c368477e,power_primary,observed_standardized,expression,standardized_feature,angle,500,500,0,61.0731728290503,31.815129287889178,55.20289780834367
shape,0.5,power_primary-b940c368477e,power_primary,observed_standardized,expression,standardized_feature,delta,500,500,0,1.2844903753480614,0.9998936660222836,1.070360359447191
shape,0.5,power_primary-b940c368477e,power_primary,observed_standardized,expression,standardized_feature,path_length[A],500,500,0,33.628592975688555,1.5530926528368307,33.69689800731975
shape,0.5,power_primary-b940c368477e,power_primary,observed_standardized,expression,standardized_feature,path_length[B],500,500,0,34.42968690852407,1.5414551270746206,34.548079342983016
shape,0.5,power_primary-b940c368477e,power_primary,observed_standardized,expression,standardized_feature,shape,500,500,0,0.057687795580146535,0.025452151193990042,0.054909510840142506
shape,0.5,power_primary-b940c368477e,power_primary,observed_standardized,joint,standardized_feature,angle,500,500,0,62.966071096255504,30.971108748617667,56.79645735586962
shape,0.5,power_primary-b940c368477e,power_primary,observed_standardized,joint,standardized_feature,delta,500,500,0,2.2328191390429213,1.623803767541863,1.9843398550821263
shape,0.5,power_primary-b940c368477e,power_primary,observed_standardized,joint,standardized_feature,path_length[A],500,500,0,70.22695134239696,2.8464932983384665,70.34469304485512
shape,0.5,power_primary-b940c368477e,power_primary,observed_standardized,joint,standardized_feature,path_length[B],500,500,0,72.07870868587852,2.9014278943318357,72.11533424526056
shape,0.5,power_primary-b940c368477e,power_primary,observed_standardized,joint,standardized_feature,shape,500,500,0,0.0431644736464548,0.018819449905113795,0.0412609532911026
shape,0.5,power_primary-b940c368477e,power_primary,observed_standardized,methylation,standardized_feature,angle,500,500,0,62.07970392277539,29.61110153834458,57.37963413591713
shape,0.5,power_primary-b940c368477e,power_primary,observed_standardized,methylation,standardized_feature,delta,500,500,0,1.309890897362981,0.7600120094212598,1.2501953792857705
shape,0.5,power_primary-b940c368477e,power_primary,observed_standardized,methylation,standardized_feature,path_length[A],500,500,0,44.69943093256413,1.814609373109016,44.656468201647556
shape,0.5,power_primary-b940c368477e,power_primary,observed_standardized,methylation,standardized_feature,path_length[B],500,500,0,45.972332550074135,1.9184256150576253,45.92348297112521
shape,0.5,power_primary-b940c368477e,power_primary,observed_standardized,methylation,standardized_feature,shape,500,500,0,0.03542273641806006,0.014575111638779432,0.03410483853953146
shape,0.5,power_primary-b940c368477e,power_primary,observed_standardized,proteomics,standardized_feature,angle,500,500,0,61.70911427518764,32.18795661392357,55.74190716264215
shape,0.5,power_primary-b940c368477e,power_primary,observed_standardized,proteomics,standardized_feature,delta,500,500,0,1.8584648601794567,1.4121035946368,1.6246709137562156
shape,0.5,power_primary-b940c368477e,power_primary,observed_standardized,proteomics,standardized_feature,path_length[A],500,500,0,42.39860231353866,2.1794259063921086,42.49274092533483
shape,0.5,power_primary-b940c368477e,power_primary,observed_standardized,proteomics,standardized_feature,path_length[B],500,500,0,43.485301169639335,2.1937558819039364,43.487840544816365
shape,0.5,power_primary-b940c368477e,power_primary,observed_standardized,proteomics,standardized_feature,shape,500,500,0,0.061792758521595756,0.02845954261766537,0.05695271396813836
shape,0.5,power_primary-b940c368477e,power_primary,pls_latent,joint,pls_latent,angle,500,500,0,30.134628971569246,37.41184641555523,15.168641183606159
shape,0.5,power_primary-b940c368477e,power_primary,pls_latent,joint,pls_latent,delta,500,500,0,2.4387043933776638,1.775848631537419,2.1564464818010443
shape,0.5,power_primary-b940c368477e,power_primary,pls_latent,joint,pls_latent,path_length[A],500,500,0,65.20785634721639,3.815443598090967,65.6577867403504
shape,0.5,power_primary-b940c368477e,power_primary,pls_latent,joint,pls_latent,path_length[B],500,500,0,67.2312971182785,3.9400501560551224,67.72974295674118
shape,0.5,power_primary-b940c368477e,power_primary,pls_latent,joint,pls_latent,shape,500,500,0,0.05209412685819129,0.023855674478880134,0.04872677362725709
shape,0.75,power_primary-06f4766977e1,power_primary,population_native,expression,native_omic_units,angle,500,500,0,55.73266504808123,32.06771144083121,52.2039393372015
shape,0.75,power_primary-06f4766977e1,power_primary,population_native,expression,native_omic_units,delta,500,500,0,1.3328578866530434,0.9794482278897103,1.197589578382967
shape,0.75,power_primary-06f4766977e1,power_primary,population_native,expression,native_omic_units,path_length[A],500,500,0,38.094006672512265,1.6683249866275307,38.094869042197594
shape,0.75,power_primary-06f4766977e1,power_primary,population_native,expression,native_omic_units,path_length[B],500,500,0,39.02854608137673,1.5970837989386895,39.02299431963999
shape,0.75,power_primary-06f4766977e1,power_primary,population_native,expression,native_omic_units,shape,500,500,0,0.06273250549513343,0.028132035332415734,0.059208345460640875
shape,0.75,power_primary-06f4766977e1,power_primary,population_native,methylation,native_omic_units,angle,500,500,0,55.894590763946695,33.40091840782865,55.404522301330445
shape,0.75,power_primary-06f4766977e1,power_primary,population_native,methylation,native_omic_units,delta,500,500,0,1.3321067983986719,0.5566243602356903,1.2682601960779571
shape,0.75,power_primary-06f4766977e1,power_primary,population_native,methylation,native_omic_units,path_length[A],500,500,0,48.58839642612972,1.9416903512447894,48.61219576003766
shape,0.75,power_primary-06f4766977e1,power_primary,population_native,methylation,native_omic_units,path_length[B],500,500,0,49.92050322452835,2.043224603636379,49.87121296874041
shape,0.75,power_primary-06f4766977e1,power_primary,population_native,methylation,native_omic_units,shape,500,500,0,0.035914177281266405,0.011518409583880946,0.03509586831803804
shape,0.75,power_primary-06f4766977e1,power_primary,population_native,proteomics,native_omic_units,angle,500,500,0,53.502905248914615,32.22818465215435,49.28816889574766
shape,0.75,power_primary-06f4766977e1,power_primary,population_native,proteomics,native_omic_units,delta,500,500,0,1.529022410897812,1.1700132607498661,1.2895870870047688
shape,0.75,power_primary-06f4766977e1,power_primary,population_native,proteomics,native_omic_units,path_length[A],500,500,0,42.224188356396326,2.045071257278377,42.27713074439798
shape,0.75,power_primary-06f4766977e1,power_primary,population_native,proteomics,native_omic_units,path_length[B],500,500,0,43.26068838760576,1.9967705811231413,43.34109048078048
shape,0.75,power_primary-06f4766977e1,power_primary,population_native,proteomics,native_omic_units,shape,500,500,0,0.06634580514879616,0.029715242866252354,0.06246395777361904
shape,0.75,power_primary-06f4766977e1,power_primary,population_standardized,expression,standardized_feature,angle,500,500,0,69.5929730931632,27.918061872758905,67.444660969006
shape,0.75,power_primary-06f4766977e1,power_primary,population_standardized,expression,standardized_feature,delta,500,500,0,1.6037763353328938,1.1536033889215067,1.4090196207415921
shape,0.75,power_primary-06f4766977e1,power_primary,population_standardized,expression,standardized_feature,path_length[A],500,500,0,33.74436366956498,1.5691628132758975,33.87724296613544
shape,0.75,power_primary-06f4766977e1,power_primary,population_standardized,expression,standardized_feature,path_length[B],500,500,0,34.898866781202095,1.566355806644009,34.91747838216752
shape,0.75,power_primary-06f4766977e1,power_primary,population_standardized,expression,standardized_feature,shape,500,500,0,0.06760012409053921,0.03102396858526757,0.06394976323065582
shape,0.75,power_primary-06f4766977e1,power_primary,population_standardized,joint,standardized_feature,angle,500,500,0,73.08954819781084,23.441814213106536,69.45396937428717
shape,0.75,power_primary-06f4766977e1,power_primary,population_standardized,joint,standardized_feature,delta,500,500,0,2.999180544285921,1.9943488448140843,2.736064146697956
shape,0.75,power_primary-06f4766977e1,power_primary,population_standardized,joint,standardized_feature,path_length[A],500,500,0,70.61973516585509,2.8942349579179094,70.80608022190472
shape,0.75,power_primary-06f4766977e1,power_primary,population_standardized,joint,standardized_feature,path_length[B],500,500,0,73.32096668092355,2.966321804759513,73.31577052713824
shape,0.75,power_primary-06f4766977e1,power_primary,population_standardized,joint,standardized_feature,shape,500,500,0,0.053029702443385,0.024062425149600917,0.050061523118724596
shape,0.75,power_primary-06f4766977e1,power_primary,population_standardized,methylation,standardized_feature,angle,500,500,0,72.91462988712301,22.757007975483226,69.32788833780417
shape,0.75,power_primary-06f4766977e1,power_primary,population_standardized,methylation,standardized_feature,delta,500,500,0,1.8379428273860854,0.9046876072402315,1.8156461651203095
shape,0.75,power_primary-06f4766977e1,power_primary,population_standardized,methylation,standardized_feature,path_length[A],500,500,0,44.90864523563014,1.8966291639333142,44.96106469927414
shape,0.75,power_primary-06f4766977e1,power_primary,population_standardized,methylation,standardized_feature,path_length[B],500,500,0,46.73142617041652,1.9987067580916797,46.68350382553584
shape,0.75,power_primary-06f4766977e1,power_primary,population_standardized,methylation,standardized_feature,shape,500,500,0,0.04428162299115352,0.017963412576768766,0.04370043797475079
shape,0.75,power_primary-06f4766977e1,power_primary,population_standardized,proteomics,standardized_feature,angle,500,500,0,71.7707226567188,25.67173248788199,68.91675658824389
shape,0.75,power_primary-06f4766977e1,power_primary,population_standardized,proteomics,standardized_feature,delta,500,500,0,2.3127831952008395,1.772860034345212,1.8311069427512479
shape,0.75,power_primary-06f4766977e1,power_primary,population_standardized,proteomics,standardized_feature,path_length[A],500,500,0,42.733907922356366,2.19658577455741,42.86753797579615
shape,0.75,power_primary-06f4766977e1,power_primary,population_standardized,proteomics,standardized_feature,path_length[B],500,500,0,44.36650456855477,2.2635780246032953,44.44483913373264
shape,0.75,power_primary-06f4766977e1,power_primary,population_standardized,proteomics,standardized_feature,shape,500,500,0,0.07303658847464338,0.03540953363734546,0.06888123804945027
shape,0.75,power_primary-06f4766977e1,power_primary,observed_standardized,expression,standardized_feature,angle,500,500,0,69.06572067682094,27.22987244343934,67.80420069839181
shape,0.75,power_primary-06f4766977e1,power_primary,observed_standardized,expression,standardized_feature,delta,500,500,0,1.6066042609198095,1.1671305532457847,1.410881293630549
shape,0.75,power_primary-06f4766977e1,power_primary,observed_standardized,expression,standardized_feature,path_length[A],500,500,0,33.867700201804055,1.5699980427890994,33.99960742225775
shape,0.75,power_primary-06f4766977e1,power_primary,observed_standardized,expression,standardized_feature,path_length[B],500,500,0,35.018455620470405,1.565136814524552,35.07821206193954
shape,0.75,power_primary-06f4766977e1,power_primary,observed_standardized,expression,standardized_feature,shape,500,500,0,0.06806506396141337,0.030849336564148094,0.06307945178771018
shape,0.75,power_primary-06f4766977e1,power_primary,observed_standardized,joint,standardized_feature,angle,500,500,0,72.91466798703446,22.86950149537621,69.8017320505579
shape,0.75,power_primary-06f4766977e1,power_primary,observed_standardized,joint,standardized_feature,delta,500,500,0,2.988555262043808,1.9704476130729558,2.7264717152226865
shape,0.75,power_primary-06f4766977e1,power_primary,observed_standardized,joint,standardized_feature,path_length[A],500,500,0,70.95906009071975,2.869273185863208,71.11530258205943
shape,0.75,power_primary-06f4766977e1,power_primary,observed_standardized,joint,standardized_feature,path_length[B],500,500,0,73.64692963536764,2.9424579438036336,73.73161839944825
shape,0.75,power_primary-06f4766977e1,power_primary,observed_standardized,joint,standardized_feature,shape,500,500,0,0.05298911914736973,0.0236660043366701,0.0500109332382192
shape,0.75,power_primary-06f4766977e1,power_primary,observed_standardized,methylation,standardized_feature,angle,500,500,0,73.20030086298802,22.312554479254228,69.80776958531186
shape,0.75,power_primary-06f4766977e1,power_primary,observed_standardized,methylation,standardized_feature,delta,500,500,0,1.818196911061997,0.9216137740051343,1.8016610567401834
shape,0.75,power_primary-06f4766977e1,power_primary,observed_standardized,methylation,standardized_feature,path_length[A],500,500,0,45.25661116296312,1.8785257014888272,45.28928967655261
shape,0.75,power_primary-06f4766977e1,power_primary,observed_standardized,methylation,standardized_feature,path_length[B],500,500,0,47.061215159652974,1.9791344768855432,47.04627847175636
shape,0.75,power_primary-06f4766977e1,power_primary,observed_standardized,methylation,standardized_feature,shape,500,500,0,0.04536732206329612,0.01737733042784823,0.04488264957903361
shape,0.75,power_primary-06f4766977e1,power_primary,observed_standardized,proteomics,standardized_feature,angle,500,500,0,72.12686901249229,25.668524079351716,69.19011773743736
shape,0.75,power_primary-06f4766977e1,power_primary,observed_standardized,proteomics,standardized_feature,delta,500,500,0,2.3214980011921655,1.7625553522149235,1.8527389530376688
shape,0.75,power_primary-06f4766977e1,power_primary,observed_standardized,proteomics,standardized_feature,path_length[A],500,500,0,42.83003065672958,2.188417467237133,42.94313405925193
shape,0.75,power_primary-06f4766977e1,power_primary,observed_standardized,proteomics,standardized_feature,path_length[B],500,500,0,44.46315004960217,2.2514179307872273,44.573564254619896
shape,0.75,power_primary-06f4766977e1,power_primary,observed_standardized,proteomics,standardized_feature,shape,500,500,0,0.07301612657032898,0.035137009584238134,0.06912585535104039
shape,0.75,power_primary-06f4766977e1,power_primary,pls_latent,joint,pls_latent,angle,500,500,0,27.583069432727292,32.47054259912558,15.188299893393511
shape,0.75,power_primary-06f4766977e1,power_primary,pls_latent,joint,pls_latent,delta,500,500,0,3.3963628185548087,2.2570376333818527,3.091990870136115
shape,0.75,power_primary-06f4766977e1,power_primary,pls_latent,joint,pls_latent,path_length[A],500,500,0,64.20467224659666,3.2515209305342596,64.45141215200238
shape,0.75,power_primary-06f4766977e1,power_primary,pls_latent,joint,pls_latent,path_length[B],500,500,0,67.25810657223202,3.335512495384779,67.6160592468329
shape,0.75,power_primary-06f4766977e1,power_primary,pls_latent,joint,pls_latent,shape,500,500,0,0.0703042237937716,0.033469119305536796,0.06669125061791828
shape,1.0,power_primary-3f2eccb585e5,power_primary,population_native,expression,native_omic_units,angle,500,500,0,62.695633150694896,29.46873372237068,63.893771676679265
shape,1.0,power_primary-3f2eccb585e5,power_primary,population_native,expression,native_omic_units,delta,500,500,0,1.6493022242572,1.1553913175620987,1.4648416125391037
shape,1.0,power_primary-3f2eccb585e5,power_primary,population_native,expression,native_omic_units,path_length[A],500,500,0,38.094006672512265,1.6683249866275307,38.094869042197594
shape,1.0,power_primary-3f2eccb585e5,power_primary,population_native,expression,native_omic_units,path_length[B],500,500,0,39.397427551984975,1.612038694697109,39.413284061520955
shape,1.0,power_primary-3f2eccb585e5,power_primary,population_native,expression,native_omic_units,shape,500,500,0,0.07306833135086721,0.030422373569997628,0.07025036237172472
shape,1.0,power_primary-3f2eccb585e5,power_primary,population_native,methylation,native_omic_units,angle,500,500,0,63.88601994330228,29.748354674312107,68.40644606701738
shape,1.0,power_primary-3f2eccb585e5,power_primary,population_native,methylation,native_omic_units,delta,500,500,0,1.7727989415743743,0.6686994998477668,1.7034717244100577
shape,1.0,power_primary-3f2eccb585e5,power_primary,population_native,methylation,native_omic_units,path_length[A],500,500,0,48.58839642612972,1.9416903512447894,48.61219576003766
shape,1.0,power_primary-3f2eccb585e5,power_primary,population_native,methylation,native_omic_units,path_length[B],500,500,0,50.36119536770407,2.0974986184405138,50.43359264330557
shape,1.0,power_primary-3f2eccb585e5,power_primary,population_native,methylation,native_omic_units,shape,500,500,0,0.045444444399227485,0.013101215426279015,0.04483936843088607
shape,1.0,power_primary-3f2eccb585e5,power_primary,population_native,proteomics,native_omic_units,angle,500,500,0,61.5248343244325,29.955682679022857,61.056087767619275
shape,1.0,power_primary-3f2eccb585e5,power_primary,population_native,proteomics,native_omic_units,delta,500,500,0,1.9145837951294915,1.343885971484596,1.6509836293392368
shape,1.0,power_primary-3f2eccb585e5,power_primary,population_native,proteomics,native_omic_units,path_length[A],500,500,0,42.224188356396326,2.045071257278377,42.27713074439798
shape,1.0,power_primary-3f2eccb585e5,power_primary,population_native,proteomics,native_omic_units,path_length[B],500,500,0,43.67479414614694,1.9575471538124458,43.73926863710331
shape,1.0,power_primary-3f2eccb585e5,power_primary,population_native,proteomics,native_omic_units,shape,500,500,0,0.07823289429047896,0.03285317476915951,0.07464809291574825
shape,1.0,power_primary-3f2eccb585e5,power_primary,population_standardized,expression,standardized_feature,angle,500,500,0,77.90713177969684,21.41781793675024,78.54547424385495
shape,1.0,power_primary-3f2eccb585e5,power_primary,population_standardized,expression,standardized_feature,delta,500,500,0,1.977796008254238,1.364083040721507,1.7857162495615029
shape,1.0,power_primary-3f2eccb585e5,power_primary,population_standardized,expression,standardized_feature,path_length[A],500,500,0,33.94155398126303,1.6010990923465411,34.06059227957513
shape,1.0,power_primary-3f2eccb585e5,power_primary,population_standardized,expression,standardized_feature,path_length[B],500,500,0,35.58217652925522,1.581533807706435,35.62346299912502
shape,1.0,power_primary-3f2eccb585e5,power_primary,population_standardized,expression,standardized_feature,shape,500,500,0,0.07858300010428557,0.034360040319838865,0.07463016912419951
shape,1.0,power_primary-3f2eccb585e5,power_primary,population_standardized,joint,standardized_feature,angle,500,500,0,81.21805718670768,16.39483759613969,79.71562274086008
shape,1.0,power_primary-3f2eccb585e5,power_primary,population_standardized,joint,standardized_feature,delta,500,500,0,3.839675113630597,2.354527400509505,3.7463094380207806
shape,1.0,power_primary-3f2eccb585e5,power_primary,population_standardized,joint,standardized_feature,path_length[A],500,500,0,71.28052938669981,2.9719174393144505,71.4632094610885
shape,1.0,power_primary-3f2eccb585e5,power_primary,population_standardized,joint,standardized_feature,path_length[B],500,500,0,74.94296906351738,3.063518044828446,74.90249436831053
shape,1.0,power_primary-3f2eccb585e5,power_primary,population_standardized,joint,standardized_feature,shape,500,500,0,0.06367945556583485,0.02711429584289087,0.06142311327870278
shape,1.0,power_primary-3f2eccb585e5,power_primary,population_standardized,methylation,standardized_feature,angle,500,500,0,80.8399297674312,14.643979744195219,79.36357482686489
shape,1.0,power_primary-3f2eccb585e5,power_primary,population_standardized,methylation,standardized_feature,delta,500,500,0,2.3473674137875675,1.0305948164465344,2.3264606441041984
shape,1.0,power_primary-3f2eccb585e5,power_primary,population_standardized,methylation,standardized_feature,path_length[A],500,500,0,45.46101514878834,1.9414189425580677,45.477413332685
shape,1.0,power_primary-3f2eccb585e5,power_primary,population_standardized,methylation,standardized_feature,path_length[B],500,500,0,47.80084677608556,2.139867702294704,47.76510062432623
shape,1.0,power_primary-3f2eccb585e5,power_primary,population_standardized,methylation,standardized_feature,shape,500,500,0,0.05384449924980424,0.0190302162067997,0.05401457387949017
shape,1.0,power_primary-3f2eccb585e5,power_primary,population_standardized,proteomics,standardized_feature,angle,500,500,0,79.70279833307644,18.41732001795958,79.19137158482451
shape,1.0,power_primary-3f2eccb585e5,power_primary,population_standardized,proteomics,standardized_feature,delta,500,500,0,2.86114515588184,2.0318298434911033,2.5740573378564164
shape,1.0,power_primary-3f2eccb585e5,power_primary,population_standardized,proteomics,standardized_feature,path_length[A],500,500,0,43.08550777476082,2.281737364786076,43.16878589379852
shape,1.0,power_primary-3f2eccb585e5,power_primary,population_standardized,proteomics,standardized_feature,path_length[B],500,500,0,45.38350562000018,2.2382391838916815,45.38271470727413
shape,1.0,power_primary-3f2eccb585e5,power_primary,population_standardized,proteomics,standardized_feature,shape,500,500,0,0.08504909031104514,0.03981910579897878,0.07784976882216205
shape,1.0,power_primary-3f2eccb585e5,power_primary,observed_standardized,expression,standardized_feature,angle,500,500,0,77.60927766596625,21.223633201312026,78.30759992235907
shape,1.0,power_primary-3f2eccb585e5,power_primary,observed_standardized,expression,standardized_feature,delta,500,500,0,1.9630459180102995,1.3593641247050754,1.8642149957002623
shape,1.0,power_primary-3f2eccb585e5,power_primary,observed_standardized,expression,standardized_feature,path_length[A],500,500,0,34.06411721363445,1.5913196010637964,34.15149959536266
shape,1.0,power_primary-3f2eccb585e5,power_primary,observed_standardized,expression,standardized_feature,path_length[B],500,500,0,35.69077042122629,1.5736104093681182,35.71951135020329
shape,1.0,power_primary-3f2eccb585e5,power_primary,observed_standardized,expression,standardized_feature,shape,500,500,0,0.07863028947795492,0.03424382576617257,0.07539184717415054
shape,1.0,power_primary-3f2eccb585e5,power_primary,observed_standardized,joint,standardized_feature,angle,500,500,0,81.3541163879901,16.17256621043391,79.74252793281038
shape,1.0,power_primary-3f2eccb585e5,power_primary,observed_standardized,joint,standardized_feature,delta,500,500,0,3.819360428952536,2.328551289209146,3.692332185527583
shape,1.0,power_primary-3f2eccb585e5,power_primary,observed_standardized,joint,standardized_feature,path_length[A],500,500,0,71.61543150144401,2.9589826331049385,71.78627653652615
shape,1.0,power_primary-3f2eccb585e5,power_primary,observed_standardized,joint,standardized_feature,path_length[B],500,500,0,75.26005812214613,3.0240881306069993,75.25182541929213
shape,1.0,power_primary-3f2eccb585e5,power_primary,observed_standardized,joint,standardized_feature,shape,500,500,0,0.06334407849327171,0.02692091235230868,0.061362044271053705
shape,1.0,power_primary-3f2eccb585e5,power_primary,observed_standardized,methylation,standardized_feature,angle,500,500,0,81.48759716446295,14.501700214763684,79.55614266393715
shape,1.0,power_primary-3f2eccb585e5,power_primary,observed_standardized,methylation,standardized_feature,delta,500,500,0,2.33820390739018,1.016021147657254,2.3299467734205024
shape,1.0,power_primary-3f2eccb585e5,power_primary,observed_standardized,methylation,standardized_feature,path_length[A],500,500,0,45.80122269885976,1.9343750413250753,45.79476028855701
shape,1.0,power_primary-3f2eccb585e5,power_primary,observed_standardized,methylation,standardized_feature,path_length[B],500,500,0,48.1303352981056,2.1153191525162924,48.08338735724767
shape,1.0,power_primary-3f2eccb585e5,power_primary,observed_standardized,methylation,standardized_feature,shape,500,500,0,0.05440871164841782,0.018715592370788448,0.05481028133444529
shape,1.0,power_primary-3f2eccb585e5,power_primary,observed_standardized,proteomics,standardized_feature,angle,500,500,0,79.64027022609137,18.039501287880345,78.87074876380254
shape,1.0,power_primary-3f2eccb585e5,power_primary,observed_standardized,proteomics,standardized_feature,delta,500,500,0,2.8464203295261528,2.0196737990832707,2.5627453318935203
shape,1.0,power_primary-3f2eccb585e5,power_primary,observed_standardized,proteomics,standardized_feature,path_length[A],500,500,0,43.18367043043646,2.270806247025412,43.25012609351551
shape,1.0,power_primary-3f2eccb585e5,power_primary,observed_standardized,proteomics,standardized_feature,path_length[B],500,500,0,45.47339223537759,2.21845887368619,45.44202214911746
shape,1.0,power_primary-3f2eccb585e5,power_primary,observed_standardized,proteomics,standardized_feature,shape,500,500,0,0.0848153063278452,0.03948728723944961,0.07770713108661803
shape,1.0,power_primary-3f2eccb585e5,power_primary,pls_latent,joint,pls_latent,angle,500,500,0,29.83592411536998,31.786339343119487,17.119811129288173
shape,1.0,power_primary-3f2eccb585e5,power_primary,pls_latent,joint,pls_latent,delta,500,500,0,4.51195386035804,2.7771700147475435,4.294846834502767
shape,1.0,power_primary-3f2eccb585e5,power_primary,pls_latent,joint,pls_latent,path_length[A],500,500,0,63.03011355248184,2.972692141223343,63.15281552051323
shape,1.0,power_primary-3f2eccb585e5,power_primary,pls_latent,joint,pls_latent,path_length[B],500,500,0,67.3345432918207,3.024829698159369,67.23778450908081
shape,1.0,power_primary-3f2eccb585e5,power_primary,pls_latent,joint,pls_latent,shape,500,500,0,0.09199435705073711,0.04211439196135707,0.088066721614909
translation,0.25,power_primary-ac245a5f3d63,power_primary,population_native,expression,native_omic_units,angle,500,500,0,6.775298787204286e-07,8.461451314356864e-07,0.0
translation,0.25,power_primary-ac245a5f3d63,power_primary,population_native,expression,native_omic_units,delta,500,500,0,0.0,0.0,0.0
translation,0.25,power_primary-ac245a5f3d63,power_primary,population_native,expression,native_omic_units,path_length[A],500,500,0,38.094006672512265,1.6683249866275307,38.094869042197594
translation,0.25,power_primary-ac245a5f3d63,power_primary,population_native,expression,native_omic_units,path_length[B],500,500,0,38.094006672512265,1.6683249866275307,38.094869042197594
translation,0.25,power_primary-ac245a5f3d63,power_primary,population_native,expression,native_omic_units,shape,500,500,0,1.1773789282931916e-15,4.437146819995099e-16,1.0709756421909644e-15
translation,0.25,power_primary-ac245a5f3d63,power_primary,population_native,methylation,native_omic_units,angle,500,500,0,7.355479807746704e-07,8.872401801622303e-07,0.0
translation,0.25,power_primary-ac245a5f3d63,power_primary,population_native,methylation,native_omic_units,delta,500,500,0,0.0,0.0,0.0
translation,0.25,power_primary-ac245a5f3d63,power_primary,population_native,methylation,native_omic_units,path_length[A],500,500,0,48.58839642612972,1.9416903512447894,48.61219576003766
translation,0.25,power_primary-ac245a5f3d63,power_primary,population_native,methylation,native_omic_units,path_length[B],500,500,0,48.58839642612972,1.9416903512447894,48.61219576003766
translation,0.25,power_primary-ac245a5f3d63,power_primary,population_native,methylation,native_omic_units,shape,500,500,0,1.5455019705129116e-15,4.476715599691323e-16,1.476353357718554e-15
translation,0.25,power_primary-ac245a5f3d63,power_primary,population_native,proteomics,native_omic_units,angle,500,500,0,7.524384168812402e-07,9.057832243226233e-07,0.0
translation,0.25,power_primary-ac245a5f3d63,power_primary,population_native,proteomics,native_omic_units,delta,500,500,0,0.0,0.0,0.0
translation,0.25,power_primary-ac245a5f3d63,power_primary,population_native,proteomics,native_omic_units,path_length[A],500,500,0,42.224188356396326,2.045071257278377,42.27713074439798
translation,0.25,power_primary-ac245a5f3d63,power_primary,population_native,proteomics,native_omic_units,path_length[B],500,500,0,42.224188356396326,2.045071257278377,42.27713074439798
translation,0.25,power_primary-ac245a5f3d63,power_primary,population_native,proteomics,native_omic_units,shape,500,500,0,1.2800170034767504e-15,4.783223095994651e-16,1.1419980743203407e-15
translation,0.25,power_primary-ac245a5f3d63,power_primary,population_standardized,expression,standardized_feature,angle,500,500,0,6.654701346271698e-07,8.531166016444764e-07,0.0
translation,0.25,power_primary-ac245a5f3d63,power_primary,population_standardized,expression,standardized_feature,delta,500,500,0,0.0,0.0,0.0
translation,0.25,power_primary-ac245a5f3d63,power_primary,population_standardized,expression,standardized_feature,path_length[A],500,500,0,32.975740245647216,1.4882733166084918,33.061046676083606
translation,0.25,power_primary-ac245a5f3d63,power_primary,population_standardized,expression,standardized_feature,path_length[B],500,500,0,32.975740245647216,1.4882733166084918,33.061046676083606
translation,0.25,power_primary-ac245a5f3d63,power_primary,population_standardized,expression,standardized_feature,shape,500,500,0,9.495510032981433e-16,4.259817746519308e-16,8.620411013171397e-16
translation,0.25,power_primary-ac245a5f3d63,power_primary,population_standardized,joint,standardized_feature,angle,500,500,0,6.499947570974354e-07,8.366602019738236e-07,0.0
translation,0.25,power_primary-ac245a5f3d63,power_primary,population_standardized,joint,standardized_feature,delta,500,500,0,0.0,0.0,0.0
translation,0.25,power_primary-ac245a5f3d63,power_primary,population_standardized,joint,standardized_feature,path_length[A],500,500,0,68.32982313444856,2.733657677593856,68.44635946077577
translation,0.25,power_primary-ac245a5f3d63,power_primary,population_standardized,joint,standardized_feature,path_length[B],500,500,0,68.32982313444856,2.733657677593856,68.44635946077577
translation,0.25,power_primary-ac245a5f3d63,power_primary,population_standardized,joint,standardized_feature,shape,500,500,0,1.1407828349536983e-15,3.980644985877785e-16,1.0705723274846386e-15
translation,0.25,power_primary-ac245a5f3d63,power_primary,population_standardized,methylation,standardized_feature,angle,500,500,0,7.014282390585823e-07,8.308096086936129e-07,0.0
translation,0.25,power_primary-ac245a5f3d63,power_primary,population_standardized,methylation,standardized_feature,delta,500,500,0,0.0,0.0,0.0
translation,0.25,power_primary-ac245a5f3d63,power_primary,population_standardized,methylation,standardized_feature,path_length[A],500,500,0,43.22935976930168,1.7710479889967956,43.198231939254946
translation,0.25,power_primary-ac245a5f3d63,power_primary,population_standardized,methylation,standardized_feature,path_length[B],500,500,0,43.22935976930168,1.7710479889967956,43.198231939254946
translation,0.25,power_primary-ac245a5f3d63,power_primary,population_standardized,methylation,standardized_feature,shape,500,500,0,1.0098151534015966e-15,3.97961847038345e-16,9.444334158547494e-16
translation,0.25,power_primary-ac245a5f3d63,power_primary,population_standardized,proteomics,standardized_feature,angle,500,500,0,6.568153052384372e-07,8.348127887948143e-07,0.0
translation,0.25,power_primary-ac245a5f3d63,power_primary,population_standardized,proteomics,standardized_feature,delta,500,500,0,0.0,0.0,0.0
translation,0.25,power_primary-ac245a5f3d63,power_primary,population_standardized,proteomics,standardized_feature,path_length[A],500,500,0,41.32855867657158,2.0296421225927967,41.34809504767867
translation,0.25,power_primary-ac245a5f3d63,power_primary,population_standardized,proteomics,standardized_feature,path_length[B],500,500,0,41.32855867657158,2.0296421225927967,41.34809504767867
translation,0.25,power_primary-ac245a5f3d63,power_primary,population_standardized,proteomics,standardized_feature,shape,500,500,0,9.92563997982548e-16,4.3357449651871417e-16,9.091489118976767e-16
translation,0.25,power_primary-ac245a5f3d63,power_primary,observed_standardized,expression,standardized_feature,angle,500,500,0,13.732800239681705,27.165752290392767,7.709879506600759
translation,0.25,power_primary-ac245a5f3d63,power_primary,observed_standardized,expression,standardized_feature,delta,500,500,0,0.14731674089581537,0.11120739053356973,0.1252220884055788
translation,0.25,power_primary-ac245a5f3d63,power_primary,observed_standardized,expression,standardized_feature,path_length[A],500,500,0,33.098279778152,1.4718174314624886,33.18495573427269
translation,0.25,power_primary-ac245a5f3d63,power_primary,observed_standardized,expression,standardized_feature,path_length[B],500,500,0,33.10203570058828,1.4759545611273932,33.17692016844471
translation,0.25,power_primary-ac245a5f3d63,power_primary,observed_standardized,expression,standardized_feature,shape,500,500,0,0.010841771052375848,0.0035957118084904275,0.010502151900692537
translation,0.25,power_primary-ac245a5f3d63,power_primary,observed_standardized,joint,standardized_feature,angle,500,500,0,10.8951293331067,18.487967619811087,8.120275770607034
translation,0.25,power_primary-ac245a5f3d63,power_primary,observed_standardized,joint,standardized_feature,delta,500,500,0,0.1742500931502582,0.13644483874037425,0.14471309499855778
translation,0.25,power_primary-ac245a5f3d63,power_primary,observed_standardized,joint,standardized_feature,path_length[A],500,500,0,68.6783607533398,2.7107515724903,68.79611950969706
translation,0.25,power_primary-ac245a5f3d63,power_primary,observed_standardized,joint,standardized_feature,path_length[B],500,500,0,68.68949524065259,2.709934565912489,68.75715078626402
translation,0.25,power_primary-ac245a5f3d63,power_primary,observed_standardized,joint,standardized_feature,shape,500,500,0,0.0058453537083930016,0.002416696684761722,0.0054227671231465305
translation,0.25,power_primary-ac245a5f3d63,power_primary,observed_standardized,methylation,standardized_feature,angle,500,500,0,18.12804686601424,27.643324501430943,11.187308181429355
translation,0.25,power_primary-ac245a5f3d63,power_primary,observed_standardized,methylation,standardized_feature,delta,500,500,0,0.21395446074134516,0.18651287471094774,0.17080822678305552
translation,0.25,power_primary-ac245a5f3d63,power_primary,observed_standardized,methylation,standardized_feature,path_length[A],500,500,0,43.59061935098662,1.7602287706431716,43.566468526310004
translation,0.25,power_primary-ac245a5f3d63,power_primary,observed_standardized,methylation,standardized_feature,path_length[B],500,500,0,43.596051736042305,1.7542892542275936,43.60272129307418
translation,0.25,power_primary-ac245a5f3d63,power_primary,observed_standardized,methylation,standardized_feature,shape,500,500,0,0.011487180836625897,0.005636446695205912,0.01013646914019736
translation,0.25,power_primary-ac245a5f3d63,power_primary,observed_standardized,proteomics,standardized_feature,angle,500,500,0,7.940139732931145,16.640259570658685,5.852933089001663
translation,0.25,power_primary-ac245a5f3d63,power_primary,observed_standardized,proteomics,standardized_feature,delta,500,500,0,0.11254386854462449,0.08386759067726839,0.09717084060116221
translation,0.25,power_primary-ac245a5f3d63,power_primary,observed_standardized,proteomics,standardized_feature,path_length[A],500,500,0,41.42832374908747,2.017552324780868,41.45863432682039
translation,0.25,power_primary-ac245a5f3d63,power_primary,observed_standardized,proteomics,standardized_feature,path_length[B],500,500,0,41.438142406504156,2.0213047929576624,41.477141892832954
translation,0.25,power_primary-ac245a5f3d63,power_primary,observed_standardized,proteomics,standardized_feature,shape,500,500,0,0.006356254232931524,0.0022183321634702473,0.0061187720170049215
translation,0.25,power_primary-ac245a5f3d63,power_primary,pls_latent,joint,pls_latent,angle,500,500,0,5.201300237878385,20.053794161111725,2.0816000170092592
translation,0.25,power_primary-ac245a5f3d63,power_primary,pls_latent,joint,pls_latent,delta,500,500,0,0.17414889756850255,0.13801025145915388,0.1402911438606793
translation,0.25,power_primary-ac245a5f3d63,power_primary,pls_latent,joint,pls_latent,path_length[A],500,500,0,67.37287157869319,4.556605442286253,68.22813368625995
translation,0.25,power_primary-ac245a5f3d63,power_primary,pls_latent,joint,pls_latent,path_length[B],500,500,0,67.38126676398078,4.55387460256623,68.19834202246005
translation,0.25,power_primary-ac245a5f3d63,power_primary,pls_latent,joint,pls_latent,shape,500,500,0,0.0059126828302825535,0.0024428034827022084,0.005431506841245286
translation,0.5,power_primary-a3dabd0a79ce,power_primary,population_native,expression,native_omic_units,angle,500,500,0,7.034725261075612e-07,8.499562108961903e-07,0.0
translation,0.5,power_primary-a3dabd0a79ce,power_primary,population_native,expression,native_omic_units,delta,500,500,0,0.0,0.0,0.0
translation,0.5,power_primary-a3dabd0a79ce,power_primary,population_native,expression,native_omic_units,path_length[A],500,500,0,38.094006672512265,1.6683249866275307,38.094869042197594
translation,0.5,power_primary-a3dabd0a79ce,power_primary,population_native,expression,native_omic_units,path_length[B],500,500,0,38.094006672512265,1.6683249866275307,38.094869042197594
translation,0.5,power_primary-a3dabd0a79ce,power_primary,population_native,expression,native_omic_units,shape,500,500,0,1.1670771539823609e-15,4.1657047183933984e-16,1.076419888697415e-15
translation,0.5,power_primary-a3dabd0a79ce,power_primary,population_native,methylation,native_omic_units,angle,500,500,0,6.856061656044968e-07,8.448047857640983e-07,0.0
translation,0.5,power_primary-a3dabd0a79ce,power_primary,population_native,methylation,native_omic_units,delta,500,500,0,0.0,0.0,0.0
translation,0.5,power_primary-a3dabd0a79ce,power_primary,population_native,methylation,native_omic_units,path_length[A],500,500,0,48.58839642612972,1.9416903512447894,48.61219576003766
translation,0.5,power_primary-a3dabd0a79ce,power_primary,population_native,methylation,native_omic_units,path_length[B],500,500,0,48.58839642612972,1.9416903512447894,48.61219576003766
translation,0.5,power_primary-a3dabd0a79ce,power_primary,population_native,methylation,native_omic_units,shape,500,500,0,1.546606450395884e-15,4.311808866962468e-16,1.4712970891995466e-15
translation,0.5,power_primary-a3dabd0a79ce,power_primary,population_native,proteomics,native_omic_units,angle,500,500,0,7.660401671777611e-07,9.176658024293072e-07,0.0
translation,0.5,power_primary-a3dabd0a79ce,power_primary,population_native,proteomics,native_omic_units,delta,500,500,0,0.0,0.0,0.0
translation,0.5,power_primary-a3dabd0a79ce,power_primary,population_native,proteomics,native_omic_units,path_length[A],500,500,0,42.224188356396326,2.045071257278377,42.27713074439798
translation,0.5,power_primary-a3dabd0a79ce,power_primary,population_native,proteomics,native_omic_units,path_length[B],500,500,0,42.224188356396326,2.045071257278377,42.27713074439798
translation,0.5,power_primary-a3dabd0a79ce,power_primary,population_native,proteomics,native_omic_units,shape,500,500,0,1.2819256487280741e-15,4.828511395671457e-16,1.158646498001679e-15
translation,0.5,power_primary-a3dabd0a79ce,power_primary,population_standardized,expression,standardized_feature,angle,500,500,0,7.174037892794462e-07,8.622604840222454e-07,0.0
translation,0.5,power_primary-a3dabd0a79ce,power_primary,population_standardized,expression,standardized_feature,delta,500,500,0,0.0,0.0,0.0
translation,0.5,power_primary-a3dabd0a79ce,power_primary,population_standardized,expression,standardized_feature,path_length[A],500,500,0,32.97597575131394,1.4915926653668388,33.06613956216268
translation,0.5,power_primary-a3dabd0a79ce,power_primary,population_standardized,expression,standardized_feature,path_length[B],500,500,0,32.97597575131394,1.4915926653668388,33.06613956216268
translation,0.5,power_primary-a3dabd0a79ce,power_primary,population_standardized,expression,standardized_feature,shape,500,500,0,9.439039621848153e-16,4.1734244958369586e-16,8.670224985527694e-16
translation,0.5,power_primary-a3dabd0a79ce,power_primary,population_standardized,joint,standardized_feature,angle,500,500,0,6.902135275230332e-07,8.531086974878083e-07,0.0
translation,0.5,power_primary-a3dabd0a79ce,power_primary,population_standardized,joint,standardized_feature,delta,500,500,0,0.0,0.0,0.0
translation,0.5,power_primary-a3dabd0a79ce,power_primary,population_standardized,joint,standardized_feature,path_length[A],500,500,0,68.32055949501463,2.7267532358756985,68.41715429690088
translation,0.5,power_primary-a3dabd0a79ce,power_primary,population_standardized,joint,standardized_feature,path_length[B],500,500,0,68.32055949501463,2.7267532358756985,68.41715429690088
translation,0.5,power_primary-a3dabd0a79ce,power_primary,population_standardized,joint,standardized_feature,shape,500,500,0,1.1256434990034125e-15,3.451782768036026e-16,1.0757241084297955e-15
translation,0.5,power_primary-a3dabd0a79ce,power_primary,population_standardized,methylation,standardized_feature,angle,500,500,0,7.039103424013656e-07,8.615445877114243e-07,0.0
translation,0.5,power_primary-a3dabd0a79ce,power_primary,population_standardized,methylation,standardized_feature,delta,500,500,0,0.0,0.0,0.0
translation,0.5,power_primary-a3dabd0a79ce,power_primary,population_standardized,methylation,standardized_feature,path_length[A],500,500,0,43.216175800190825,1.7592895888078761,43.231644966700145
translation,0.5,power_primary-a3dabd0a79ce,power_primary,population_standardized,methylation,standardized_feature,path_length[B],500,500,0,43.216175800190825,1.7592895888078761,43.231644966700145
translation,0.5,power_primary-a3dabd0a79ce,power_primary,population_standardized,methylation,standardized_feature,shape,500,500,0,9.84144117331462e-16,2.5840983999697203e-16,9.37130903459831e-16
translation,0.5,power_primary-a3dabd0a79ce,power_primary,population_standardized,proteomics,standardized_feature,angle,500,500,0,6.231312446776154e-07,8.041284982761447e-07,0.0
translation,0.5,power_primary-a3dabd0a79ce,power_primary,population_standardized,proteomics,standardized_feature,delta,500,500,0,0.0,0.0,0.0
translation,0.5,power_primary-a3dabd0a79ce,power_primary,population_standardized,proteomics,standardized_feature,path_length[A],500,500,0,41.32716755698619,2.0297321603361356,41.35583954013572
translation,0.5,power_primary-a3dabd0a79ce,power_primary,population_standardized,proteomics,standardized_feature,path_length[B],500,500,0,41.32716755698619,2.0297321603361356,41.35583954013572
translation,0.5,power_primary-a3dabd0a79ce,power_primary,population_standardized,proteomics,standardized_feature,shape,500,500,0,9.99018939165994e-16,4.313380037080002e-16,9.109433254652745e-16
translation,0.5,power_primary-a3dabd0a79ce,power_primary,observed_standardized,expression,standardized_feature,angle,500,500,0,14.08339900281125,28.853039738430336,7.649821301209405
translation,0.5,power_primary-a3dabd0a79ce,power_primary,observed_standardized,expression,standardized_feature,delta,500,500,0,0.1568355897884712,0.12110769103621723,0.13188852522115013
translation,0.5,power_primary-a3dabd0a79ce,power_primary,observed_standardized,expression,standardized_feature,path_length[A],500,500,0,33.09403171378847,1.4712950761957293,33.19581676923127
translation,0.5,power_primary-a3dabd0a79ce,power_primary,observed_standardized,expression,standardized_feature,path_length[B],500,500,0,33.08840829732092,1.4770553407353066,33.180912925766236
translation,0.5,power_primary-a3dabd0a79ce,power_primary,observed_standardized,expression,standardized_feature,shape,500,500,0,0.01075752379666814,0.003731573153275129,0.010314004913264514
translation,0.5,power_primary-a3dabd0a79ce,power_primary,observed_standardized,joint,standardized_feature,angle,500,500,0,12.412192461188335,24.431986473565892,7.867215859223975
translation,0.5,power_primary-a3dabd0a79ce,power_primary,observed_standardized,joint,standardized_feature,delta,500,500,0,0.17114900575719139,0.14655976211791027,0.13612634834872495
translation,0.5,power_primary-a3dabd0a79ce,power_primary,observed_standardized,joint,standardized_feature,path_length[A],500,500,0,68.6644898859395,2.696661805443596,68.72265606451236
translation,0.5,power_primary-a3dabd0a79ce,power_primary,observed_standardized,joint,standardized_feature,path_length[B],500,500,0,68.65634623174255,2.7080170752271644,68.7699999182865
translation,0.5,power_primary-a3dabd0a79ce,power_primary,observed_standardized,joint,standardized_feature,shape,500,500,0,0.005806085561686835,0.002327001928133522,0.005449682832441301
translation,0.5,power_primary-a3dabd0a79ce,power_primary,observed_standardized,methylation,standardized_feature,angle,500,500,0,19.39623787006603,31.473830841471305,10.772196540721703
translation,0.5,power_primary-a3dabd0a79ce,power_primary,observed_standardized,methylation,standardized_feature,delta,500,500,0,0.210790420191208,0.20040139449667213,0.14818862969482893
translation,0.5,power_primary-a3dabd0a79ce,power_primary,observed_standardized,methylation,standardized_feature,path_length[A],500,500,0,43.57781278622894,1.7392556439454825,43.5911168437063
translation,0.5,power_primary-a3dabd0a79ce,power_primary,observed_standardized,methylation,standardized_feature,path_length[B],500,500,0,43.57140416701006,1.7530009217853717,43.53435384629427
translation,0.5,power_primary-a3dabd0a79ce,power_primary,observed_standardized,methylation,standardized_feature,shape,500,500,0,0.011230858086163654,0.005450736158625604,0.010407371063135582
translation,0.5,power_primary-a3dabd0a79ce,power_primary,observed_standardized,proteomics,standardized_feature,angle,500,500,0,7.451614048132997,14.99782901432674,5.501215281230795
translation,0.5,power_primary-a3dabd0a79ce,power_primary,observed_standardized,proteomics,standardized_feature,delta,500,500,0,0.10990451677976046,0.08118781988702466,0.0913682387101673
translation,0.5,power_primary-a3dabd0a79ce,power_primary,observed_standardized,proteomics,standardized_feature,path_length[A],500,500,0,41.422723214207316,2.016192013189731,41.49421523120836
translation,0.5,power_primary-a3dabd0a79ce,power_primary,observed_standardized,proteomics,standardized_feature,path_length[B],500,500,0,41.419947861954235,2.0249722905602163,41.47121272002576
translation,0.5,power_primary-a3dabd0a79ce,power_primary,observed_standardized,proteomics,standardized_feature,shape,500,500,0,0.00634832737257729,0.0021343062677984235,0.006239987190135798
translation,0.5,power_primary-a3dabd0a79ce,power_primary,pls_latent,joint,pls_latent,angle,500,500,0,7.575836417523047,28.228016396002555,2.0742153463686797
translation,0.5,power_primary-a3dabd0a79ce,power_primary,pls_latent,joint,pls_latent,delta,500,500,0,0.17226046762525998,0.14870724095917828,0.1360536140427442
translation,0.5,power_primary-a3dabd0a79ce,power_primary,pls_latent,joint,pls_latent,path_length[A],500,500,0,67.40301325336767,4.39413836823372,68.15877641989229
translation,0.5,power_primary-a3dabd0a79ce,power_primary,pls_latent,joint,pls_latent,path_length[B],500,500,0,67.3947701021774,4.392106788964361,68.11325893265817
translation,0.5,power_primary-a3dabd0a79ce,power_primary,pls_latent,joint,pls_latent,shape,500,500,0,0.005911305250138716,0.0023997867907358675,0.005535692382880125
translation,0.75,power_primary-8d1d54882ad0,power_primary,population_native,expression,native_omic_units,angle,500,500,0,7.250586406533011e-07,8.626212508264853e-07,0.0
translation,0.75,power_primary-8d1d54882ad0,power_primary,population_native,expression,native_omic_units,delta,500,500,0,0.0,0.0,0.0
translation,0.75,power_primary-8d1d54882ad0,power_primary,population_native,expression,native_omic_units,path_length[A],500,500,0,38.094006672512265,1.6683249866275307,38.094869042197594
translation,0.75,power_primary-8d1d54882ad0,power_primary,population_native,expression,native_omic_units,path_length[B],500,500,0,38.094006672512265,1.6683249866275307,38.094869042197594
translation,0.75,power_primary-8d1d54882ad0,power_primary,population_native,expression,native_omic_units,shape,500,500,0,1.1726445798844278e-15,3.929167850507756e-16,1.0850408457703896e-15
translation,0.75,power_primary-8d1d54882ad0,power_primary,population_native,methylation,native_omic_units,angle,500,500,0,6.844880515044797e-07,8.645040701769528e-07,0.0
translation,0.75,power_primary-8d1d54882ad0,power_primary,population_native,methylation,native_omic_units,delta,500,500,0,0.0,0.0,0.0
translation,0.75,power_primary-8d1d54882ad0,power_primary,population_native,methylation,native_omic_units,path_length[A],500,500,0,48.58839642612972,1.9416903512447894,48.61219576003766
translation,0.75,power_primary-8d1d54882ad0,power_primary,population_native,methylation,native_omic_units,path_length[B],500,500,0,48.58839642612972,1.9416903512447894,48.61219576003766
translation,0.75,power_primary-8d1d54882ad0,power_primary,population_native,methylation,native_omic_units,shape,500,500,0,1.5417425859878617e-15,4.173242914657661e-16,1.4741274139010969e-15
translation,0.75,power_primary-8d1d54882ad0,power_primary,population_native,proteomics,native_omic_units,angle,500,500,0,7.023589966881866e-07,8.787490465595582e-07,0.0
translation,0.75,power_primary-8d1d54882ad0,power_primary,population_native,proteomics,native_omic_units,delta,500,500,0,0.0,0.0,0.0
translation,0.75,power_primary-8d1d54882ad0,power_primary,population_native,proteomics,native_omic_units,path_length[A],500,500,0,42.224188356396326,2.045071257278377,42.27713074439798
translation,0.75,power_primary-8d1d54882ad0,power_primary,population_native,proteomics,native_omic_units,path_length[B],500,500,0,42.224188356396326,2.045071257278377,42.27713074439798
translation,0.75,power_primary-8d1d54882ad0,power_primary,population_native,proteomics,native_omic_units,shape,500,500,0,1.2794693656740649e-15,4.817665888214794e-16,1.1483196690284694e-15
translation,0.75,power_primary-8d1d54882ad0,power_primary,population_standardized,expression,standardized_feature,angle,500,500,0,7.109103146004292e-07,8.315249075968559e-07,0.0
translation,0.75,power_primary-8d1d54882ad0,power_primary,population_standardized,expression,standardized_feature,delta,500,500,0,0.0,0.0,0.0
translation,0.75,power_primary-8d1d54882ad0,power_primary,population_standardized,expression,standardized_feature,path_length[A],500,500,0,32.97064588531262,1.48049825624359,33.0785393485694
translation,0.75,power_primary-8d1d54882ad0,power_primary,population_standardized,expression,standardized_feature,path_length[B],500,500,0,32.97064588531262,1.48049825624359,33.0785393485694
translation,0.75,power_primary-8d1d54882ad0,power_primary,population_standardized,expression,standardized_feature,shape,500,500,0,9.35644285158354e-16,3.5815890118311084e-16,8.7291220654564615e-16
translation,0.75,power_primary-8d1d54882ad0,power_primary,population_standardized,joint,standardized_feature,angle,500,500,0,6.752924190990818e-07,8.58209706242142e-07,0.0
translation,0.75,power_primary-8d1d54882ad0,power_primary,population_standardized,joint,standardized_feature,delta,500,500,0,0.0,0.0,0.0
translation,0.75,power_primary-8d1d54882ad0,power_primary,population_standardized,joint,standardized_feature,path_length[A],500,500,0,68.31548942234996,2.7162938482670858,68.41393219681827
translation,0.75,power_primary-8d1d54882ad0,power_primary,population_standardized,joint,standardized_feature,path_length[B],500,500,0,68.31548942234996,2.7162938482670858,68.41393219681827
translation,0.75,power_primary-8d1d54882ad0,power_primary,population_standardized,joint,standardized_feature,shape,500,500,0,1.13062515820209e-15,3.490470539917521e-16,1.0748805681788106e-15
translation,0.75,power_primary-8d1d54882ad0,power_primary,population_standardized,methylation,standardized_feature,angle,500,500,0,6.603499289072452e-07,8.372646305259904e-07,0.0
translation,0.75,power_primary-8d1d54882ad0,power_primary,population_standardized,methylation,standardized_feature,delta,500,500,0,0.0,0.0,0.0
translation,0.75,power_primary-8d1d54882ad0,power_primary,population_standardized,methylation,standardized_feature,path_length[A],500,500,0,43.213331208557136,1.749305229552166,43.166868817783055
translation,0.75,power_primary-8d1d54882ad0,power_primary,population_standardized,methylation,standardized_feature,path_length[B],500,500,0,43.213331208557136,1.749305229552166,43.166868817783055
translation,0.75,power_primary-8d1d54882ad0,power_primary,population_standardized,methylation,standardized_feature,shape,500,500,0,1.0212383268264752e-15,4.0790518760762985e-16,9.413063540858005e-16
translation,0.75,power_primary-8d1d54882ad0,power_primary,population_standardized,proteomics,standardized_feature,angle,500,500,0,6.181145336991677e-07,8.187743628320194e-07,0.0
translation,0.75,power_primary-8d1d54882ad0,power_primary,population_standardized,proteomics,standardized_feature,delta,500,500,0,0.0,0.0,0.0
translation,0.75,power_primary-8d1d54882ad0,power_primary,population_standardized,proteomics,standardized_feature,path_length[A],500,500,0,41.32584426726773,2.029991093425771,41.36667923567119
translation,0.75,power_primary-8d1d54882ad0,power_primary,population_standardized,proteomics,standardized_feature,path_length[B],500,500,0,41.32584426726773,2.029991093425771,41.36667923567119
translation,0.75,power_primary-8d1d54882ad0,power_primary,population_standardized,proteomics,standardized_feature,shape,500,500,0,9.86970741822277e-16,3.592087346683079e-16,9.11287795923199e-16
translation,0.75,power_primary-8d1d54882ad0,power_primary,observed_standardized,expression,standardized_feature,angle,500,500,0,13.594485550562778,27.29080381348557,7.518165980193884
translation,0.75,power_primary-8d1d54882ad0,power_primary,observed_standardized,expression,standardized_feature,delta,500,500,0,0.15282316826980186,0.12039178553341333,0.12413050923342439
translation,0.75,power_primary-8d1d54882ad0,power_primary,observed_standardized,expression,standardized_feature,path_length[A],500,500,0,33.092677072905325,1.4745380515172417,33.173699368890695
translation,0.75,power_primary-8d1d54882ad0,power_primary,observed_standardized,expression,standardized_feature,path_length[B],500,500,0,33.08318650455955,1.472679175489085,33.16011616112677
translation,0.75,power_primary-8d1d54882ad0,power_primary,observed_standardized,expression,standardized_feature,shape,500,500,0,0.010709454052296119,0.0035147016924842144,0.010502022198836182
translation,0.75,power_primary-8d1d54882ad0,power_primary,observed_standardized,joint,standardized_feature,angle,500,500,0,12.495135466416777,25.43138237963304,7.712915110435979
translation,0.75,power_primary-8d1d54882ad0,power_primary,observed_standardized,joint,standardized_feature,delta,500,500,0,0.16306049997992145,0.13052682138979982,0.13876080930847934
translation,0.75,power_primary-8d1d54882ad0,power_primary,observed_standardized,joint,standardized_feature,path_length[A],500,500,0,68.64935829098938,2.6910889754005853,68.77509036692643
translation,0.75,power_primary-8d1d54882ad0,power_primary,observed_standardized,joint,standardized_feature,path_length[B],500,500,0,68.6391063607055,2.7016827596606405,68.74472335219322
translation,0.75,power_primary-8d1d54882ad0,power_primary,observed_standardized,joint,standardized_feature,shape,500,500,0,0.005852875918715044,0.002210536945667656,0.005434270016424049
translation,0.75,power_primary-8d1d54882ad0,power_primary,observed_standardized,methylation,standardized_feature,angle,500,500,0,19.96977511019181,30.941219674413603,11.07718820955986
translation,0.75,power_primary-8d1d54882ad0,power_primary,observed_standardized,methylation,standardized_feature,delta,500,500,0,0.19820951043013652,0.1712592382918637,0.15835653704309038
translation,0.75,power_primary-8d1d54882ad0,power_primary,observed_standardized,methylation,standardized_feature,path_length[A],500,500,0,43.56575364988542,1.7239152657824446,43.590331753369654
translation,0.75,power_primary-8d1d54882ad0,power_primary,observed_standardized,methylation,standardized_feature,path_length[B],500,500,0,43.55913769975513,1.7447221472257302,43.54566037013058
translation,0.75,power_primary-8d1d54882ad0,power_primary,observed_standardized,methylation,standardized_feature,shape,500,500,0,0.011617919562038968,0.00536090466479319,0.010540704647884572
translation,0.75,power_primary-8d1d54882ad0,power_primary,observed_standardized,proteomics,standardized_feature,angle,500,500,0,8.091722918193742,19.350100310364287,5.39195259487037
translation,0.75,power_primary-8d1d54882ad0,power_primary,observed_standardized,proteomics,standardized_feature,delta,500,500,0,0.11129812398110145,0.0865903019676273,0.09323230329363952
translation,0.75,power_primary-8d1d54882ad0,power_primary,observed_standardized,proteomics,standardized_feature,path_length[A],500,500,0,41.410580160915,2.0196014359355305,41.43137245352439
translation,0.75,power_primary-8d1d54882ad0,power_primary,observed_standardized,proteomics,standardized_feature,path_length[B],500,500,0,41.408803987308296,2.020076154161159,41.47753035190189
translation,0.75,power_primary-8d1d54882ad0,power_primary,observed_standardized,proteomics,standardized_feature,shape,500,500,0,0.006570559915301904,0.0022227831922579273,0.006372942918975527
translation,0.75,power_primary-8d1d54882ad0,power_primary,pls_latent,joint,pls_latent,angle,500,500,0,7.308141751397887,27.609170321598658,2.123392046499337
translation,0.75,power_primary-8d1d54882ad0,power_primary,pls_latent,joint,pls_latent,delta,500,500,0,0.16315930994182362,0.12968674370821037,0.13742932514598039
translation,0.75,power_primary-8d1d54882ad0,power_primary,pls_latent,joint,pls_latent,path_length[A],500,500,0,67.37250155290477,4.459159319726554,68.22505270709485
translation,0.75,power_primary-8d1d54882ad0,power_primary,pls_latent,joint,pls_latent,path_length[B],500,500,0,67.35982634159464,4.4607486025727425,68.16114980175381
translation,0.75,power_primary-8d1d54882ad0,power_primary,pls_latent,joint,pls_latent,shape,500,500,0,0.00590870000697418,0.0022747262759064196,0.005463233475808272
translation,1.0,power_primary-94ae5b6e309e,power_primary,population_native,expression,native_omic_units,angle,500,500,0,6.794146050008094e-07,8.324350204006025e-07,0.0
translation,1.0,type_i_baseline-d18f474778c9,type_i_baseline,population_native,expression,native_omic_units,angle,500,500,0,6.736082339121379e-07,8.466927096089258e-07,0.0
translation,1.0,power_primary-94ae5b6e309e,power_primary,population_native,expression,native_omic_units,delta,500,500,0,0.0,0.0,0.0
translation,1.0,type_i_baseline-d18f474778c9,type_i_baseline,population_native,expression,native_omic_units,delta,500,500,0,0.0,0.0,0.0
translation,1.0,power_primary-94ae5b6e309e,power_primary,population_native,expression,native_omic_units,path_length[A],500,500,0,38.094006672512265,1.6683249866275307,38.094869042197594
translation,1.0,type_i_baseline-d18f474778c9,type_i_baseline,population_native,expression,native_omic_units,path_length[A],500,500,0,38.07912309295256,1.6791976976799574,38.22364519873794
translation,1.0,power_primary-94ae5b6e309e,power_primary,population_native,expression,native_omic_units,path_length[B],500,500,0,38.094006672512265,1.6683249866275307,38.094869042197594
translation,1.0,type_i_baseline-d18f474778c9,type_i_baseline,population_native,expression,native_omic_units,path_length[B],500,500,0,38.07912309295256,1.6791976976799574,38.22364519873794
translation,1.0,power_primary-94ae5b6e309e,power_primary,population_native,expression,native_omic_units,shape,500,500,0,1.1908657317974446e-15,4.705688592749466e-16,1.0767404632804693e-15
translation,1.0,type_i_baseline-d18f474778c9,type_i_baseline,population_native,expression,native_omic_units,shape,500,500,0,1.2173173867943759e-15,5.51496424235754e-16,1.0893080182108709e-15
translation,1.0,power_primary-94ae5b6e309e,power_primary,population_native,methylation,native_omic_units,angle,500,500,0,7.195919365103851e-07,8.888245145657771e-07,0.0
translation,1.0,type_i_baseline-d18f474778c9,type_i_baseline,population_native,methylation,native_omic_units,angle,500,500,0,6.60106564720517e-07,8.357107732129842e-07,0.0
translation,1.0,power_primary-94ae5b6e309e,power_primary,population_native,methylation,native_omic_units,delta,500,500,0,0.0,0.0,0.0
translation,1.0,type_i_baseline-d18f474778c9,type_i_baseline,population_native,methylation,native_omic_units,delta,500,500,0,0.0,0.0,0.0
translation,1.0,power_primary-94ae5b6e309e,power_primary,population_native,methylation,native_omic_units,path_length[A],500,500,0,48.58839642612972,1.9416903512447894,48.61219576003766
translation,1.0,type_i_baseline-d18f474778c9,type_i_baseline,population_native,methylation,native_omic_units,path_length[A],500,500,0,48.659174236021556,1.9166592884784235,48.72560641948999
translation,1.0,power_primary-94ae5b6e309e,power_primary,population_native,methylation,native_omic_units,path_length[B],500,500,0,48.58839642612972,1.9416903512447894,48.61219576003766
translation,1.0,type_i_baseline-d18f474778c9,type_i_baseline,population_native,methylation,native_omic_units,path_length[B],500,500,0,48.659174236021556,1.9166592884784235,48.72560641948999
translation,1.0,power_primary-94ae5b6e309e,power_primary,population_native,methylation,native_omic_units,shape,500,500,0,1.550447068180556e-15,4.532721658259678e-16,1.4724126892935752e-15
translation,1.0,type_i_baseline-d18f474778c9,type_i_baseline,population_native,methylation,native_omic_units,shape,500,500,0,1.5519256934864423e-15,4.3082157941975344e-16,1.4708244581274001e-15
translation,1.0,power_primary-94ae5b6e309e,power_primary,population_native,proteomics,native_omic_units,angle,500,500,0,7.469964736654015e-07,9.110873842926751e-07,0.0
translation,1.0,type_i_baseline-d18f474778c9,type_i_baseline,population_native,proteomics,native_omic_units,angle,500,500,0,6.592763300537643e-07,8.240504613930981e-07,0.0
translation,1.0,power_primary-94ae5b6e309e,power_primary,population_native,proteomics,native_omic_units,delta,500,500,0,0.0,0.0,0.0
translation,1.0,type_i_baseline-d18f474778c9,type_i_baseline,population_native,proteomics,native_omic_units,delta,500,500,0,0.0,0.0,0.0
translation,1.0,power_primary-94ae5b6e309e,power_primary,population_native,proteomics,native_omic_units,path_length[A],500,500,0,42.224188356396326,2.045071257278377,42.27713074439798
translation,1.0,type_i_baseline-d18f474778c9,type_i_baseline,population_native,proteomics,native_omic_units,path_length[A],500,500,0,42.175854201195975,2.004248970042766,42.25748322303711
translation,1.0,power_primary-94ae5b6e309e,power_primary,population_native,proteomics,native_omic_units,path_length[B],500,500,0,42.224188356396326,2.045071257278377,42.27713074439798
translation,1.0,type_i_baseline-d18f474778c9,type_i_baseline,population_native,proteomics,native_omic_units,path_length[B],500,500,0,42.175854201195975,2.004248970042766,42.25748322303711
translation,1.0,power_primary-94ae5b6e309e,power_primary,population_native,proteomics,native_omic_units,shape,500,500,0,1.2816269373419953e-15,4.639127478045809e-16,1.1537700539082096e-15
translation,1.0,type_i_baseline-d18f474778c9,type_i_baseline,population_native,proteomics,native_omic_units,shape,500,500,0,1.2674801727821051e-15,4.3335280425175643e-16,1.1372810784556352e-15
translation,1.0,power_primary-94ae5b6e309e,power_primary,population_standardized,expression,standardized_feature,angle,500,500,0,6.58244513474325e-07,8.231037396481393e-07,0.0
translation,1.0,type_i_baseline-d18f474778c9,type_i_baseline,population_standardized,expression,standardized_feature,angle,500,500,0,6.485090032043638e-07,8.121396333765668e-07,0.0
translation,1.0,power_primary-94ae5b6e309e,power_primary,population_standardized,expression,standardized_feature,delta,500,500,0,0.0,0.0,0.0
translation,1.0,type_i_baseline-d18f474778c9,type_i_baseline,population_standardized,expression,standardized_feature,delta,500,500,0,0.0,0.0,0.0
translation,1.0,power_primary-94ae5b6e309e,power_primary,population_standardized,expression,standardized_feature,path_length[A],500,500,0,32.97039121296804,1.4868761988358232,33.062463497035814
translation,1.0,type_i_baseline-d18f474778c9,type_i_baseline,population_standardized,expression,standardized_feature,path_length[A],500,500,0,32.924181600549474,1.4751919959203068,33.026672101202095
translation,1.0,power_primary-94ae5b6e309e,power_primary,population_standardized,expression,standardized_feature,path_length[B],500,500,0,32.97039121296804,1.4868761988358232,33.062463497035814
translation,1.0,type_i_baseline-d18f474778c9,type_i_baseline,population_standardized,expression,standardized_feature,path_length[B],500,500,0,32.924181600549474,1.4751919959203068,33.026672101202095
translation,1.0,power_primary-94ae5b6e309e,power_primary,population_standardized,expression,standardized_feature,shape,500,500,0,9.414215442008276e-16,3.8892320409821433e-16,8.711147703205455e-16
translation,1.0,type_i_baseline-d18f474778c9,type_i_baseline,population_standardized,expression,standardized_feature,shape,500,500,0,9.461055446295877e-16,3.70472757354042e-16,8.755682281690178e-16
translation,1.0,power_primary-94ae5b6e309e,power_primary,population_standardized,joint,standardized_feature,angle,500,500,0,6.739614946800776e-07,8.507146696674705e-07,0.0
translation,1.0,type_i_baseline-d18f474778c9,type_i_baseline,population_standardized,joint,standardized_feature,angle,500,500,0,6.388669406177249e-07,8.152942517884879e-07,0.0
translation,1.0,power_primary-94ae5b6e309e,power_primary,population_standardized,joint,standardized_feature,delta,500,500,0,0.0,0.0,0.0
translation,1.0,type_i_baseline-d18f474778c9,type_i_baseline,population_standardized,joint,standardized_feature,delta,500,500,0,0.0,0.0,0.0
translation,1.0,power_primary-94ae5b6e309e,power_primary,population_standardized,joint,standardized_feature,path_length[A],500,500,0,68.32348295518636,2.7330684969683374,68.46614919581754
translation,1.0,type_i_baseline-d18f474778c9,type_i_baseline,population_standardized,joint,standardized_feature,path_length[A],500,500,0,68.30585744447045,2.7245741326664064,68.43060229957823
translation,1.0,power_primary-94ae5b6e309e,power_primary,population_standardized,joint,standardized_feature,path_length[B],500,500,0,68.32348295518636,2.7330684969683374,68.46614919581754
translation,1.0,type_i_baseline-d18f474778c9,type_i_baseline,population_standardized,joint,standardized_feature,path_length[B],500,500,0,68.30585744447045,2.7245741326664064,68.43060229957823
translation,1.0,power_primary-94ae5b6e309e,power_primary,population_standardized,joint,standardized_feature,shape,500,500,0,1.1730940449399988e-15,4.572901485611877e-16,1.0810076052461688e-15
translation,1.0,type_i_baseline-d18f474778c9,type_i_baseline,population_standardized,joint,standardized_feature,shape,500,500,0,1.1386708447475971e-15,4.041979284046997e-16,1.065704211384407e-15
translation,1.0,power_primary-94ae5b6e309e,power_primary,population_standardized,methylation,standardized_feature,angle,500,500,0,5.915143282315495e-07,8.007993111748781e-07,0.0
translation,1.0,type_i_baseline-d18f474778c9,type_i_baseline,population_standardized,methylation,standardized_feature,angle,500,500,0,6.870921949814188e-07,8.252119599391317e-07,0.0
translation,1.0,power_primary-94ae5b6e309e,power_primary,population_standardized,methylation,standardized_feature,delta,500,500,0,0.0,0.0,0.0
translation,1.0,type_i_baseline-d18f474778c9,type_i_baseline,population_standardized,methylation,standardized_feature,delta,500,500,0,0.0,0.0,0.0
translation,1.0,power_primary-94ae5b6e309e,power_primary,population_standardized,methylation,standardized_feature,path_length[A],500,500,0,43.223237883768974,1.7670030745292211,43.23036467074657
translation,1.0,type_i_baseline-d18f474778c9,type_i_baseline,population_standardized,methylation,standardized_feature,path_length[A],500,500,0,43.255630870062284,1.7495189636911608,43.342077835194104
translation,1.0,power_primary-94ae5b6e309e,power_primary,population_standardized,methylation,standardized_feature,path_length[B],500,500,0,43.223237883768974,1.7670030745292211,43.23036467074657
translation,1.0,type_i_baseline-d18f474778c9,type_i_baseline,population_standardized,methylation,standardized_feature,path_length[B],500,500,0,43.255630870062284,1.7495189636911608,43.342077835194104
translation,1.0,power_primary-94ae5b6e309e,power_primary,population_standardized,methylation,standardized_feature,shape,500,500,0,1.0094086709763193e-15,3.7337846251051546e-16,9.397542473261522e-16
translation,1.0,type_i_baseline-d18f474778c9,type_i_baseline,population_standardized,methylation,standardized_feature,shape,500,500,0,9.807472172384062e-16,3.268392022460772e-16,9.27661314958825e-16
translation,1.0,power_primary-94ae5b6e309e,power_primary,population_standardized,proteomics,standardized_feature,angle,500,500,0,6.77316394951171e-07,8.30636715342642e-07,0.0
translation,1.0,type_i_baseline-d18f474778c9,type_i_baseline,population_standardized,proteomics,standardized_feature,angle,500,500,0,6.3821429288376e-07,8.149104803857306e-07,0.0
translation,1.0,power_primary-94ae5b6e309e,power_primary,population_standardized,proteomics,standardized_feature,delta,500,500,0,0.0,0.0,0.0
translation,1.0,type_i_baseline-d18f474778c9,type_i_baseline,population_standardized,proteomics,standardized_feature,delta,500,500,0,0.0,0.0,0.0
translation,1.0,power_primary-94ae5b6e309e,power_primary,population_standardized,proteomics,standardized_feature,path_length[A],500,500,0,41.32881587152692,2.0365034455360753,41.3492768033676
translation,1.0,type_i_baseline-d18f474778c9,type_i_baseline,population_standardized,proteomics,standardized_feature,path_length[A],500,500,0,41.30112352430588,2.041870234085051,41.37786816483075
translation,1.0,power_primary-94ae5b6e309e,power_primary,population_standardized,proteomics,standardized_feature,path_length[B],500,500,0,41.32881587152692,2.0365034455360753,41.3492768033676
translation,1.0,type_i_baseline-d18f474778c9,type_i_baseline,population_standardized,proteomics,standardized_feature,path_length[B],500,500,0,41.30112352430588,2.041870234085051,41.37786816483075
translation,1.0,power_primary-94ae5b6e309e,power_primary,population_standardized,proteomics,standardized_feature,shape,500,500,0,1.015060963185192e-15,4.3589572383224637e-16,9.159406823487244e-16
translation,1.0,type_i_baseline-d18f474778c9,type_i_baseline,population_standardized,proteomics,standardized_feature,shape,500,500,0,1.0011515533599282e-15,4.893255011764583e-16,9.06332105921143e-16
translation,1.0,power_primary-94ae5b6e309e,power_primary,observed_standardized,expression,standardized_feature,angle,500,500,0,14.067821948436535,29.31613227427262,7.372399957198905
translation,1.0,type_i_baseline-d18f474778c9,type_i_baseline,observed_standardized,expression,standardized_feature,angle,500,500,0,12.632279442482723,25.802714366718313,7.447960776092232
translation,1.0,power_primary-94ae5b6e309e,power_primary,observed_standardized,expression,standardized_feature,delta,500,500,0,0.14372104564040944,0.10827942808171291,0.12356581463988725
translation,1.0,type_i_baseline-d18f474778c9,type_i_baseline,observed_standardized,expression,standardized_feature,delta,500,500,0,0.1486267477398594,0.11220952980378093,0.12310979476176698
translation,1.0,power_primary-94ae5b6e309e,power_primary,observed_standardized,expression,standardized_feature,path_length[A],500,500,0,33.07803301407192,1.4765953615908862,33.1943211230669
translation,1.0,type_i_baseline-d18f474778c9,type_i_baseline,observed_standardized,expression,standardized_feature,path_length[A],500,500,0,33.02132442296713,1.4733496965297848,33.13855937031002
translation,1.0,power_primary-94ae5b6e309e,power_primary,observed_standardized,expression,standardized_feature,path_length[B],500,500,0,33.07336489480963,1.4796244815281148,33.19795092672038
translation,1.0,type_i_baseline-d18f474778c9,type_i_baseline,observed_standardized,expression,standardized_feature,path_length[B],500,500,0,33.0165781346723,1.4632850608358063,33.116749688432265
translation,1.0,power_primary-94ae5b6e309e,power_primary,observed_standardized,expression,standardized_feature,shape,500,500,0,0.010774023257255903,0.0036389606632971122,0.010317990783782068
translation,1.0,type_i_baseline-d18f474778c9,type_i_baseline,observed_standardized,expression,standardized_feature,shape,500,500,0,0.010820943040584643,0.0037963862638982254,0.010534581944063526
translation,1.0,power_primary-94ae5b6e309e,power_primary,observed_standardized,joint,standardized_feature,angle,500,500,0,12.093641679868183,24.674467201900132,7.671936118132657
translation,1.0,type_i_baseline-d18f474778c9,type_i_baseline,observed_standardized,joint,standardized_feature,angle,500,500,0,9.825547579634692,14.89942916164585,7.615423149276268
translation,1.0,power_primary-94ae5b6e309e,power_primary,observed_standardized,joint,standardized_feature,delta,500,500,0,0.16231741278615466,0.13341003046951283,0.12552046206432976
translation,1.0,type_i_baseline-d18f474778c9,type_i_baseline,observed_standardized,joint,standardized_feature,delta,500,500,0,0.15329995231440408,0.13601514738772105,0.11605499908331751
translation,1.0,power_primary-94ae5b6e309e,power_primary,observed_standardized,joint,standardized_feature,path_length[A],500,500,0,68.6286444887106,2.7098483119145005,68.73569176854889
translation,1.0,type_i_baseline-d18f474778c9,type_i_baseline,observed_standardized,joint,standardized_feature,path_length[A],500,500,0,68.60629815135059,2.713443624535255,68.75827456589755
translation,1.0,power_primary-94ae5b6e309e,power_primary,observed_standardized,joint,standardized_feature,path_length[B],500,500,0,68.63232766556918,2.706963242284698,68.72569755542003
translation,1.0,type_i_baseline-d18f474778c9,type_i_baseline,observed_standardized,joint,standardized_feature,path_length[B],500,500,0,68.61353388285231,2.704653466354168,68.73840352074387
translation,1.0,power_primary-94ae5b6e309e,power_primary,observed_standardized,joint,standardized_feature,shape,500,500,0,0.005650722775489234,0.002268906040383729,0.005271704050298304
translation,1.0,type_i_baseline-d18f474778c9,type_i_baseline,observed_standardized,joint,standardized_feature,shape,500,500,0,0.005792365139031491,0.002321865028783027,0.005443999951532317
translation,1.0,power_primary-94ae5b6e309e,power_primary,observed_standardized,methylation,standardized_feature,angle,500,500,0,17.18915079933027,25.588606124189933,10.767367795182597
translation,1.0,type_i_baseline-d18f474778c9,type_i_baseline,observed_standardized,methylation,standardized_feature,angle,500,500,0,20.036544151861754,33.21939772060704,10.755834952413657
translation,1.0,power_primary-94ae5b6e309e,power_primary,observed_standardized,methylation,standardized_feature,delta,500,500,0,0.20315200430924768,0.17920857065099982,0.16480712499931016
translation,1.0,type_i_baseline-d18f474778c9,type_i_baseline,observed_standardized,methylation,standardized_feature,delta,500,500,0,0.19577186257234466,0.19150446093201298,0.14336770883203087
translation,1.0,power_primary-94ae5b6e309e,power_primary,observed_standardized,methylation,standardized_feature,path_length[A],500,500,0,43.54989850255465,1.7554405658706012,43.56632943792977
translation,1.0,type_i_baseline-d18f474778c9,type_i_baseline,observed_standardized,methylation,standardized_feature,path_length[A],500,500,0,43.58424431132872,1.7432624782777697,43.65680942203821
translation,1.0,power_primary-94ae5b6e309e,power_primary,observed_standardized,methylation,standardized_feature,path_length[B],500,500,0,43.559385169571094,1.7434559794212252,43.55123283105908
translation,1.0,type_i_baseline-d18f474778c9,type_i_baseline,observed_standardized,methylation,standardized_feature,path_length[B],500,500,0,43.5975622185573,1.7366270287586356,43.677218056091334
translation,1.0,power_primary-94ae5b6e309e,power_primary,observed_standardized,methylation,standardized_feature,shape,500,500,0,0.010981163931299304,0.005525082955491404,0.009984245507599477
translation,1.0,type_i_baseline-d18f474778c9,type_i_baseline,observed_standardized,methylation,standardized_feature,shape,500,500,0,0.011184366736816026,0.005462866028355141,0.009916216359021006
translation,1.0,power_primary-94ae5b6e309e,power_primary,observed_standardized,proteomics,standardized_feature,angle,500,500,0,7.35670061740165,17.231429004303145,5.072893794867836
translation,1.0,type_i_baseline-d18f474778c9,type_i_baseline,observed_standardized,proteomics,standardized_feature,angle,500,500,0,9.873089066520587,25.096317357919467,5.320958849204537
translation,1.0,power_primary-94ae5b6e309e,power_primary,observed_standardized,proteomics,standardized_feature,delta,500,500,0,0.11405006705688785,0.0918162273653774,0.0894258671657866
translation,1.0,type_i_baseline-d18f474778c9,type_i_baseline,observed_standardized,proteomics,standardized_feature,delta,500,500,0,0.1125746820711398,0.08582168985735916,0.09619027472878017
translation,1.0,power_primary-94ae5b6e309e,power_primary,observed_standardized,proteomics,standardized_feature,path_length[A],500,500,0,41.40474559483798,2.018562369515598,41.451823154826926
translation,1.0,type_i_baseline-d18f474778c9,type_i_baseline,observed_standardized,proteomics,standardized_feature,path_length[A],500,500,0,41.37503774140956,2.0394179652438735,41.43147800439315
translation,1.0,power_primary-94ae5b6e309e,power_primary,observed_standardized,proteomics,standardized_feature,path_length[B],500,500,0,41.40477794961162,2.020889515894595,41.44018243464089
translation,1.0,type_i_baseline-d18f474778c9,type_i_baseline,observed_standardized,proteomics,standardized_feature,path_length[B],500,500,0,41.377013036509524,2.0350171898894738,41.48399527674674
translation,1.0,power_primary-94ae5b6e309e,power_primary,observed_standardized,proteomics,standardized_feature,shape,500,500,0,0.006333154643327508,0.0020894178438705924,0.006151700128520007
translation,1.0,type_i_baseline-d18f474778c9,type_i_baseline,observed_standardized,proteomics,standardized_feature,shape,500,500,0,0.0064976395379923385,0.002316171466486407,0.006232705860518864
translation,1.0,power_primary-94ae5b6e309e,power_primary,pls_latent,joint,pls_latent,angle,500,500,0,6.186284154708774,23.5866090630932,2.081857196897918
translation,1.0,type_i_baseline-d18f474778c9,type_i_baseline,pls_latent,joint,pls_latent,angle,500,500,0,4.763784540510904,15.892796097524036,2.2118613014320188
translation,1.0,power_primary-94ae5b6e309e,power_primary,pls_latent,joint,pls_latent,delta,500,500,0,0.16438904593733838,0.13284897012346067,0.13037697601577491
translation,1.0,type_i_baseline-d18f474778c9,type_i_baseline,pls_latent,joint,pls_latent,delta,500,500,0,0.15231188381768124,0.13470497818811675,0.11562829415935738
translation,1.0,power_primary-94ae5b6e309e,power_primary,pls_latent,joint,pls_latent,path_length[A],500,500,0,67.28096588920367,4.567597237532307,68.18062678477925
translation,1.0,type_i_baseline-d18f474778c9,type_i_baseline,pls_latent,joint,pls_latent,path_length[A],500,500,0,67.35441435180263,4.743219369309775,68.13756077379233
translation,1.0,power_primary-94ae5b6e309e,power_primary,pls_latent,joint,pls_latent,path_length[B],500,500,0,67.2838814059162,4.567009009130294,68.18769791752646
translation,1.0,type_i_baseline-d18f474778c9,type_i_baseline,pls_latent,joint,pls_latent,path_length[B],500,500,0,67.3599391084642,4.725277916616777,68.15896985414497
translation,1.0,power_primary-94ae5b6e309e,power_primary,pls_latent,joint,pls_latent,shape,500,500,0,0.005671597740295122,0.0022583146525230954,0.005323448595746549
translation,1.0,type_i_baseline-d18f474778c9,type_i_baseline,pls_latent,joint,pls_latent,shape,500,500,0,0.005842229897512703,0.0023596956315246314,0.005415657523164739
